{"format_version":1,"document":{"kind":"document","key":"3cfc6d06c6c643dcb53781427e311a6d","data":{"schema_version":5},"nodes":[{"kind":"block","type":"paragraph","key":"f277c470ec9a498d82858047132067cc","isVoid":false,"data":{},"nodes":[{"kind":"text","key":"c8c773babfd745eb9da667cce4497a14","ranges":[{"kind":"range","marks":[],"text":"Version 2.1 to 2.3. Copyright © 2019 TigerGraph. All Rights Reserved."}]}]},{"kind":"block","type":"heading-1","key":"5f6c2018ba514b3394384d30fbc5c859","isVoid":false,"data":{"id":"TigerGraphAdminPortalUIGuide-Overview"},"nodes":[{"kind":"text","key":"e3d239828aab4ddc99d752c29f671617","ranges":[{"kind":"range","marks":[],"text":"Overview"}]}]},{"kind":"block","type":"paragraph","key":"6d6000db85614638b2eb5a2763aed513","isVoid":false,"data":{},"nodes":[{"kind":"text","key":"4c04359ec071495cb672b96e256a35b6","ranges":[{"kind":"range","marks":[],"text":"The TigerGraph Admin Portal is a browser-based dashboard which provides users an overview of a running TigerGraph system, from an application and infrastructure point of view. It also allows the users to configure the TigerGraph system through a user-friendly interface. This guide serves as an introduction and quick-start manual for Admin Portal."}]}]},{"kind":"block","type":"paragraph","key":"0594bc6be4474a87a591414cfd055c61","isVoid":false,"data":{},"nodes":[{"kind":"text","key":"3d8b188d17614494891a0cc57c88594d","ranges":[{"kind":"range","marks":[],"text":"As of June 2018, the Admin Portal is certified on following browsers:"}]}]},{"kind":"block","type":"table","key":"48a9a76a9b5040daaaa78881c5c6252f","isVoid":false,"data":{"aligns":["left","left","left","left","left"]},"nodes":[{"kind":"block","type":"table-row","key":"8396887282c74ed2b2f0e7f1865ef766","isVoid":false,"data":{},"nodes":[{"kind":"block","type":"table-cell","key":"4a988c6a519140c9a624760761c75667","isVoid":false,"data":{},"nodes":[{"kind":"block","type":"paragraph","key":"13ed54b0401d477bb0c66fd6f3a143f4","isVoid":false,"data":{},"nodes":[{"kind":"text","key":"82e47ca38c2b4c458d0da0d2c9d9eff0","ranges":[{"kind":"range","marks":[],"text":"Browser"}]}]}]},{"kind":"block","type":"table-cell","key":"4fbed34b91874ab888da95d269464af8","isVoid":false,"data":{},"nodes":[{"kind":"block","type":"paragraph","key":"d5cf48ad99e048e1b5dc5f3774938cff","isVoid":false,"data":{},"nodes":[{"kind":"text","key":"61f05fd051884b308923613439da1809","ranges":[{"kind":"range","marks":[],"text":"Chrome"}]}]}]},{"kind":"block","type":"table-cell","key":"40bebac5cbba40439ceb48b050b33c82","isVoid":false,"data":{},"nodes":[{"kind":"block","type":"paragraph","key":"98ac2e5e07764d5a9c2ccb4477f5d323","isVoid":false,"data":{},"nodes":[{"kind":"text","key":"bd7662449d2f42ca899d311fed011df7","ranges":[{"kind":"range","marks":[],"text":"Safari"}]}]}]},{"kind":"block","type":"table-cell","key":"71a4922e6e514f4aac3afb4ed93d77f5","isVoid":false,"data":{},"nodes":[{"kind":"block","type":"paragraph","key":"5005741e794c48d0bddc6331d3ea5f13","isVoid":false,"data":{},"nodes":[{"kind":"text","key":"6691ed7716e842aab3f186bda6790f39","ranges":[{"kind":"range","marks":[],"text":"Firefox"}]}]}]},{"kind":"block","type":"table-cell","key":"9c9f3af2985347ab992afec54ae9dd51","isVoid":false,"data":{},"nodes":[{"kind":"block","type":"paragraph","key":"784352bfe9504b528ec52577520143ae","isVoid":false,"data":{},"nodes":[{"kind":"text","key":"6c944aeccf444d5d88ce101079febdaa","ranges":[{"kind":"range","marks":[],"text":"Opera"}]}]}]}]},{"kind":"block","type":"table-row","key":"5905425b208d4e28a92f5d79c1708177","isVoid":false,"data":{},"nodes":[{"kind":"block","type":"table-cell","key":"834a61d9e2b24afd888b0d12f79d9d0a","isVoid":false,"data":{},"nodes":[{"kind":"block","type":"paragraph","key":"4ad7a88e5fdd4f8d85f7b3b209ebda11","isVoid":false,"data":{},"nodes":[{"kind":"text","key":"820747b19d0f4fa4985f2cf6fa740cd1","ranges":[{"kind":"range","marks":[],"text":"Supported version"}]}]}]},{"kind":"block","type":"table-cell","key":"e7169d567a344a258563181fd7e70bb5","isVoid":false,"data":{},"nodes":[{"kind":"block","type":"paragraph","key":"32fe7a13f718429299c062b3d9d72171","isVoid":false,"data":{},"nodes":[{"kind":"text","key":"e2e0e18a98d24a8481a4cbb3712a17ed","ranges":[{"kind":"range","marks":[],"text":"54.0+"}]}]}]},{"kind":"block","type":"table-cell","key":"cf774c1a53ba452e952036692207df2b","isVoid":false,"data":{},"nodes":[{"kind":"block","type":"paragraph","key":"1717d3d54e0e459790d4f6bceaa7fba4","isVoid":false,"data":{},"nodes":[{"kind":"text","key":"859ff6c8e9354875aa3103295190f633","ranges":[{"kind":"range","marks":[],"text":"11.1+"}]}]}]},{"kind":"block","type":"table-cell","key":"773982144d0c4aab93ce19750ecdddbf","isVoid":false,"data":{},"nodes":[{"kind":"block","type":"paragraph","key":"179bd1bd26b843a29e0194b5b9513221","isVoid":false,"data":{},"nodes":[{"kind":"text","key":"2823b7dd6db243cf8bc57c2449bf89f5","ranges":[{"kind":"range","marks":[],"text":"59.0+"}]}]}]},{"kind":"block","type":"table-cell","key":"4c251a2942504fe4803a5221267fc772","isVoid":false,"data":{},"nodes":[{"kind":"block","type":"paragraph","key":"66ff35549dec411db0568a2e32af9dec","isVoid":false,"data":{},"nodes":[{"kind":"text","key":"de2c0361fd9e4e0ea485f8df1f83c9df","ranges":[{"kind":"range","marks":[],"text":"52.0+"}]}]}]}]}]},{"kind":"block","type":"paragraph","key":"24ca3eff55954076b0ec89dfea5a9f3b","isVoid":false,"data":{},"nodes":[{"kind":"text","key":"1b3b055edd734142ad02e3a996ac8d39","ranges":[{"kind":"range","marks":[],"text":"Not all features are guaranteed to work on other browsers."}]}]},{"kind":"block","type":"paragraph","key":"55d1532072a040809bd9910320a4edd1","isVoid":false,"data":{},"nodes":[{"kind":"text","key":"df468eaeffa6400e8a5d624d04113296","ranges":[{"kind":"range","marks":[],"text":"Please make sure to enable JavaScript and cookies in your browser settings."}]}]},{"kind":"block","type":"heading-2","key":"64b1c3465b49476fbc35c9f8bd7efb7f","isVoid":false,"data":{"id":"TigerGraphAdminPortalUIGuide-LogOn"},"nodes":[{"kind":"text","key":"708a3b10790d474db2b4a6142ee58eb1","ranges":[{"kind":"range","marks":[],"text":"Log On"}]}]},{"kind":"block","type":"paragraph","key":"c060b66eebfb4f498804bfc6e0e68ca4","isVoid":false,"data":{},"nodes":[{"kind":"text","key":"eb18e9f8a4944c779e0eb0af7a272ee6","ranges":[{"kind":"range","marks":[],"text":"The Admin Portal and GraphStudio share the same port (14240). If you are logged in one of the servers for your TigerGraph system, then you can use "},{"kind":"range","marks":[{"kind":"mark","data":{},"type":"code"}],"text":"localhost "},{"kind":"range","marks":[],"text":"for your <tigergraph_server_ip_address>. The Admin Portal is on the admin page:"}]}]},{"kind":"block","type":"code","key":"cc41b7b3cd8847678b64ab4688340974","isVoid":false,"data":{},"nodes":[{"kind":"block","type":"code-tab","key":"37a4d2a29dc943bb99187f1e7c7187f4","isVoid":false,"data":{"syntax":"http"},"nodes":[{"kind":"block","type":"code-line","key":"3a588545b4534544b3c4338f235cbdd2","isVoid":false,"data":{},"nodes":[{"kind":"text","key":"8400e40ffb304474a8507abb0e83e29c","ranges":[{"kind":"range","marks":[],"text":"http://<tigergraph_server_ip_address>:14240/admin/"}]}]}]}]},{"kind":"block","type":"paragraph","key":"fbfe493fe0694ad09ec8d0019acdd3be","isVoid":false,"data":{},"nodes":[{"kind":"text","key":"04d255168f974778b72c1caffafc57d7","ranges":[{"kind":"range","marks":[],"text":"\nIf user authentication has been enabled, then users need to log in to access the Admin Portal."}]}]},{"kind":"block","type":"paragraph","key":"8ec0f0ee02b240af8d34cee3059e0347","isVoid":false,"data":{},"nodes":[{"kind":"text","key":"3bd6f66e2e7043e1860df76e4e96abf0","ranges":[{"kind":"range","marks":[],"text":"If you are already at GraphStudio, simply click the Admin button at the right end of the top menu bar."}]}]},{"kind":"block","type":"heading-2","key":"9ed370239ec14826a27b57db2713103e","isVoid":false,"data":{"id":"TigerGraphAdminPortalUIGuide-PageLayout"},"nodes":[{"kind":"text","key":"f14df9c192ab4ca4bd44a816678aa447","ranges":[{"kind":"range","marks":[],"text":"Page Layout"}]}]},{"kind":"block","type":"paragraph","key":"da6032b4cf4b415dbae8266ecb979d61","isVoid":false,"data":{},"nodes":[{"kind":"text","key":"2187c8ad24db47da9a0575fa2b132174","ranges":[{"kind":"range","marks":[],"text":"The Admin Portal has two pages: Dashboard and Configuration . Both pages have the same Header, Footer, and Navigation Menu."}]}]},{"kind":"block","type":"hint","key":"1374bcb5b6f24b4bb916a052a08a0f99","isVoid":false,"data":{"style":"success"},"nodes":[{"kind":"block","type":"paragraph","key":"53b7b54806b84a39b00d15512a52b16b","isVoid":false,"data":{},"nodes":[{"kind":"text","key":"894e4fa33ffc4afea2b9cf0d03d08827","ranges":[{"kind":"range","marks":[],"text":"The layout of the Admin Portal is responsive to screen size.  The layout will automatically adjust for devices with small screens like phones and tablets."}]}]}]},{"kind":"block","type":"paragraph","key":"0032d4b990c44d83832a8d687164f612","isVoid":false,"data":{},"nodes":[{"kind":"text","key":"ba8ac2cb79464698a582771bd4542301","ranges":[{"kind":"range","marks":[],"text":"The full screen version of the Admin Portal is shown below, with the Dashboard page selected.  "}]}]},{"kind":"block","type":"image","key":"90b659bb6f49439fa4250bbf2c80dc35","isVoid":true,"data":{"assetID":"-LMdy7Su-zfFV1dy6kHT","size":"line"},"nodes":[{"kind":"text","key":"93c53280407e4829b85497b6bb4f32e9","ranges":[{"kind":"range","marks":[],"text":""}]}]},{"kind":"block","type":"paragraph","key":"4e79a60a4b514c23a2282e0a13451115","isVoid":false,"data":{},"nodes":[{"kind":"text","key":"3bab0350b4f241b18a8dbae38f995e76","ranges":[{"kind":"range","marks":[],"text":"The mobile version is shown below:   "}]}]},{"kind":"block","type":"image","key":"0ad7af70613e444487668aab68727350","isVoid":true,"data":{"assetID":"-LMdyVKDtXqf30abFHAv","size":"line"},"nodes":[{"kind":"text","key":"2040cbb1807f478ab92309f927191de0","ranges":[{"kind":"range","marks":[],"text":""}]}]},{"kind":"block","type":"heading-2","key":"1c50888fb2d74c029abf4ad775b06598","isVoid":false,"data":{"id":"TigerGraphAdminPortalUIGuide-PageHeader"},"nodes":[{"kind":"text","key":"4597f0d9c58a46f6991030f9fe9ab44e","ranges":[{"kind":"range","marks":[],"text":"Page Header  "}]}]},{"kind":"block","type":"image","key":"940c705e13c94fea8ceef943f59beee6","isVoid":true,"data":{"assetID":"-LMe0B_B4pxnwXRcIOif","size":"line"},"nodes":[{"kind":"text","key":"42192b4c13d9403796e6f08be957b4a0","ranges":[{"kind":"range","marks":[],"text":""}]}]},{"kind":"block","type":"paragraph","key":"721a6a5bbc984a2894266c15942d65fc","isVoid":false,"data":{},"nodes":[{"kind":"text","key":"e023b687d2284d25a40383a511d79a4d","ranges":[{"kind":"range","marks":[],"text":"Clicking on the "},{"kind":"range","marks":[{"kind":"mark","data":{},"type":"bold"}],"text":"Notification "},{"kind":"range","marks":[],"text":"icon"}]},{"kind":"inline","type":"inline-image","key":"fdf4b32dfb96463f96ae2676dd688988","isVoid":true,"data":{"assetID":"-LMe0QED9z3WvrxammGG","size":"original"},"nodes":[{"kind":"text","key":"52cb4624e8494348b341d0e86c0037c1","ranges":[{"kind":"range","marks":[],"text":""}]}]},{"kind":"text","key":"cb7769f994f942e0ae96d19255d1bfbc","ranges":[{"kind":"range","marks":[],"text":"will open up a list of notifications. If a notification is too long, some of its content will be omitted:  "}]}]},{"kind":"block","type":"image","key":"fb610fab39bb4af483e8786ff2cdb05d","isVoid":true,"data":{"assetID":"-LMe2T8FlfpcOywMbVD7","size":"line"},"nodes":[{"kind":"text","key":"1ed3f9eb500f409885be54870e99e0d7","ranges":[{"kind":"range","marks":[],"text":""}]}]},{"kind":"block","type":"paragraph","key":"30245273706f4df48b41d5c231a56ed1","isVoid":false,"data":{},"nodes":[{"kind":"text","key":"cdad219cf39b4f919228773b1b31ee41","ranges":[{"kind":"range","marks":[],"text":"To view the full text, you can click on a notification to open a popup window containing the full message and its severity:  "}]}]},{"kind":"block","type":"image","key":"948379733f234940a80f3f077ea2ae61","isVoid":true,"data":{"assetID":"-LMe2Xuft0HKrEWbJqzw","size":"line"},"nodes":[{"kind":"text","key":"08bd3162ade347aa80dbe449ce83edac","ranges":[{"kind":"range","marks":[],"text":""}]}]},{"kind":"block","type":"paragraph","key":"892d614ae1f7439bacfcdfbf244030fe","isVoid":false,"data":{},"nodes":[{"kind":"text","key":"2c1855708cf54b54a0ccecdb44383ea9","ranges":[{"kind":"range","marks":[],"text":"There are three severity levels: info, warning and error."}]}]},{"kind":"block","type":"paragraph","key":"a58a1d66136f4be296ee1f053d0eb63f","isVoid":false,"data":{},"nodes":[{"kind":"text","key":"21035f5ce49549d0a46a46c7740c47c0","ranges":[{"kind":"range","marks":[],"text":"The "},{"kind":"range","marks":[{"kind":"mark","data":{},"type":"bold"}],"text":"Account "},{"kind":"range","marks":[],"text":"icon"}]},{"kind":"inline","type":"inline-image","key":"1d8eeef4b8e84df3a77ae5c974775735","isVoid":true,"data":{"assetID":"-LM53Zoe7MYwYfYoBjMd","size":"original"},"nodes":[{"kind":"text","key":"f9e3a54d32534c3db6f5a7407b9b0c91","ranges":[{"kind":"range","marks":[],"text":""}]}]},{"kind":"text","key":"9119bb75537c49f7b33890dd58bb21a0","ranges":[{"kind":"range","marks":[],"text":"will open the user menu:  "}]}]},{"kind":"block","type":"image","key":"4e3ac8c62a034dfca1220ed5fb2226b2","isVoid":true,"data":{"assetID":"-LMe2yISFlgQxofOmVqC","size":"line"},"nodes":[{"kind":"text","key":"6a27c0e7f3704adfafff7ce250884123","ranges":[{"kind":"range","marks":[],"text":""}]}]},{"kind":"block","type":"paragraph","key":"ead7d2da6f494d41aba69f0b2152d869","isVoid":false,"data":{},"nodes":[{"kind":"text","key":"67e4e1cdd76d44a1af84cd85e8653b56","ranges":[{"kind":"range","marks":[],"text":"You can switch between a dark theme and light theme. The light theme is shown below:  "}]}]},{"kind":"block","type":"image","key":"8be6a6adde2f475e8637df7c32984da2","isVoid":true,"data":{"assetID":"-LMe3L57sjvT2Tk0_XGk","size":"line"},"nodes":[{"kind":"text","key":"72e16938e76042fc9a02e64c9a08f910","ranges":[{"kind":"range","marks":[],"text":""}]}]},{"kind":"block","type":"paragraph","key":"55fae35da50048b784e5683f6d7269d5","isVoid":false,"data":{},"nodes":[{"kind":"text","key":"42283f383ce64030819eacf572a8996c","ranges":[{"kind":"range","marks":[],"text":"To sign out of the Admin Portal, click on the "},{"kind":"range","marks":[{"kind":"mark","data":{},"type":"bold"}],"text":"Sign out "},{"kind":"range","marks":[],"text":"button in the Account menu."}]}]},{"kind":"block","type":"paragraph","key":"2d7962538a5f47f99cc027de30b8df27","isVoid":false,"data":{},"nodes":[{"kind":"text","key":"7c9fecda98894af1a0663e9976c2284e","ranges":[{"kind":"range","marks":[],"text":"Clicking on the "},{"kind":"range","marks":[{"kind":"mark","data":{},"type":"bold"}],"text":"Help "},{"kind":"range","marks":[],"text":"button will take you to the documentation page containing this guide."}]}]},{"kind":"block","type":"paragraph","key":"a1ffc25571154efab3fe57ec8581a7a0","isVoid":false,"data":{},"nodes":[{"kind":"text","key":"7183f6fecae4442e84491bf345a2303a","ranges":[{"kind":"range","marks":[],"text":"You can navigate to GraphStudio by clicking on"}]},{"kind":"inline","type":"inline-image","key":"45a4ebafe64d41a9a3da19fb2db11b4a","isVoid":true,"data":{"assetID":"-LM50OBkUkhzxwWS8qva","size":"original"},"nodes":[{"kind":"text","key":"e49328ad86554ebda10a71127540804c","ranges":[{"kind":"range","marks":[],"text":""}]}]},{"kind":"text","key":"9ca812e319cc4afcbf9456bd42e20f4c","ranges":[{"kind":"range","marks":[],"text":"."}]}]},{"kind":"block","type":"heading-2","key":"f36e41c5b6b24b69998b8eee493d7e3b","isVoid":false,"data":{"id":"TigerGraphAdminPortalUIGuide-PageFooter"},"nodes":[{"kind":"text","key":"955ca29521c7498b8f6307640a2080ee","ranges":[{"kind":"range","marks":[],"text":"Page Footer  "}]}]},{"kind":"block","type":"image","key":"59a05a79a8004997a1e44bc9da756f7c","isVoid":true,"data":{"assetID":"-LMe3nI81K1n9r9ElqiC","size":"line"},"nodes":[{"kind":"text","key":"1bfaa9a0b78b4b0ea53e6d04df17e767","ranges":[{"kind":"range","marks":[],"text":""}]}]},{"kind":"block","type":"paragraph","key":"63b2a5eb9f8e4631b8241c6e6e4d9c70","isVoid":false,"data":{},"nodes":[{"kind":"text","key":"954da6acc25f48b0afa3b2cfc52b488e","ranges":[{"kind":"range","marks":[],"text":"The overall system status"}]},{"kind":"inline","type":"inline-image","key":"3f700a3fb6dd4b9d9395fac14ca14d15","isVoid":true,"data":{"assetID":"-LMe4zgXbgDJ0FxqhR7M","size":"original"},"nodes":[{"kind":"text","key":"b7dd39ba1a0f473ab936e86c781e3449","ranges":[{"kind":"range","marks":[],"text":""}]}]},{"kind":"text","key":"3031a8f73a784bafbaba27e70a20fd08","ranges":[{"kind":"range","marks":[],"text":"is always shown in the footer.  This single indicator shows:"}]}]},{"kind":"block","type":"list-unordered","key":"afdc31e09f174efd9905ca2926aff85f","isVoid":false,"data":{},"nodes":[{"kind":"block","type":"list-item","key":"2706c2a8b3974537b853d25141abc3d1","isVoid":false,"data":{},"nodes":[{"kind":"block","type":"paragraph","key":"7eada00aedc642399ff30365b116b5c1","isVoid":false,"data":{},"nodes":[{"kind":"text","key":"1a5131378dbe4b2da6a7d96be7068cd6","ranges":[{"kind":"range","marks":[],"text":"Green indicates all services are online."}]}]}]},{"kind":"block","type":"list-item","key":"4c1f53de4a2c4fae857afb05d96906ef","isVoid":false,"data":{},"nodes":[{"kind":"block","type":"paragraph","key":"91427f2b1dbb475a916d73109f2838bd","isVoid":false,"data":{},"nodes":[{"kind":"text","key":"9caa97245d1a4a1a9c3c95555a49f106","ranges":[{"kind":"range","marks":[],"text":"Gray means one or more service statuses is unknown."}]}]}]},{"kind":"block","type":"list-item","key":"3640c899ea384cacb0e683e14a8200b6","isVoid":false,"data":{},"nodes":[{"kind":"block","type":"paragraph","key":"e06572964a9d4fc89289f1d51d373ab2","isVoid":false,"data":{},"nodes":[{"kind":"text","key":"bfae5777e0ca4173bca13cd8bc54f25a","ranges":[{"kind":"range","marks":[],"text":"Red means on of the component services is offline."}]}]}]}]},{"kind":"block","type":"paragraph","key":"a0ff6bf60a9b49eab5d96aea28cd5dcf","isVoid":false,"data":{},"nodes":[{"kind":"text","key":"85684e86571e4b64bc70c2812b8967ab","ranges":[{"kind":"range","marks":[],"text":"Clicking on the button will show you the list of statuses for the services in our system:  "}]}]},{"kind":"block","type":"image","key":"78c8609bd19847a1b8b48c751f4f7423","isVoid":true,"data":{"assetID":"-LMe5I7LX51eKirPUHBy","size":"line"},"nodes":[{"kind":"text","key":"42593d41a1bf46f98c5bee36ccc94d8f","ranges":[{"kind":"range","marks":[],"text":""}]}]},{"kind":"block","type":"paragraph","key":"206a8047aad844fca306093048c650a0","isVoid":false,"data":{},"nodes":[{"kind":"text","key":"1fd11538678f4c068f2e28e5e06033af","ranges":[{"kind":"range","marks":[],"text":"You can start or stop services from the Admin Portal by using the right most buttons"}]},{"kind":"inline","type":"inline-image","key":"7ab27e2c030e4b64b5b3dc229cc0ae8e","isVoid":true,"data":{"assetID":"-LMe5_wl8aZB8QIukKdU","size":"original"},"nodes":[{"kind":"text","key":"ca50be9b26e949218504ac084c66f32c","ranges":[{"kind":"range","marks":[],"text":""}]}]},{"kind":"text","key":"fdfad715de6a4cc4bbd42db5a6008b8f","ranges":[{"kind":"range","marks":[],"text":"(NOTE: ONLY a superuser can see these buttons)."}]}]},{"kind":"block","type":"paragraph","key":"c80e1ad5c05a4074b2c6d2f4d67c031b","isVoid":false,"data":{},"nodes":[{"kind":"text","key":"a312ba5fe84b45509d9953464ee30951","ranges":[{"kind":"range","marks":[],"text":"Clicking on the "},{"kind":"range","marks":[{"kind":"mark","data":{},"type":"bold"}],"text":"Stop "},{"kind":"range","marks":[],"text":"icon"}]},{"kind":"inline","type":"inline-image","key":"04a0264e88de44a5a3aa2ec0b8aefd62","isVoid":true,"data":{"assetID":"-LMe5dkVutKDqSJnVhaM","size":"original"},"nodes":[{"kind":"text","key":"23a34f816637480091c4f687218b3ed0","ranges":[{"kind":"range","marks":[],"text":""}]}]},{"kind":"text","key":"2cce9a001e3b4d8abcdd06b199e718d8","ranges":[{"kind":"range","marks":[],"text":"will stop all of the services in the TigerGraph system."}]}]},{"kind":"block","type":"paragraph","key":"2c42c3b3ccea4b0b9f08dd98e11d3a93","isVoid":false,"data":{},"nodes":[{"kind":"text","key":"55ba927d5a334827be2d6b3c17310fa7","ranges":[{"kind":"range","marks":[],"text":"Clicking on the "},{"kind":"range","marks":[{"kind":"mark","data":{},"type":"bold"}],"text":"Start "},{"kind":"range","marks":[],"text":"icon"}]},{"kind":"inline","type":"inline-image","key":"e2e8d5432b0d463883c1052ef32b2054","isVoid":true,"data":{"assetID":"-LMe5fvJGRurdapCgrkd","size":"original"},"nodes":[{"kind":"text","key":"b3666e76d127450581b43d3a36326695","ranges":[{"kind":"range","marks":[],"text":""}]}]},{"kind":"text","key":"24c82cd7623e496d9dc4b7f425914690","ranges":[{"kind":"range","marks":[],"text":"will start all of the services in the TigerGraph system (NOTE: because there is an interval between data collection period, the real status of the system will not be reflected in the status section right away)."}]}]},{"kind":"block","type":"heading-1","key":"9acf7edf51b04bfa868dd9e1e1dc7950","isVoid":false,"data":{"id":"TigerGraphAdminPortalUIGuide-DashboardPagedashboard"},"nodes":[{"kind":"text","key":"be40c6b985b24193a6d5c5e732da8ca5","ranges":[{"kind":"range","marks":[],"text":"Dashboard Page"}]}]},{"kind":"block","type":"paragraph","key":"eb40f22ddbb1404598fad2083e177f76","isVoid":false,"data":{},"nodes":[{"kind":"text","key":"5f32b2b6285448fe8d940fca1154ecd2","ranges":[{"kind":"range","marks":[],"text":"The Dashboard page has three main parts: Overall Statistics, the Time Range Picker, and several Charts.  "}]}]},{"kind":"block","type":"image","key":"6bd915d293d7498290931033c0c7c9ab","isVoid":true,"data":{"assetID":"-LMe6pPQtJvGXRDTSWZ5","size":"line"},"nodes":[{"kind":"text","key":"f54e054a76b64243bd4113a3c747935b","ranges":[{"kind":"range","marks":[],"text":""}]}]},{"kind":"block","type":"heading-2","key":"87971dc8f2d3440c8c28d3308fca4ee6","isVoid":false,"data":{"id":"TigerGraphAdminPortalUIGuide-OverallClusterStatistics"},"nodes":[{"kind":"text","key":"2162d80bd6d44abb9ce4ecbbd2d391dd","ranges":[{"kind":"range","marks":[],"text":"Overall Cluster Statistics  "}]}]},{"kind":"block","type":"image","key":"6041f4ddb94943f98f0584ab1ef3b72c","isVoid":true,"data":{"assetID":"-LMe77Rd075Sp60zO2tK","size":"line"},"nodes":[{"kind":"text","key":"3a29de79e0374b62879ff133c6e8f469","ranges":[{"kind":"range","marks":[],"text":""}]}]},{"kind":"block","type":"paragraph","key":"c88f2d1cb00b44fda8a76bfba2bc7bbb","isVoid":false,"data":{},"nodes":[{"kind":"text","key":"e03f4930cdec46c59bbd39c172e277cf","ranges":[{"kind":"range","marks":[],"text":"Just below the page header, there are four cards showing statistics of our system, including number of nodes, number of graphs, number of vertices and number of edges. These statistics are refreshed live. (The default refresh interval is 1 minute)."}]}]},{"kind":"block","type":"heading-2","key":"87c69804a9ac4e80b497fd87db8a319f","isVoid":false,"data":{"id":"TigerGraphAdminPortalUIGuide-TimeRangePicker"},"nodes":[{"kind":"text","key":"085458291f3a4752952b4e35d1159f71","ranges":[{"kind":"range","marks":[],"text":"Time Range Picker  "}]}]},{"kind":"block","type":"image","key":"c11cdb6232464d589d55b6ea40d4347d","isVoid":true,"data":{"assetID":"-LMe7LmqI84VF8WwvDkl","size":"line"},"nodes":[{"kind":"text","key":"312845938796483fb3da76e73cea7783","ranges":[{"kind":"range","marks":[],"text":""}]}]},{"kind":"block","type":"paragraph","key":"2c281f4049534f299fee3734adc77da6","isVoid":false,"data":{},"nodes":[{"kind":"text","key":"494d8235c60f4a7eb60d10b2d7560e79","ranges":[{"kind":"range","marks":[],"text":"The next card lets you set the time range to be used for the statistics in the charts below. \nThe leftmost input"}]},{"kind":"inline","type":"inline-image","key":"2fe4c872bbc948a886462bdafa9767d3","isVoid":true,"data":{"assetID":"-LMe7bwZbt6myMrt5hS6","size":"original"},"nodes":[{"kind":"text","key":"56caccc637cf4ee9a63c847a28ad7745","ranges":[{"kind":"range","marks":[],"text":""}]}]},{"kind":"text","key":"ddb672b30478479d97c13b291745b182","ranges":[{"kind":"range","marks":[],"text":"lets you select the start time of the range. \nThe next input"}]},{"kind":"inline","type":"inline-image","key":"9fd60105398d4f1992faa746dc929dfd","isVoid":true,"data":{"assetID":"-LMe8Isr_C8ZKYJb98-s","size":"original"},"nodes":[{"kind":"text","key":"f76c952c571c4127b7b38a31063589dd","ranges":[{"kind":"range","marks":[],"text":""}]}]},{"kind":"text","key":"bdc6c44f5a8c4f919456c8850d96c9ce","ranges":[{"kind":"range","marks":[],"text":"lets you select the end time of the range. This has two options:"}]}]},{"kind":"block","type":"list-ordered","key":"35f4285ec43e491e937134ea3e70aee2","isVoid":false,"data":{},"nodes":[{"kind":"block","type":"list-item","key":"cf14d16e42f7435095eed246119dc76a","isVoid":false,"data":{},"nodes":[{"kind":"block","type":"paragraph","key":"35497548502d4438876400952cfff794","isVoid":false,"data":{},"nodes":[{"kind":"text","key":"71dfd50901304c458604d99cee2bded2","ranges":[{"kind":"range","marks":[],"text":"\"Now\" means that the charts will be continually updated with the most recent data."}]}]}]},{"kind":"block","type":"list-item","key":"8d9e07ca85fe40afa1d40ebfd275b47e","isVoid":false,"data":{},"nodes":[{"kind":"block","type":"paragraph","key":"11b45bd6e2eb44d89d9f74fb4ad4ce7a","isVoid":false,"data":{},"nodes":[{"kind":"text","key":"ee870a12417843d7a30a83556fbcf5bd","ranges":[{"kind":"range","marks":[],"text":"\"Custom\" lets you select a fixed date.  The time range is historical, so the charts will be static."}]}]}]}]},{"kind":"block","type":"paragraph","key":"1d83378863fb4a3bacbf37510513d8ff","isVoid":false,"data":{},"nodes":[{"kind":"text","key":"15f84a82890240b4b86e8915593c6e79","ranges":[{"kind":"range","marks":[],"text":"The sliding bar on the right lets you fine tune the range. Click and drag an endpoint to adjust the start or end time."}]}]},{"kind":"block","type":"paragraph","key":"d55461c7c2e14ca3af38a4046f3217a4","isVoid":false,"data":{},"nodes":[{"kind":"text","key":"f109e31b7b134b24adccb5e141b20dfc","ranges":[{"kind":"range","marks":[],"text":"Changing any of these selections will trigger a request for statistics data and the chart will be re-rendered accordingly."}]}]},{"kind":"block","type":"heading-2","key":"d8b46745a4804248bfaca0d2bb3fc9f4","isVoid":false,"data":{"id":"TigerGraphAdminPortalUIGuide-Charts"},"nodes":[{"kind":"text","key":"3825ce4299724eef9be2a06549eb0bb6","ranges":[{"kind":"range","marks":[],"text":"Charts"}]}]},{"kind":"block","type":"paragraph","key":"c5288ae522a040558a25e3516522e832","isVoid":false,"data":{},"nodes":[{"kind":"text","key":"c244d2668625475092111e1fc9f599d1","ranges":[{"kind":"range","marks":[],"text":"Each charts displays some statistic or state information on the vertical axis and time on the horizontal axis."}]}]},{"kind":"block","type":"paragraph","key":"d39dfeb4a30e4df3a1a35b6c57f8e7e0","isVoid":false,"data":{},"nodes":[{"kind":"text","key":"500d02ee0f9d472a81827ffba1d64179","ranges":[{"kind":"range","marks":[],"text":"There are two chart sections. The first section is GSQL Query Performance.  This lists all of the queries accessible to the current user. If you click on a query name, the display will expand to show detailed charts about that query. You can expand only one query panel at a time. The second section is Cluster Monitoring. This lists all of the machines within the TigerGraph cluster. Similar to the first section, you can only expand one panel at a time.  "}]}]},{"kind":"block","type":"image","key":"4175910e65df40f79de8e3abedb4ee6d","isVoid":true,"data":{"assetID":"-LMe8_BBFBVlvY_erkOn","size":"line"},"nodes":[{"kind":"text","key":"8e2a8ba906a64380a80b9bdbe5bd24aa","ranges":[{"kind":"range","marks":[],"text":""}]}]},{"kind":"block","type":"paragraph","key":"d468946b51ef4c99b8c80fc1e5ff0609","isVoid":false,"data":{},"nodes":[{"kind":"text","key":"0b4bb824c250434990fafae837861825","ranges":[{"kind":"range","marks":[],"text":"A Query Monitoring Panel includes three charts:"}]}]},{"kind":"block","type":"list-unordered","key":"8008c9c9e06a4eb9b9694aa6eeca84be","isVoid":false,"data":{},"nodes":[{"kind":"block","type":"list-item","key":"61bc55e033e14248a4a934e845577804","isVoid":false,"data":{},"nodes":[{"kind":"block","type":"paragraph","key":"7122c5ec1efd479aa1676cd1935a5f65","isVoid":false,"data":{},"nodes":[{"kind":"text","key":"fd7b5290986c4ca98fbd20093b017452","ranges":[{"kind":"range","marks":[],"text":"QPS (number of Queries completed per second)"}]}]}]},{"kind":"block","type":"list-item","key":"fa486f115d404feaacb856cdbef12356","isVoid":false,"data":{},"nodes":[{"kind":"block","type":"paragraph","key":"f22451180f90404eb9c3cad8f98696d1","isVoid":false,"data":{},"nodes":[{"kind":"text","key":"4dca65218c194634a79d6819eeccc5f7","ranges":[{"kind":"range","marks":[],"text":"Timeout (fraction of the query calls which timed out and therefore did not finish)"}]}]}]},{"kind":"block","type":"list-item","key":"64c63c6d972f49f99a39f5b0e78a313a","isVoid":false,"data":{},"nodes":[{"kind":"block","type":"paragraph","key":"4498df69758944e2871a000f68074037","isVoid":false,"data":{},"nodes":[{"kind":"text","key":"20018682cc7f4536b5d326199f9dc157","ranges":[{"kind":"range","marks":[],"text":"Latency (minimum, maximum, and average time to complete a query)"}]}]}]}]},{"kind":"block","type":"image","key":"0f626b9be7af4432a0da5041582bdd12","isVoid":true,"data":{"assetID":"-LMeCNeSqD7uWmXMCb22","size":"line"},"nodes":[{"kind":"text","key":"244bfe7733704c9b9dd8060c8161b94d","ranges":[{"kind":"range","marks":[],"text":""}]}]},{"kind":"block","type":"paragraph","key":"b0a818e5b67c4fbf8f7d7ccb55514640","isVoid":false,"data":{},"nodes":[{"kind":"text","key":"360c409aa37c4457bae6800716907b5c","ranges":[{"kind":"range","marks":[],"text":"A Machine Monitoring Panel includes 4 charts. The first three charts break down the information among three processing-focused components (GPE, GSE, RESTPP). The last chart breaks down information among three components which may have large storage needs (GStore, Log files, and Apache Kafka)."}]}]},{"kind":"block","type":"list-unordered","key":"99dce51db9d442d3900e055c94f88b96","isVoid":false,"data":{},"nodes":[{"kind":"block","type":"list-item","key":"bf568892e9424a4ca308c49934d9a0d3","isVoid":false,"data":{},"nodes":[{"kind":"block","type":"paragraph","key":"e5a29f0ed79a45f8a62b81f37df01108","isVoid":false,"data":{},"nodes":[{"kind":"text","key":"0c63e405e6df42818136b0a025c4ef12","ranges":[{"kind":"range","marks":[],"text":"Service status: ON or OFF status for the given component"}]}]}]},{"kind":"block","type":"list-item","key":"76ef8539538e488b97b86b7168d0dda0","isVoid":false,"data":{},"nodes":[{"kind":"block","type":"paragraph","key":"9515d9996ddb4f5bb5de816d2f1dedd2","isVoid":false,"data":{},"nodes":[{"kind":"text","key":"ef30ec0696df4f9d99f5ea67e5086393","ranges":[{"kind":"range","marks":[],"text":"CPU Usage: percentage of available CPU time used by the given component"}]}]}]},{"kind":"block","type":"list-item","key":"940b1205fdf444b4b7feb34d74d41a07","isVoid":false,"data":{},"nodes":[{"kind":"block","type":"paragraph","key":"82f5fd4fc3704be0b741979c79f35dba","isVoid":false,"data":{},"nodes":[{"kind":"text","key":"549182c4ac7c479fa2b5a78521d53f46","ranges":[{"kind":"range","marks":[],"text":"Memory Usage: GB used by the given component"}]}]}]},{"kind":"block","type":"list-item","key":"286cdafb8d3746dfba6eed03bf9a156a","isVoid":false,"data":{},"nodes":[{"kind":"block","type":"paragraph","key":"f06cc4672dbd4db4ad835567e920d230","isVoid":false,"data":{},"nodes":[{"kind":"text","key":"06e0a939ae1245fd86c38b78be9349ea","ranges":[{"kind":"range","marks":[],"text":"Disk Usage: GB used by the given component "}]}]}]}]},{"kind":"block","type":"image","key":"4bbdbeb4ebc141ada07177382dc0b9b4","isVoid":true,"data":{"assetID":"-LMeALrv1FTnut7oNlK6","size":"line"},"nodes":[{"kind":"text","key":"1995940b9abb48058cd4b8154a8d5f78","ranges":[{"kind":"range","marks":[],"text":""}]}]},{"kind":"block","type":"heading-1","key":"390ed4f30e594ad2ad10afa16870139a","isVoid":false,"data":{"id":"TigerGraphAdminPortalUIGuide-ConfigurationPageconfiguration"},"nodes":[{"kind":"text","key":"fe07ab9860e34290bfc706b3c1be4ea9","ranges":[{"kind":"range","marks":[],"text":"Configuration Page"}]}]},{"kind":"block","type":"paragraph","key":"b32dca1a3316458d951fc81b5e1d18b5","isVoid":false,"data":{},"nodes":[{"kind":"text","key":"fde4b411c8394473878ddd596ef75a27","ranges":[{"kind":"range","marks":[],"text":"Currently (as of v2.2), the Configuration page supports one configuration operation: updating the GraphStudio license key."}]}]},{"kind":"block","type":"paragraph","key":"0cb00e8027af4eadafb8b444b28f01ae","isVoid":false,"data":{},"nodes":[{"kind":"text","key":"051947df369b4fd2a03b568dce46cdda","ranges":[{"kind":"range","marks":[],"text":"Additional configuration operations, which are currently only available from a Linux console, will be added in future releases.  "}]}]},{"kind":"block","type":"image","key":"fd3d1557a6e94010a5ca8e87aa2b82dc","isVoid":true,"data":{"assetID":"-LMeBFNXS4wtldAAE8Ls","size":"line"},"nodes":[{"kind":"text","key":"2ab04e84bc0845f4a42c2050f4fb4cc9","ranges":[{"kind":"range","marks":[],"text":""}]}]},{"kind":"block","type":"heading-2","key":"f955d82930214e848fc5f85f6232860e","isVoid":false,"data":{"id":"TigerGraphAdminPortalUIGuide-UpdateGraphStudioLicense"},"nodes":[{"kind":"text","key":"5074202802ff46258d8f60d043ecba20","ranges":[{"kind":"range","marks":[],"text":"Update GraphStudio License"}]}]},{"kind":"block","type":"paragraph","key":"b8f6d0b7177a469da1dce184cfbbb6f9","isVoid":false,"data":{},"nodes":[{"kind":"text","key":"a5300ae1fa4a4680902665637d8bb3b0","ranges":[{"kind":"range","marks":[],"text":"An example of the GraphStudio License Update panel is shown below.  The panel displays the full information about your license, including the expiration date."}]}]},{"kind":"block","type":"paragraph","key":"8a95c660e003429a8a64e9f0b5ac24fe","isVoid":false,"data":{},"nodes":[{"kind":"text","key":"3cd3770ae6bb42f3a0f68e8bf7a6505f","ranges":[{"kind":"range","marks":[],"text":"To apply a new license key, paste the key into the text box below \"Enter GraphStudio license\" and click "},{"kind":"range","marks":[{"kind":"mark","data":{},"type":"bold"}],"text":"Update"},{"kind":"range","marks":[],"text":".  "}]}]},{"kind":"block","type":"image","key":"68f3dc55c7aa4a92afd6c087b586bfa7","isVoid":true,"data":{"assetID":"-LM5-xeYeT9sYAbYR8vB","size":"line"},"nodes":[{"kind":"text","key":"30edc249387f4b97b5519e589d461be4","ranges":[{"kind":"range","marks":[],"text":""}]}]}]}}