{"format_version":1,"document":{"kind":"document","key":"4","data":{"schema_version":5},"nodes":[{"kind":"block","type":"paragraph","key":"2","isVoid":false,"data":{},"nodes":[{"kind":"text","key":"1","ranges":[{"kind":"range","marks":[],"text":"We have demonstrated the basic pattern match syntax. You should have mastered the basics by this point. The next step is to see more examples and practice more. "}]}]},{"kind":"block","type":"heading-1","key":"564db2bd1c3a4c17aa9445e92e4bb59d","isVoid":false,"data":{},"nodes":[{"kind":"text","key":"86b42ee13b14414b8427c89224f1b895","ranges":[{"kind":"range","marks":[],"text":"A Recommendation Application"}]}]},{"kind":"block","type":"paragraph","key":"bdd5362e36f04771b4df0d714b8c3d30","isVoid":false,"data":{},"nodes":[{"kind":"text","key":"17eb9981c97f44dc9e226f9bad71c2f6","ranges":[{"kind":"range","marks":[],"text":"In this example, we want to recommend some messages (comments or posts) to the person Viktor Akhiezer. "}]}]},{"kind":"block","type":"paragraph","key":"255d4cf64b004d4dae86a29091e73a2c","isVoid":false,"data":{},"nodes":[{"kind":"text","key":"38d8908cbd0c4a2d8b5fad8c327923aa","ranges":[{"kind":"range","marks":[],"text":"How do we do this?"}]}]},{"kind":"block","type":"paragraph","key":"fa01ce581e3a42d8a71d0d01e5b572d1","isVoid":false,"data":{},"nodes":[{"kind":"text","key":"f3be69f628294e52a4be483bcbb8cfd9","ranges":[{"kind":"range","marks":[],"text":"One way is to find Others who likes the same messages Viktor likes. And then recommend the messages that Others like but Viktor have not seen. The pattern is roughly like below "}]}]},{"kind":"block","type":"list-unordered","key":"35b63ee5c13345ee921ecdf08ade773f","isVoid":false,"data":{},"nodes":[{"kind":"block","type":"list-item","key":"82d09343137c4af297d14c0a9a9d6e22","isVoid":false,"data":{},"nodes":[{"kind":"block","type":"paragraph","key":"376ff3c48fb842dfb174c8eb20840b4b","isVoid":false,"data":{},"nodes":[{"kind":"text","key":"54e507aabe764083a39670ea121e6c87","ranges":[{"kind":"range","marks":[],"text":"Viktor - (Likes>) - Message - (<Likes) - Others"}]}]}]},{"kind":"block","type":"list-item","key":"4b1aac4c25cb464ebf7d9d8c3ad3eaf8","isVoid":false,"data":{},"nodes":[{"kind":"block","type":"paragraph","key":"77473a00ee45424ea171349151bfdbc9","isVoid":false,"data":{},"nodes":[{"kind":"text","key":"dc09d2f8e3b9482c8799841791bb5b34","ranges":[{"kind":"range","marks":[],"text":"Others - (Likes>) - NewMessage "}]}]}]},{"kind":"block","type":"list-item","key":"3030d06fd5b44cce8cf0155a9e1e1079","isVoid":false,"data":{},"nodes":[{"kind":"block","type":"paragraph","key":"e63f94e884c343e39200a34bc73ec225","isVoid":false,"data":{},"nodes":[{"kind":"text","key":"a86002a9f6c84101a95c2dd91d735e07","ranges":[{"kind":"range","marks":[],"text":"Recommend NewMessage to Viktor"}]}]}]}]},{"kind":"block","type":"paragraph","key":"bd1c28c4389f472abac705a230f19392","isVoid":false,"data":{},"nodes":[{"kind":"text","key":"27ab8246ce0042cb975ea3a05bd41b04","ranges":[{"kind":"range","marks":[],"text":"However, this is too fine granularity, and we are overfitting the message level data with a collaborative filtering algorithm. The intuition is that two persons are similar to each other when their \"liked\" messages fall into the same category (tag). This makes more sense and common than finding two persons that \"likes\" the same set of messages. As a result,  one way to avoid this overfitting is to go one level above. That is, instead of finding common messages as a similarity base, we find common messages'  tags as a similarity base. Person A and Person B are similar if they like messages that belong to the same tag. This scheme fixes the overfitting problem. In pattern match vocabulary, we have "}]}]},{"kind":"block","type":"list-unordered","key":"d6efdaa66dfc460ab68fecb7afc30f90","isVoid":false,"data":{},"nodes":[{"kind":"block","type":"list-item","key":"83161a19554a42a097043cd087fb84cd","isVoid":false,"data":{},"nodes":[{"kind":"block","type":"paragraph","key":"e4652f6a26f540b0afd6ba8e38758929","isVoid":false,"data":{},"nodes":[{"kind":"text","key":"76333e0ce98f424dbb5c3459e7bbfb70","ranges":[{"kind":"range","marks":[],"text":"Viktor - (Likes>) - Message -  (Has>) - "},{"kind":"range","marks":[{"kind":"mark","data":{},"type":"bold"}],"text":"Tag"},{"kind":"range","marks":[],"text":" -  (<Has) -  Message - (<Likes) - Others  "}]}]}]},{"kind":"block","type":"list-item","key":"bea8a19ccd72485a9949a5aee582f763","isVoid":false,"data":{},"nodes":[{"kind":"block","type":"paragraph","key":"14e6d0b6ae104aff8781aa7371b6ff34","isVoid":false,"data":{},"nodes":[{"kind":"text","key":"9d766e5bd9c24694b102fb4c02bc1590","ranges":[{"kind":"range","marks":[],"text":"Others - (Likes>) -  NewMessage "}]}]}]},{"kind":"block","type":"list-item","key":"d0498c422cd94485b53eae39e00a3197","isVoid":false,"data":{},"nodes":[{"kind":"block","type":"paragraph","key":"2e640dbe24b347c292e641d568093573","isVoid":false,"data":{},"nodes":[{"kind":"text","key":"59a213712501408bb6591a8db3151d40","ranges":[{"kind":"range","marks":[],"text":"Recommend NewMessage to Viktor"}]}]}]}]},{"kind":"block","type":"paragraph","key":"d6e165da66b6425c80fd6551a43ccff3","isVoid":false,"data":{},"nodes":[{"kind":"text","key":"91f307fdd81b46f4ab682147a8845655","ranges":[{"kind":"range","marks":[{"kind":"mark","data":{},"type":"bold"}],"text":"GSQL. RecommendMessage Application. "}]}]},{"kind":"block","type":"paragraph","key":"5007dfb46c4f46bebfad2adb37db930e","isVoid":false,"data":{},"nodes":[{"kind":"text","key":"c869946a20a14afbb4f497b114b69252","ranges":[{"kind":"range","marks":[],"text":"This time, we create the query first, and interpret the query by calling the query name with parameters.\nIf we are satisfied with this query, we can use \"install query queryName\" to get the compiled query installed which has the best performance. "}]}]},{"kind":"block","type":"code","key":"f07ef82a80494a5487ce8ca032d01c83","isVoid":false,"data":{},"nodes":[{"kind":"block","type":"code-tab","key":"2fcbb7c218ea4cadabd8cdb0ec6519b4","isVoid":false,"data":{"syntax":"coffeescript","title":"GSQL Recommendation Algorithm "},"nodes":[{"kind":"block","type":"code-line","key":"784983e187334e57b317b9258fb50d68","isVoid":false,"data":{},"nodes":[{"kind":"text","key":"9e27e3256a4c484aa6fcca55209871f3","ranges":[{"kind":"range","marks":[],"text":"use graph ldbc_snb"}]}]},{"kind":"block","type":"code-line","key":"f0b6f5727a3e4a81b91c2d042aa37170","isVoid":false,"data":{},"nodes":[{"kind":"text","key":"b897ffb1a1cb42b99dd412db7a3ccc25","ranges":[{"kind":"range","marks":[],"text":"set syntax_version=\"v2\""}]}]},{"kind":"block","type":"code-line","key":"60aadcb49c0946e0bcf087b8845e5e9a","isVoid":false,"data":{},"nodes":[{"kind":"text","key":"479ef1a5d2e047e5aca134fd84dec84a","ranges":[{"kind":"range","marks":[],"text":"set query_timeout=60000"}]}]},{"kind":"block","type":"code-line","key":"98b4c0e8c3a2403d916901663f5bda60","isVoid":false,"data":{},"nodes":[{"kind":"text","key":"24187edb759942f1baad241aaaaa0889","ranges":[{"kind":"range","marks":[],"text":""}]}]},{"kind":"block","type":"code-line","key":"4f41484a3b764283b9d878ddbacd0a5b","isVoid":false,"data":{},"nodes":[{"kind":"text","key":"8fa7d46ed4e144ceafd8dc7a8baafff7","ranges":[{"kind":"range","marks":[],"text":"DROP QUERY RecommendMessage"}]}]},{"kind":"block","type":"code-line","key":"0420927704844207b3d89856b50cbb65","isVoid":false,"data":{},"nodes":[{"kind":"text","key":"9e889259104b48aeb6461a390363cff6","ranges":[{"kind":"range","marks":[],"text":""}]}]},{"kind":"block","type":"code-line","key":"1ed6437cc1cd4fc58edba20215eed92f","isVoid":false,"data":{},"nodes":[{"kind":"text","key":"9f267c50b3134718bf91a271b6c8e66b","ranges":[{"kind":"range","marks":[],"text":"CREATE QUERY RecommendMessage (String fn, String ln) FOR GRAPH ldbc_snb {"}]}]},{"kind":"block","type":"code-line","key":"a391c6f204bf4ce0a0e63f1f8692e9de","isVoid":false,"data":{},"nodes":[{"kind":"text","key":"4e45a0e6226c43909fe573609fde736e","ranges":[{"kind":"range","marks":[],"text":""}]}]},{"kind":"block","type":"code-line","key":"cb6eb6fe3d254dadabeee20e44997fd3","isVoid":false,"data":{},"nodes":[{"kind":"text","key":"be0448fcd3854a10928e8c1d564c5b8d","ranges":[{"kind":"range","marks":[],"text":"  SumAccum<int> @TagInCommon;"}]}]},{"kind":"block","type":"code-line","key":"9a9554d0c2884816b4b2031aeed6adfc","isVoid":false,"data":{},"nodes":[{"kind":"text","key":"92262cd0580d43e18984e11620d095f1","ranges":[{"kind":"range","marks":[],"text":"  SumAccum<float> @SimilarityScore;"}]}]},{"kind":"block","type":"code-line","key":"6cee3d72568b491d808c79692ef6e15a","isVoid":false,"data":{},"nodes":[{"kind":"text","key":"179000b92c7a48c2a5584ce2634ff7da","ranges":[{"kind":"range","marks":[],"text":"  SumAccum<float> @Rank;"}]}]},{"kind":"block","type":"code-line","key":"af76ff032dfa448e89c619a9336969f8","isVoid":false,"data":{},"nodes":[{"kind":"text","key":"7d37b3b4214e4019bb7ba267d1a99d3b","ranges":[{"kind":"range","marks":[],"text":"  OrAccum @Liked = false;"}]}]},{"kind":"block","type":"code-line","key":"57003bfff8a04c79a50b79d23ffc6f09","isVoid":false,"data":{},"nodes":[{"kind":"text","key":"d385d08c5ccd43d4a38a4a860f89dc1c","ranges":[{"kind":"range","marks":[],"text":""}]}]},{"kind":"block","type":"code-line","key":"0b64a31c74704107b7fd151c9d3dfbbd","isVoid":false,"data":{},"nodes":[{"kind":"text","key":"62ff172334ba4610a235afe3ddead540","ranges":[{"kind":"range","marks":[],"text":"  Seed = {Person.*};"}]}]},{"kind":"block","type":"code-line","key":"6562f9ed769c41a4bb92f556aacf0b25","isVoid":false,"data":{},"nodes":[{"kind":"text","key":"61de83bb48e14e71b16cc66eee84fdc0","ranges":[{"kind":"range","marks":[],"text":""}]}]},{"kind":"block","type":"code-line","key":"07ded6aa63a64ad398c8c08a4ad37387","isVoid":false,"data":{},"nodes":[{"kind":"text","key":"47337041316a43bf984bb569657ab308","ranges":[{"kind":"range","marks":[],"text":"  #mark messages liked by Viktor"}]}]},{"kind":"block","type":"code-line","key":"8283283cc365499981fd402164688777","isVoid":false,"data":{},"nodes":[{"kind":"text","key":"438471a73e1b4deda6821f5b723eb7e9","ranges":[{"kind":"range","marks":[],"text":"    MessageLiked ="}]}]},{"kind":"block","type":"code-line","key":"2bf73366c9c64fc0bab0bc492122b407","isVoid":false,"data":{},"nodes":[{"kind":"text","key":"5394b5a695ce4f7898eb603c80cd43d8","ranges":[{"kind":"range","marks":[],"text":"       SELECT msg"}]}]},{"kind":"block","type":"code-line","key":"ff519fc6f3484a76a253e90dada2f259","isVoid":false,"data":{},"nodes":[{"kind":"text","key":"e85e642d092045d3939364b45fcb3c87","ranges":[{"kind":"range","marks":[],"text":"       FROM Seed:s-((Person_LIKES_Comment>|Person_LIKES_Post>))-:msg"}]}]},{"kind":"block","type":"code-line","key":"a09163d772a54a3995ad0a3c34c46edf","isVoid":false,"data":{},"nodes":[{"kind":"text","key":"049b4da3ac9f4992ad2bfa3579175b00","ranges":[{"kind":"range","marks":[],"text":"       WHERE s.firstName == fn AND s.lastName == ln"}]}]},{"kind":"block","type":"code-line","key":"0355eede13da4cf082678bd8a84fecea","isVoid":false,"data":{},"nodes":[{"kind":"text","key":"09e0ebe66a4c41ce9283042bebb2ec2c","ranges":[{"kind":"range","marks":[],"text":"       ACCUM msg.@Liked = true;"}]}]},{"kind":"block","type":"code-line","key":"55fcdcf9151e4259a1b4999bbc0f000f","isVoid":false,"data":{},"nodes":[{"kind":"text","key":"d505837590904b63911d536c4159f0e3","ranges":[{"kind":"range","marks":[],"text":""}]}]},{"kind":"block","type":"code-line","key":"8eb2054b0e894b65ae5f5d5f4ea2adad","isVoid":false,"data":{},"nodes":[{"kind":"text","key":"c2043c1c8b5b47da87714a3f9249c731","ranges":[{"kind":"range","marks":[],"text":"   #calculate log similarity score for each persons share the same interests at Tag level."}]}]},{"kind":"block","type":"code-line","key":"14e8eae4a1c74f78a208dd87f5c54b5f","isVoid":false,"data":{},"nodes":[{"kind":"text","key":"6f170e53faf240659dd52b5b9d5829d6","ranges":[{"kind":"range","marks":[],"text":"    Others   ="}]}]},{"kind":"block","type":"code-line","key":"f09edc12e9e148ae9c2fbf380acf5244","isVoid":false,"data":{},"nodes":[{"kind":"text","key":"54a2621d0770445d9b40360b7494dfa1","ranges":[{"kind":"range","marks":[],"text":"       SELECT p"}]}]},{"kind":"block","type":"code-line","key":"9db92e9c978e468daed50f917c51daf1","isVoid":false,"data":{},"nodes":[{"kind":"text","key":"63e35972eeb545c691193d0ae0014b73","ranges":[{"kind":"range","marks":[],"text":"       FROM Seed:s-((Person_LIKES_Comment>|Person_LIKES_Post>).(Comment_HAS_TAG_Tag>|Post_HAS_TAG_Tag>))- Tag:tg"}]}]},{"kind":"block","type":"code-line","key":"468e768b51f2456083df429598136c82","isVoid":false,"data":{},"nodes":[{"kind":"text","key":"9f3b267da9bc40e9a123f2fd8b4b9e95","ranges":[{"kind":"range","marks":[],"text":"        - ((<Comment_HAS_TAG_Tag|<Post_HAS_TAG_Tag).(<Person_LIKES_Comment|<Person_LIKES_Post))- :p"}]}]},{"kind":"block","type":"code-line","key":"940d732ecdbc46d19949114abdad9f8c","isVoid":false,"data":{},"nodes":[{"kind":"text","key":"31c1bb3fa0f7416da2a25039ea6aca52","ranges":[{"kind":"range","marks":[],"text":"       WHERE s.firstName == fn AND s.lastName == ln"}]}]},{"kind":"block","type":"code-line","key":"3f65afa410f24ddc8cdce5aca1f157b9","isVoid":false,"data":{},"nodes":[{"kind":"text","key":"90622c6370574fe7bb0d30ce5bc82ab0","ranges":[{"kind":"range","marks":[],"text":"       ACCUM p.@TagInCommon +=1"}]}]},{"kind":"block","type":"code-line","key":"2b3518ec28cd44df87f8ff6b45819593","isVoid":false,"data":{},"nodes":[{"kind":"text","key":"919879a9a24249e3b649fd503aedec18","ranges":[{"kind":"range","marks":[],"text":"       POST-ACCUM p.@SimilarityScore = log (1 + p.@TagInCommon);"}]}]},{"kind":"block","type":"code-line","key":"113d2697525e4c4c95ca91f3e9848138","isVoid":false,"data":{},"nodes":[{"kind":"text","key":"b6b85a429afa44a29174d7b057ac6621","ranges":[{"kind":"range","marks":[],"text":""}]}]},{"kind":"block","type":"code-line","key":"2dae9ed3385e43e7b686661194eb4be6","isVoid":false,"data":{},"nodes":[{"kind":"text","key":"f47e59f2932943288fbdaeab5edbca33","ranges":[{"kind":"range","marks":[],"text":"   #recommend new messages to Viktor that have not liked by him."}]}]},{"kind":"block","type":"code-line","key":"9cf17160bef54af892ca50823d2b03ae","isVoid":false,"data":{},"nodes":[{"kind":"text","key":"f06990f69bcd473e97dc186e5e02df35","ranges":[{"kind":"range","marks":[],"text":"    RecommendedMessage ="}]}]},{"kind":"block","type":"code-line","key":"402451ae81754bdca9c7956f440af9bc","isVoid":false,"data":{},"nodes":[{"kind":"text","key":"34e9bbcf619d41ff8cd00f31a107265a","ranges":[{"kind":"range","marks":[],"text":"             SELECT msg"}]}]},{"kind":"block","type":"code-line","key":"0f04cd67811941189844df16d1c9cd98","isVoid":false,"data":{},"nodes":[{"kind":"text","key":"6abc8fc2c03c4910922b5ab50f71611a","ranges":[{"kind":"range","marks":[],"text":"             FROM Others:o-((Person_LIKES_Comment>|Person_LIKES_Post>)) - :msg"}]}]},{"kind":"block","type":"code-line","key":"6b1283de076c4db1b6fb55c33870d34e","isVoid":false,"data":{},"nodes":[{"kind":"text","key":"a272209269c44d908b40aaba41c975c4","ranges":[{"kind":"range","marks":[],"text":"             WHERE  msg.@Liked == false"}]}]},{"kind":"block","type":"code-line","key":"b3182437e338479381a1d5cd697b8917","isVoid":false,"data":{},"nodes":[{"kind":"text","key":"abcc539dcca041eb99b6cd5de61fd880","ranges":[{"kind":"range","marks":[],"text":"             ACCUM msg.@Rank +=o.@SimilarityScore"}]}]},{"kind":"block","type":"code-line","key":"7f47164a20c343ac95cfb918f9c3d1a7","isVoid":false,"data":{},"nodes":[{"kind":"text","key":"8f30b3f28f9a4694815ad35d6c8e7025","ranges":[{"kind":"range","marks":[],"text":"             ORDER BY msg.@Rank DESC"}]}]},{"kind":"block","type":"code-line","key":"b178cb2983f54e78a6ff47ff37073ad0","isVoid":false,"data":{},"nodes":[{"kind":"text","key":"5e469da7ed274683aba8e32b217f959f","ranges":[{"kind":"range","marks":[],"text":"             LIMIT 10;"}]}]},{"kind":"block","type":"code-line","key":"3ab52220c3644177b436a0a01e11e00f","isVoid":false,"data":{},"nodes":[{"kind":"text","key":"1a41a03627b64375bec843a328d09c39","ranges":[{"kind":"range","marks":[],"text":""}]}]},{"kind":"block","type":"code-line","key":"4bdc44f84a89489bab4fe81e53b957d1","isVoid":false,"data":{},"nodes":[{"kind":"text","key":"345defc6e83e41c0820c4187cfeb8f5c","ranges":[{"kind":"range","marks":[],"text":"  PRINT   RecommendedMessage[RecommendedMessage.content, RecommendedMessage.@Rank];"}]}]},{"kind":"block","type":"code-line","key":"5249692ec4de41529bddde68fd9b3dca","isVoid":false,"data":{},"nodes":[{"kind":"text","key":"bb9703a5b4aa4e8aad9c79e45d0e1c3c","ranges":[{"kind":"range","marks":[],"text":"}"}]}]},{"kind":"block","type":"code-line","key":"9a506c6679d94d1082e8418f75ed23fa","isVoid":false,"data":{},"nodes":[{"kind":"text","key":"b90af1ace39345009998bfc9541e8e43","ranges":[{"kind":"range","marks":[],"text":""}]}]},{"kind":"block","type":"code-line","key":"752034f3b22a497f8666502f1595e589","isVoid":false,"data":{},"nodes":[{"kind":"text","key":"a2f8e24b59234fa882bbc24b9b5aa5a6","ranges":[{"kind":"range","marks":[],"text":""}]}]},{"kind":"block","type":"code-line","key":"e5fb109f486446f0a256c16114fe4784","isVoid":false,"data":{},"nodes":[{"kind":"text","key":"623726b8815e4c129490f17c5b8074f1","ranges":[{"kind":"range","marks":[],"text":"INTERPRET QUERY RecommendMessage (\"Viktor\", \"Akhiezer\")"}]}]},{"kind":"block","type":"code-line","key":"22fc03b7c4ea4998bc16fe61b6af8db2","isVoid":false,"data":{},"nodes":[{"kind":"text","key":"95142c9211944a8c94cdebc803ceb0e2","ranges":[{"kind":"range","marks":[],"text":"#try the second person with just parameter change."}]}]},{"kind":"block","type":"code-line","key":"0d4725851a7548e68f6a2a86ed98dd35","isVoid":false,"data":{},"nodes":[{"kind":"text","key":"c395134345a746cfb8a5622bb02cda53","ranges":[{"kind":"range","marks":[],"text":"INTERPRET QUERY RecommendMessage (\"Adriaan\", \"Jong\")"}]}]}]}]},{"kind":"block","type":"paragraph","key":"45e1b06b77f2474b9fbc677b377ef08e","isVoid":false,"data":{},"nodes":[{"kind":"text","key":"f67879056c3a4ec49849b65500ee8f9b","ranges":[{"kind":"range","marks":[],"text":"You can copy the above GSQL script to a file named app1.gsql, and invoke this script file in linux command line. "}]}]},{"kind":"block","type":"code","key":"abef2be5f1534921ad6a02c721df1aaf","isVoid":false,"data":{},"nodes":[{"kind":"block","type":"code-tab","key":"d8e9e7533d104b31948c156f0a26fee4","isVoid":false,"data":{"syntax":"bash","title":"Linux Bash"},"nodes":[{"kind":"block","type":"code-line","key":"2db9f2e686254bd4b2971d761dd5437a","isVoid":false,"data":{},"nodes":[{"kind":"text","key":"f7a4f0f5d96a424e890582bf45bed980","ranges":[{"kind":"range","marks":[],"text":"gsql app1.gsql"}]}]}]}]},{"kind":"block","type":"code","key":"6080dac426814e28b2390be6157beabf","isVoid":false,"data":{},"nodes":[{"kind":"block","type":"code-tab","key":"0455f9acad07440dadfd61e3b545c7a3","isVoid":false,"data":{"syntax":"coffeescript","title":" Output of App1"},"nodes":[{"kind":"block","type":"code-line","key":"0e88c334ae9b490180cd1279fa7867d5","isVoid":false,"data":{},"nodes":[{"kind":"text","key":"5cb7e7fcbb814c149eb66aa0cd86d902","ranges":[{"kind":"range","marks":[],"text":"Using graph 'ldbc_snb'"}]}]},{"kind":"block","type":"code-line","key":"0c757f90d2d244fda3592b4671c8f0cb","isVoid":false,"data":{},"nodes":[{"kind":"text","key":"f86054ce3a474857bbef24926fa772c3","ranges":[{"kind":"range","marks":[],"text":"The query RecommendMessage is dropped."}]}]},{"kind":"block","type":"code-line","key":"038d71ff133c4477b6014d9c22a621cc","isVoid":false,"data":{},"nodes":[{"kind":"text","key":"b8e5a0a1cb5f461ea5a84605f7e59a3b","ranges":[{"kind":"range","marks":[],"text":"The query RecommendMessage has been added!"}]}]},{"kind":"block","type":"code-line","key":"0d891353e97d473d8d98cb16d3dfeeae","isVoid":false,"data":{},"nodes":[{"kind":"text","key":"021af40cbbb3438fbe0dc0f8b48b2aa0","ranges":[{"kind":"range","marks":[],"text":"{"}]}]},{"kind":"block","type":"code-line","key":"817a8b4af1874986994a284acbef3589","isVoid":false,"data":{},"nodes":[{"kind":"text","key":"f0803ae5dbb04e1a842b72937c32550c","ranges":[{"kind":"range","marks":[],"text":"  \"error\": false,"}]}]},{"kind":"block","type":"code-line","key":"3fd954532a964236944fe631cc1a4d75","isVoid":false,"data":{},"nodes":[{"kind":"text","key":"74c282b0b05b4074880393fa01a35873","ranges":[{"kind":"range","marks":[],"text":"  \"message\": \"\","}]}]},{"kind":"block","type":"code-line","key":"71885abf98464bbdb0787630bd8fa967","isVoid":false,"data":{},"nodes":[{"kind":"text","key":"f20e8f7579d04b258325250e5eef6f29","ranges":[{"kind":"range","marks":[],"text":"  \"version\": {"}]}]},{"kind":"block","type":"code-line","key":"ed0033de7c954c419136a0e7c2dadfae","isVoid":false,"data":{},"nodes":[{"kind":"text","key":"3fb1588bad824b8296291b9ebb9ceb52","ranges":[{"kind":"range","marks":[],"text":"    \"schema\": 0,"}]}]},{"kind":"block","type":"code-line","key":"bdf89302db0e4313860a02f349a75592","isVoid":false,"data":{},"nodes":[{"kind":"text","key":"e64cff585d0d4904b036cdb902a863ab","ranges":[{"kind":"range","marks":[],"text":"    \"edition\": \"enterprise\","}]}]},{"kind":"block","type":"code-line","key":"ca4f202e4498475288070caf24aa955a","isVoid":false,"data":{},"nodes":[{"kind":"text","key":"8ec61545865a4b0fa347e29a08417c73","ranges":[{"kind":"range","marks":[],"text":"    \"api\": \"v2\""}]}]},{"kind":"block","type":"code-line","key":"4aac3ea3f7534482903b8069da0c9261","isVoid":false,"data":{},"nodes":[{"kind":"text","key":"7c56e6d081054a17b072893347c7d046","ranges":[{"kind":"range","marks":[],"text":"  },"}]}]},{"kind":"block","type":"code-line","key":"67cb0350608f41a8a5ee17ac63be59b3","isVoid":false,"data":{},"nodes":[{"kind":"text","key":"8c1987ed4f334a4199db773b2ab44966","ranges":[{"kind":"range","marks":[],"text":"  \"results\": [{\"RecommendedMessage\": ["}]}]},{"kind":"block","type":"code-line","key":"391d4c865c3446e99d7caa1ba281c8e1","isVoid":false,"data":{},"nodes":[{"kind":"text","key":"4d8bd4211e6040bcb4516cafc082bd12","ranges":[{"kind":"range","marks":[],"text":"    {"}]}]},{"kind":"block","type":"code-line","key":"fd204954d5bb44c180a41b873bd9fb6a","isVoid":false,"data":{},"nodes":[{"kind":"text","key":"07b8d7791d9b4ad4a3eeaf2e76c101c8","ranges":[{"kind":"range","marks":[],"text":"      \"v_id\": \"1374394016924\","}]}]},{"kind":"block","type":"code-line","key":"6761084c82ea4b979fa3e453a57b4edb","isVoid":false,"data":{},"nodes":[{"kind":"text","key":"0637421223874f7d8218ab690272e2fa","ranges":[{"kind":"range","marks":[],"text":"      \"attributes\": {"}]}]},{"kind":"block","type":"code-line","key":"1053f8d4cbc94064979fb6389fb99923","isVoid":false,"data":{},"nodes":[{"kind":"text","key":"3f59c3cace3644b89291c5a3f74e79f5","ranges":[{"kind":"range","marks":[],"text":"        \"RecommendedMessage.@Rank\": 4483.98584,"}]}]},{"kind":"block","type":"code-line","key":"1fae763c33b346c48f97d38d2058774d","isVoid":false,"data":{},"nodes":[{"kind":"text","key":"1ddaeef5492d42e188387f595d72179b","ranges":[{"kind":"range","marks":[],"text":"        \"RecommendedMessage.content\": \"About Valley of the Damned, more, after discovering the existence About Pr\""}]}]},{"kind":"block","type":"code-line","key":"6326fd7081b5479bb3f9497cdc0cd7e3","isVoid":false,"data":{},"nodes":[{"kind":"text","key":"7b60235159044f0a96138d914692eb1d","ranges":[{"kind":"range","marks":[],"text":"      },"}]}]},{"kind":"block","type":"code-line","key":"6c985f808dfb408c943bd49d8bfd3d0a","isVoid":false,"data":{},"nodes":[{"kind":"text","key":"639a9a404c1f4de4abea2fd32b0062aa","ranges":[{"kind":"range","marks":[],"text":"      \"v_type\": \"Comment\""}]}]},{"kind":"block","type":"code-line","key":"f0cb47ef7be74ba19a4a3edb60312dc0","isVoid":false,"data":{},"nodes":[{"kind":"text","key":"35fa995d9b244c528c0b6235f02e3774","ranges":[{"kind":"range","marks":[],"text":"    },"}]}]},{"kind":"block","type":"code-line","key":"10bb4b6d6f8447d6900662da478d3e96","isVoid":false,"data":{},"nodes":[{"kind":"text","key":"92a8e749d1f944cb8e2d6481bce82d52","ranges":[{"kind":"range","marks":[],"text":"    {"}]}]},{"kind":"block","type":"code-line","key":"181ee241faea4e5488f34e5448f88c7a","isVoid":false,"data":{},"nodes":[{"kind":"text","key":"0228ac4d8c27449a934b62fe5f5f8bd2","ranges":[{"kind":"range","marks":[],"text":"      \"v_id\": \"549760297481\","}]}]},{"kind":"block","type":"code-line","key":"91ddcbc0692c4440a577f1d36bcf6991","isVoid":false,"data":{},"nodes":[{"kind":"text","key":"645bdaf6c5604855807d002d4ddd5640","ranges":[{"kind":"range","marks":[],"text":"      \"attributes\": {"}]}]},{"kind":"block","type":"code-line","key":"ffbf438003c8435f9f55e7427bd61fa7","isVoid":false,"data":{},"nodes":[{"kind":"text","key":"a9f3034179cd4829b78e63dc822fd6bc","ranges":[{"kind":"range","marks":[],"text":"        \"RecommendedMessage.@Rank\": 4739.81299,"}]}]},{"kind":"block","type":"code-line","key":"1bb77a706675410d9ab484477f3affa1","isVoid":false,"data":{},"nodes":[{"kind":"text","key":"4b0bb4e759e8476ebf40e73fbaa6ad1c","ranges":[{"kind":"range","marks":[],"text":"        \"RecommendedMessage.content\": \"About Commonwealth of Independent States, a federation, confederation or sup\""}]}]},{"kind":"block","type":"code-line","key":"c404eb4e16314f4e936a7e5cab287c1f","isVoid":false,"data":{},"nodes":[{"kind":"text","key":"2d95e21e1e55408d859ad4981cc687a7","ranges":[{"kind":"range","marks":[],"text":"      },"}]}]},{"kind":"block","type":"code-line","key":"09b81cb0e9864747b4a101efa6afa936","isVoid":false,"data":{},"nodes":[{"kind":"text","key":"627aa9b4063546baa3afbc2ae5127c1a","ranges":[{"kind":"range","marks":[],"text":"      \"v_type\": \"Comment\""}]}]},{"kind":"block","type":"code-line","key":"0338df10107d4c07b2846678da3f0dee","isVoid":false,"data":{},"nodes":[{"kind":"text","key":"e91f6793d9eb45d3a567ef2b43123bc8","ranges":[{"kind":"range","marks":[],"text":"    },"}]}]},{"kind":"block","type":"code-line","key":"aa8b47bf17b54c6e9bf6546bc646a074","isVoid":false,"data":{},"nodes":[{"kind":"text","key":"5167b492ec1b41e6b492f40937c28a0b","ranges":[{"kind":"range","marks":[],"text":"    {"}]}]},{"kind":"block","type":"code-line","key":"352a6b8db9b946c880a3889448bc9203","isVoid":false,"data":{},"nodes":[{"kind":"text","key":"079c968c95054886b6379bdd66d87096","ranges":[{"kind":"range","marks":[],"text":"      \"v_id\": \"2061588778928\","}]}]},{"kind":"block","type":"code-line","key":"6a67e07698054fa68bca94e6099e9e48","isVoid":false,"data":{},"nodes":[{"kind":"text","key":"ea0f00d89b6a4070831f142cf88207e5","ranges":[{"kind":"range","marks":[],"text":"      \"attributes\": {"}]}]},{"kind":"block","type":"code-line","key":"3fc390dabae94598aa2c598a0d6cdc50","isVoid":false,"data":{},"nodes":[{"kind":"text","key":"adc527d8b04b4d87bd73aaa4685fb857","ranges":[{"kind":"range","marks":[],"text":"        \"RecommendedMessage.@Rank\": 4780.34961,"}]}]},{"kind":"block","type":"code-line","key":"69e9156e490d432bbef46af238b57e08","isVoid":false,"data":{},"nodes":[{"kind":"text","key":"8323ac2d6cb94b4095d7099c0b56c75f","ranges":[{"kind":"range","marks":[],"text":"        \"RecommendedMessage.content\": \"About Jonas Björkman, months, Björkman was himself succeeded in this honour by Fabrice Santoro after dropping out of the Top 100 in his turn. Björkman has enjoyed successful\""}]}]},{"kind":"block","type":"code-line","key":"130f7d82727644efadc60233ed4cfbd8","isVoid":false,"data":{},"nodes":[{"kind":"text","key":"923431676fbf4189a2583e3f45421f96","ranges":[{"kind":"range","marks":[],"text":"      },"}]}]},{"kind":"block","type":"code-line","key":"72180d919c364124868e3667f8125fa8","isVoid":false,"data":{},"nodes":[{"kind":"text","key":"d4f15940828f49fba6593943f5d10bd4","ranges":[{"kind":"range","marks":[],"text":"      \"v_type\": \"Comment\""}]}]},{"kind":"block","type":"code-line","key":"882b863a8168406d90e14ada0ac089d2","isVoid":false,"data":{},"nodes":[{"kind":"text","key":"2f95c1274e74483ea2d54f6dcec86b52","ranges":[{"kind":"range","marks":[],"text":"    },"}]}]},{"kind":"block","type":"code-line","key":"e3a305016409410b98db26dd1de84614","isVoid":false,"data":{},"nodes":[{"kind":"text","key":"3543f74421224e5ba933a31613731733","ranges":[{"kind":"range","marks":[],"text":"    {"}]}]},{"kind":"block","type":"code-line","key":"9e87347a3c7c4e89b12e0ec667d370c1","isVoid":false,"data":{},"nodes":[{"kind":"text","key":"781a083b0c904586958f8798d218d8ef","ranges":[{"kind":"range","marks":[],"text":"      \"v_id\": \"962077156194\","}]}]},{"kind":"block","type":"code-line","key":"e3f8b97b52bf4fd98f093f0eeb4f61e2","isVoid":false,"data":{},"nodes":[{"kind":"text","key":"a4348df7662a4f978b9cb877723653b5","ranges":[{"kind":"range","marks":[],"text":"      \"attributes\": {"}]}]},{"kind":"block","type":"code-line","key":"ee0ed3e5f9e54130a2b7c92b0758c25c","isVoid":false,"data":{},"nodes":[{"kind":"text","key":"61cda21cdc9f444a9cc6a5b2e5309517","ranges":[{"kind":"range","marks":[],"text":"        \"RecommendedMessage.@Rank\": 4394.83643,"}]}]},{"kind":"block","type":"code-line","key":"e933298f5f134406951c28833ecda147","isVoid":false,"data":{},"nodes":[{"kind":"text","key":"582b09edf80242ba964af7744bfc0cc7","ranges":[{"kind":"range","marks":[],"text":"        \"RecommendedMessage.content\": \"About Karl Marx, and a lower clAbout Juan Carlos I of Spain, Carlos I (bornAbout Isle of Man, ritish Isles. About Iraq, ations from deAbout\""}]}]},{"kind":"block","type":"code-line","key":"e1fe775795894864b54a82a95ddc111b","isVoid":false,"data":{},"nodes":[{"kind":"text","key":"16cafddb27b84052a3d4bab854fd4beb","ranges":[{"kind":"range","marks":[],"text":"      },"}]}]},{"kind":"block","type":"code-line","key":"e6a744c6130441a5a3947c9c03c9bed4","isVoid":false,"data":{},"nodes":[{"kind":"text","key":"fb0b9a0ee59a4d0faa758863c454fdeb","ranges":[{"kind":"range","marks":[],"text":"      \"v_type\": \"Comment\""}]}]},{"kind":"block","type":"code-line","key":"20b24822f2554fd0945b8dba1c82d00d","isVoid":false,"data":{},"nodes":[{"kind":"text","key":"2ec89517ae8446b3bbe683407230ec30","ranges":[{"kind":"range","marks":[],"text":"    },"}]}]},{"kind":"block","type":"code-line","key":"d199fc3a957d4f21befdb1d73bc3907c","isVoid":false,"data":{},"nodes":[{"kind":"text","key":"34a1bca3dc54427587d726c18e447957","ranges":[{"kind":"range","marks":[],"text":"    {"}]}]},{"kind":"block","type":"code-line","key":"8810fd6ff30d4071842751f817429903","isVoid":false,"data":{},"nodes":[{"kind":"text","key":"7c3b9b5f24ee4b10af34c2bac0af9706","ranges":[{"kind":"range","marks":[],"text":"      \"v_id\": \"549760294602\","}]}]},{"kind":"block","type":"code-line","key":"7edf339625ec454da88d484e46a1a0d9","isVoid":false,"data":{},"nodes":[{"kind":"text","key":"f8ee67fcd0674e51b6529b3722c43e9d","ranges":[{"kind":"range","marks":[],"text":"      \"attributes\": {"}]}]},{"kind":"block","type":"code-line","key":"fa53a33694f541bc8b73a544e2f4f657","isVoid":false,"data":{},"nodes":[{"kind":"text","key":"e9a51939ec03488482ad50981f4d483e","ranges":[{"kind":"range","marks":[],"text":"        \"RecommendedMessage.@Rank\": 4855.49316,"}]}]},{"kind":"block","type":"code-line","key":"d824c7a586a74f24bb796dc37b414a58","isVoid":false,"data":{},"nodes":[{"kind":"text","key":"80aafcc0caa24e84b0bcb47a203c0905","ranges":[{"kind":"range","marks":[],"text":"        \"RecommendedMessage.content\": \"About Indira Gandhi, Gandhi established closer relatAbout Mick Jagger, eer of the band. In 1989, he waAbout Ho Chi Minh, ce Unit and ECA International, About Ottoman Empire,  After t\""}]}]},{"kind":"block","type":"code-line","key":"80f53050863640119e1f6b64a8fae410","isVoid":false,"data":{},"nodes":[{"kind":"text","key":"8af0f0877bed40059658dfceec75cdb0","ranges":[{"kind":"range","marks":[],"text":"      },"}]}]},{"kind":"block","type":"code-line","key":"d82e7a1e6c27459dbafbcf4875c5b249","isVoid":false,"data":{},"nodes":[{"kind":"text","key":"0542f3e0204e4b3e8e4316cd39f871eb","ranges":[{"kind":"range","marks":[],"text":"      \"v_type\": \"Post\""}]}]},{"kind":"block","type":"code-line","key":"406b46b3cb864c2aaf721696cca97446","isVoid":false,"data":{},"nodes":[{"kind":"text","key":"6342d3f63a6543c8b1a6054dba76fb2c","ranges":[{"kind":"range","marks":[],"text":"    },"}]}]},{"kind":"block","type":"code-line","key":"31e00457f784434ab82b9a29001c67d9","isVoid":false,"data":{},"nodes":[{"kind":"text","key":"adee227f790b4e958632b7a575f910b3","ranges":[{"kind":"range","marks":[],"text":"    {"}]}]},{"kind":"block","type":"code-line","key":"3f2d8ad678664526a1343ae57f923661","isVoid":false,"data":{},"nodes":[{"kind":"text","key":"fae1562102084780a10368b0ef74fd34","ranges":[{"kind":"range","marks":[],"text":"      \"v_id\": \"962077157761\","}]}]},{"kind":"block","type":"code-line","key":"356bf52ecdf349769a62f95f0b333b4a","isVoid":false,"data":{},"nodes":[{"kind":"text","key":"742f051acb1944bc8ba7394ed26b0405","ranges":[{"kind":"range","marks":[],"text":"      \"attributes\": {"}]}]},{"kind":"block","type":"code-line","key":"0836cb1c965941779b9d77decaac34c3","isVoid":false,"data":{},"nodes":[{"kind":"text","key":"cfba0173327b4132af083de9f22238b9","ranges":[{"kind":"range","marks":[],"text":"        \"RecommendedMessage.@Rank\": 4439.33496,"}]}]},{"kind":"block","type":"code-line","key":"3cf1c1b7e883410f8439fc5b9c44360b","isVoid":false,"data":{},"nodes":[{"kind":"text","key":"a29e23f2eb8a4d678f0f0fd3e1a80583","ranges":[{"kind":"range","marks":[],"text":"        \"RecommendedMessage.content\": \"About Pliny the Elder, , wrote of himAbout Juan Carlos I of Spain, n Carlos marriAbout Marcus Aurelius, uid\""}]}]},{"kind":"block","type":"code-line","key":"088e9cefe2144d4f8d11585da0e619d6","isVoid":false,"data":{},"nodes":[{"kind":"text","key":"db79848d3733486c85e9003a94ea7e0d","ranges":[{"kind":"range","marks":[],"text":"      },"}]}]},{"kind":"block","type":"code-line","key":"86905100b9bf4ac6b5165f68d1a977bb","isVoid":false,"data":{},"nodes":[{"kind":"text","key":"5e269ae16f1543aa8c4048c18e9c7484","ranges":[{"kind":"range","marks":[],"text":"      \"v_type\": \"Post\""}]}]},{"kind":"block","type":"code-line","key":"83409c2e73234db385b7f0c64043eb14","isVoid":false,"data":{},"nodes":[{"kind":"text","key":"e1b04e5139184d1da69347df9dfedb22","ranges":[{"kind":"range","marks":[],"text":"    },"}]}]},{"kind":"block","type":"code-line","key":"281eb28ec10c42608ac7eaae49091190","isVoid":false,"data":{},"nodes":[{"kind":"text","key":"b0a27e9145f94915bcbcdee8e5831240","ranges":[{"kind":"range","marks":[],"text":"    {"}]}]},{"kind":"block","type":"code-line","key":"9a439b7343804ddd8233ca7f7bd7321f","isVoid":false,"data":{},"nodes":[{"kind":"text","key":"fc8de5e4520848f3b50254cc1799463a","ranges":[{"kind":"range","marks":[],"text":"      \"v_id\": \"549756189846\","}]}]},{"kind":"block","type":"code-line","key":"93704ced1f084263bc72f6954b6fb7c6","isVoid":false,"data":{},"nodes":[{"kind":"text","key":"cd2d287be7cc476a875815e2e35d956b","ranges":[{"kind":"range","marks":[],"text":"      \"attributes\": {"}]}]},{"kind":"block","type":"code-line","key":"a42a1c741b434c6d878b0161f8f07554","isVoid":false,"data":{},"nodes":[{"kind":"text","key":"863776afc6cf478ba7258caef4dfa358","ranges":[{"kind":"range","marks":[],"text":"        \"RecommendedMessage.@Rank\": 4263.9873,"}]}]},{"kind":"block","type":"code-line","key":"d38f408ad76044b2b26b409ffeeac22c","isVoid":false,"data":{},"nodes":[{"kind":"text","key":"24ad7323de7a4912a8f7fa309bab1c09","ranges":[{"kind":"range","marks":[],"text":"        \"RecommendedMessage.content\": \"About Józef Piłsudski, l (from 1920), and leader (1926\\u201335) of the Second Polish Republic. From mid-World War I he had a \""}]}]},{"kind":"block","type":"code-line","key":"efa66ea8841844df94ec348d95356a52","isVoid":false,"data":{},"nodes":[{"kind":"text","key":"98470810d79c43faac59c5a317bce528","ranges":[{"kind":"range","marks":[],"text":"      },"}]}]},{"kind":"block","type":"code-line","key":"d650409716004cc88e9430af68f90edb","isVoid":false,"data":{},"nodes":[{"kind":"text","key":"e83009c997f4498280c0d7233f1fee76","ranges":[{"kind":"range","marks":[],"text":"      \"v_type\": \"Post\""}]}]},{"kind":"block","type":"code-line","key":"9980bf50d41a40fdacacf25ad19ee868","isVoid":false,"data":{},"nodes":[{"kind":"text","key":"3c6a526368254c5fb232424c6ad53a56","ranges":[{"kind":"range","marks":[],"text":"    },"}]}]},{"kind":"block","type":"code-line","key":"19749fe099004467a809a8194f163a3e","isVoid":false,"data":{},"nodes":[{"kind":"text","key":"da59e10e574347e6bcb93135e8b8545d","ranges":[{"kind":"range","marks":[],"text":"    {"}]}]},{"kind":"block","type":"code-line","key":"0aba173cb2784b439c95fc0ed9b404e5","isVoid":false,"data":{},"nodes":[{"kind":"text","key":"15d3fbeba4bb4efaaee3166ef25e6313","ranges":[{"kind":"range","marks":[],"text":"      \"v_id\": \"1374394021321\","}]}]},{"kind":"block","type":"code-line","key":"4868252bc8d34f7fbc624a4030600008","isVoid":false,"data":{},"nodes":[{"kind":"text","key":"f52a3b3f5b844db485613a7af7c32344","ranges":[{"kind":"range","marks":[],"text":"      \"attributes\": {"}]}]},{"kind":"block","type":"code-line","key":"6ee6e7c7b27349eb9d04b7c94c60f6f4","isVoid":false,"data":{},"nodes":[{"kind":"text","key":"3d4542a945bc4fab81e8f23d5b329e30","ranges":[{"kind":"range","marks":[],"text":"        \"RecommendedMessage.@Rank\": 4811.09473,"}]}]},{"kind":"block","type":"code-line","key":"256f3a5449cb48be803872dfee473997","isVoid":false,"data":{},"nodes":[{"kind":"text","key":"6b2fcec2e49d4522964dd87cf11a0d97","ranges":[{"kind":"range","marks":[],"text":"        \"RecommendedMessage.content\": \"About Virtual Insanity, 3 on the UK Singles Chart. The song also charted at #38 on the Billboard Modern Rock Tracks chart upon the single's releas\""}]}]},{"kind":"block","type":"code-line","key":"1a3c7bb53ae54fcfba45783d46bfc774","isVoid":false,"data":{},"nodes":[{"kind":"text","key":"48180cbd4ae14eb4a1520acdecad00a3","ranges":[{"kind":"range","marks":[],"text":"      },"}]}]},{"kind":"block","type":"code-line","key":"d8ba234f07504f378b480471c1bbbdda","isVoid":false,"data":{},"nodes":[{"kind":"text","key":"8c81e3e160774e8b9c1cc04b3c919657","ranges":[{"kind":"range","marks":[],"text":"      \"v_type\": \"Comment\""}]}]},{"kind":"block","type":"code-line","key":"bafd9fa33b9e42b7b2c2b86664ed6748","isVoid":false,"data":{},"nodes":[{"kind":"text","key":"e7c562bc3cca4035ab2b7da949f1927b","ranges":[{"kind":"range","marks":[],"text":"    },"}]}]},{"kind":"block","type":"code-line","key":"355eac617b02456891d54261840890b9","isVoid":false,"data":{},"nodes":[{"kind":"text","key":"df88577332f843e98917d1d1e13a9a6b","ranges":[{"kind":"range","marks":[],"text":"    {"}]}]},{"kind":"block","type":"code-line","key":"6f19772572114cd8a5f3cc520700df72","isVoid":false,"data":{},"nodes":[{"kind":"text","key":"c409589702a441e58f02e80ded38f989","ranges":[{"kind":"range","marks":[],"text":"      \"v_id\": \"1374394013160\","}]}]},{"kind":"block","type":"code-line","key":"32e3af6a71f44d448812f161ca546cec","isVoid":false,"data":{},"nodes":[{"kind":"text","key":"5e4139901e4b4f808c0238c9fa5f0bdf","ranges":[{"kind":"range","marks":[],"text":"      \"attributes\": {"}]}]},{"kind":"block","type":"code-line","key":"c729404e7be74921ba883519dfa36bae","isVoid":false,"data":{},"nodes":[{"kind":"text","key":"ff174deb51a6461e8fb35896c3b1c7b4","ranges":[{"kind":"range","marks":[],"text":"        \"RecommendedMessage.@Rank\": 4637.67285,"}]}]},{"kind":"block","type":"code-line","key":"510a7742e7ca483cabe54f4d133e47ab","isVoid":false,"data":{},"nodes":[{"kind":"text","key":"956401e031b449ebbd8a89b60cb70862","ranges":[{"kind":"range","marks":[],"text":"        \"RecommendedMessage.content\": \"About Peggy Lee, singing with BennyAbout Kingdom of Hanover, ongress of Vienna,About Mot\""}]}]},{"kind":"block","type":"code-line","key":"a190708923254facaae04ce9cebbd759","isVoid":false,"data":{},"nodes":[{"kind":"text","key":"c101bfe856444f0e80865d4eb19a4008","ranges":[{"kind":"range","marks":[],"text":"      },"}]}]},{"kind":"block","type":"code-line","key":"38b9d04755e74bf8af733bbe2db35f1b","isVoid":false,"data":{},"nodes":[{"kind":"text","key":"71d7867a14d440ef976127615643dfef","ranges":[{"kind":"range","marks":[],"text":"      \"v_type\": \"Comment\""}]}]},{"kind":"block","type":"code-line","key":"954e8d6cd32e4cd2a47e1e2c9af20eb4","isVoid":false,"data":{},"nodes":[{"kind":"text","key":"391efdb5d2134b8188f8877811cd905d","ranges":[{"kind":"range","marks":[],"text":"    },"}]}]},{"kind":"block","type":"code-line","key":"b3454e0387bd429fb1c25d5a29b2942a","isVoid":false,"data":{},"nodes":[{"kind":"text","key":"7d09bef0673849bcbafd947e219494d5","ranges":[{"kind":"range","marks":[],"text":"    {"}]}]},{"kind":"block","type":"code-line","key":"7a83917af3f3405781e6aef164981db1","isVoid":false,"data":{},"nodes":[{"kind":"text","key":"e5e20c4c97b540d58cccc669b44c2236","ranges":[{"kind":"range","marks":[],"text":"      \"v_id\": \"549760292109\","}]}]},{"kind":"block","type":"code-line","key":"77833603f07f47a8867106ebedef600c","isVoid":false,"data":{},"nodes":[{"kind":"text","key":"b70c840d369a4fbf9b72fe606b3e05c1","ranges":[{"kind":"range","marks":[],"text":"      \"attributes\": {"}]}]},{"kind":"block","type":"code-line","key":"c90babbd9a2141d1a1dfe5dc6cee3b77","isVoid":false,"data":{},"nodes":[{"kind":"text","key":"c6f174ba169c464f94a725739b9d4e86","ranges":[{"kind":"range","marks":[],"text":"        \"RecommendedMessage.@Rank\": 4828.72559,"}]}]},{"kind":"block","type":"code-line","key":"9ff85b8194084c1ca4c38f62896755b4","isVoid":false,"data":{},"nodes":[{"kind":"text","key":"fe3cd15270534003a61683081a5df760","ranges":[{"kind":"range","marks":[],"text":"        \"RecommendedMessage.content\": \"About Ho Chi Minh, nam, as an anti-communist state, fought against the communisAbout Shiny Happy People, sale in the U.\""}]}]},{"kind":"block","type":"code-line","key":"d5da2ed99f31445c916b207b4c4b9b86","isVoid":false,"data":{},"nodes":[{"kind":"text","key":"e9d4711651b04a9dadce0f2821d3a1ee","ranges":[{"kind":"range","marks":[],"text":"      },"}]}]},{"kind":"block","type":"code-line","key":"c9671503ad58418d99aae28937b38791","isVoid":false,"data":{},"nodes":[{"kind":"text","key":"caabb4a666074f83b29c82cd4951498d","ranges":[{"kind":"range","marks":[],"text":"      \"v_type\": \"Post\""}]}]},{"kind":"block","type":"code-line","key":"3c7e736dd92547f9a64cb9b615ffd2ac","isVoid":false,"data":{},"nodes":[{"kind":"text","key":"eeadc87275ff4de488251ce611f2b27b","ranges":[{"kind":"range","marks":[],"text":"    }"}]}]},{"kind":"block","type":"code-line","key":"26d76366626c40c09cb449149993a0d3","isVoid":false,"data":{},"nodes":[{"kind":"text","key":"aad7dd63dc304384832a92bbc6328b91","ranges":[{"kind":"range","marks":[],"text":"  ]}]"}]}]},{"kind":"block","type":"code-line","key":"921d6bbf23ce489ea2da506d1226d6ef","isVoid":false,"data":{},"nodes":[{"kind":"text","key":"73549858d4f94668b5c5d37ef7e39c51","ranges":[{"kind":"range","marks":[],"text":"}"}]}]}]}]},{"kind":"block","type":"heading-3","key":"65f40195ac604ba6bae96c66a0005f24","isVoid":false,"data":{},"nodes":[{"kind":"text","key":"9ba652ec175441f3bc52ef63fe9621f8","ranges":[{"kind":"range","marks":[],"text":"Install the query"}]}]},{"kind":"block","type":"paragraph","key":"32188b40e6e7484eb9ab8a6df4b8ac20","isVoid":false,"data":{},"nodes":[{"kind":"text","key":"b66fd5150ee440f58c0da10d6020534a","ranges":[{"kind":"range","marks":[],"text":"When you are satisfied with your query  in the GSQL interpret mode,  you can now install it as a generic service which has a much faster speed.  Since we have been using \"CREATE QUERY ..\" syntax, the query is added into the catalog, we can set the syntax version and install it. "}]}]},{"kind":"block","type":"code","key":"067a184dd6cf4a7caa7f613fa285f0ff","isVoid":false,"data":{},"nodes":[{"kind":"block","type":"code-tab","key":"e90eba21c051412aab7e52fe1ef238f4","isVoid":false,"data":{"syntax":"coffeescript","title":"GSQL Prepare Install Query"},"nodes":[{"kind":"block","type":"code-line","key":"8a83a052bc6641de9a68c9e6146f9aaa","isVoid":false,"data":{},"nodes":[{"kind":"text","key":"26d4d192af2a44aa91a94f5de3dd2b6e","ranges":[{"kind":"range","marks":[],"text":"#before install the query, need to set the syntax version "}]}]},{"kind":"block","type":"code-line","key":"c7ac5f0b90ed48738e0d956476be7d60","isVoid":false,"data":{},"nodes":[{"kind":"text","key":"acd5af7a336c442e8ac3d77b7a182051","ranges":[{"kind":"range","marks":[],"text":"SET syntax_version=\"v2\""}]}]},{"kind":"block","type":"code-line","key":"c17815e89a4740bcb26ef9c8b96293d7","isVoid":false,"data":{},"nodes":[{"kind":"text","key":"8fd52e341a5d4690ac1f4b669e31c6c8","ranges":[{"kind":"range","marks":[],"text":"USE GRAPH ldbc_snb"}]}]},{"kind":"block","type":"code-line","key":"63d260c84a4f46248b78ba288d0c7f9a","isVoid":false,"data":{},"nodes":[{"kind":"text","key":"0de678b87eb14d75af848ff21c52afd5","ranges":[{"kind":"range","marks":[],"text":""}]}]},{"kind":"block","type":"code-line","key":"69ff1d666752440d87bb9f592913b116","isVoid":false,"data":{},"nodes":[{"kind":"text","key":"441b387a86c444a0a030fc709817cc98","ranges":[{"kind":"range","marks":[],"text":"#install query "}]}]},{"kind":"block","type":"code-line","key":"1e621d7da6164dae80596d8e7a86111e","isVoid":false,"data":{},"nodes":[{"kind":"text","key":"3bd5dd785f1f4fcebf714f3166b90b17","ranges":[{"kind":"range","marks":[],"text":"INSTALL QUERY RecommendMessage"}]}]}]}]},{"kind":"block","type":"code","key":"9de373dbc67b4a599c4e662c7dd55547","isVoid":false,"data":{},"nodes":[{"kind":"block","type":"code-tab","key":"d55a27b380c448639f9aa7130529436a","isVoid":false,"data":{"syntax":"coffeescript","title":"GSQL Run the Installed Query"},"nodes":[{"kind":"block","type":"code-line","key":"69b86efbb137455682742491d87139fe","isVoid":false,"data":{},"nodes":[{"kind":"text","key":"2145a2189b1447ef8810c4843a7a0bc9","ranges":[{"kind":"range","marks":[],"text":"\nGSQL > install query RecommendMessage"}]}]},{"kind":"block","type":"code-line","key":"2d38a3d4dcbf4714863f4dce44cd6855","isVoid":false,"data":{},"nodes":[{"kind":"text","key":"8061700f702f48a8affbc1f39c5b3c70","ranges":[{"kind":"range","marks":[],"text":"Start installing queries, about 1 minute ..."}]}]},{"kind":"block","type":"code-line","key":"34792efca41f416dbe0095544c748695","isVoid":false,"data":{},"nodes":[{"kind":"text","key":"2d5e7c9cb1934723ab58b6adf5cd43de","ranges":[{"kind":"range","marks":[],"text":"RecommendMessage query: curl -X GET 'http://127.0.0.1:9000/query/ldbc_snb/RecommendMessage?fn=VALUE&ln=VALUE'. Add -H \"Authorization: Bearer TOKEN\" if authentication is enabled."}]}]},{"kind":"block","type":"code-line","key":"ebea2bca02854c2f9610de61daa6b7ff","isVoid":false,"data":{},"nodes":[{"kind":"text","key":"4e55c507ecd446bf8e2a92eb5b679799","ranges":[{"kind":"range","marks":[],"text":""}]}]},{"kind":"block","type":"code-line","key":"b2e0b8be31c444259ef8d63b18515661","isVoid":false,"data":{},"nodes":[{"kind":"text","key":"3a20e8b1e3d94425a4fb64a8c64b4068","ranges":[{"kind":"range","marks":[],"text":"[========================================================================================================] 100% (1/1)"}]}]},{"kind":"block","type":"code-line","key":"f59695cd116f48e0874eb632b0329f02","isVoid":false,"data":{},"nodes":[{"kind":"text","key":"6065272c88e7459babcc08a7ec6ae196","ranges":[{"kind":"range","marks":[],"text":"GSQL > run query RecommendMessage(\"Viktor\", \"Akhiezer\")"}]}]},{"kind":"block","type":"code-line","key":"cfb4d5d23b0d482baf30e559db350446","isVoid":false,"data":{},"nodes":[{"kind":"text","key":"15b3f8599f9e46538bf8aa3abcb45654","ranges":[{"kind":"range","marks":[],"text":"{"}]}]},{"kind":"block","type":"code-line","key":"1fbe792d297a4f54a1aeeb2128749c26","isVoid":false,"data":{},"nodes":[{"kind":"text","key":"3683464c607a42cb977ac811d09b2766","ranges":[{"kind":"range","marks":[],"text":"  \"error\": false,"}]}]},{"kind":"block","type":"code-line","key":"6a248c9159184e7195bfdfa8cbf4736d","isVoid":false,"data":{},"nodes":[{"kind":"text","key":"8c0cbdb4cda14b47bbb51777e0d55127","ranges":[{"kind":"range","marks":[],"text":"  \"message\": \"\","}]}]},{"kind":"block","type":"code-line","key":"640bb6952b8f45e59663a64662803cdf","isVoid":false,"data":{},"nodes":[{"kind":"text","key":"03ecd61e7a664ae9ab4517b7af700c90","ranges":[{"kind":"range","marks":[],"text":"  \"version\": {"}]}]},{"kind":"block","type":"code-line","key":"105fdba3d8e348579574182635b49ca9","isVoid":false,"data":{},"nodes":[{"kind":"text","key":"9fe54cce0f414194874ef55d71cd343b","ranges":[{"kind":"range","marks":[],"text":"    \"schema\": 0,"}]}]},{"kind":"block","type":"code-line","key":"5a26f2ce5fb640d8aa0d179f56841472","isVoid":false,"data":{},"nodes":[{"kind":"text","key":"679d9668180743db9bc6760d6f43ac5a","ranges":[{"kind":"range","marks":[],"text":"    \"edition\": \"enterprise\","}]}]},{"kind":"block","type":"code-line","key":"11985a61a7aa45d28d79faf9f83d62c6","isVoid":false,"data":{},"nodes":[{"kind":"text","key":"7b95bbc6895542eab30cbaff4881719f","ranges":[{"kind":"range","marks":[],"text":"    \"api\": \"v2\""}]}]},{"kind":"block","type":"code-line","key":"610c362b06a646aa9b4f9b82909a5de1","isVoid":false,"data":{},"nodes":[{"kind":"text","key":"016e387e835e4127a24c354c06ab9acb","ranges":[{"kind":"range","marks":[],"text":"  },"}]}]},{"kind":"block","type":"code-line","key":"19880a72d1b34ad18ee2430ef79920a6","isVoid":false,"data":{},"nodes":[{"kind":"text","key":"0f8c7c29777740be81445d9604c25932","ranges":[{"kind":"range","marks":[],"text":"  \"results\": [{\"RecommendedMessage\": ["}]}]},{"kind":"block","type":"code-line","key":"96024f576eaf4d1189a0bb4048190b5d","isVoid":false,"data":{},"nodes":[{"kind":"text","key":"b8c71f248c954ef2a33d8c672de7ae39","ranges":[{"kind":"range","marks":[],"text":"    {"}]}]},{"kind":"block","type":"code-line","key":"320e4d5c96cf44528bee6042798a0b22","isVoid":false,"data":{},"nodes":[{"kind":"text","key":"b12635231074499fbe327a6be1642e5b","ranges":[{"kind":"range","marks":[],"text":"      \"v_id\": \"549760294602\","}]}]},{"kind":"block","type":"code-line","key":"35a6a6f7340e4b198411113b05476650","isVoid":false,"data":{},"nodes":[{"kind":"text","key":"9ba9af0ed2b94e2ca1ecb2ea9e5758df","ranges":[{"kind":"range","marks":[],"text":"      \"attributes\": {"}]}]},{"kind":"block","type":"code-line","key":"8956bc6f6925415f89245fb42bc7962d","isVoid":false,"data":{},"nodes":[{"kind":"text","key":"24eb425c110e49abaa0d3215c9cd41e1","ranges":[{"kind":"range","marks":[],"text":"        \"RecommendedMessage.@Rank\": 4855.49414,"}]}]},{"kind":"block","type":"code-line","key":"40da1dba40334d2c8a3f7b1341dd2718","isVoid":false,"data":{},"nodes":[{"kind":"text","key":"85a141958d7e41e08da8e7afa5888d79","ranges":[{"kind":"range","marks":[],"text":"        \"RecommendedMessage.content\": \"About Indira Gandhi, Gandhi established closer relatAbout Mick Jagger, eer of the band. In 1989, he waAbout Ho Chi Minh, ce Unit and ECA International, About Ottoman Empire,  After t\""}]}]},{"kind":"block","type":"code-line","key":"a0455d5277df4403a38134437d2000c1","isVoid":false,"data":{},"nodes":[{"kind":"text","key":"efaa5ba8afc34013a94ad983ed61cb0b","ranges":[{"kind":"range","marks":[],"text":"      },"}]}]},{"kind":"block","type":"code-line","key":"12dee8e4002f4c719367d6860e91cf1a","isVoid":false,"data":{},"nodes":[{"kind":"text","key":"27767922d8be4497ac968a52b8ff8afd","ranges":[{"kind":"range","marks":[],"text":"      \"v_type\": \"Post\""}]}]},{"kind":"block","type":"code-line","key":"935f16490bb449a88d102e377ff3e906","isVoid":false,"data":{},"nodes":[{"kind":"text","key":"c69624c14b9346f28ab3f9edeac4379d","ranges":[{"kind":"range","marks":[],"text":"    },"}]}]},{"kind":"block","type":"code-line","key":"967cc1ab5e6f497a80446540060579c1","isVoid":false,"data":{},"nodes":[{"kind":"text","key":"ac9e829e3d17489aa505e9c3819bffd7","ranges":[{"kind":"range","marks":[],"text":"    {"}]}]},{"kind":"block","type":"code-line","key":"68c61c56ee0348159f030f7ec99f9ec8","isVoid":false,"data":{},"nodes":[{"kind":"text","key":"6900728ba17f44218ae88796683e365b","ranges":[{"kind":"range","marks":[],"text":"      \"v_id\": \"549760292109\","}]}]},{"kind":"block","type":"code-line","key":"21af460733c344dc89e38987cfc1c7ff","isVoid":false,"data":{},"nodes":[{"kind":"text","key":"36b184e34dd742298f32c5766fc9cc6a","ranges":[{"kind":"range","marks":[],"text":"      \"attributes\": {"}]}]},{"kind":"block","type":"code-line","key":"f710834ea02f4954bf923dc93e0c1b1e","isVoid":false,"data":{},"nodes":[{"kind":"text","key":"ce5ec021d4a141d18911239dd0929416","ranges":[{"kind":"range","marks":[],"text":"        \"RecommendedMessage.@Rank\": 4828.72607,"}]}]},{"kind":"block","type":"code-line","key":"acdaff837a9d452fa3152df548433c36","isVoid":false,"data":{},"nodes":[{"kind":"text","key":"bad582d0074e40d38a6613fa70220bc3","ranges":[{"kind":"range","marks":[],"text":"        \"RecommendedMessage.content\": \"About Ho Chi Minh, nam, as an anti-communist state, fought against the communisAbout Shiny Happy People, sale in the U.\""}]}]},{"kind":"block","type":"code-line","key":"3938329c56944fe2b2f82f043842ed94","isVoid":false,"data":{},"nodes":[{"kind":"text","key":"9f1660c22b754c3c9683c002d502a4fc","ranges":[{"kind":"range","marks":[],"text":"      },"}]}]},{"kind":"block","type":"code-line","key":"ecd4c1bcd9ff4ec09ce22f18768756d1","isVoid":false,"data":{},"nodes":[{"kind":"text","key":"61cf00f4468f479eb5510fcba8748a5d","ranges":[{"kind":"range","marks":[],"text":"      \"v_type\": \"Post\""}]}]},{"kind":"block","type":"code-line","key":"c71624e286714499aaad98472805d0b2","isVoid":false,"data":{},"nodes":[{"kind":"text","key":"86aef3be57534d558692c700fa1d4641","ranges":[{"kind":"range","marks":[],"text":"    },"}]}]},{"kind":"block","type":"code-line","key":"31a4d166ed7e469eb47ef747050cfdee","isVoid":false,"data":{},"nodes":[{"kind":"text","key":"a787f73624264c26b27f6689d257e3d4","ranges":[{"kind":"range","marks":[],"text":"    {"}]}]},{"kind":"block","type":"code-line","key":"b89196ea0b1d47d8b7cfd4e4a17dad57","isVoid":false,"data":{},"nodes":[{"kind":"text","key":"d48a420c612d4f3aa21636cdfe9d371f","ranges":[{"kind":"range","marks":[],"text":"      \"v_id\": \"1374394021321\","}]}]},{"kind":"block","type":"code-line","key":"ac2a72b2184f49229df2f022bfe99937","isVoid":false,"data":{},"nodes":[{"kind":"text","key":"f1e9ffce8a9946b2906c63c4516e2265","ranges":[{"kind":"range","marks":[],"text":"      \"attributes\": {"}]}]},{"kind":"block","type":"code-line","key":"d58514a9ff4b41aca591600c2a4a896b","isVoid":false,"data":{},"nodes":[{"kind":"text","key":"07378936614f421db64a302f3e83f066","ranges":[{"kind":"range","marks":[],"text":"        \"RecommendedMessage.@Rank\": 4811.09668,"}]}]},{"kind":"block","type":"code-line","key":"ed2ae8355d5243439fbec8725f6be8b1","isVoid":false,"data":{},"nodes":[{"kind":"text","key":"fff02fe9a73c42b59d7373acc7c02a4e","ranges":[{"kind":"range","marks":[],"text":"        \"RecommendedMessage.content\": \"About Virtual Insanity, 3 on the UK Singles Chart. The song also charted at #38 on the Billboard Modern Rock Tracks chart upon the single's releas\""}]}]},{"kind":"block","type":"code-line","key":"b52042aedd14493793a7109d9b94b808","isVoid":false,"data":{},"nodes":[{"kind":"text","key":"290a3805624d4e44a6e23de8f302ffe1","ranges":[{"kind":"range","marks":[],"text":"      },"}]}]},{"kind":"block","type":"code-line","key":"73fc2b784aa149ffbd07aa5a8a2ec12c","isVoid":false,"data":{},"nodes":[{"kind":"text","key":"63a9fc66265a494582031238cc1e03c7","ranges":[{"kind":"range","marks":[],"text":"      \"v_type\": \"Comment\""}]}]},{"kind":"block","type":"code-line","key":"d6c9113375694b3ba0f5806bf1fd1d56","isVoid":false,"data":{},"nodes":[{"kind":"text","key":"f4a2facebd164e8bb92f464e822fa9e4","ranges":[{"kind":"range","marks":[],"text":"    },"}]}]},{"kind":"block","type":"code-line","key":"5db47683d7dd4d5d9384c4e94a5233a9","isVoid":false,"data":{},"nodes":[{"kind":"text","key":"f36aec5216ca4534b964d7ce82907004","ranges":[{"kind":"range","marks":[],"text":"    {"}]}]},{"kind":"block","type":"code-line","key":"51f4148163fb4c5bb96dfc1f877e1ac0","isVoid":false,"data":{},"nodes":[{"kind":"text","key":"cea4d6597f8b4ab2bf7285eb5e5707cf","ranges":[{"kind":"range","marks":[],"text":"      \"v_id\": \"2061588778928\","}]}]},{"kind":"block","type":"code-line","key":"4ec5ddda3a774dddae79db2740b2ea98","isVoid":false,"data":{},"nodes":[{"kind":"text","key":"32da98867649423db3f6cac445d0f26a","ranges":[{"kind":"range","marks":[],"text":"      \"attributes\": {"}]}]},{"kind":"block","type":"code-line","key":"2070357cb448466681624402e757c06b","isVoid":false,"data":{},"nodes":[{"kind":"text","key":"7fba865e49934be79b303e07b0b79986","ranges":[{"kind":"range","marks":[],"text":"        \"RecommendedMessage.@Rank\": 4780.35107,"}]}]},{"kind":"block","type":"code-line","key":"043397f1c06b4dc88f3ff73faa52d1f9","isVoid":false,"data":{},"nodes":[{"kind":"text","key":"eee8133645d44b4e92cf6148085efdf6","ranges":[{"kind":"range","marks":[],"text":"        \"RecommendedMessage.content\": \"About Jonas Björkman, months, Björkman was himself succeeded in this honour by Fabrice Santoro after dropping out of the Top 100 in his turn. Björkman has enjoyed successful\""}]}]},{"kind":"block","type":"code-line","key":"8201af2a9ffa41ceb0984c950106c0ad","isVoid":false,"data":{},"nodes":[{"kind":"text","key":"f103990dc56e4fa4a59465eb9d3ab519","ranges":[{"kind":"range","marks":[],"text":"      },"}]}]},{"kind":"block","type":"code-line","key":"0b53b16679374515a41a7da75ba943e0","isVoid":false,"data":{},"nodes":[{"kind":"text","key":"c5a3e65d2cdb4305bd5798848f93bf46","ranges":[{"kind":"range","marks":[],"text":"      \"v_type\": \"Comment\""}]}]},{"kind":"block","type":"code-line","key":"120677b560ab46e393be641f51f80b3f","isVoid":false,"data":{},"nodes":[{"kind":"text","key":"8d07a8fd5d2642079e3bf7c7a6f484db","ranges":[{"kind":"range","marks":[],"text":"    },"}]}]},{"kind":"block","type":"code-line","key":"55414e42d9294ebab72057e9144f0b8c","isVoid":false,"data":{},"nodes":[{"kind":"text","key":"c2da3ece6c6142648f8dc1cfd2defdfb","ranges":[{"kind":"range","marks":[],"text":"    {"}]}]},{"kind":"block","type":"code-line","key":"ab0aec01a7f444e0acf693b12b92061a","isVoid":false,"data":{},"nodes":[{"kind":"text","key":"e2740ae36f364b03ad219a7933dc036e","ranges":[{"kind":"range","marks":[],"text":"      \"v_id\": \"549760297481\","}]}]},{"kind":"block","type":"code-line","key":"1019d2f986cf438792de9e44af768dbc","isVoid":false,"data":{},"nodes":[{"kind":"text","key":"69298386072247369bbcb6079ea40a7a","ranges":[{"kind":"range","marks":[],"text":"      \"attributes\": {"}]}]},{"kind":"block","type":"code-line","key":"d68c6ef8bb92420d863a70205ca4f4cc","isVoid":false,"data":{},"nodes":[{"kind":"text","key":"88088355df9444828163037a786f445c","ranges":[{"kind":"range","marks":[],"text":"        \"RecommendedMessage.@Rank\": 4739.81396,"}]}]},{"kind":"block","type":"code-line","key":"e3907877271c43b9b57b158fe42a0f2a","isVoid":false,"data":{},"nodes":[{"kind":"text","key":"1da26026ab614436a2c120bfc3aa9cd5","ranges":[{"kind":"range","marks":[],"text":"        \"RecommendedMessage.content\": \"About Commonwealth of Independent States, a federation, confederation or sup\""}]}]},{"kind":"block","type":"code-line","key":"ef73d14e2e684c61bbca0b96ef46111c","isVoid":false,"data":{},"nodes":[{"kind":"text","key":"dc160ad70fb44f7989e3f37c54e87d5a","ranges":[{"kind":"range","marks":[],"text":"      },"}]}]},{"kind":"block","type":"code-line","key":"d0343d2fec774c90be9e26006b995ea0","isVoid":false,"data":{},"nodes":[{"kind":"text","key":"e3aa2f9d810043428442799998c0b861","ranges":[{"kind":"range","marks":[],"text":"      \"v_type\": \"Comment\""}]}]},{"kind":"block","type":"code-line","key":"b73679bb8c8d4e60ac101fde4a888322","isVoid":false,"data":{},"nodes":[{"kind":"text","key":"3bda07077a0e466c859f6a856e66ed50","ranges":[{"kind":"range","marks":[],"text":"    },"}]}]},{"kind":"block","type":"code-line","key":"2c44b32fe6f54fffa2581d9a88e7310b","isVoid":false,"data":{},"nodes":[{"kind":"text","key":"ba58d41e3e634c3cb30363370103e3cc","ranges":[{"kind":"range","marks":[],"text":"    {"}]}]},{"kind":"block","type":"code-line","key":"9f48936871d94b44a6f506c8c142d5cc","isVoid":false,"data":{},"nodes":[{"kind":"text","key":"b12fe57be8e540bb9d83bebe48fd9e16","ranges":[{"kind":"range","marks":[],"text":"      \"v_id\": \"1374394013160\","}]}]},{"kind":"block","type":"code-line","key":"63a5fe20752241589687fceb62794abc","isVoid":false,"data":{},"nodes":[{"kind":"text","key":"9a7ae1949e7748728b09ff474c938d16","ranges":[{"kind":"range","marks":[],"text":"      \"attributes\": {"}]}]},{"kind":"block","type":"code-line","key":"4d85886ef7de4373a62c49982799a5fc","isVoid":false,"data":{},"nodes":[{"kind":"text","key":"93608c6f7aa542a3870b2ab85f6882f9","ranges":[{"kind":"range","marks":[],"text":"        \"RecommendedMessage.@Rank\": 4637.67334,"}]}]},{"kind":"block","type":"code-line","key":"7dfdc4b2570d43a2addc596e63a9555e","isVoid":false,"data":{},"nodes":[{"kind":"text","key":"02213a0905c4428e97c6b7232d1bde5a","ranges":[{"kind":"range","marks":[],"text":"        \"RecommendedMessage.content\": \"About Peggy Lee, singing with BennyAbout Kingdom of Hanover, ongress of Vienna,About Mot\""}]}]},{"kind":"block","type":"code-line","key":"18a802aae6f743209f36ca79a80fa6f5","isVoid":false,"data":{},"nodes":[{"kind":"text","key":"a02c7aee72f844bebcea58db2dc6864f","ranges":[{"kind":"range","marks":[],"text":"      },"}]}]},{"kind":"block","type":"code-line","key":"8c04319ba3eb46918e371657d83f9c63","isVoid":false,"data":{},"nodes":[{"kind":"text","key":"40fe547776de44619a95e7ca8dc200c5","ranges":[{"kind":"range","marks":[],"text":"      \"v_type\": \"Comment\""}]}]},{"kind":"block","type":"code-line","key":"97ed621de1164541aacfb7c60b62e564","isVoid":false,"data":{},"nodes":[{"kind":"text","key":"d35784ef0210411a964d84a84ac2f6e1","ranges":[{"kind":"range","marks":[],"text":"    },"}]}]},{"kind":"block","type":"code-line","key":"97bbfaa6be4145de894552b0ba2db836","isVoid":false,"data":{},"nodes":[{"kind":"text","key":"c10560d469484221879907f8624f028c","ranges":[{"kind":"range","marks":[],"text":"    {"}]}]},{"kind":"block","type":"code-line","key":"eb16a1adf1714cd18ee6cd11607525b9","isVoid":false,"data":{},"nodes":[{"kind":"text","key":"21910746aa284ff3a3d6b2b12556321c","ranges":[{"kind":"range","marks":[],"text":"      \"v_id\": \"1374394016924\","}]}]},{"kind":"block","type":"code-line","key":"516aedb2a72141e7a9e85257303f7733","isVoid":false,"data":{},"nodes":[{"kind":"text","key":"d3eecdb629e546bc8c78b6c46f5eeaad","ranges":[{"kind":"range","marks":[],"text":"      \"attributes\": {"}]}]},{"kind":"block","type":"code-line","key":"c31f292a3b4d4c4494b5f68291659c42","isVoid":false,"data":{},"nodes":[{"kind":"text","key":"b856dee55bc14cc59d09c7116f085b6a","ranges":[{"kind":"range","marks":[],"text":"        \"RecommendedMessage.@Rank\": 4483.98633,"}]}]},{"kind":"block","type":"code-line","key":"7509f51d59944a52bda0b35db0b57ab9","isVoid":false,"data":{},"nodes":[{"kind":"text","key":"e4c7bcd7a88042808d747de6c3addc2d","ranges":[{"kind":"range","marks":[],"text":"        \"RecommendedMessage.content\": \"About Valley of the Damned, more, after discovering the existence About Pr\""}]}]},{"kind":"block","type":"code-line","key":"f63c076f92eb4b989abe22a9f71dfcae","isVoid":false,"data":{},"nodes":[{"kind":"text","key":"d157060c8d88445db805f3e598b2368b","ranges":[{"kind":"range","marks":[],"text":"      },"}]}]},{"kind":"block","type":"code-line","key":"7594179af6d84cb68cfee45a2ede8f4e","isVoid":false,"data":{},"nodes":[{"kind":"text","key":"8199fad3d74c4bb88bf43ee46f894a67","ranges":[{"kind":"range","marks":[],"text":"      \"v_type\": \"Comment\""}]}]},{"kind":"block","type":"code-line","key":"4f9e8a8e740e4c7ea537457ce726d7e0","isVoid":false,"data":{},"nodes":[{"kind":"text","key":"b41becfdb6664063af45bf0d086c9f44","ranges":[{"kind":"range","marks":[],"text":"    },"}]}]},{"kind":"block","type":"code-line","key":"292f193a6d6647c19aae14d04957d401","isVoid":false,"data":{},"nodes":[{"kind":"text","key":"7b3e1f0289a54feeb0df531ddeb46417","ranges":[{"kind":"range","marks":[],"text":"    {"}]}]},{"kind":"block","type":"code-line","key":"c5021a34ebaa4b8fa0242a139808401b","isVoid":false,"data":{},"nodes":[{"kind":"text","key":"44ce3bef073640c29435957ef8e57484","ranges":[{"kind":"range","marks":[],"text":"      \"v_id\": \"962077157761\","}]}]},{"kind":"block","type":"code-line","key":"2221d1b45caf42dbacba42def5b86d07","isVoid":false,"data":{},"nodes":[{"kind":"text","key":"192fed68f1fd4a809d24422bcb09125d","ranges":[{"kind":"range","marks":[],"text":"      \"attributes\": {"}]}]},{"kind":"block","type":"code-line","key":"1de1de9f8c3c446d951b169daf1d0c10","isVoid":false,"data":{},"nodes":[{"kind":"text","key":"a2ec4f1834f04d6d8fb0caa8a6d6d346","ranges":[{"kind":"range","marks":[],"text":"        \"RecommendedMessage.@Rank\": 4439.33447,"}]}]},{"kind":"block","type":"code-line","key":"d1f0bddf0baa4efa96f11f71564f3e9e","isVoid":false,"data":{},"nodes":[{"kind":"text","key":"1b2838d26c284b9b83c55af15c643ac3","ranges":[{"kind":"range","marks":[],"text":"        \"RecommendedMessage.content\": \"About Pliny the Elder, , wrote of himAbout Juan Carlos I of Spain, n Carlos marriAbout Marcus Aurelius, uid\""}]}]},{"kind":"block","type":"code-line","key":"8b8cd56c7f864f3a9d65875ba46cf321","isVoid":false,"data":{},"nodes":[{"kind":"text","key":"85fb521e651e4a6dbf7d2ac77abb910f","ranges":[{"kind":"range","marks":[],"text":"      },"}]}]},{"kind":"block","type":"code-line","key":"4f1899a7f9394423af2c7d55926f4bce","isVoid":false,"data":{},"nodes":[{"kind":"text","key":"de3c120dd4a44836a53486c089c016d5","ranges":[{"kind":"range","marks":[],"text":"      \"v_type\": \"Post\""}]}]},{"kind":"block","type":"code-line","key":"9f6668d4b1fe4e5a92b82e75d50674b5","isVoid":false,"data":{},"nodes":[{"kind":"text","key":"81f2621e101444388416c307a4cbb793","ranges":[{"kind":"range","marks":[],"text":"    },"}]}]},{"kind":"block","type":"code-line","key":"fc583f2fe60a494eb441ff1815b85c1f","isVoid":false,"data":{},"nodes":[{"kind":"text","key":"8cf6121ef97d4d73bb70e9422c2a4c70","ranges":[{"kind":"range","marks":[],"text":"    {"}]}]},{"kind":"block","type":"code-line","key":"2e130944046c4a5f8f1f0014f6fd0a6c","isVoid":false,"data":{},"nodes":[{"kind":"text","key":"6b3874ed4f254b83aea9a6ae9d1bf0df","ranges":[{"kind":"range","marks":[],"text":"      \"v_id\": \"962077156194\","}]}]},{"kind":"block","type":"code-line","key":"0c49cf27442b46b0b743a7da44c12e2f","isVoid":false,"data":{},"nodes":[{"kind":"text","key":"ad6aa3494d0748ff8b560bbae039ac47","ranges":[{"kind":"range","marks":[],"text":"      \"attributes\": {"}]}]},{"kind":"block","type":"code-line","key":"969cff2df51349beb56879f3df927f25","isVoid":false,"data":{},"nodes":[{"kind":"text","key":"87319807532c4a91b65f24a9fa06cd6c","ranges":[{"kind":"range","marks":[],"text":"        \"RecommendedMessage.@Rank\": 4394.83594,"}]}]},{"kind":"block","type":"code-line","key":"96dba2f16b1b4d75bd37564f9ce45bce","isVoid":false,"data":{},"nodes":[{"kind":"text","key":"0b8959e23cb74d86ad65d3776d5e7809","ranges":[{"kind":"range","marks":[],"text":"        \"RecommendedMessage.content\": \"About Karl Marx, and a lower clAbout Juan Carlos I of Spain, Carlos I (bornAbout Isle of Man, ritish Isles. About Iraq, ations from deAbout\""}]}]},{"kind":"block","type":"code-line","key":"a35a193894594cfaa16340fb78ff4eae","isVoid":false,"data":{},"nodes":[{"kind":"text","key":"020b0fc1abe143ed99aada7d885dc7dc","ranges":[{"kind":"range","marks":[],"text":"      },"}]}]},{"kind":"block","type":"code-line","key":"220f6b9715c148ed88b226ca71928aab","isVoid":false,"data":{},"nodes":[{"kind":"text","key":"82b2b818353a4f17b4cfc93d789100e9","ranges":[{"kind":"range","marks":[],"text":"      \"v_type\": \"Comment\""}]}]},{"kind":"block","type":"code-line","key":"32bec35ae4044ef688ba79e432e9fd9e","isVoid":false,"data":{},"nodes":[{"kind":"text","key":"d12834fb1f02459ba77a889e3eaeb3b8","ranges":[{"kind":"range","marks":[],"text":"    },"}]}]},{"kind":"block","type":"code-line","key":"c0dfce00d9224518bb71e90933c07c91","isVoid":false,"data":{},"nodes":[{"kind":"text","key":"c47975af118947a185a8d684270161e2","ranges":[{"kind":"range","marks":[],"text":"    {"}]}]},{"kind":"block","type":"code-line","key":"46538f28a73840e190edada33b1b85bd","isVoid":false,"data":{},"nodes":[{"kind":"text","key":"ab9b495b4a844c91b018efefbe4335ca","ranges":[{"kind":"range","marks":[],"text":"      \"v_id\": \"549756189846\","}]}]},{"kind":"block","type":"code-line","key":"9cbeebf981c0410fb8aa804ff134afc3","isVoid":false,"data":{},"nodes":[{"kind":"text","key":"8e763d4cea4b4e16bd89f793308ecf21","ranges":[{"kind":"range","marks":[],"text":"      \"attributes\": {"}]}]},{"kind":"block","type":"code-line","key":"81c2f0a9680445ceae1915332bfeab43","isVoid":false,"data":{},"nodes":[{"kind":"text","key":"733d38b563f04c76b550f2936348c77b","ranges":[{"kind":"range","marks":[],"text":"        \"RecommendedMessage.@Rank\": 4263.98633,"}]}]},{"kind":"block","type":"code-line","key":"d1fcd493e37946528777a1f2018c4a0c","isVoid":false,"data":{},"nodes":[{"kind":"text","key":"3c74def997ca487aad856eda59777cb5","ranges":[{"kind":"range","marks":[],"text":"        \"RecommendedMessage.content\": \"About Józef Piłsudski, l (from 1920), and leader (1926\\u201335) of the Second Polish Republic. From mid-World War I he had a \""}]}]},{"kind":"block","type":"code-line","key":"9814fe3a12ec46faa4930790c552b643","isVoid":false,"data":{},"nodes":[{"kind":"text","key":"647896f759dd4257ac846054e76ae438","ranges":[{"kind":"range","marks":[],"text":"      },"}]}]},{"kind":"block","type":"code-line","key":"5b7baecbb85747598a002d309440892d","isVoid":false,"data":{},"nodes":[{"kind":"text","key":"857797a442594fe5a91336897db7bdfc","ranges":[{"kind":"range","marks":[],"text":"      \"v_type\": \"Post\""}]}]},{"kind":"block","type":"code-line","key":"21495ffa4a46425790dcfda0b78d3a55","isVoid":false,"data":{},"nodes":[{"kind":"text","key":"346d6a5eda0b4c4294226e502dc769e6","ranges":[{"kind":"range","marks":[],"text":"    }"}]}]},{"kind":"block","type":"code-line","key":"482bdf03c6654d31aad2c034f782d307","isVoid":false,"data":{},"nodes":[{"kind":"text","key":"b51c4ed648074223a46e7472c760ae77","ranges":[{"kind":"range","marks":[],"text":"  ]}]"}]}]},{"kind":"block","type":"code-line","key":"ed2c3ccdf908473da376c4f4015e25ea","isVoid":false,"data":{},"nodes":[{"kind":"text","key":"15b4e7d1bea74417ab688db7bc74ca0e","ranges":[{"kind":"range","marks":[],"text":"}"}]}]}]}]},{"kind":"block","type":"code","key":"26c14eae05e9436aab8cee48cf1d5986","isVoid":false,"data":{},"nodes":[{"kind":"block","type":"code-tab","key":"304732568434455cba9c35702a77ee67","isVoid":false,"data":{"syntax":"coffeescript","title":"Linux Bash:  Shutdown The System"},"nodes":[{"kind":"block","type":"code-line","key":"366bfe6335ce4deb93b6a068712c6822","isVoid":false,"data":{},"nodes":[{"kind":"text","key":"f7f7e07a1fe54c4782bb6f620957f98a","ranges":[{"kind":"range","marks":[],"text":"#when you are not using the TigerGraph System on your laptop,"}]}]},{"kind":"block","type":"code-line","key":"526897543e734c2691f31ae242cfee19","isVoid":false,"data":{},"nodes":[{"kind":"text","key":"7b11e812b35b4ed69ba16f7828701cab","ranges":[{"kind":"range","marks":[],"text":"# to save resource, you can stop it by"}]}]},{"kind":"block","type":"code-line","key":"a4541894af7f4a4c99b9f6aed97f601c","isVoid":false,"data":{},"nodes":[{"kind":"text","key":"e0b281a1331040e19c659d747b6d8672","ranges":[{"kind":"range","marks":[],"text":"gadmin stop"}]}]},{"kind":"block","type":"code-line","key":"d1f3da2c63f04642bccde4cb0e0d5840","isVoid":false,"data":{},"nodes":[{"kind":"text","key":"cee29ed0b5904f8d8c37e5dd36a82df4","ranges":[{"kind":"range","marks":[],"text":"#when you need to start it again, use "}]}]},{"kind":"block","type":"code-line","key":"f79a5359da5d4f6e8bc1c41e354b9ec9","isVoid":false,"data":{},"nodes":[{"kind":"text","key":"9247fc80310a443a9bce60caedc68990","ranges":[{"kind":"range","marks":[],"text":"gadmin start"}]}]}]}]},{"kind":"block","type":"paragraph","key":"267ec47c390a42428e1726aca9dbb686","isVoid":false,"data":{},"nodes":[{"kind":"text","key":"6b4917933d24480f8d75e2ace06d5f6c","ranges":[{"kind":"range","marks":[],"text":"The above use log-cosine as a similarity measurement. We can also use cosine similarity by using two persons liked messages."}]}]},{"kind":"block","type":"code","key":"10df77a1c67d429ab1e6e94f8611befe","isVoid":false,"data":{},"nodes":[{"kind":"block","type":"code-tab","key":"78e97148cef341f99a80105ada509d33","isVoid":false,"data":{"syntax":"coffeescript","title":"GSQL Recommendation Algorithm 2"},"nodes":[{"kind":"block","type":"code-line","key":"12f7e604d23c4b63b98a1de4ea0ba7b1","isVoid":false,"data":{},"nodes":[{"kind":"text","key":"4b66f40bc8654732934f8ea17bc318f3","ranges":[{"kind":"range","marks":[],"text":"USE GRAPH ldbc_snb"}]}]},{"kind":"block","type":"code-line","key":"d366adc78d944eaea5abd249b9545d08","isVoid":false,"data":{},"nodes":[{"kind":"text","key":"4f2595ccdfa544c2a3e803ae0ecd8e93","ranges":[{"kind":"range","marks":[],"text":"SET syntax_version=\"v2\""}]}]},{"kind":"block","type":"code-line","key":"3212aaab7603470e965983c0a2c4de87","isVoid":false,"data":{},"nodes":[{"kind":"text","key":"4f1d3d7e08e24ca6b113000b7382aeeb","ranges":[{"kind":"range","marks":[],"text":"SET query_timeout=60000"}]}]},{"kind":"block","type":"code-line","key":"fa589815207f45b0a8689f5e3a5b4b36","isVoid":false,"data":{},"nodes":[{"kind":"text","key":"c1f01934d53f4c2fad99ad4fc189cea3","ranges":[{"kind":"range","marks":[],"text":""}]}]},{"kind":"block","type":"code-line","key":"79b719eff610423ca546fb26a5a483a4","isVoid":false,"data":{},"nodes":[{"kind":"text","key":"e898bc1f532b469d9ca27346d2d54016","ranges":[{"kind":"range","marks":[],"text":"DROP QUERY RecommendMessage"}]}]},{"kind":"block","type":"code-line","key":"47756867f3124c5faff07182f383eefb","isVoid":false,"data":{},"nodes":[{"kind":"text","key":"48af694f85ad40a4898f153fef21f020","ranges":[{"kind":"range","marks":[],"text":""}]}]},{"kind":"block","type":"code-line","key":"b4b9d8f28cee4d6a80e3f0b1a3bf73a6","isVoid":false,"data":{},"nodes":[{"kind":"text","key":"bdd0fb4c16784fb58d8554d8175b76e9","ranges":[{"kind":"range","marks":[],"text":"CREATE QUERY RecommendMessage (String fn, String ln) FOR GRAPH ldbc_snb {"}]}]},{"kind":"block","type":"code-line","key":"f95db8f4a46d44d687a58df87a0b9230","isVoid":false,"data":{},"nodes":[{"kind":"text","key":"b39689a693284f8484ed86ccfb0a7d7b","ranges":[{"kind":"range","marks":[],"text":""}]}]},{"kind":"block","type":"code-line","key":"ba6dcb32e6a0453da9894159a2a33f0f","isVoid":false,"data":{},"nodes":[{"kind":"text","key":"760727503b6f484bbf5b2bd95b0f9d05","ranges":[{"kind":"range","marks":[],"text":"  SumAccum<int> @MsgInCommon = 0;"}]}]},{"kind":"block","type":"code-line","key":"cd4da08752a34767b337b2935bfff368","isVoid":false,"data":{},"nodes":[{"kind":"text","key":"51724003a29648bc8c8f0ca1fedd5bf2","ranges":[{"kind":"range","marks":[],"text":"  SumAccum<int> @MsgCnt = 0 ;"}]}]},{"kind":"block","type":"code-line","key":"c611cb840a6a49d1b8e3387af42169e1","isVoid":false,"data":{},"nodes":[{"kind":"text","key":"7b9da02813e6473faf88381f83314161","ranges":[{"kind":"range","marks":[],"text":"  SumAccum<int> @@InputPersonMsgCnt = 0;"}]}]},{"kind":"block","type":"code-line","key":"9f528a8d41b14871ab3bb2c6aa57d4b0","isVoid":false,"data":{},"nodes":[{"kind":"text","key":"6d2999b9cebf44f2a492ef4956ea8fd3","ranges":[{"kind":"range","marks":[],"text":"  SumAccum<float> @SimilarityScore;"}]}]},{"kind":"block","type":"code-line","key":"80a668837aed4fe697bca9338d5c9323","isVoid":false,"data":{},"nodes":[{"kind":"text","key":"17920fc05f6548b4801e20bb66136f32","ranges":[{"kind":"range","marks":[],"text":"  SumAccum<float> @Rank;"}]}]},{"kind":"block","type":"code-line","key":"320a8227108f4e979fa383859e4edec5","isVoid":false,"data":{},"nodes":[{"kind":"text","key":"bcb0e11177cf45c48f45b7e4a58ace4c","ranges":[{"kind":"range","marks":[],"text":"  SumAccum<float> @TagCnt = 0;"}]}]},{"kind":"block","type":"code-line","key":"2840fec20138466684757f0da7db28a1","isVoid":false,"data":{},"nodes":[{"kind":"text","key":"33d25b0c3c824e6dbd76f8531d803edf","ranges":[{"kind":"range","marks":[],"text":"  OrAccum @Liked = false;"}]}]},{"kind":"block","type":"code-line","key":"f12f9e1df12f4cdf8adeb91cbd85b933","isVoid":false,"data":{},"nodes":[{"kind":"text","key":"496c460de55344818796769663ae172a","ranges":[{"kind":"range","marks":[],"text":"  float sqrtOfInputPersonMsgCnt;"}]}]},{"kind":"block","type":"code-line","key":"9c6004fe7171449798ef12e5aa102d88","isVoid":false,"data":{},"nodes":[{"kind":"text","key":"cf4e7f66e06c48e9883d1aaca57b8a28","ranges":[{"kind":"range","marks":[],"text":""}]}]},{"kind":"block","type":"code-line","key":"22beac58740145d198978b645ca9c434","isVoid":false,"data":{},"nodes":[{"kind":"text","key":"c3498e37fa9640919ac3eda9efbb3f66","ranges":[{"kind":"range","marks":[],"text":"  Seed = {Person.*};"}]}]},{"kind":"block","type":"code-line","key":"217bd42c13b74cfc94ca21a7611bf997","isVoid":false,"data":{},"nodes":[{"kind":"text","key":"3c5af0a3e4f44db88cf1daf8213ab05c","ranges":[{"kind":"range","marks":[],"text":""}]}]},{"kind":"block","type":"code-line","key":"41ad225c0a654c218e797b0491ad26f8","isVoid":false,"data":{},"nodes":[{"kind":"text","key":"54da5ef3a23a4f13be23cd07498e49ba","ranges":[{"kind":"range","marks":[],"text":"   #mark messages liked by input user"}]}]},{"kind":"block","type":"code-line","key":"3727d4a015604006825d2df8be6f5bd1","isVoid":false,"data":{},"nodes":[{"kind":"text","key":"f9f769dc3b0a498e97b681986983790d","ranges":[{"kind":"range","marks":[],"text":"    InputPerson ="}]}]},{"kind":"block","type":"code-line","key":"233f8d9c8d3a45998d98f14b15846cb3","isVoid":false,"data":{},"nodes":[{"kind":"text","key":"e37dce8c89f14e9bbb40a7c11f8613bf","ranges":[{"kind":"range","marks":[],"text":"       SELECT s"}]}]},{"kind":"block","type":"code-line","key":"a9edd79f7be940cd8b77be2a58da430a","isVoid":false,"data":{},"nodes":[{"kind":"text","key":"53b6eeeab60e43c3bcff963611df42a0","ranges":[{"kind":"range","marks":[],"text":"       FROM Seed:s-((Person_LIKES_Comment>|Person_LIKES_Post>))-:msg"}]}]},{"kind":"block","type":"code-line","key":"c71f3ccccd654d9a8e2b5aa91dafe2ec","isVoid":false,"data":{},"nodes":[{"kind":"text","key":"a51f42125ec4498b89b9b8b03a9c10bb","ranges":[{"kind":"range","marks":[],"text":"       WHERE s.firstName == fn AND s.lastName == ln"}]}]},{"kind":"block","type":"code-line","key":"9fdd7d34b17f4f97806e0d50658fd534","isVoid":false,"data":{},"nodes":[{"kind":"text","key":"ca72e5f0e862449c8c5ee132808a86fc","ranges":[{"kind":"range","marks":[],"text":"       ACCUM msg.@Liked = true, @@InputPersonMsgCnt += 1;"}]}]},{"kind":"block","type":"code-line","key":"5a3e24af006e4cb78052ddf5c1d9f0da","isVoid":false,"data":{},"nodes":[{"kind":"text","key":"d181984fa4b74323a8b60dfda8a2444a","ranges":[{"kind":"range","marks":[],"text":""}]}]},{"kind":"block","type":"code-line","key":"dbe9777ced6f46e48c5916f5bb5bf5eb","isVoid":false,"data":{},"nodes":[{"kind":"text","key":"c1550c9d546643dc82cbe31c6c8773ce","ranges":[{"kind":"range","marks":[],"text":"    sqrtOfInputPersonMsgCnt = sqrt(@@InputPersonMsgCnt);"}]}]},{"kind":"block","type":"code-line","key":"57d6673de715418698a3026ec76b1d7e","isVoid":false,"data":{},"nodes":[{"kind":"text","key":"251575853bb54c98b83f912f570182c5","ranges":[{"kind":"range","marks":[],"text":""}]}]},{"kind":"block","type":"code-line","key":"34359200eb5b4b1688f937aa848e2096","isVoid":false,"data":{},"nodes":[{"kind":"text","key":"9930c8d434134ca1bc259b56a8cbea2b","ranges":[{"kind":"range","marks":[],"text":"   #find common msg between input user and other persons"}]}]},{"kind":"block","type":"code-line","key":"17e4beea9ab54f4c915e707139f39b02","isVoid":false,"data":{},"nodes":[{"kind":"text","key":"278b3f04c20845f3b3dae8ce70d725d8","ranges":[{"kind":"range","marks":[],"text":"    Others   ="}]}]},{"kind":"block","type":"code-line","key":"b935f56ef9884110a5d1a13f0b21651f","isVoid":false,"data":{},"nodes":[{"kind":"text","key":"aba362385d764d7e8c16ac58c112daf8","ranges":[{"kind":"range","marks":[],"text":"       SELECT p"}]}]},{"kind":"block","type":"code-line","key":"7cd58337d79748abb6a99fa2e83e3a06","isVoid":false,"data":{},"nodes":[{"kind":"text","key":"e907b4c7f638497592ba3f8f9775107d","ranges":[{"kind":"range","marks":[],"text":"       FROM InputPerson:s-((Person_LIKES_Comment>|Person_LIKES_Post>))-:msg"}]}]},{"kind":"block","type":"code-line","key":"f68faab4343244adb5c6908e2d0c0b87","isVoid":false,"data":{},"nodes":[{"kind":"text","key":"e4a97b5113154813aef1810fa528a79b","ranges":[{"kind":"range","marks":[],"text":"                        -((<Person_LIKES_Comment|<Person_LIKES_Post))-:p"}]}]},{"kind":"block","type":"code-line","key":"a4d8d3d0a05040419fd2badd4236c099","isVoid":false,"data":{},"nodes":[{"kind":"text","key":"bfaca1c0db3e4d75a765463c8ae5dc1b","ranges":[{"kind":"range","marks":[],"text":"       ACCUM p.@MsgInCommon += 1;"}]}]},{"kind":"block","type":"code-line","key":"e2b7407a6b8c4ced8e367e233402c7b0","isVoid":false,"data":{},"nodes":[{"kind":"text","key":"9cf57558489a4ba1b07778b4b5a2f7b4","ranges":[{"kind":"range","marks":[],"text":""}]}]},{"kind":"block","type":"code-line","key":"7c407436ffb9474bb37a18511b646603","isVoid":false,"data":{},"nodes":[{"kind":"text","key":"cc452eda8b704b8ba06aed7186162577","ranges":[{"kind":"range","marks":[],"text":"    #calculate cosine similarity score."}]}]},{"kind":"block","type":"code-line","key":"d0d505d9e5b5469db15140e9f3072716","isVoid":false,"data":{},"nodes":[{"kind":"text","key":"d39056d40bf8468aa65070a4e1e2e517","ranges":[{"kind":"range","marks":[],"text":"    #|AxB|/(sqrt(Sum(A_i^2)) * sqrt(Sum(B_i^2)))"}]}]},{"kind":"block","type":"code-line","key":"048164351fcb4420908143a5b784d3f4","isVoid":false,"data":{},"nodes":[{"kind":"text","key":"c189b5c04b89460f9164ea3f1095d357","ranges":[{"kind":"range","marks":[],"text":"    Others  ="}]}]},{"kind":"block","type":"code-line","key":"154ccad17bfb44cd931ab961db30f533","isVoid":false,"data":{},"nodes":[{"kind":"text","key":"401afcc1c8404edc845450160d9e3393","ranges":[{"kind":"range","marks":[],"text":"        SELECT o"}]}]},{"kind":"block","type":"code-line","key":"aa05e8e8cbd04e54a6407b728a3a9c31","isVoid":false,"data":{},"nodes":[{"kind":"text","key":"f321cb64ca90412ebbc4a75553762bdb","ranges":[{"kind":"range","marks":[],"text":"        FROM Others:o-((Person_LIKES_Comment>|Person_LIKES_Post>))-:msg"}]}]},{"kind":"block","type":"code-line","key":"bd41f73df3394ff18bf3e6e2bf949e2e","isVoid":false,"data":{},"nodes":[{"kind":"text","key":"b0bac51e89d74785af4ae0fc8a5b97bb","ranges":[{"kind":"range","marks":[],"text":"        ACCUM o.@MsgCnt += 1"}]}]},{"kind":"block","type":"code-line","key":"b12648f10d1e4abbacb47464207de363","isVoid":false,"data":{},"nodes":[{"kind":"text","key":"531ca5cac046441dbdba0d281d8c5fcc","ranges":[{"kind":"range","marks":[],"text":"        POST-ACCUM o.@SimilarityScore = o.@MsgInCommon/(sqrtOfInputPersonMsgCnt * sqrt(o.@MsgCnt));"}]}]},{"kind":"block","type":"code-line","key":"57adea7ebdc1432090b13a3e73f2b60e","isVoid":false,"data":{},"nodes":[{"kind":"text","key":"9236b3b08f35417b8fe5140eab9d8274","ranges":[{"kind":"range","marks":[],"text":""}]}]},{"kind":"block","type":"code-line","key":"bf8fc12209e246dea3c45d514382e660","isVoid":false,"data":{},"nodes":[{"kind":"text","key":"08b47b7754184ac1ae99018cc27109f0","ranges":[{"kind":"range","marks":[],"text":"   #recommend new messages to input user that have not liked by him."}]}]},{"kind":"block","type":"code-line","key":"f6ef6358077c40e784cba12d0d5817df","isVoid":false,"data":{},"nodes":[{"kind":"text","key":"c70c10c00b614dda8f99501974eeb838","ranges":[{"kind":"range","marks":[],"text":"    RecommendedMessage ="}]}]},{"kind":"block","type":"code-line","key":"9701961e45174c0a82ca4e7ffc9a426c","isVoid":false,"data":{},"nodes":[{"kind":"text","key":"895adb317bf841e2ba1cc94b912092c2","ranges":[{"kind":"range","marks":[],"text":"             SELECT msg"}]}]},{"kind":"block","type":"code-line","key":"e47c1a3df855435b8ef0bf4ad1994d60","isVoid":false,"data":{},"nodes":[{"kind":"text","key":"42ebdd8d07cc431f95fdfac02895ad5e","ranges":[{"kind":"range","marks":[],"text":"             FROM Others:o-((Person_LIKES_Comment>|Person_LIKES_Post>)) - :msg"}]}]},{"kind":"block","type":"code-line","key":"97bfe6af3ef84d0583a06a4db2c81380","isVoid":false,"data":{},"nodes":[{"kind":"text","key":"8ba97a3ba5e848e4811ecdf08e0b8c94","ranges":[{"kind":"range","marks":[],"text":"             WHERE  msg.@Liked == false"}]}]},{"kind":"block","type":"code-line","key":"763fd51ed0d64470818ba6937f18ede2","isVoid":false,"data":{},"nodes":[{"kind":"text","key":"63f3cdac359f4f17897df42f493a973a","ranges":[{"kind":"range","marks":[],"text":"             ACCUM msg.@Rank +=o.@SimilarityScore"}]}]},{"kind":"block","type":"code-line","key":"573a6784fa61432bb9a99b1dd4ff8fba","isVoid":false,"data":{},"nodes":[{"kind":"text","key":"fc15348127ed4b019a580461d05eb0cf","ranges":[{"kind":"range","marks":[],"text":"             ORDER BY msg.@Rank DESC"}]}]},{"kind":"block","type":"code-line","key":"0ef6fd522c3d4d6aaee5ebd501c62324","isVoid":false,"data":{},"nodes":[{"kind":"text","key":"20ea2231b54349cb8c32d6444548e1c3","ranges":[{"kind":"range","marks":[],"text":"             LIMIT 10;"}]}]},{"kind":"block","type":"code-line","key":"14d2a29fdadc4b42b7375b262091ba7f","isVoid":false,"data":{},"nodes":[{"kind":"text","key":"fb2e36ebcaa14a6e9c36b8a35389b4fb","ranges":[{"kind":"range","marks":[],"text":""}]}]},{"kind":"block","type":"code-line","key":"18d74fc5de054286a2652611d1f6a36f","isVoid":false,"data":{},"nodes":[{"kind":"text","key":"46b6fc523ce241c494655dac0483b762","ranges":[{"kind":"range","marks":[],"text":"  PRINT   RecommendedMessage[RecommendedMessage.content, RecommendedMessage.@Rank];"}]}]},{"kind":"block","type":"code-line","key":"b8c51bfa4c234bd2bd303fcebd6e4f2a","isVoid":false,"data":{},"nodes":[{"kind":"text","key":"f34610e7d49a4433a0da5c3d064dc63e","ranges":[{"kind":"range","marks":[],"text":"}"}]}]},{"kind":"block","type":"code-line","key":"041f4481bbc64303ba23dc2769c2303f","isVoid":false,"data":{},"nodes":[{"kind":"text","key":"20c8b68fd0ce4e029ef41fcdb45e2960","ranges":[{"kind":"range","marks":[],"text":""}]}]},{"kind":"block","type":"code-line","key":"5c8ae7c4dcd647d3b1116ae6c297ab27","isVoid":false,"data":{},"nodes":[{"kind":"text","key":"c002d6aaab7b48e5863ede2a6e019324","ranges":[{"kind":"range","marks":[],"text":"INTERPRET query RecommendMessage(\"Viktor\", \"Akhiezer\")"}]}]}]}]},{"kind":"block","type":"heading-1","key":"48d3b4b283314c82b3d44760b2fc0194","isVoid":false,"data":{},"nodes":[{"kind":"text","key":"7b12dca652c74426b8d02a88d3f44084","ranges":[{"kind":"range","marks":[],"text":"LDBC SNB Benchmark Queries"}]}]},{"kind":"block","type":"paragraph","key":"383616fc0b8a4e2c81f238282b0d68ff","isVoid":false,"data":{},"nodes":[{"kind":"text","key":"3280e0cf27af4499bfbbb75b1155175b","ranges":[{"kind":"range","marks":[],"text":"We have made available all LDBC SNB benchmark queries translated into GSQL pattern matching syntax. The benchmark queries are described in Sections 4 and 5 of the "}]},{"kind":"inline","type":"link","key":"5fa073eef3974cfaaa40a9c2bc2fec79","isVoid":false,"data":{"href":"http://ldbc.github.io/ldbc_snb_docs/ldbc-snb-specification.pdf"},"nodes":[{"kind":"text","key":"cb78bfcefe6b4c059a78a81d622398b3","ranges":[{"kind":"range","marks":[],"text":"LDBC Social Network Benchmark Reference"}]}]},{"kind":"text","key":"459e18a206384d1dbcd523162c694293","ranges":[{"kind":"range","marks":[],"text":"."}]}]},{"kind":"block","type":"paragraph","key":"79ba6c85ba274098ab1e8e49507048c7","isVoid":false,"data":{},"nodes":[{"kind":"text","key":"533ec4367ca343819c6ff3418ca594f2","ranges":[{"kind":"range","marks":[],"text":"You can find our GSQL pattern match translations of these queries on Github:\n"}]},{"kind":"inline","type":"link","key":"ca481faf412047d3b2c8eabdb9f5623d","isVoid":false,"data":{"href":"https://github.com/tigergraph/ecosys/tree/ldbc/ldbc_benchmark/tigergraph/queries_pattern_match"},"nodes":[{"kind":"text","key":"c856deff18784f1b8e83dd86b785faab","ranges":[{"kind":"range","marks":[],"text":"https://github.com/tigergraph/ecosys/tree/ldbc/ldbc_benchmark/tigergraph/queries_pattern_match"}]}]},{"kind":"text","key":"033220b973e84fe1be1bf73f3dec752f","ranges":[{"kind":"range","marks":[],"text":""}]}]},{"kind":"block","type":"paragraph","key":"db2940c3d80246f2bc691190f19870f3","isVoid":false,"data":{},"nodes":[{"kind":"text","key":"c4fc3379dd754872b5bce7c6fca8e7b3","ranges":[{"kind":"range","marks":[],"text":"Note we use CREATE/INSTALL/RUN QUERY instead of INTERPRET QUERY so that these queries can be optimized and installed as REST services.  There are three sets of queries:"}]}]},{"kind":"block","type":"list-unordered","key":"c882f8dd95c347d18cfc8e4812cfadaf","isVoid":false,"data":{},"nodes":[{"kind":"block","type":"list-item","key":"ac919e164e5f410ea2ff8796dd0d2f76","isVoid":false,"data":{},"nodes":[{"kind":"block","type":"paragraph","key":"c3cecf52da324a1a847d555c7a59e48c","isVoid":false,"data":{},"nodes":[{"kind":"text","key":"d19c89c196e7429ba5cac188743d852a","ranges":[{"kind":"range","marks":[],"text":""}]},{"kind":"inline","type":"link","key":"f65cd6bf9ee048a1a66b5b1f0133df6d","isVoid":false,"data":{"href":"https://github.com/tigergraph/ecosys/tree/ldbc/ldbc_benchmark/tigergraph/queries_pattern_match/interactive_short"},"nodes":[{"kind":"text","key":"017db15e99e74279b6bb653660dab6c5","ranges":[{"kind":"range","marks":[],"text":"Interactive Short Queries"}]}]},{"kind":"text","key":"b61a4f691ad14e09985da225e4910b3d","ranges":[{"kind":"range","marks":[],"text":""}]}]}]},{"kind":"block","type":"list-item","key":"a12176e19b2f4b7b8a6cbf938dffbbf5","isVoid":false,"data":{},"nodes":[{"kind":"block","type":"paragraph","key":"488fa8c22f894719b94fefd09d4f8622","isVoid":false,"data":{},"nodes":[{"kind":"text","key":"bf338b3cd9bb4385a3773381dcbe6062","ranges":[{"kind":"range","marks":[],"text":""}]},{"kind":"inline","type":"link","key":"89ad58b8d5524995a6ab547022a0a339","isVoid":false,"data":{"href":"https://github.com/tigergraph/ecosys/tree/ldbc/ldbc_benchmark/tigergraph/queries_pattern_match/interactive_complex"},"nodes":[{"kind":"text","key":"28abb7d92bb14f73ad9bd1ada5b8dea8","ranges":[{"kind":"range","marks":[],"text":"Complex Short Queries"}]}]},{"kind":"text","key":"b53dbfd53fc1470cad99380a9ab1ef55","ranges":[{"kind":"range","marks":[],"text":""}]}]}]},{"kind":"block","type":"list-item","key":"dfde6dd6a5714c70ac79e82627090f10","isVoid":false,"data":{},"nodes":[{"kind":"block","type":"paragraph","key":"292e44847cd84e5483b29142ecde735f","isVoid":false,"data":{},"nodes":[{"kind":"text","key":"cb85712a092c426380f56dfc1d3cf4ef","ranges":[{"kind":"range","marks":[],"text":""}]},{"kind":"inline","type":"link","key":"45d7fce73c0c4193855e0ca47bc1add3","isVoid":false,"data":{"href":"https://github.com/tigergraph/ecosys/tree/ldbc/ldbc_benchmark/tigergraph/queries_pattern_match/business_intelligence"},"nodes":[{"kind":"text","key":"0dac73aa86bf4864b2bbec86654c4953","ranges":[{"kind":"range","marks":[],"text":"Business Intelligence Queries"}]}]},{"kind":"text","key":"052efc57290243079036eb7b2d9890a6","ranges":[{"kind":"range","marks":[],"text":""}]}]}]}]},{"kind":"block","type":"paragraph","key":"89108e2b344e42a7a1459635c400db9f","isVoid":false,"data":{},"nodes":[{"kind":"text","key":"4ac72367c57a463fba1df7ee70ae4cc8","ranges":[{"kind":"range","marks":[],"text":"Also, you may want to use the "}]},{"kind":"inline","type":"link","key":"8bae08556020410abdadc4f516d506de","isVoid":false,"data":{"pageID":"-LMVRMLP728FyJXRhxVo"},"nodes":[{"kind":"text","key":"03eb324eaf3d43adbe7557d7278cf09e","ranges":[{"kind":"range","marks":[],"text":"GraphStudio UI "}]}]},{"kind":"text","key":"82c6a25ad8aa4926b0ab11cbf135b3b1","ranges":[{"kind":"range","marks":[],"text":"to help you visualize and explore the graph and to try your hand at writing your own queries."}]}]},{"kind":"block","type":"paragraph","key":"0ca1b3db49424d3e9f5b383c2a2957c3","isVoid":false,"data":{},"nodes":[{"kind":"text","key":"b70252cdc2d1421994b89480509f094b","ranges":[{"kind":"range","marks":[],"text":""}]}]},{"kind":"block","type":"paragraph","key":"4e5bb940626d4622a2bc3f492383faa8","isVoid":false,"data":{},"nodes":[{"kind":"text","key":"f79720a1f13349d894e38672cc65c27b","ranges":[{"kind":"range","marks":[],"text":""}]}]}]}}