{"format_version":1,"document":{"kind":"document","key":"4","data":{"schema_version":5},"nodes":[{"kind":"block","type":"paragraph","key":"2","isVoid":false,"data":{},"nodes":[{"kind":"text","key":"1","ranges":[{"kind":"range","marks":[],"text":"Data Loaders are interfaces built in to the TigerGraph system which enable users to use the same high-level GSQL protocol  for high-speed parallel data loading, whether the data reside directly on the network file system, or come from one of several other supported data sources. When the data are coming from another data source, some  initial configuration is needed. Then you can use the same type of loading jobs described in the "}]},{"kind":"inline","type":"link","key":"1bc7c02bcaa246d59840709a9cefa718","isVoid":false,"data":{"pageID":"-LMVWRzDFoeoIh2fS-j3"},"nodes":[{"kind":"text","key":"4d6f7292810c4d538682f3f2e6f27df2","ranges":[{"kind":"range","marks":[],"text":"GSQL Language Reference: Part 1 - Data Definition and Loading"}]}]},{"kind":"text","key":"3e957f79d9f64748be720a1f80678ede","ranges":[{"kind":"range","marks":[],"text":"."}]}]},{"kind":"block","type":"paragraph","key":"342d24129cb6492e9936071bf38cfa00","isVoid":false,"data":{},"nodes":[{"kind":"text","key":"f3ecf50eccc045f3bfa654313dad3ea0","ranges":[{"kind":"range","marks":[],"text":"To configure a data source, see the appropriate data loader user guide:"}]}]},{"kind":"block","type":"list-unordered","key":"c6c62bf681cf41d0be9a7c5a2c9935d1","isVoid":false,"data":{},"nodes":[{"kind":"block","type":"list-item","key":"f9c4307549ea4f939e3a2f59e6f99f98","isVoid":false,"data":{},"nodes":[{"kind":"block","type":"paragraph","key":"889a92640bdd44819217f946b2297e22","isVoid":false,"data":{},"nodes":[{"kind":"text","key":"fae50f96f02b42b797f2e4a30d6e091b","ranges":[{"kind":"range","marks":[],"text":""}]},{"kind":"inline","type":"link","key":"6f1e9b0905b346eaa13e2e7e455df5dd","isVoid":false,"data":{"pageID":"-LfQhmD_-As85OQq9vCY"},"nodes":[{"kind":"text","key":"9f099f35c5ed41f7b5c7b58df9d46f1d","ranges":[{"kind":"range","marks":[{"kind":"mark","data":{},"type":"bold"}],"text":"AWS S3"},{"kind":"range","marks":[],"text":" Loader User Guide"}]}]},{"kind":"text","key":"40f16b55d307495b81f9ce41b41cdced","ranges":[{"kind":"range","marks":[],"text":""}]}]}]},{"kind":"block","type":"list-item","key":"3eec2184f5da4d0f94f66e0afdd261c4","isVoid":false,"data":{},"nodes":[{"kind":"block","type":"paragraph","key":"c3bd2c3dc89c46eea22c6682c36e7d42","isVoid":false,"data":{},"nodes":[{"kind":"text","key":"1a098fe4479547f097671729a372a52b","ranges":[{"kind":"range","marks":[],"text":""}]},{"kind":"inline","type":"link","key":"bb702a12b3e84b8fadbaa8d49261391e","isVoid":false,"data":{"pageID":"-L_94dd46t1O_2itSs8L"},"nodes":[{"kind":"text","key":"6c03de5d189f4965a72417a19a0b4b35","ranges":[{"kind":"range","marks":[{"kind":"mark","data":{},"type":"bold"}],"text":"Kafka"},{"kind":"range","marks":[],"text":" Loader User Guide"}]}]},{"kind":"text","key":"63c3ca83c6f049a39f4dd159805483e4","ranges":[{"kind":"range","marks":[],"text":""}]}]}]}]},{"kind":"block","type":"paragraph","key":"03942892fd874d8fa874ec1735aa4769","isVoid":false,"data":{},"nodes":[{"kind":"text","key":"b7ce406697b342da92ccbf4fcd9eee7a","ranges":[{"kind":"range","marks":[],"text":""}]}]}]}}