{"format_version":1,"document":{"kind":"document","key":"11f6cda15039439698c336fe9aae616a","data":{"schema_version":5},"nodes":[{"kind":"block","type":"paragraph","key":"f197a4a1b23a4d6ea911a56ea1b4ddba","isVoid":false,"data":{},"nodes":[{"kind":"text","key":"af5679b2ba0e46789ab23a4167f576e4","ranges":[{"kind":"range","marks":[],"text":"Welcome to the TigerGraph™ Platform - the first real-time, Native Parallel Graph data analytics platform. We have a quick "}]},{"kind":"inline","type":"link","key":"43ce44ece0d94bfc98d0187859c510a0","isVoid":false,"data":{"pageID":"-LMW6soH-SSf-q5G76Mx"},"nodes":[{"kind":"text","key":"b57a6fb4f5d942ac88f1e675084de7a8","ranges":[{"kind":"range","marks":[{"kind":"mark","data":{},"type":"bold"}],"text":"Overview "},{"kind":"range","marks":[],"text":"and "},{"kind":"range","marks":[{"kind":"mark","data":{},"type":"bold"}],"text":"Glossary "}]}]},{"kind":"text","key":"ff3d21c094284df5a61624c8832f7809","ranges":[{"kind":"range","marks":[],"text":"to help you understand the TigerGraph environment and its GraphStudio UI."}]}]},{"kind":"block","type":"heading-1","key":"51728fe0a0be4b58859a012946068c01","isVoid":false,"data":{"id":"GETSTARTEDwithTigerGraphv2.1-QuickStartGuideforNewUsers"},"nodes":[{"kind":"text","key":"e80fdb17e9a0429582e0a359063e35bb","ranges":[{"kind":"range","marks":[],"text":"Quick Start Guide for New Users"}]}]},{"kind":"block","type":"heading-2","key":"244c1ece84564ad290d427c86b730f66","isVoid":false,"data":{},"nodes":[{"kind":"text","key":"3fb4211caa2c43b5a4e085c61c9773b4","ranges":[{"kind":"range","marks":[],"text":"Installation Checklist"}]}]},{"kind":"block","type":"list-ordered","key":"347118d4a0bf4eb5b801b865760dfc0e","isVoid":false,"data":{},"nodes":[{"kind":"block","type":"list-item","key":"a7f9efdeb7894b5c9abce86577818a91","isVoid":false,"data":{},"nodes":[{"kind":"block","type":"paragraph","key":"e7f999dc9bf84b49bdd8df0e738be1a6","isVoid":false,"data":{},"nodes":[{"kind":"text","key":"4d1350f3a3a14b41867a28b384896611","ranges":[{"kind":"range","marks":[{"kind":"mark","data":{},"type":"bold"}],"text":"CHECK "}]},{"kind":"inline","type":"link","key":"8113f177e6a94f3dbe6a5415c0172542","isVoid":false,"data":{"pageID":"-LMVTXm5Mbz7GZsV4sQC"},"nodes":[{"kind":"text","key":"21416ea70f9b4a0ab8a8454cb6583222","ranges":[{"kind":"range","marks":[],"text":"Hardware and Software Requirements"}]}]},{"kind":"text","key":"0a0450fa881941f5beeccdba750a980c","ranges":[{"kind":"range","marks":[],"text":""}]}]}]},{"kind":"block","type":"list-item","key":"d783bff935824b508a7b440edc08187b","isVoid":false,"data":{},"nodes":[{"kind":"block","type":"paragraph","key":"905d0eefb44a454689c28cac6d85bb8e","isVoid":false,"data":{},"nodes":[{"kind":"text","key":"d873a9e1f97b4024968a23473f323d9b","ranges":[{"kind":"range","marks":[{"kind":"mark","data":{},"type":"bold"}],"text":"DOWNLOAD "},{"kind":"range","marks":[],"text":"the TigerGraph platform: "}]},{"kind":"inline","type":"link","key":"40aacc6079bc44358ba5968f5250df3b","isVoid":false,"data":{"href":"https://www.tigergraph.com/download"},"nodes":[{"kind":"text","key":"4993bf60ca154d99b4b844aef1cad590","ranges":[{"kind":"range","marks":[],"text":"www.tigergraph.com/download"}]}]},{"kind":"text","key":"2305952013284aa5b9779f15f66b4540","ranges":[{"kind":"range","marks":[],"text":""}]}]}]},{"kind":"block","type":"list-item","key":"d617a966365d41049e5e790f3bc10cd8","isVoid":false,"data":{},"nodes":[{"kind":"block","type":"paragraph","key":"86379cd53c6f438bbcdbee56c5cc3cfa","isVoid":false,"data":{},"nodes":[{"kind":"text","key":"7932cd44aaef4b6380c5fddf90a25a88","ranges":[{"kind":"range","marks":[{"kind":"mark","data":{},"type":"bold"}],"text":"INSTALL "},{"kind":"range","marks":[],"text":"the Platform"}]}]},{"kind":"block","type":"list-ordered","key":"6276fc86247540dd89750d225cdcd6bd","isVoid":false,"data":{},"nodes":[{"kind":"block","type":"list-item","key":"55908c8572f9419baa30ff0ca66733b7","isVoid":false,"data":{},"nodes":[{"kind":"block","type":"paragraph","key":"433f0344de09490f9f546d1615a3ed7b","isVoid":false,"data":{},"nodes":[{"kind":"text","key":"1c8faa8da8b54dc291a98f46fdcf2b8d","ranges":[{"kind":"range","marks":[],"text":"For simple single-server installation: \nAssuming your downloaded file is called <your_tigergraph_package>:"}]}]},{"kind":"block","type":"code","key":"1fcd1c55124e4219824e30e973b3d50c","isVoid":false,"data":{},"nodes":[{"kind":"block","type":"code-tab","key":"7423f1e6ad1f471295418e7807ebe6e4","isVoid":false,"data":{"syntax":"bash"},"nodes":[{"kind":"block","type":"code-line","key":"fa6f2b115f4b44278637280df24a23a6","isVoid":false,"data":{},"nodes":[{"kind":"text","key":"c8986c15fe294c649499c8c6dc34e136","ranges":[{"kind":"range","marks":[],"text":"tar xzf <your_tigergraph_package>.tar.gz "}]}]},{"kind":"block","type":"code-line","key":"e46ba9262aa645239302fa22abd5f3ad","isVoid":false,"data":{},"nodes":[{"kind":"text","key":"c6cadf1c4c014637b79981b033cc706c","ranges":[{"kind":"range","marks":[],"text":"cd tigergraph*/ "}]}]},{"kind":"block","type":"code-line","key":"cb928978e9ab4030b848e047f2534388","isVoid":false,"data":{},"nodes":[{"kind":"text","key":"4664439c74c745ff99f0eb32f3b8ae94","ranges":[{"kind":"range","marks":[],"text":""}]}]},{"kind":"block","type":"code-line","key":"f803a330cd384218a732f68f41318689","isVoid":false,"data":{},"nodes":[{"kind":"text","key":"e54215749c3247a5a09063cc0875e891","ranges":[{"kind":"range","marks":[],"text":"# to install enterprise edition"}]}]},{"kind":"block","type":"code-line","key":"c48df1af80da4a249dcd7d7e33e5cc98","isVoid":false,"data":{},"nodes":[{"kind":"text","key":"5379cab75bda49c088e2b7b8f6032423","ranges":[{"kind":"range","marks":[],"text":"sudo ./install.sh -s"}]}]},{"kind":"block","type":"code-line","key":"502e59e0708c43a3ab1416ec131537bb","isVoid":false,"data":{},"nodes":[{"kind":"text","key":"b6b661ba119d4f06895dbe70c5eddf89","ranges":[{"kind":"range","marks":[],"text":""}]}]},{"kind":"block","type":"code-line","key":"367c43956ad248fb940c2cb73b050e21","isVoid":false,"data":{},"nodes":[{"kind":"text","key":"f4ce5f85a43b42c199481cd9711e713f","ranges":[{"kind":"range","marks":[],"text":"# to install developer edition"}]}]},{"kind":"block","type":"code-line","key":"a487f4fa611044bea6e1ae47935a44a0","isVoid":false,"data":{},"nodes":[{"kind":"text","key":"93b75207813e4a1c8194848029f01dee","ranges":[{"kind":"range","marks":[],"text":"sudo ./install.sh"}]}]}]}]}]},{"kind":"block","type":"list-item","key":"1b69b14247344dc48db0f0953f226ef4","isVoid":false,"data":{},"nodes":[{"kind":"block","type":"paragraph","key":"921cd1d3f44a42d993734f1732917cd9","isVoid":false,"data":{},"nodes":[{"kind":"text","key":"29ef276b56ab4db8ae9f58106c1c9029","ranges":[{"kind":"range","marks":[],"text":"For additional options, see "}]},{"kind":"inline","type":"link","key":"fa45933a1c8c4ea48dfc8335766fc48e","isVoid":false,"data":{"pageID":"-LMWEixEHvanThNILiBf"},"nodes":[{"kind":"text","key":"636dbc7081854c2fbc78ead353296b53","ranges":[{"kind":"range","marks":[],"text":"TigerGraph Platform Installation Guide"}]}]},{"kind":"text","key":"159ab9bc63f4409ab8521aacc488bb9e","ranges":[{"kind":"range","marks":[],"text":""}]}]}]}]}]},{"kind":"block","type":"list-item","key":"fa074f3017224223ada36cb52d243d84","isVoid":false,"data":{},"nodes":[{"kind":"block","type":"paragraph","key":"3ceb49cd44994ebaadcca0300b50c4c1","isVoid":false,"data":{},"nodes":[{"kind":"text","key":"88524026e24d45fbb704879456aaad43","ranges":[{"kind":"range","marks":[],"text":"Enterprise Edition: Consider other "}]},{"kind":"inline","type":"link","key":"1f327b7f2e284318ae4c42378af3ac69","isVoid":false,"data":{"pageID":"-LMW933Z39CNaKNA0faK"},"nodes":[{"kind":"text","key":"f863c2376938463e8d55beacfebee40d","ranges":[{"kind":"range","marks":[],"text":"System Administration "}]}]},{"kind":"text","key":"e72ec95fbf984f58aa5278f37133a2fd","ranges":[{"kind":"range","marks":[],"text":"issues, such as Security.\nAlso, if you have a GraphStudio license, "}]},{"kind":"inline","type":"link","key":"d99f216d256c470bb6e1485329f2b6c8","isVoid":false,"data":{"pageID":"-LMEZeinIa4XltUzOKFQ","anchor":"TigerGraphGraphStudioUIGuide-ApplyingaGraphStudioLicenseKey"},"nodes":[{"kind":"text","key":"6f20b48f04f74a4a8a70ce10b21e2ea4","ranges":[{"kind":"range","marks":[],"text":"activate GraphStudio"}]}]},{"kind":"text","key":"165f41ab6d074aa3bd08200ebc95f08c","ranges":[{"kind":"range","marks":[],"text":"."}]}]}]}]},{"kind":"block","type":"heading-2","key":"af44918de48448abb5ee6bc1a4d7361f","isVoid":false,"data":{},"nodes":[{"kind":"text","key":"0d7cceaa25564b4d938ac1fd114fda42","ranges":[{"kind":"range","marks":[],"text":"You’re ready to go!"}]}]},{"kind":"block","type":"list-unordered","key":"4a6502d52da84d77aa99331fdbc2bfab","isVoid":false,"data":{},"nodes":[{"kind":"block","type":"list-item","key":"6193bf5b9ebf481f9eda63c01937cace","isVoid":false,"data":{},"nodes":[{"kind":"block","type":"paragraph","key":"005764cdd4fc4743baa521ec99fb35f9","isVoid":false,"data":{},"nodes":[{"kind":"text","key":"200e69b373ed4ebda4254134f5c5f710","ranges":[{"kind":"range","marks":[{"kind":"mark","data":{},"type":"bold"}],"text":"BUILD "},{"kind":"range","marks":[],"text":"your first graph application and start to learn the GSQL language with "}]},{"kind":"inline","type":"link","key":"6293b8bab0da43749927e43347a10945","isVoid":false,"data":{"pageID":"-LMBDIdsCSyS1HbsgYaX"},"nodes":[{"kind":"text","key":"ba2593dd647b45ce8530db254bec0bf8","ranges":[{"kind":"range","marks":[],"text":"GSQL 101 "}]}]},{"kind":"text","key":"6e3e8c27c30e483ea88903de1908e899","ranges":[{"kind":"range","marks":[],"text":"."}]}]}]},{"kind":"block","type":"list-item","key":"5a988d713d4043a78db50a35c59e54ea","isVoid":false,"data":{},"nodes":[{"kind":"block","type":"paragraph","key":"d71e95ace416405886977068f41b65a4","isVoid":false,"data":{},"nodes":[{"kind":"text","key":"576ca9e971104b319469697cc102d18e","ranges":[{"kind":"range","marks":[{"kind":"mark","data":{},"type":"bold"}],"text":"GET ANSWERS "},{"kind":"range","marks":[],"text":"to basic questions from the "}]},{"kind":"inline","type":"link","key":"7c10c6060833496f83ccd0a88ecac346","isVoid":false,"data":{"pageID":"-LMW83p8IWENIdLPqmBG"},"nodes":[{"kind":"text","key":"e3c21698443545cda24566477a868098","ranges":[{"kind":"range","marks":[],"text":"Knowledge Base and FAQs "}]}]},{"kind":"text","key":"838e5698eb7c4dcf8a69af59e2ab558b","ranges":[{"kind":"range","marks":[],"text":"."}]}]}]},{"kind":"block","type":"list-item","key":"b7217a16e81a4825a20d98dc9159a00e","isVoid":false,"data":{},"nodes":[{"kind":"block","type":"paragraph","key":"4de6216438134296977fb3e0477ea2ed","isVoid":false,"data":{},"nodes":[{"kind":"text","key":"52848d4ef4e4493eac971fe9c88b4413","ranges":[{"kind":"range","marks":[{"kind":"mark","data":{},"type":"bold"}],"text":"DISCUSS "},{"kind":"range","marks":[],"text":"and share with your fellow TigerGraph users: \n"}]},{"kind":"inline","type":"link","key":"6df0625449554804add6055439fd7ccd","isVoid":false,"data":{"href":"https://groups.google.com/a/opengsql.org/forum/#!forum/gsql-users"},"nodes":[{"kind":"text","key":"578502e95d5e4f5ca2a3a0e3c59bca46","ranges":[{"kind":"range","marks":[],"text":"https://groups.google.com/a/opengsql.org/forum/#!forum/gsql-users"}]}]},{"kind":"text","key":"e8e7b0235caa4c6989df4a177d4a25e5","ranges":[{"kind":"range","marks":[],"text":""}]}]}]},{"kind":"block","type":"list-item","key":"c98a58ae964e41dfad86f3cdabe0ac05","isVoid":false,"data":{},"nodes":[{"kind":"block","type":"paragraph","key":"cd4f9c1ea6bb4963bde3fd19f1e51a11","isVoid":false,"data":{},"nodes":[{"kind":"text","key":"bf5873fcb6be434db279d7a7699e6dd0","ranges":[{"kind":"range","marks":[{"kind":"mark","data":{},"type":"bold"}],"text":"LEARN "},{"kind":"range","marks":[],"text":"more GSQL through additional use cases: "}]},{"kind":"inline","type":"link","key":"0642447e753442ad84dd4869eeb2984c","isVoid":false,"data":{"pageID":"-LMW7CYYbjUAl5oAuhK3"},"nodes":[{"kind":"text","key":"f69957ac3e8e4fe49f506b0daddc4fcd","ranges":[{"kind":"range","marks":[],"text":"GSQL Demo Examples "}]}]},{"kind":"text","key":"2cb566dca5dd48c482f5a58670d03a95","ranges":[{"kind":"range","marks":[],"text":". \n"}]}]},{"kind":"block","type":"list-unordered","key":"4996b4efe0744e99945146b979c66dc3","isVoid":false,"data":{},"nodes":[{"kind":"block","type":"list-item","key":"33172184eef34cf1a64dec586b2e67c6","isVoid":false,"data":{},"nodes":[{"kind":"block","type":"paragraph","key":"e48fa23b16c949b4a999cd55183320dc","isVoid":false,"data":{},"nodes":[{"kind":"text","key":"9a649b11fb35440ab77d715f436c59bb","ranges":[{"kind":"range","marks":[],"text":"Demo scripts are located in "},{"kind":"range","marks":[{"kind":"mark","data":{},"type":"code"}],"text":"<your_install_folder>/document/examples"}]}]}]},{"kind":"block","type":"list-item","key":"36e234cb80c4497caebf90761515814b","isVoid":false,"data":{},"nodes":[{"kind":"block","type":"paragraph","key":"847919d7d70a43218f684132bb5165b5","isVoid":false,"data":{},"nodes":[{"kind":"text","key":"c8b85b010cca4fcfb912fa561cb9c07b","ranges":[{"kind":"range","marks":[],"text":"Sample use cases, used in our Test Drive demo systems, are located in "},{"kind":"range","marks":[{"kind":"mark","data":{},"type":"code"}],"text":"<your_install_folder>/document/examples/test_drive"}]}]}]}]}]},{"kind":"block","type":"list-item","key":"164594206a9e426bba6c651f5eea176d","isVoid":false,"data":{},"nodes":[{"kind":"block","type":"paragraph","key":"5ab9578c8a394d089d27a52bd09b922d","isVoid":false,"data":{},"nodes":[{"kind":"text","key":"fc758b0db4294dcea1b9f27ad26f527a","ranges":[{"kind":"range","marks":[],"text":"Do you want an architectural overview? "}]},{"kind":"inline","type":"link","key":"ac13487e831345339e4bb22b0681d2da","isVoid":false,"data":{"pageID":"-LMW6soH-SSf-q5G76Mx"},"nodes":[{"kind":"text","key":"190c1fd5f5a94220ac776d4df7c3ac93","ranges":[{"kind":"range","marks":[],"text":"TigerGraph Platform Overview"}]}]},{"kind":"text","key":"cf9c9735a93d43f6991c2e91b8d5bf49","ranges":[{"kind":"range","marks":[],"text":""}]}]}]},{"kind":"block","type":"list-item","key":"f195c3d7e1df4b0e94ab4d66a1f7ce7c","isVoid":false,"data":{},"nodes":[{"kind":"block","type":"paragraph","key":"863832f701c549eba20856be24d71266","isVoid":false,"data":{},"nodes":[{"kind":"text","key":"b060c08519ce43b8b52f1823d98fce51","ranges":[{"kind":"range","marks":[],"text":"The new "}]},{"kind":"inline","type":"link","key":"f845354f63d94dbda3665e6034fa340b","isVoid":false,"data":{"pageID":"-LMW9Qjr3bU2ZVmF03p1"},"nodes":[{"kind":"text","key":"ee0b5c8d55e84e55b4a4b1dfd3858498","ranges":[{"kind":"range","marks":[],"text":"Admin Portal "}]}]},{"kind":"text","key":"0a0ede496575450d8b8afb287728cc9b","ranges":[{"kind":"range","marks":[],"text":"dashboard lets you see how your system is running."}]}]}]},{"kind":"block","type":"list-item","key":"1c0e704769ee46c0abfeb363e3cdf7a3","isVoid":false,"data":{},"nodes":[{"kind":"block","type":"paragraph","key":"046537621bdd4476871fea57b8dcf42b","isVoid":false,"data":{},"nodes":[{"kind":"text","key":"d59b625f45c049b4b2f61a1bc9fd4990","ranges":[{"kind":"range","marks":[{"kind":"mark","data":{},"type":"bold"}],"text":"The full documentation is at "}]},{"kind":"inline","type":"link","key":"4dc1cd7ee3a34d6995734724b9b9f1be","isVoid":false,"data":{"pageID":"-LHvjxIO49o3XxoWgOmp"},"nodes":[{"kind":"text","key":"fe39b53c97d24bf2a1094d6d69e4cd73","ranges":[{"kind":"range","marks":[{"kind":"mark","data":{},"type":"bold"}],"text":"docs.tigergraph.com"}]}]},{"kind":"text","key":"9ff0e722077e49409ddec952e520bae0","ranges":[{"kind":"range","marks":[{"kind":"mark","data":{},"type":"bold"}],"text":" ."}]}]}]}]},{"kind":"block","type":"heading-1","key":"089e095ae39f4820ab539fae5d57eb1e","isVoid":false,"data":{"id":"GETSTARTEDwithTigerGraphv2.1-GraphStudio"},"nodes":[{"kind":"text","key":"25b1e67f65f04f099c443e5324476a4f","ranges":[{"kind":"range","marks":[],"text":"GraphStudio"}]}]},{"kind":"block","type":"paragraph","key":"a4ace8a8e5d44ef695c8fb9f7df63778","isVoid":false,"data":{},"nodes":[{"kind":"text","key":"fe36e9bb3d5747d98739bd5cb88f437e","ranges":[{"kind":"range","marks":[],"text":"Our "}]},{"kind":"inline","type":"link","key":"86b7f56722f745f88ffc366a88497e89","isVoid":false,"data":{"pageID":"-LMVRMLP728FyJXRhxVo"},"nodes":[{"kind":"text","key":"374e1637edf14cd6a72f0f80d91e861e","ranges":[{"kind":"range","marks":[],"text":"GraphStudio UI "}]}]},{"kind":"text","key":"0af2e0ebcbc342febb67496698c21abd","ranges":[{"kind":"range","marks":[],"text":"lets beginners and pros alike set up and perform analytics with a TigerGraph database, all from a graphical user interface. The only code you'll need to write is for queries themselves; everything else is managed graphically."}]}]},{"kind":"block","type":"list-unordered","key":"8e163347e66844f4b5634d5c23dc4d4b","isVoid":false,"data":{},"nodes":[{"kind":"block","type":"list-item","key":"e6aa7cc677c142fb8337c1eab50a1465","isVoid":false,"data":{},"nodes":[{"kind":"block","type":"paragraph","key":"346f67002bc94469898bd21024b40c5e","isVoid":false,"data":{},"nodes":[{"kind":"text","key":"d0290d8afa3242a2bbe6a494bf8451b0","ranges":[{"kind":"range","marks":[{"kind":"mark","data":{},"type":"bold"}],"text":"Schema Designer "},{"kind":"range","marks":[],"text":"- Describe your graph data model."}]}]}]},{"kind":"block","type":"list-item","key":"20dd28f138964e97ae957619dac7965d","isVoid":false,"data":{},"nodes":[{"kind":"block","type":"paragraph","key":"3b027bae14b64f9a8239664721adbf61","isVoid":false,"data":{},"nodes":[{"kind":"text","key":"d1cf818b9e4a4fc2a814690735146e27","ranges":[{"kind":"range","marks":[{"kind":"mark","data":{},"type":"bold"}],"text":"Loading Builder "},{"kind":"range","marks":[],"text":"- Select your input files, then drag-and-drop to link input data to vertex and edge fields."}]}]}]},{"kind":"block","type":"list-item","key":"0230d5367af8494cb3a7d6bfa8898ea6","isVoid":false,"data":{},"nodes":[{"kind":"block","type":"paragraph","key":"c607a5b745a4429b804ffbe9dad4c77e","isVoid":false,"data":{},"nodes":[{"kind":"text","key":"b204f6be41a3462581eeb6a1ebccf08c","ranges":[{"kind":"range","marks":[{"kind":"mark","data":{},"type":"bold"}],"text":"Graph Explorer "},{"kind":"range","marks":[],"text":"- display and explore your graph data, in an intuitive and visual way."}]}]}]},{"kind":"block","type":"list-item","key":"c0d65013c8d447129651e991124d4c8c","isVoid":false,"data":{},"nodes":[{"kind":"block","type":"paragraph","key":"1327f21b875d408598c115d59ad064f4","isVoid":false,"data":{},"nodes":[{"kind":"text","key":"77d0ab6198f24d5da23aee96c7ed860c","ranges":[{"kind":"range","marks":[{"kind":"mark","data":{},"type":"bold"}],"text":"Query Editor "},{"kind":"range","marks":[],"text":"- view, edit, and run queries. Display the results graphically."}]}]}]}]},{"kind":"block","type":"paragraph","key":"a9478534ada4443fa419c46b6f1d4e7a","isVoid":false,"data":{},"nodes":[{"kind":"text","key":"aeae8757a8c44851af7388139195cc6c","ranges":[{"kind":"range","marks":[],"text":"Note: GraphStudio is included in your Developer Edition but is licensed separately. \n"}]}]},{"kind":"block","type":"paragraph","key":"3b761afb279540778104808f0d5a9777","isVoid":false,"data":{},"nodes":[{"kind":"text","key":"a9d1bd43b8994e4c886eb76a3dfbb0d9","ranges":[{"kind":"range","marks":[],"text":"If you have any questions or suggestions, please contact us at "}]},{"kind":"inline","type":"link","key":"ae5e53fcec59442cb84f6e5210afcea5","isVoid":false,"data":{"href":"https://tigergraph.freshdesk.com/"},"nodes":[{"kind":"text","key":"ea3220a0e5df4b8f941acebe76b1d9ea","ranges":[{"kind":"range","marks":[{"kind":"mark","data":{},"type":"bold"}],"text":"tigergraph.freshdesk.com"}]}]},{"kind":"text","key":"1195fcdb804d43de9afbfe5e3ddf69b9","ranges":[{"kind":"range","marks":[],"text":""}]}]}]}}