{"format_version":1,"document":{"kind":"document","key":"4","data":{"schema_version":5},"nodes":[{"kind":"block","type":"heading-1","key":"bb621fbacfd046e4a2c98c23b44cf269","isVoid":false,"data":{},"nodes":[{"kind":"text","key":"21b6b579a6964c088a7bd2fb4d1098e5","ranges":[{"kind":"range","marks":[],"text":"Overview"}]}]},{"kind":"block","type":"paragraph","key":"3bf19ae86b474b5c9261896012b44116","isVoid":false,"data":{},"nodes":[{"kind":"text","key":"bb8e66200acf4bf18c005bdc76069e98","ranges":[{"kind":"range","marks":[],"text":"Kafka is a popular pub-sub system in enterprise IT, offering a distributed and fault-tolerant real-time data pipeline. TigerGraph's Kafka Loader feature lets you easily  integrate with a Kafka cluster and speed up your real time data ingestion. It is easily extensible using the many plugins available in the Kafka ecosystem."}]}]},{"kind":"block","type":"paragraph","key":"3bc449b842874900813311f1f8f06312","isVoid":false,"data":{},"nodes":[{"kind":"text","key":"ca0bd872a4a8490fbdf038cb1b5f8cd9","ranges":[{"kind":"range","marks":[],"text":"The Kafka Loader consumes data in a Kafka cluster and loads into TigerGraph system. "}]}]},{"kind":"block","type":"heading-1","key":"d76751537d4a473aac8fd23df04b5c47","isVoid":false,"data":{"id":"KafkaLoaderUserDocumentation-Architecture"},"nodes":[{"kind":"text","key":"65b11754894b4cf09f00091e44de1590","ranges":[{"kind":"range","marks":[],"text":"Architecture"}]}]},{"kind":"block","type":"paragraph","key":"6e2fdcb082344668b99de420ff7ca71e","isVoid":false,"data":{},"nodes":[{"kind":"text","key":"69def56f0629493c8cc1b035724c9d93","ranges":[{"kind":"range","marks":[],"text":"From a high level, a user provides instructions to the TigerGraph system through GSQL, and the external Kafka cluster loads data into TigerGraph's RestPP server. The following diagram demonstrates the Kafka Loader data architecture."}]}]},{"kind":"block","type":"image","key":"c49b3db0b6274b7a80659bae75e1f920","isVoid":true,"data":{"assetID":"-L_99p-lBc8VOA8EQ7cH","caption":"Kafka Data Loader Architecture"},"nodes":[{"kind":"text","key":"d5bed10324b84872929452b844019824","ranges":[{"kind":"range","marks":[],"text":""}]}]},{"kind":"block","type":"heading-1","key":"460ac21fe7e44dd6aec0ccd959f00ffa","isVoid":false,"data":{},"nodes":[{"kind":"text","key":"36773749af5a4da5a82681c65f79fda2","ranges":[{"kind":"range","marks":[],"text":"Prerequisites"}]}]},{"kind":"block","type":"paragraph","key":"2747ddc65495477a8c39f6f3b3da7ebf","isVoid":false,"data":{},"nodes":[{"kind":"text","key":"19230770d6694079b97ad96500472a7f","ranges":[{"kind":"range","marks":[],"text":"You should have a Kafka cluster configured and set up in your environment. "}]}]},{"kind":"block","type":"paragraph","key":"7c2bbf5569464707b11b3b3193078331","isVoid":false,"data":{},"nodes":[{"kind":"text","key":"f4590d46d1b9439da5aa4408d0672fe9","ranges":[{"kind":"range","marks":[],"text":"Once you have the external Kafka cluster setup, you need to prepare the following two configuration files and place them in your desired location in TigerGraph system: "}]}]},{"kind":"block","type":"list-ordered","key":"9c744796453b4d8a825482983027ab9c","isVoid":false,"data":{},"nodes":[{"kind":"block","type":"list-item","key":"c09c3ae9cca74eaa93e0dd8b2e6d4ac3","isVoid":false,"data":{},"nodes":[{"kind":"block","type":"paragraph","key":"ab77d54ce4fd4347968f93aa2d380fbe","isVoid":false,"data":{},"nodes":[{"kind":"text","key":"b182ba6b32e64486b10168fccb3357ec","ranges":[{"kind":"range","marks":[],"text":"Kafka data source configuration file: This file includes the external Kafka broker's domain name and port. Through the configuration file, TigerGraph system knows the location and port of the external Kafka broker.  Please see an example in "}]},{"kind":"inline","type":"link","key":"f051212ee73c459fbe9f31dda9e71db3","isVoid":false,"data":{"pageID":"-L_94dd46t1O_2itSs8L","anchor":"KafkaLoaderUserDocumentationDraft-CREATEDATA_SOURCEVariable"},"nodes":[{"kind":"text","key":"9011d24162db4344b3c22e932cabbcf3","ranges":[{"kind":"range","marks":[{"kind":"mark","data":{},"type":"bold"}],"text":"Step 1. Define the Data Source"}]}]},{"kind":"text","key":"f2fd31622b5649e886181c8c1cf2ea7c","ranges":[{"kind":"range","marks":[],"text":"."}]}]}]},{"kind":"block","type":"list-item","key":"a5500694ecca474881c74b0c883fd5f3","isVoid":false,"data":{},"nodes":[{"kind":"block","type":"paragraph","key":"f533779050be415cb812dc1c9dd2f3fc","isVoid":false,"data":{},"nodes":[{"kind":"text","key":"2a29fa3005dd4a099a9fb69bf720ab62","ranges":[{"kind":"range","marks":[],"text":"Kafka topic and partition configuration file: This file includes the Kafka topic, partition list, and start offset for the loading messages.  Please see an example in "}]},{"kind":"inline","type":"link","key":"72ea4501e45449e9871a7e513b45ea46","isVoid":false,"data":{"pageID":"-L_94dd46t1O_2itSs8L","anchor":"2-create-a-loading-job"},"nodes":[{"kind":"text","key":"7ac38a7cf57c4e24b25bcfdb3a3823ce","ranges":[{"kind":"range","marks":[{"kind":"mark","data":{},"type":"bold"}],"text":"Step 2. Create a Loading Job"}]}]},{"kind":"text","key":"a24cec933078436bb1b2bf6529de69b2","ranges":[{"kind":"range","marks":[{"kind":"mark","data":{},"type":"bold"}],"text":". "}]}]}]}]},{"kind":"block","type":"heading-1","key":"c054c71335df4f3c8d5b156e07228388","isVoid":false,"data":{"id":"KafkaLoaderUserDocumentation-DataLoadingWorkflow"},"nodes":[{"kind":"text","key":"43cf11a2016a4c4bbd6693ccf4a6723c","ranges":[{"kind":"range","marks":[],"text":"Configuring and Using the Kafka Loader"}]}]},{"kind":"block","type":"paragraph","key":"465a9813864649e9a9a7b5230b7e2ddc","isVoid":false,"data":{},"nodes":[{"kind":"text","key":"e7ab52e8538b4527b819f1b6db672f44","ranges":[{"kind":"range","marks":[],"text":"There are three basic steps:"}]}]},{"kind":"block","type":"list-ordered","key":"65f475e7c3324af1bac540e9524621de","isVoid":false,"data":{},"nodes":[{"kind":"block","type":"list-item","key":"669a1d42194b4068ac31c0fed467cd37","isVoid":false,"data":{},"nodes":[{"kind":"block","type":"paragraph","key":"383677f33e8f4158b21bafadb5d6fb87","isVoid":false,"data":{},"nodes":[{"kind":"text","key":"125454395896407f8dd8c05d03645337","ranges":[{"kind":"range","marks":[],"text":""}]},{"kind":"inline","type":"link","key":"9d7e78f7703d423ab0ebf70bc7a98fd6","isVoid":false,"data":{"pageID":"-L_94dd46t1O_2itSs8L","anchor":"KafkaLoaderUserDocumentationDraft-CREATEDATA_SOURCEVariable"},"nodes":[{"kind":"text","key":"c8297920a9374e6f8ca80dfedcaba338","ranges":[{"kind":"range","marks":[],"text":"Define the data source"}]}]},{"kind":"text","key":"b3393105eb5544409e24e59f7d2fcaf2","ranges":[{"kind":"range","marks":[],"text":""}]}]}]},{"kind":"block","type":"list-item","key":"605a22af2aa44f288d9c1169d40c0741","isVoid":false,"data":{},"nodes":[{"kind":"block","type":"paragraph","key":"9a2d9c1bb7e9485a9f775dbf5426faa5","isVoid":false,"data":{},"nodes":[{"kind":"text","key":"c1a1f5e4b5eb46aba99311ff2c6a3ea4","ranges":[{"kind":"range","marks":[],"text":""}]},{"kind":"inline","type":"link","key":"dc85323052ca452c8cc4c22793ad1606","isVoid":false,"data":{"pageID":"-L_94dd46t1O_2itSs8L","anchor":"2-create-loading-job-statement"},"nodes":[{"kind":"text","key":"cd6d563f44b446e88f4b1a6a65975c4f","ranges":[{"kind":"range","marks":[],"text":"Create a loading job"}]}]},{"kind":"text","key":"aadb7f07318b4b5bafaaf689f49cb6af","ranges":[{"kind":"range","marks":[],"text":""}]}]}]},{"kind":"block","type":"list-item","key":"cec3827dd3204c39b8b20a391bc73bf7","isVoid":false,"data":{},"nodes":[{"kind":"block","type":"paragraph","key":"d89e94ce9fc3444db454c3d1044a71b6","isVoid":false,"data":{},"nodes":[{"kind":"text","key":"6eb5d836361c4bc6a2cb257514a2ba2e","ranges":[{"kind":"range","marks":[],"text":""}]},{"kind":"inline","type":"link","key":"e777f0defe4e44609ebf91ca4e6f0986","isVoid":false,"data":{"pageID":"-L_94dd46t1O_2itSs8L","anchor":"KafkaLoaderUserDocumentationDraft-RunLoadingJobStatement"},"nodes":[{"kind":"text","key":"3cd3be18c1f9427695933549074fdd05","ranges":[{"kind":"range","marks":[],"text":"Run the loading job"}]}]},{"kind":"text","key":"bb83e01b052643e993f58dfd80ff72b6","ranges":[{"kind":"range","marks":[],"text":""}]}]}]}]},{"kind":"block","type":"paragraph","key":"68db8dcb7d1242c482462b9136d429ff","isVoid":false,"data":{},"nodes":[{"kind":"text","key":"6b73ee09b9464e3eb08a7723b71dff26","ranges":[{"kind":"range","marks":[],"text":"The GSQL syntax for the Kafka Loader is designed to be consistent with the existing GSQL loading syntax.  "}]}]},{"kind":"block","type":"heading-2","key":"01bc4512354741c69d1f21b46a9edb89","isVoid":false,"data":{"id":"KafkaLoaderUserDocumentationDraft-CREATEDATA_SOURCEVariable"},"nodes":[{"kind":"text","key":"0a73a390566849c0af8e06bf52cdce4b","ranges":[{"kind":"range","marks":[],"text":"1. Define the Data Source"}]}]},{"kind":"block","type":"heading-3","key":"711bae818afd44fabe0be396b6dabbe6","isVoid":false,"data":{},"nodes":[{"kind":"text","key":"67950834c59945729ec902f6d6b3d5c5","ranges":[{"kind":"range","marks":[{"kind":"mark","data":{},"type":"bold"}],"text":"CREATE DATA_SOURCE"}]}]},{"kind":"block","type":"paragraph","key":"9fec05f857d547c7862a5c23736f490b","isVoid":false,"data":{},"nodes":[{"kind":"text","key":"5cccc2df599840d29d07fbe968b01c15","ranges":[{"kind":"range","marks":[],"text":"Before starting a Kafka data loading job, you need to define the Kafka server as a data source. The CREATE DATA_SOURCE statement defines a data_source variable with a subtype of KAFKA:"}]}]},{"kind":"block","type":"code","key":"8e3c9423bb1441aa9347301051f06453","isVoid":false,"data":{},"nodes":[{"kind":"block","type":"code-tab","key":"d910fe2539c14418b5b53fa0cdd7c540","isVoid":false,"data":{"syntax":"ruby"},"nodes":[{"kind":"block","type":"code-line","key":"d6ff81fd15974ad1aa982ddffebabe22","isVoid":false,"data":{},"nodes":[{"kind":"text","key":"7156b66cf3fa49f994dfe1c4c86cf8d5","ranges":[{"kind":"range","marks":[],"text":"CREATE DATA_SOURCE KAFKA data_source_name"}]}]}]}]},{"kind":"block","type":"paragraph","key":"12922c9232f34888a8b3b33d1af0028a","isVoid":false,"data":{},"nodes":[{"kind":"text","key":"362b2de6c1d9448fadea79aab0c3fc42","ranges":[{"kind":"range","marks":[{"kind":"mark","data":{},"type":"bold"}],"text":"Kafka Data Source Configuration File"}]}]},{"kind":"block","type":"paragraph","key":"ba1395873d6b45f38bd961ad26d27251","isVoid":false,"data":{},"nodes":[{"kind":"text","key":"451c9b942178403882eddfb9f08583e9","ranges":[{"kind":"range","marks":[],"text":"After the data source is created, then use the SET command to specify the path to a configuration file for that data source. "}]}]},{"kind":"block","type":"code","key":"a21f0e96adcb438c8ac5226188fc7c8a","isVoid":false,"data":{},"nodes":[{"kind":"block","type":"code-tab","key":"dda1413cd1f740f3b8a832b966bc45e1","isVoid":false,"data":{"syntax":"ruby"},"nodes":[{"kind":"block","type":"code-line","key":"55a46cb9eaf047728a6a9abfe6e789cb","isVoid":false,"data":{},"nodes":[{"kind":"text","key":"37b7070929a24abd9c2006274b2733f8","ranges":[{"kind":"range","marks":[],"text":"SET data_source_name = \"/path/to/kafka.config\""}]}]}]}]},{"kind":"block","type":"paragraph","key":"598a8e148bdc488f89b3acc73ecb9364","isVoid":false,"data":{},"nodes":[{"kind":"text","key":"f3237ee105ab4cbc9c45a0ceb62e80a1","ranges":[{"kind":"range","marks":[],"text":"This SET command reads, validates, and applies the configuration file, integrating its settings into TigerGraph's dictionary. The data source configuration file's content, structured as a JSON object, describes the Kafka server's global settings, including the data source ip and port. A sample kafka.conf is shown in the following example:"}]}]},{"kind":"block","type":"code","key":"8485994daabf4a22a45a2326f00a290a","isVoid":false,"data":{},"nodes":[{"kind":"block","type":"code-tab","key":"16477d4221674255996873f8def9e20a","isVoid":false,"data":{"syntax":"text"},"nodes":[{"kind":"block","type":"code-line","key":"29af8244a7614491999d69828f8560e3","isVoid":false,"data":{},"nodes":[{"kind":"text","key":"7343f558684a430fa49f4e26dfc4dc81","ranges":[{"kind":"range","marks":[],"text":"{"}]}]},{"kind":"block","type":"code-line","key":"7a8c8b96cbb54686ad01bd0fc4719744","isVoid":false,"data":{},"nodes":[{"kind":"text","key":"8e862718d66947b9a209bb6512e39fa0","ranges":[{"kind":"range","marks":[],"text":"  \"broker\": \"broker.full.domain.name:9092\","}]}]},{"kind":"block","type":"code-line","key":"8b546262a3074e22b75ef310f9ff6f2e","isVoid":false,"data":{},"nodes":[{"kind":"text","key":"fc948e90850a4e828fdddf04a3c7b51d","ranges":[{"kind":"range","marks":[],"text":"}"}]}]}]}]},{"kind":"block","type":"paragraph","key":"064139c42ecb441196261b663b9f0fcb","isVoid":false,"data":{},"nodes":[{"kind":"text","key":"e5cd0955a8484c5281e53347d3d2ca36","ranges":[{"kind":"range","marks":[],"text":"The \"broker\" key is required. Additional Kafka configuration parameters may be provided (see Kafka documentation) by using the optional \"kafka_config\" key. For its value, provide a list of key-value pairs. For example: "}]}]},{"kind":"block","type":"code","key":"8f24efdb8660404a9934edccbbd32d0d","isVoid":false,"data":{},"nodes":[{"kind":"block","type":"code-tab","key":"c23edd76d5234587b5b5dccb2b097aa1","isVoid":false,"data":{"syntax":"text"},"nodes":[{"kind":"block","type":"code-line","key":"e34f6c25aad449a188cc73bb0332eda2","isVoid":false,"data":{},"nodes":[{"kind":"text","key":"4f1b58ff741649aa90906a8cad87e8ec","ranges":[{"kind":"range","marks":[],"text":"{"}]}]},{"kind":"block","type":"code-line","key":"3afe62a411934c9db0547bdf09d668a7","isVoid":false,"data":{},"nodes":[{"kind":"text","key":"4313163a2db9425783a5f4dd280f7bb1","ranges":[{"kind":"range","marks":[],"text":"  \"broker\": \"broker.full.domain.name:9092\","}]}]},{"kind":"block","type":"code-line","key":"597939ecd9eb47d4bb7f626f458751ef","isVoid":false,"data":{},"nodes":[{"kind":"text","key":"709ee14e49a6415aa23ee4e04e5a4677","ranges":[{"kind":"range","marks":[],"text":"  \"kafka_config\": {\"group.id\":\"tigergraph\"}"}]}]},{"kind":"block","type":"code-line","key":"171af9c003dc474ea955fa5ce9db39d9","isVoid":false,"data":{},"nodes":[{"kind":"text","key":"e9a9b206e1f040af95a3061545d424ee","ranges":[{"kind":"range","marks":[],"text":"}"}]}]}]}]},{"kind":"block","type":"paragraph","key":"5652a01376484fbb81094d496207ca40","isVoid":false,"data":{},"nodes":[{"kind":"text","key":"374a5242ac40448e8a8933b5c48aa405","ranges":[{"kind":"range","marks":[],"text":"For simplicity, you can merge the CREATE DATA_SOURCE and SET statements:"}]}]},{"kind":"block","type":"code","key":"e548c8f3bb0f4cd299e4c2dc7f4f1e00","isVoid":false,"data":{},"nodes":[{"kind":"block","type":"code-tab","key":"ccbeb02fef8c4a6ab36b18f7ffe131bc","isVoid":false,"data":{"syntax":"ruby"},"nodes":[{"kind":"block","type":"code-line","key":"a79138a13b774f23b17313cbc7f5f115","isVoid":false,"data":{},"nodes":[{"kind":"text","key":"579220ae24724d698906eadd775241fa","ranges":[{"kind":"range","marks":[],"text":"CREATE DATA_SOURCE KAFKA data_source_name = \"/path/to/kafka.config\""}]}]}]}]},{"kind":"block","type":"hint","key":"2ccd2d80032f4db0a35ec455270482b9","isVoid":false,"data":{"style":"info"},"nodes":[{"kind":"block","type":"list-ordered","key":"ad7cda63372745e7826dabbe4536475a","isVoid":false,"data":{},"nodes":[{"kind":"block","type":"list-item","key":"e425d331a1684291bbf1b538a5b6aa74","isVoid":false,"data":{},"nodes":[{"kind":"block","type":"paragraph","key":"67223e08a1024388864101f28920d514","isVoid":false,"data":{},"nodes":[{"kind":"text","key":"f741cddc1ca149a084a4a96ffa4841eb","ranges":[{"kind":"range","marks":[],"text":"If you have a TigerGraph cluster, the configuration file must be on machine m1, where the GSQL server and GSQL client both reside,  and it must be in JSON format. If the configuration file uses a relative path, the path should be relative to the GSQL client working directory."}]}]}]},{"kind":"block","type":"list-item","key":"d9e02cf5b8104578b2e740b924013150","isVoid":false,"data":{},"nodes":[{"kind":"block","type":"paragraph","key":"7de65432eb2c49f49036bb37b9e3171c","isVoid":false,"data":{},"nodes":[{"kind":"text","key":"db7c2f1b9fb34051ac873db055788e91","ranges":[{"kind":"range","marks":[],"text":"Each time when the config file is updated, you must run \"SET data_source_name\"  to update the data source details in the dictionary."}]}]}]}]}]},{"kind":"block","type":"paragraph","key":"b0aa2dcffda740a4b0a211a1ecac8479","isVoid":false,"data":{},"nodes":[{"kind":"text","key":"ea3e70db21ee40fd95721367de9d8a96","ranges":[{"kind":"range","marks":[{"kind":"mark","data":{},"type":"bold"}],"text":"ADVANCED: MultiGraph Support"}]}]},{"kind":"block","type":"paragraph","key":"29ba602b76d74d4ba330e7d891213c9a","isVoid":false,"data":{},"nodes":[{"kind":"text","key":"ef0eb69357984525943aca3d93f4ecd0","ranges":[{"kind":"range","marks":[],"text":"The Kafka Loader supports the TigerGraph MultiGraph feature. In the MultiGraph context, a data source can be either global or local:"}]}]},{"kind":"block","type":"list-ordered","key":"a1238f87e019452cafac089e464440c1","isVoid":false,"data":{},"nodes":[{"kind":"block","type":"list-item","key":"3381b85de6b34b968d11c6968b85cf29","isVoid":false,"data":{},"nodes":[{"kind":"block","type":"paragraph","key":"0536d25ae93246bd82f82c298c0ebc22","isVoid":false,"data":{},"nodes":[{"kind":"text","key":"03ee3cea34b54c7595761bfdfa06327b","ranges":[{"kind":"range","marks":[],"text":"A global data source can only be created by a superuser, who can grant it to any graph."}]}]}]},{"kind":"block","type":"list-item","key":"82005ee4e1e147fbbbda235288aa26fa","isVoid":false,"data":{},"nodes":[{"kind":"block","type":"paragraph","key":"e703b8c239944451a74697deb744d459","isVoid":false,"data":{},"nodes":[{"kind":"text","key":"d82f1bc8b19a4467ae81ce9de1d72cbc","ranges":[{"kind":"range","marks":[],"text":"An admin user can only create a local data source, which cannot be accessed by other graphs."}]}]}]}]},{"kind":"block","type":"paragraph","key":"548882e91c9c42ecaf05b301a62fb11f","isVoid":false,"data":{},"nodes":[{"kind":"text","key":"51a5e7cea3344480adb972bb4d209f14","ranges":[{"kind":"range","marks":[],"text":"The following are examples of permitted DATA_SOURCE operations."}]}]},{"kind":"block","type":"list-ordered","key":"700ddd7d37844e3087b47f3d42374395","isVoid":false,"data":{},"nodes":[{"kind":"block","type":"list-item","key":"925f69110af2414ca8c132206bd9f096","isVoid":false,"data":{},"nodes":[{"kind":"block","type":"paragraph","key":"720a5a9786484960b29c9a5eae4c9740","isVoid":false,"data":{},"nodes":[{"kind":"text","key":"c200a53f878f4532b83ad8c35862e5fb","ranges":[{"kind":"range","marks":[],"text":"A "},{"kind":"range","marks":[{"kind":"mark","data":{},"type":"bold"}],"text":"superuser"},{"kind":"range","marks":[],"text":" may create a global level data source without assigning it to a particular graph:"}]}]}]}]},{"kind":"block","type":"code","key":"8f2c8759bb9e482fb66c42ae03a7f14b","isVoid":false,"data":{},"nodes":[{"kind":"block","type":"code-tab","key":"4b165490ca754e60b696bb6db24b6024","isVoid":false,"data":{"syntax":"ruby"},"nodes":[{"kind":"block","type":"code-line","key":"1193638889fd46f6b316bb7ccad78e13","isVoid":false,"data":{},"nodes":[{"kind":"text","key":"2b9334d1ab544c1ea0c5da199e74c466","ranges":[{"kind":"range","marks":[],"text":"CREATE DATA_SOURCE KAFKA k1 = \"/path/to/config\""}]}]}]}]},{"kind":"block","type":"paragraph","key":"813437d7c8214da69c3d8a07b55e7e0b","isVoid":false,"data":{},"nodes":[{"kind":"text","key":"444c1a0d1c454d4c9ef8cd73a50ba9ee","ranges":[{"kind":"range","marks":[],"text":"  2. A "},{"kind":"range","marks":[{"kind":"mark","data":{},"type":"bold"}],"text":"superuser"},{"kind":"range","marks":[],"text":" may grant/revoke a data source to/from one or more graphs:"}]}]},{"kind":"block","type":"code","key":"097a9c13d6e042fb85858efc004d904d","isVoid":false,"data":{},"nodes":[{"kind":"block","type":"code-tab","key":"29f428bbec7a47c2afcbbfcf23bb82a2","isVoid":false,"data":{"syntax":"ruby"},"nodes":[{"kind":"block","type":"code-line","key":"f18d9547a32246a3b6dec39505b19a19","isVoid":false,"data":{},"nodes":[{"kind":"text","key":"94959cc067b54639bbe4342fe175e96e","ranges":[{"kind":"range","marks":[],"text":"GRANT DATA_SOURCE k1 TO GRAPH graph1, graph2"}]}]},{"kind":"block","type":"code-line","key":"625c7f6524b34b798c2480333888d582","isVoid":false,"data":{},"nodes":[{"kind":"text","key":"1b0d494ccfd44c14a513f276d1c27308","ranges":[{"kind":"range","marks":[],"text":"REVOKE DATA_SOURCE k1 FROM GRAPH graph1, graph2"}]}]}]}]},{"kind":"block","type":"paragraph","key":"bf11ca958a3f4beb93e7b1bca77b38f5","isVoid":false,"data":{},"nodes":[{"kind":"text","key":"a38b00c6dcb74d459fe9a7c346870f3c","ranges":[{"kind":"range","marks":[{"kind":"mark","data":{},"type":"bold"}],"text":"    3"},{"kind":"range","marks":[],"text":"."},{"kind":"range","marks":[{"kind":"mark","data":{},"type":"bold"}],"text":" "},{"kind":"range","marks":[],"text":"An "},{"kind":"range","marks":[{"kind":"mark","data":{},"type":"bold"}],"text":"admin"},{"kind":"range","marks":[],"text":" user may create a local data source for a specified graph which they administer:"}]}]},{"kind":"block","type":"code","key":"ec189da971524c71822c9da3664e0c8c","isVoid":false,"data":{},"nodes":[{"kind":"block","type":"code-tab","key":"eab466cdb3b4493698720e465079c437","isVoid":false,"data":{"syntax":"ruby"},"nodes":[{"kind":"block","type":"code-line","key":"5a9a1ffb45eb41338ba14193a3e64d3e","isVoid":false,"data":{},"nodes":[{"kind":"text","key":"eca6c35548a6465a879155bb066d71a3","ranges":[{"kind":"range","marks":[],"text":"CREATE DATA_SOURCE KAFKA k1 = \"/path/to/config\" FOR GRAPH test_graph"}]}]}]}]},{"kind":"block","type":"hint","key":"146e2ce30eac4a7a993f9d2c14703a94","isVoid":false,"data":{"style":"info"},"nodes":[{"kind":"block","type":"paragraph","key":"741f686895b24e468e304ecda45edc6e","isVoid":false,"data":{},"nodes":[{"kind":"text","key":"963a4efdd4314ad485b82cff91dd4d12","ranges":[{"kind":"range","marks":[],"text":"In the above statement, the local data_source k1 is only accessible to graph test_graph. A superuser cannot grant it to another graph"},{"kind":"range","marks":[{"kind":"mark","data":{},"type":"bold"}],"text":"."}]}]}]},{"kind":"block","type":"heading-3","key":"4d0aa5818a5a4a4c833afad028cba2dc","isVoid":false,"data":{},"nodes":[{"kind":"text","key":"64ac7e2baf2b4499b00549c7fd867a9f","ranges":[{"kind":"range","marks":[],"text":"DROP DATA_SOURCE"}]}]},{"kind":"block","type":"paragraph","key":"f84d84ebb95c4a8a8252d7cac2597961","isVoid":false,"data":{},"nodes":[{"kind":"text","key":"9d96c1531f024c73b62e5cbb21dbe09c","ranges":[{"kind":"range","marks":[],"text":"A data_source variable can be dropped by a user who has privilege. A global data source can only be dropped by a superuser. A local data_source can only be dropped by an admin for the relevant graph or by a superuser. The syntax for the DROP command is as follows:"}]}]},{"kind":"block","type":"code","key":"682adac61d7a4633a0314a46670f7f01","isVoid":false,"data":{},"nodes":[{"kind":"block","type":"code-tab","key":"6b36a22bad584376bca5d5d8cba94cd8","isVoid":false,"data":{"syntax":"ruby"},"nodes":[{"kind":"block","type":"code-line","key":"c9c0d274b02d4a56bf24dda28d833cf5","isVoid":false,"data":{},"nodes":[{"kind":"text","key":"83fadc277a5b42629ae739b789e3f565","ranges":[{"kind":"range","marks":[],"text":"DROP DATA_SOURCE <source1>[<source2>...] | * | ALL"}]}]}]}]},{"kind":"block","type":"paragraph","key":"6c500f442e754740b016fa0cf3b0b451","isVoid":false,"data":{},"nodes":[{"kind":"text","key":"0ae1f9ff750f4dc6a48e37df7f0a4b1d","ranges":[{"kind":"range","marks":[],"text":"Below is an example of several legal kafka data_source create and drop commands."}]}]},{"kind":"block","type":"code","key":"78124fe5094d41e0b05aae1c619a11ec","isVoid":false,"data":{},"nodes":[{"kind":"block","type":"code-tab","key":"313e4e1d94354095bee07fa82bce81fb","isVoid":false,"data":{"syntax":"ruby"},"nodes":[{"kind":"block","type":"code-line","key":"917b8e9756d24d2bbb56539d3892e3f1","isVoid":false,"data":{},"nodes":[{"kind":"text","key":"9e2b64dec05848d091099507fb130f38","ranges":[{"kind":"range","marks":[],"text":"CREATE DATA_SOURCE KAFKA k1 = \"/home/tigergraph/kafka.conf\""}]}]},{"kind":"block","type":"code-line","key":"fc46f04588dc43fc9cfbecb907202f91","isVoid":false,"data":{},"nodes":[{"kind":"text","key":"763148f359bb4482b4dbfd4ffa872fce","ranges":[{"kind":"range","marks":[],"text":"CREATE DATA_SOURCE KAFKA k2 = \"/home/tigergraph/kafka2.conf\""}]}]},{"kind":"block","type":"code-line","key":"ff2e6c4886bb484ea26cb34f6d00ca3c","isVoid":false,"data":{},"nodes":[{"kind":"text","key":"9370a6f3fefc4c34b1cd3ceaf3849692","ranges":[{"kind":"range","marks":[],"text":" "}]}]},{"kind":"block","type":"code-line","key":"cfb1951358ef4845bcdd2c7bdbcab0f7","isVoid":false,"data":{},"nodes":[{"kind":"text","key":"d577b3a6d5244e5b826e349f8d2b610a","ranges":[{"kind":"range","marks":[],"text":"DROP DATA_SOURCE k1, k2"}]}]},{"kind":"block","type":"code-line","key":"6e235e9a05b04494a17122f24b5e3138","isVoid":false,"data":{},"nodes":[{"kind":"text","key":"8eeb9172e2fb46e39a000f36e082c826","ranges":[{"kind":"range","marks":[],"text":"DROP DATA_SOURCE *"}]}]},{"kind":"block","type":"code-line","key":"7c4854d4a0044651a3996ac81fa5c790","isVoid":false,"data":{},"nodes":[{"kind":"text","key":"35bb3c288398488f9febc4d4976b2ac2","ranges":[{"kind":"range","marks":[],"text":"DROP DATA_SOURCE ALL"}]}]}]}]},{"kind":"block","type":"heading-3","key":"070e44c3b7f042f4ae8c4de5c578c85e","isVoid":false,"data":{},"nodes":[{"kind":"text","key":"4fed280ff61746cca9263ca4b3d4950e","ranges":[{"kind":"range","marks":[],"text":"SHOW DATA_SOURCE"}]}]},{"kind":"block","type":"paragraph","key":"66a0b2982776458c86b275fadb61070a","isVoid":false,"data":{},"nodes":[{"kind":"text","key":"c8e10fcdf5e84e1d9089d32831a98c28","ranges":[{"kind":"range","marks":[],"text":"The SHOW DATA_SOURCE command will display a summary of all existing data_sources for which the user has privilege:"}]}]},{"kind":"block","type":"code","key":"a01f937b41594100bb83d4f73adf10ad","isVoid":false,"data":{},"nodes":[{"kind":"block","type":"code-tab","key":"a9f0e8410901453cb26f115c4049415d","isVoid":false,"data":{"syntax":"c"},"nodes":[{"kind":"block","type":"code-line","key":"163cc2dfabea40b39afb39e9fdf8ecbd","isVoid":false,"data":{},"nodes":[{"kind":"text","key":"ac76db9af7dd4023a1e62cc46a590da9","ranges":[{"kind":"range","marks":[],"text":"$ GSQL SHOW DATA_SOURCE *"}]}]},{"kind":"block","type":"code-line","key":"a2a43bd821f1459c9e366108314bb9fa","isVoid":false,"data":{},"nodes":[{"kind":"text","key":"a0c1963e970e4ba1bcb7096797d1abc9","ranges":[{"kind":"range","marks":[],"text":" "}]}]},{"kind":"block","type":"code-line","key":"c0957849a3204323b91bbd80244a6e96","isVoid":false,"data":{},"nodes":[{"kind":"text","key":"4147b594154647c79986baefa1e8bce4","ranges":[{"kind":"range","marks":[],"text":"# the sample output"}]}]},{"kind":"block","type":"code-line","key":"a37078ec73a64dadb44187bffcd86ea9","isVoid":false,"data":{},"nodes":[{"kind":"text","key":"486ef17c931345d988541f9751e90f1b","ranges":[{"kind":"range","marks":[],"text":"Data Source:"}]}]},{"kind":"block","type":"code-line","key":"ec91b04992164609a011f6a4f588a51d","isVoid":false,"data":{},"nodes":[{"kind":"text","key":"dde467299d8245238eb2149ee477509b","ranges":[{"kind":"range","marks":[],"text":"  - KAFKA k1 (\"127.0.0.1:9092\")"}]}]},{"kind":"block","type":"code-line","key":"5830567d15904004a8c9559f1e57c32d","isVoid":false,"data":{},"nodes":[{"kind":"text","key":"a3618496833c442f8b0f1536e40d33d9","ranges":[{"kind":"range","marks":[],"text":"The global data source will be shown in global scope. The graph scope will only show the data source it has access to."}]}]},{"kind":"block","type":"code-line","key":"2bace2680915434bb538bfd1f3c5d086","isVoid":false,"data":{},"nodes":[{"kind":"text","key":"f4054132ad764ee4ad9d6034e0b0272e","ranges":[{"kind":"range","marks":[],"text":" "}]}]}]}]},{"kind":"block","type":"heading-2","key":"7e40683a557d40e48f7e8cc02bdfd48e","isVoid":false,"data":{},"nodes":[{"kind":"text","key":"00b0d9a0af9a449892ca346f395c13cf","ranges":[{"kind":"range","marks":[],"text":"2. Create a Loading Job"}]}]},{"kind":"block","type":"paragraph","key":"8bb6aee40b9d4a53b15dd0e2e9aa4088","isVoid":false,"data":{},"nodes":[{"kind":"text","key":"61faf0021ed84e778546f0c80c0e7306","ranges":[{"kind":"range","marks":[],"text":"The Kafka Loader uses the same basic "}]},{"kind":"inline","type":"link","key":"b71fdcffcd914a468b8654a4e8f7fe17","isVoid":false,"data":{"href":"https://docs.tigergraph.com/dev/gsql-ref/ddl-and-loading/creating-a-loading-job#create-loading-job"},"nodes":[{"kind":"text","key":"f95903c7d14a486995e757025683a593","ranges":[{"kind":"range","marks":[],"text":"CREATE LOADING JOB"}]}]},{"kind":"text","key":"6554c4eba9b84aa38ac1cc639cac4258","ranges":[{"kind":"range","marks":[],"text":" syntax used for standard GSQL loading jobs. A DEFINE FILENAME statement should be used to assign a loader FILENAME variable to a Kafka data source name and the path to its config file."}]}]},{"kind":"block","type":"paragraph","key":"81ffb824d1e44b24b1791ad7a89df9be","isVoid":false,"data":{},"nodes":[{"kind":"text","key":"ccb30f2eaa154a31ba126c7b7172f268","ranges":[{"kind":"range","marks":[],"text":"In addition, the filename can be specified in the RUN LOADING JOB statement with the USING clause. The filename value set by a RUN statement overrides the value set in the CREATE LOADING JOB."}]}]},{"kind":"block","type":"paragraph","key":"550185b4c0084b54a4f7cede10cfd88b","isVoid":false,"data":{},"nodes":[{"kind":"text","key":"6595268261694e8f8ef05ded4a2556d2","ranges":[{"kind":"range","marks":[],"text":"Below is the syntax for DEFINE FILENAME for use with the Kakfa Loader. In the syntax, $DATA_SOURCE_NAME is the Kafka data source name, and the path points to a configuration file with topic and partition information of the Kafka server. The Kafka configuration file must be in JSON format."}]}]},{"kind":"block","type":"code","key":"dbb2d71e7e4f463bb01c589ec5a267c4","isVoid":false,"data":{},"nodes":[{"kind":"block","type":"code-tab","key":"0481dbfc72f74901a168ed98e86080f3","isVoid":false,"data":{"syntax":"ruby"},"nodes":[{"kind":"block","type":"code-line","key":"9c04ce3d87724f5cbeeee2bab2b56ba4","isVoid":false,"data":{},"nodes":[{"kind":"text","key":"c6779143a3b6459abd7b8f675a20597b","ranges":[{"kind":"range","marks":[],"text":"DEFINE FILENAME filevar \"=\" [filepath_string | data_source_string]; "}]}]},{"kind":"block","type":"code-line","key":"929ccd22ee644c8384acde9f2835bdde","isVoid":false,"data":{},"nodes":[{"kind":"text","key":"ea4f19ca6234463d9ff626fd7372a61e","ranges":[{"kind":"range","marks":[],"text":"data_source_string = $DATA_SOURCE_NAME\":\"<path_to_configfile>"}]}]}]}]},{"kind":"block","type":"paragraph","key":"08109d2186b04b5cb97b106da1610eeb","isVoid":false,"data":{},"nodes":[{"kind":"text","key":"91f1b3554dff4d71abf6ecd0f18ffc7d","ranges":[{"kind":"range","marks":[{"kind":"mark","data":{},"type":"italic"},{"kind":"mark","data":{},"type":"bold"}],"text":"Example: "},{"kind":"range","marks":[],"text":"Load a Kafka Data Source"},{"kind":"range","marks":[{"kind":"mark","data":{},"type":"italic"},{"kind":"mark","data":{},"type":"bold"}],"text":" "},{"kind":"range","marks":[{"kind":"mark","data":{},"type":"bold"}],"text":"k1"},{"kind":"range","marks":[],"text":","},{"kind":"range","marks":[{"kind":"mark","data":{},"type":"italic"},{"kind":"mark","data":{},"type":"bold"}],"text":" "},{"kind":"range","marks":[],"text":"where the path to the topic-partition configuration file is \"~/topic_partition1.conf\":"}]}]},{"kind":"block","type":"code","key":"205cddee077b459ea8a9d30b01eba417","isVoid":false,"data":{},"nodes":[{"kind":"block","type":"code-tab","key":"e3168e0d9d934f6a8b642181c9f1b0a3","isVoid":false,"data":{"syntax":"ruby"},"nodes":[{"kind":"block","type":"code-line","key":"8821f919f51545c898ec5faf084e4273","isVoid":false,"data":{},"nodes":[{"kind":"text","key":"d19a79e9c6e54398a14b01891753cd6a","ranges":[{"kind":"range","marks":[],"text":"DEFINE FILENAME f1 = \"$k1:~/topic_partition1.conf\";"}]}]}]}]},{"kind":"block","type":"paragraph","key":"32bb03337e174b47b72aa9f355c2a9c8","isVoid":false,"data":{},"nodes":[{"kind":"text","key":"ab9ed8eb50a04558b44e9e6ab9b34d27","ranges":[{"kind":"range","marks":[{"kind":"mark","data":{},"type":"bold"}],"text":"Kafka Topic-Partition Configuration File"}]}]},{"kind":"block","type":"paragraph","key":"4fb7c8d9c0af4ca28b81fa5fe7039f68","isVoid":false,"data":{},"nodes":[{"kind":"text","key":"04fed6abc56e4aff905980502c111fdc","ranges":[{"kind":"range","marks":[],"text":"The topic-partition configuration file tells the TigerGraph system exactly which Kafka records to read.  Similar to the data source configuration file described above, the contents are in JSON object format. An example file is shown below:"}]}]},{"kind":"block","type":"code","key":"7f4207a8e63f4fa7a7b9705bc3d01503","isVoid":false,"data":{},"nodes":[{"kind":"block","type":"code-tab","key":"37ed556ad2a447b1805f2f36b73cbab2","isVoid":false,"data":{"syntax":"yaml","title":"topic_partition1.conf"},"nodes":[{"kind":"block","type":"code-line","key":"60d514f67e584a7ba8246afbeaf76c05","isVoid":false,"data":{},"nodes":[{"kind":"text","key":"7592445d87054f7f91c66c06c34fedfe","ranges":[{"kind":"range","marks":[],"text":"{"}]}]},{"kind":"block","type":"code-line","key":"9605762fa617424b88dce14571cb07b2","isVoid":false,"data":{},"nodes":[{"kind":"text","key":"42d27a5e553145988ae9538c0f62d3a0","ranges":[{"kind":"range","marks":[],"text":"  \"topic\": \"topicName1\","}]}]},{"kind":"block","type":"code-line","key":"d21e5e3c1e4f4ff5b6fb1372a0cce94e","isVoid":false,"data":{},"nodes":[{"kind":"text","key":"3d9f39c3059c4f6baf78cdb4c4aa47cf","ranges":[{"kind":"range","marks":[],"text":"  \"partition_list\": ["}]}]},{"kind":"block","type":"code-line","key":"be012108cb1f4886ab29f26e8f2a52ca","isVoid":false,"data":{},"nodes":[{"kind":"text","key":"73f6dd597c3746f886e1e04a0b08c41e","ranges":[{"kind":"range","marks":[],"text":"    {"}]}]},{"kind":"block","type":"code-line","key":"0afe6b760dc745f2aab49a0b4997beb6","isVoid":false,"data":{},"nodes":[{"kind":"text","key":"39e6607e6c1b4bd096aaccf4769f5367","ranges":[{"kind":"range","marks":[],"text":"      \"start_offset\": -1,"}]}]},{"kind":"block","type":"code-line","key":"da0a523460f84d1da970b4fc4d41e4db","isVoid":false,"data":{},"nodes":[{"kind":"text","key":"ab0ced7afb7a453b98b81fc490630ea8","ranges":[{"kind":"range","marks":[],"text":"      \"partition\": 0"}]}]},{"kind":"block","type":"code-line","key":"9bce4c8c3d914fd7b8603a57893682df","isVoid":false,"data":{},"nodes":[{"kind":"text","key":"124172a5307f40989383dbf57be15077","ranges":[{"kind":"range","marks":[],"text":"    },"}]}]},{"kind":"block","type":"code-line","key":"09e2cf1e2fda4d158856060ea39d7a7d","isVoid":false,"data":{},"nodes":[{"kind":"text","key":"72afb9a44d5940488594a719591bd5f8","ranges":[{"kind":"range","marks":[],"text":"    {"}]}]},{"kind":"block","type":"code-line","key":"f49ad092b59d449f8b8865ee79f2e368","isVoid":false,"data":{},"nodes":[{"kind":"text","key":"1f5c03e72a2d407c8e1bb552c5cbbc1b","ranges":[{"kind":"range","marks":[],"text":"      \"start_offset\": -1,"}]}]},{"kind":"block","type":"code-line","key":"10021e2d9fb442fbb1ec098e0d0cf0a7","isVoid":false,"data":{},"nodes":[{"kind":"text","key":"96dcdf52e61942ce81889cb31810d15e","ranges":[{"kind":"range","marks":[],"text":"      \"partition\": 1"}]}]},{"kind":"block","type":"code-line","key":"814fd369debe4fd5a51bd217595c013f","isVoid":false,"data":{},"nodes":[{"kind":"text","key":"c851e8422ba94b44bedabefe18e5fed7","ranges":[{"kind":"range","marks":[],"text":"    },"}]}]},{"kind":"block","type":"code-line","key":"d7178bf6ab38440a8dd3d3222ae40bdc","isVoid":false,"data":{},"nodes":[{"kind":"text","key":"bfc3025440944ddcae57a5e53bc08aff","ranges":[{"kind":"range","marks":[],"text":"    {"}]}]},{"kind":"block","type":"code-line","key":"ca2faa593c3743daaf818ff32f23fe12","isVoid":false,"data":{},"nodes":[{"kind":"text","key":"2c113b61160348be8500dc46b36e10ce","ranges":[{"kind":"range","marks":[],"text":"      \"start_offset\": -1,"}]}]},{"kind":"block","type":"code-line","key":"ab8116462c284990a70622aabcf8e1ad","isVoid":false,"data":{},"nodes":[{"kind":"text","key":"d7da518dd59c4635963614b883faf069","ranges":[{"kind":"range","marks":[],"text":"      \"partition\": 2"}]}]},{"kind":"block","type":"code-line","key":"333c4d8f95e040a0b40c4b2471a1c6fe","isVoid":false,"data":{},"nodes":[{"kind":"text","key":"2e64f77b6d634868a4604058aa4ad820","ranges":[{"kind":"range","marks":[],"text":"    }"}]}]},{"kind":"block","type":"code-line","key":"eb1e7bf8f53949c1aa91f6ef3e173946","isVoid":false,"data":{},"nodes":[{"kind":"text","key":"b8c9563002304f128b08e94c4e5f4225","ranges":[{"kind":"range","marks":[],"text":"  ]"}]}]},{"kind":"block","type":"code-line","key":"ee715ad31f194d66b952f813eca79971","isVoid":false,"data":{},"nodes":[{"kind":"text","key":"ecc2f9deb1214a9e801efbb806f07b10","ranges":[{"kind":"range","marks":[],"text":"}"}]}]}]}]},{"kind":"block","type":"paragraph","key":"42c12b7360b649beaa9b09c1155e392c","isVoid":false,"data":{},"nodes":[{"kind":"text","key":"c89cae8ff5d442e9867c11a3f5f70fa3","ranges":[{"kind":"range","marks":[],"text":"The \"topic\" key is required. Optionally,  a \"partition_list\" array can be included to specify which topic partitions to read and what start offsets to use.  If the \"partition_list\" key is missing or empty, all partitions in this topic will be used for loading. The default offset for loading is \"-1\", which means you will load data from the most recent message in the topic, i.e., the end of the topic. If you want to load from the beginning of a topic, the \"start_offset\" value should be \"-2\". "}]}]},{"kind":"block","type":"paragraph","key":"347e24b099ec47329dbaca4d1e0e775b","isVoid":false,"data":{},"nodes":[{"kind":"text","key":"e568b14d32de4a4c8565510864aaa723","ranges":[{"kind":"range","marks":[],"text":"You can also overwrite the default offset by setting \"default_start_offset\" in the Kafka topic configuration file. For example, "}]}]},{"kind":"block","type":"code","key":"3310aeb8b1354facb9f0d60fcaab650e","isVoid":false,"data":{},"nodes":[{"kind":"block","type":"code-tab","key":"a06759eb90f440a794d067ba8159a58e","isVoid":false,"data":{"syntax":"yaml"},"nodes":[{"kind":"block","type":"code-line","key":"fb770573729247ef85296d9d9a4d7440","isVoid":false,"data":{},"nodes":[{"kind":"text","key":"f1d71e624bfc404ca2cc581b6b712e8d","ranges":[{"kind":"range","marks":[],"text":"# all partition will be used if no \"partition_list\" item"}]}]},{"kind":"block","type":"code-line","key":"914264467e4d4d46a1bc95f6bb440bd7","isVoid":false,"data":{},"nodes":[{"kind":"text","key":"44804426683b4238a824ed605790758a","ranges":[{"kind":"range","marks":[],"text":"{"}]}]},{"kind":"block","type":"code-line","key":"e2b2b3d0f5a64b4796331f0e8543fa57","isVoid":false,"data":{},"nodes":[{"kind":"text","key":"9ed481d0cf9a45d9bb321833782ed533","ranges":[{"kind":"range","marks":[],"text":"  \"topic\": \"topicName1\""}]}]},{"kind":"block","type":"code-line","key":"0a4a82998d034e919611622ad9879b21","isVoid":false,"data":{},"nodes":[{"kind":"text","key":"70eaff87226e48eeb1b1c8870a1de997","ranges":[{"kind":"range","marks":[],"text":"}"}]}]},{"kind":"block","type":"code-line","key":"9dab232578fe4ec1b30946eaf11bcdd6","isVoid":false,"data":{},"nodes":[{"kind":"text","key":"764f5aa6d7634bb5b36adad98bbf27a7","ranges":[{"kind":"range","marks":[],"text":" "}]}]},{"kind":"block","type":"code-line","key":"9faa8b169a5d496b9b567a9a6980560b","isVoid":false,"data":{},"nodes":[{"kind":"text","key":"6f920b77ce75456c98e72d57632c58f8","ranges":[{"kind":"range","marks":[],"text":"# with empty \"partition_list\""}]}]},{"kind":"block","type":"code-line","key":"e148b861f0be4ac0bd28f9e84b6935b3","isVoid":false,"data":{},"nodes":[{"kind":"text","key":"a69c5787c1c344b49a9290d054898034","ranges":[{"kind":"range","marks":[],"text":"{"}]}]},{"kind":"block","type":"code-line","key":"ca8a56e1874e4a36a665bb13e780946f","isVoid":false,"data":{},"nodes":[{"kind":"text","key":"568350c4e7f84ddf897ddcbb8394fb26","ranges":[{"kind":"range","marks":[],"text":"  \"topic\": \"topicName1\","}]}]},{"kind":"block","type":"code-line","key":"e46f14ed5af7443e86de6e26f75c0a64","isVoid":false,"data":{},"nodes":[{"kind":"text","key":"b3ed8aeb540d47e78fc89b7ebcdea7c8","ranges":[{"kind":"range","marks":[],"text":"  \"partition_list\": []"}]}]},{"kind":"block","type":"code-line","key":"7fd751ea48cb431481d136d7c62a8201","isVoid":false,"data":{},"nodes":[{"kind":"text","key":"435371e519d041adad4bbf3315bed059","ranges":[{"kind":"range","marks":[],"text":"}"}]}]},{"kind":"block","type":"code-line","key":"9acd58a80b4c432e8623e21a7f32dca7","isVoid":false,"data":{},"nodes":[{"kind":"text","key":"0a8a96deba204c42b452ecf0c783ede5","ranges":[{"kind":"range","marks":[],"text":" "}]}]},{"kind":"block","type":"code-line","key":"c62095e4fa724fe39c2423753c64d828","isVoid":false,"data":{},"nodes":[{"kind":"text","key":"3659b49e330a4cb0a333abc71cf529bc","ranges":[{"kind":"range","marks":[],"text":"# overwrite the default start offset"}]}]},{"kind":"block","type":"code-line","key":"969bd14e2939461b96f18c19ffbf8727","isVoid":false,"data":{},"nodes":[{"kind":"text","key":"b51230768313496e829ffb698223ab45","ranges":[{"kind":"range","marks":[],"text":"{"}]}]},{"kind":"block","type":"code-line","key":"6d4ddf2a060b40f0ba3ef060d53aa96a","isVoid":false,"data":{},"nodes":[{"kind":"text","key":"65c961b2367848b3bea5ea238db64b99","ranges":[{"kind":"range","marks":[],"text":"  \"topic\": \"topicName1\","}]}]},{"kind":"block","type":"code-line","key":"2cd35cf1a8c34c2fbc5c4ec487bcb995","isVoid":false,"data":{},"nodes":[{"kind":"text","key":"27ac43c1fe9042e880e1ef794c729fe7","ranges":[{"kind":"range","marks":[],"text":"  \"default_start_offset\", 0"}]}]},{"kind":"block","type":"code-line","key":"62b1494624cb4aea87c5dffe1d8484ef","isVoid":false,"data":{},"nodes":[{"kind":"text","key":"e88c5fac71ee46f4a04f850b1b1d31b9","ranges":[{"kind":"range","marks":[],"text":"}"}]}]}]}]},{"kind":"block","type":"paragraph","key":"15154e87aef5498cb4cda2d18d8342cd","isVoid":false,"data":{},"nodes":[{"kind":"text","key":"946222f51fe949d2a3cd880ea274a524","ranges":[{"kind":"range","marks":[],"text":"Instead of specifying the config file path, you can also directly provide the topic-partition configuration as a string argument, as shown below:"}]}]},{"kind":"block","type":"code","key":"83efc28798f64ed6a76769ec81c088dc","isVoid":false,"data":{},"nodes":[{"kind":"block","type":"code-tab","key":"a2f96c4186954d809538b5048b0b5d66","isVoid":false,"data":{"syntax":"text"},"nodes":[{"kind":"block","type":"code-line","key":"617ccd536bc24ffc866cd7f1a64ec704","isVoid":false,"data":{},"nodes":[{"kind":"text","key":"9a605e09839e46319665726d8b8f396d","ranges":[{"kind":"range","marks":[],"text":"DEFINE FILENAME f1 = \"$k1:~/topic_partition_config.json\";"}]}]},{"kind":"block","type":"code-line","key":"b177090a14274c6488f4166a3acc1b94","isVoid":false,"data":{},"nodes":[{"kind":"text","key":"d769c4f30899443fbcda24fc232b2ecb","ranges":[{"kind":"range","marks":[],"text":"DEFINE FILENAME f1 = \"$k1:{\\\"topic\\\":\\\"zzz\\\",\\\"default_start_offset\\\":2,\\\"partition_list\\\":[]}\";"}]}]}]}]},{"kind":"block","type":"heading-2","key":"b0179ba7a8694aba98f83b77d59b7694","isVoid":false,"data":{"id":"KafkaLoaderUserDocumentationDraft-RunLoadingJobStatement"},"nodes":[{"kind":"text","key":"f4cd3c47e4c446e8a2d9a2387388e0e4","ranges":[{"kind":"range","marks":[],"text":"3. Run the Loading Job"}]}]},{"kind":"block","type":"paragraph","key":"c7040d6c38ed4e1d952caef5950e173f","isVoid":false,"data":{},"nodes":[{"kind":"text","key":"96c2f48801b646588d2e412e08641cde","ranges":[{"kind":"range","marks":[],"text":"The Kafka Loader uses the same "}]},{"kind":"inline","type":"link","key":"05e102aa0e844643bd0e7cf96ca8154d","isVoid":false,"data":{"href":"https://docs.tigergraph.com/dev/gsql-ref/ddl-and-loading/running-a-loading-job#run-loading-job"},"nodes":[{"kind":"text","key":"2bb2baec943249fc8237314cb8cb71b1","ranges":[{"kind":"range","marks":[],"text":"RUN LOADING JOB"}]}]},{"kind":"text","key":"0de6c69f23a647cdbc84f5199ac05990","ranges":[{"kind":"range","marks":[],"text":" statement that is used for GSQL loading from files. Each filename variable can be assigned a string \"DATA_SOURCE Var:topic_partition configure\", which will override the value defined in the loading job. In the example below, the config files for f3 and f4 are being set by the RUN command, whereas f1 is using the config which was specified in the CREATE LOADING JOB statement."}]}]},{"kind":"block","type":"code","key":"640a1add74ec4601a83511b003c02a97","isVoid":false,"data":{},"nodes":[{"kind":"block","type":"code-tab","key":"81bdbdb45bd54b85acdbe7293ad89cf1","isVoid":false,"data":{"syntax":"ruby"},"nodes":[{"kind":"block","type":"code-line","key":"49a8bc3515724089806b2fd4f359172a","isVoid":false,"data":{},"nodes":[{"kind":"text","key":"0babafde00f74696b74ddf36785b2012","ranges":[{"kind":"range","marks":[],"text":"RUN LOADING JOB job1 USING f1, f3=\"$k1:~/topic_part3.config\", f4=\"$k1:~/topic_part4.config\", EOF=\"true\";"}]}]}]}]},{"kind":"block","type":"hint","key":"8c46927923b843ddb204951d035fb602","isVoid":false,"data":{"style":"warning"},"nodes":[{"kind":"block","type":"paragraph","key":"36fc013933ea4f5b945ee731ba65a6ff","isVoid":false,"data":{},"nodes":[{"kind":"text","key":"25c718b150d84ee99198c761261cd935","ranges":[{"kind":"range","marks":[],"text":"A RUN LOADING JOB instance may only use one type of data source.  E.g., you may not mix both Kafka data sources and regular file data sources in one loading job."}]}]}]},{"kind":"block","type":"paragraph","key":"c6d71d290f5d4b108045796d57d60c14","isVoid":false,"data":{},"nodes":[{"kind":"text","key":"8cf029fb97f0490bb4d94577919c0691","ranges":[{"kind":"range","marks":[],"text":"All filename variables in one loading job statement must refer to the same DATA_SOURCE variable."}]}]},{"kind":"block","type":"paragraph","key":"df3322396a33490f9e3bf223f1b277e4","isVoid":false,"data":{},"nodes":[{"kind":"text","key":"c3256b81388d493c915426987ab17c8b","ranges":[{"kind":"range","marks":[],"text":"There are two modes for the Kafka Loader: streaming mode and EOF mode. The default mode is streaming mode.  In streaming mode, loading will never stop until the job is aborted. In EOF mode,  loading will stop after consuming the current Kafka message."}]}]},{"kind":"block","type":"paragraph","key":"a1db1e1e61484fcdac6b025dadec4156","isVoid":false,"data":{},"nodes":[{"kind":"text","key":"8c16534cec4c46ffaac1962b74d755ac","ranges":[{"kind":"range","marks":[],"text":"To set EOF mode, an optional parameter is added to the RUN LOADING JOB syntax:"}]}]},{"kind":"block","type":"code","key":"301c6fc4b4ab49ddaea132e1b9133604","isVoid":false,"data":{},"nodes":[{"kind":"block","type":"code-tab","key":"89d074ef153d4ae880827040cd4e365d","isVoid":false,"data":{"syntax":"ruby"},"nodes":[{"kind":"block","type":"code-line","key":"a87765e9df094d26bea6177433e04023","isVoid":false,"data":{},"nodes":[{"kind":"text","key":"790e49fe221d464cbbc84967d9a02728","ranges":[{"kind":"range","marks":[],"text":"RUN LOADING JOB [-noprint] [-dryrun] [-n [i],j] jobname"}]}]},{"kind":"block","type":"code-line","key":"58afc475b5274fb6a989ad5962fc6190","isVoid":false,"data":{},"nodes":[{"kind":"text","key":"7a6a465e2aed4e9f8ad2652e33b1aef5","ranges":[{"kind":"range","marks":[],"text":"   [ USING filevar [=\"filepath_string\"][, filevar [=\"filepath_string\"]]*"}]}]},{"kind":"block","type":"code-line","key":"adcdad7625c843f796a38c94d716a9bc","isVoid":false,"data":{},"nodes":[{"kind":"text","key":"bbc97f3048ba4a3c8450d1474f9e4c4c","ranges":[{"kind":"range","marks":[],"text":"   [, CONCURRENCY=\"cnum\"][,BATCH_SIZE=\"bnum\"]][, EOF=\"true\"]"}]}]}]}]},{"kind":"block","type":"heading-1","key":"deacf62d347d41a78721519c7fcb7511","isVoid":false,"data":{},"nodes":[{"kind":"text","key":"67463babe31c47bc890ed6acfdddcfad","ranges":[{"kind":"range","marks":[],"text":"Manage Loading Jobs"}]}]},{"kind":"block","type":"paragraph","key":"cfcc199c2591426ea15014248a39c37e","isVoid":false,"data":{},"nodes":[{"kind":"text","key":"d000f3af22094530a01a330b37dabcfd","ranges":[{"kind":"range","marks":[],"text":"Kafka Loader loading jobs are managed the same way as native loader jobs. The three key commands are "}]}]},{"kind":"block","type":"list-unordered","key":"6aad7bd8178e4cb397c68f2761b5a918","isVoid":false,"data":{},"nodes":[{"kind":"block","type":"list-item","key":"91ac9d1876c24d3bad969f9912a8d44e","isVoid":false,"data":{},"nodes":[{"kind":"block","type":"paragraph","key":"7d2064d06a5d420facefe12fbe08cac2","isVoid":false,"data":{},"nodes":[{"kind":"text","key":"4b68378185d0480bb9eedaf348a77879","ranges":[{"kind":"range","marks":[],"text":"SHOW LOADING STATUS"}]}]}]},{"kind":"block","type":"list-item","key":"2015e0a7ecc8486297bb4d2200db8cac","isVoid":false,"data":{},"nodes":[{"kind":"block","type":"paragraph","key":"7d721ea96ce54c97953618396c05d372","isVoid":false,"data":{},"nodes":[{"kind":"text","key":"94667628ee9042d182584420b11dde9f","ranges":[{"kind":"range","marks":[],"text":"ABORT LOADING JOB"}]}]}]},{"kind":"block","type":"list-item","key":"e23d62b49b1548618070302f39c97a78","isVoid":false,"data":{},"nodes":[{"kind":"block","type":"paragraph","key":"aa5aaaa58e86471c8528fffb658eaee6","isVoid":false,"data":{},"nodes":[{"kind":"text","key":"2f4ff5060e18473998c63f723f682d0f","ranges":[{"kind":"range","marks":[],"text":"RESUME LOADING JOB"}]}]}]}]},{"kind":"block","type":"paragraph","key":"aaa6223e4db443cdb3f100b941f78d6c","isVoid":false,"data":{},"nodes":[{"kind":"text","key":"588f85b46d4e4a6aa051b8c45938abe1","ranges":[{"kind":"range","marks":[],"text":"For example, the syntax for the SHOW LOADING STATUS command is as follows:"}]}]},{"kind":"block","type":"code","key":"b6abbce32f4b41d7a093fbc1d05b9d7e","isVoid":false,"data":{},"nodes":[{"kind":"block","type":"code-tab","key":"9003c4b76ada4bf5b47dab970a9e58ae","isVoid":false,"data":{"syntax":"ruby"},"nodes":[{"kind":"block","type":"code-line","key":"18695695cfe44bbeae8b62af9fb875d7","isVoid":false,"data":{},"nodes":[{"kind":"text","key":"f65be1670e80461e8166dfa7dfbf1b75","ranges":[{"kind":"range","marks":[],"text":"SHOW LOADING STATUS job_id|ALL"}]}]}]}]},{"kind":"block","type":"paragraph","key":"3a756dd600b94425bad529e2e55f76b2","isVoid":false,"data":{},"nodes":[{"kind":"text","key":"caae4791d5604ecd86af81952851be78","ranges":[{"kind":"range","marks":[],"text":"To refer to a specific job instance, using the job_id which is provided when RUN LOADING JOB is executed. For each loading job, the above command reports the following information :"}]}]},{"kind":"block","type":"list-ordered","key":"07879a0ed3fa417f83b663268bc0ce26","isVoid":false,"data":{},"nodes":[{"kind":"block","type":"list-item","key":"cd917b98581342bd8a16d7ef5fd0f7f3","isVoid":false,"data":{},"nodes":[{"kind":"block","type":"paragraph","key":"b64051ce500f4835b225bbbac3f7b2db","isVoid":false,"data":{},"nodes":[{"kind":"text","key":"49f6e91be86741778a9b8fbdcb4f6e9c","ranges":[{"kind":"range","marks":[],"text":"current loaded offset for each partition"}]}]}]},{"kind":"block","type":"list-item","key":"ede8279fca1e4fa6b7281ff4a1ff5d44","isVoid":false,"data":{},"nodes":[{"kind":"block","type":"paragraph","key":"e8b14565e0664b2a8e00929b9a86777c","isVoid":false,"data":{},"nodes":[{"kind":"text","key":"ff07657da70a49bd9632a97da214d6fd","ranges":[{"kind":"range","marks":[],"text":"average loading speed"}]}]}]},{"kind":"block","type":"list-item","key":"c75f4e4e4a18444d988373bc1f1af23a","isVoid":false,"data":{},"nodes":[{"kind":"block","type":"paragraph","key":"47fca13cea0d426e86297b48a0e36d28","isVoid":false,"data":{},"nodes":[{"kind":"text","key":"db50150782ed4fbd9a8f4e2c426b522b","ranges":[{"kind":"range","marks":[],"text":"loaded size"}]}]}]},{"kind":"block","type":"list-item","key":"7ed02edab4244e59801dd4d7f2485194","isVoid":false,"data":{},"nodes":[{"kind":"block","type":"paragraph","key":"acda08b6da67465b91617844f525d7b7","isVoid":false,"data":{},"nodes":[{"kind":"text","key":"937aee45d3f84b81b0ecff9f8f680359","ranges":[{"kind":"range","marks":[],"text":"duration"}]}]}]}]},{"kind":"block","type":"paragraph","key":"29bd129b7140482694b17f4a1b460a40","isVoid":false,"data":{},"nodes":[{"kind":"text","key":"1c9e945806bb4deeaa5336d17ba37d73","ranges":[{"kind":"range","marks":[],"text":"See "}]},{"kind":"inline","type":"link","key":"6d5e40c50c3946ec98fadb60f2036e23","isVoid":false,"data":{"href":"https://docs.tigergraph.com/dev/gsql-ref/ddl-and-loading/running-a-loading-job#inspecting-and-managing-loading-jobs"},"nodes":[{"kind":"text","key":"fccdd3d0638c4f4eb159acd017dd93b9","ranges":[{"kind":"range","marks":[],"text":"Inspecting and Managing Loading Jobs"}]}]},{"kind":"text","key":"f2210dfb41f942968046523f41f48f98","ranges":[{"kind":"range","marks":[],"text":" for more details."}]}]},{"kind":"block","type":"heading-1","key":"f78e908bf1d04643bb443efa2b43794b","isVoid":false,"data":{},"nodes":[{"kind":"text","key":"0ad2ec9a88374533b1daa25e889ee420","ranges":[{"kind":"range","marks":[],"text":"Kafka Loader Example"}]}]},{"kind":"block","type":"paragraph","key":"ac1e3f51f13848309dde8f3e186d5d0e","isVoid":false,"data":{},"nodes":[{"kind":"text","key":"d0ce92bba86f41e3a0cd6eb4a9e85602","ranges":[{"kind":"range","marks":[],"text":"Here is an example code for loading data through Kafka Loader:"}]}]},{"kind":"block","type":"code","key":"6baef3db631c4f5a9d3b9af1fb7ddde6","isVoid":false,"data":{},"nodes":[{"kind":"block","type":"code-tab","key":"a0bb9068ae054ded8f95b90f6710293e","isVoid":false,"data":{"syntax":"ruby"},"nodes":[{"kind":"block","type":"code-line","key":"49269e9780a242168a4f7cc5ecf239bb","isVoid":false,"data":{},"nodes":[{"kind":"text","key":"ac726403f8314110a462afc98aca50f7","ranges":[{"kind":"range","marks":[],"text":"USE GRAPH test_graph"}]}]},{"kind":"block","type":"code-line","key":"8236ae8edbb841f99dd28b1554306c2f","isVoid":false,"data":{},"nodes":[{"kind":"text","key":"9a4f32bf405c46208dc3cb04a3bc6e7e","ranges":[{"kind":"range","marks":[],"text":"DROP JOB load_person"}]}]},{"kind":"block","type":"code-line","key":"b2c94db062974009ab4118d2510c32a3","isVoid":false,"data":{},"nodes":[{"kind":"text","key":"613c55a4d9474c3facdcda0ed1a1fad3","ranges":[{"kind":"range","marks":[],"text":"DROP DATA_SOURCE k1"}]}]},{"kind":"block","type":"code-line","key":"818141d47509450ea531777c153707a7","isVoid":false,"data":{},"nodes":[{"kind":"text","key":"042a194a67d94ab2b5379f8e4d36aeb6","ranges":[{"kind":"range","marks":[],"text":" "}]}]},{"kind":"block","type":"code-line","key":"9817082f40c64b149fc924ec18ce1296","isVoid":false,"data":{},"nodes":[{"kind":"text","key":"16c92d9b68f84dc4b99ce950fd875f26","ranges":[{"kind":"range","marks":[],"text":"#create data_source kafka k1 = \"kafka_config.json\" for graph test_graph"}]}]},{"kind":"block","type":"code-line","key":"530fb04e4a06430d9ffa6c80d461b06c","isVoid":false,"data":{},"nodes":[{"kind":"text","key":"2e6e2d7b17964c0fa1fe64b2d6edf240","ranges":[{"kind":"range","marks":[],"text":"CREATE DATA_SOURCE KAFKA k1 FOR GRAPH test_graph"}]}]},{"kind":"block","type":"code-line","key":"5b391235e4a240d88719f18c7861ab15","isVoid":false,"data":{},"nodes":[{"kind":"text","key":"afcdd13294604bddae5c073676ce127e","ranges":[{"kind":"range","marks":[],"text":"SET k1 = \"kafka_config.json\""}]}]},{"kind":"block","type":"code-line","key":"82feabd7915d460390eb2ae5e4406751","isVoid":false,"data":{},"nodes":[{"kind":"text","key":"b5c3ba3e3b4a470dbda6e782d339cde8","ranges":[{"kind":"range","marks":[],"text":" "}]}]},{"kind":"block","type":"code-line","key":"3361e17c9e234f378e732c8255e272c5","isVoid":false,"data":{},"nodes":[{"kind":"text","key":"3e2f175abef64d598379cf1d1e95ac9c","ranges":[{"kind":"range","marks":[],"text":"# define the loading jobs"}]}]},{"kind":"block","type":"code-line","key":"fdab58be1a8b45bdaf0f11ea82ff293b","isVoid":false,"data":{},"nodes":[{"kind":"text","key":"a80c9c5c71944975ae2d0c19e9875f19","ranges":[{"kind":"range","marks":[],"text":"CREATE LOADING JOB load_person FOR GRAPH test_graph {"}]}]},{"kind":"block","type":"code-line","key":"0cd09a5987884a37a18169cc74508435","isVoid":false,"data":{},"nodes":[{"kind":"text","key":"694f7031c3114563b72fab0667975523","ranges":[{"kind":"range","marks":[],"text":"  DEFINE FILENAME f1 = \"$k1:topic_partition_config.json\";"}]}]},{"kind":"block","type":"code-line","key":"e55d99e6937148de850e2fa2c68d83d9","isVoid":false,"data":{},"nodes":[{"kind":"text","key":"4423bae46da444a5a1baaa8841281438","ranges":[{"kind":"range","marks":[],"text":"  LOAD f1"}]}]},{"kind":"block","type":"code-line","key":"b5fbf9f644d04823968af31cda875eba","isVoid":false,"data":{},"nodes":[{"kind":"text","key":"63b7c500362b4d38b370565ce1f1eb27","ranges":[{"kind":"range","marks":[],"text":"      TO VERTEX Person VALUES ($2, $0, $1),"}]}]},{"kind":"block","type":"code-line","key":"9ce5be203b38463695bb56efcdba188c","isVoid":false,"data":{},"nodes":[{"kind":"text","key":"2c5957e734644259a43f07b0d8db7ae7","ranges":[{"kind":"range","marks":[],"text":"      TO EDGE Person2Comp VALUES ($2, $2, $1)"}]}]},{"kind":"block","type":"code-line","key":"77f1ef35264e4729ab0c94f7fb2202a3","isVoid":false,"data":{},"nodes":[{"kind":"text","key":"479b58bf9d0640dda166f39a1e3bcda3","ranges":[{"kind":"range","marks":[],"text":"      USING SEPARATOR=\",\";"}]}]},{"kind":"block","type":"code-line","key":"bc3f5d141e0f44a7b436c000a5999a30","isVoid":false,"data":{},"nodes":[{"kind":"text","key":"d2261b983b82451c8726b400324bc4e0","ranges":[{"kind":"range","marks":[],"text":"}"}]}]},{"kind":"block","type":"code-line","key":"97edc462decc4f568e9c2051c9335923","isVoid":false,"data":{},"nodes":[{"kind":"text","key":"b3a56ebe3af8498688e08450da50e68d","ranges":[{"kind":"range","marks":[],"text":" "}]}]},{"kind":"block","type":"code-line","key":"7af745ce90f745739e4de6bd69642782","isVoid":false,"data":{},"nodes":[{"kind":"text","key":"c7bcc0dac3a84de8b3d6ee207eebe000","ranges":[{"kind":"range","marks":[],"text":"# load the data"}]}]},{"kind":"block","type":"code-line","key":"3d10dd0724b44a3ea2f63631f6e2a44e","isVoid":false,"data":{},"nodes":[{"kind":"text","key":"a06a0f30ff95466893bf571ebdde883f","ranges":[{"kind":"range","marks":[],"text":"RUN LOADING JOB load_person"}]}]}]}]},{"kind":"block","type":"heading-1","key":"e66459ae88e04727bb05fef1fd2e2eed","isVoid":false,"data":{},"nodes":[{"kind":"text","key":"6fa911c92beb48ca9eac64f3ef712af4","ranges":[{"kind":"range","marks":[],"text":"\n\n"}]}]}]}}