{"format_version":1,"document":{"kind":"document","key":"4","data":{"schema_version":5},"nodes":[{"kind":"block","type":"paragraph","key":"2","isVoid":false,"data":{},"nodes":[{"kind":"text","key":"1","ranges":[{"kind":"range","marks":[],"text":"For documentation of TigerGraph versions prior to 2.2, please see "}]},{"kind":"inline","type":"link","key":"360fcb50e7a34ac6b3c82d3d71c3ff16","isVoid":false,"data":{"href":"https://doc.tigergraph.com"},"nodes":[{"kind":"text","key":"20c8374ae7b3446aba1fd71ced544061","ranges":[{"kind":"range","marks":[],"text":"doc.tigergraph.com"}]}]},{"kind":"text","key":"72dc4ea0094c47db81fd8eda68e5d78f","ranges":[{"kind":"range","marks":[],"text":"."}]}]},{"kind":"block","type":"list-unordered","key":"898360061040466285f621a295230337","isVoid":false,"data":{},"nodes":[{"kind":"block","type":"list-item","key":"35cb7f84b55e401e8edc15bb9afa524d","isVoid":false,"data":{},"nodes":[{"kind":"block","type":"paragraph","key":"762f8592a69c41a7a0f1d9162561c92c","isVoid":false,"data":{},"nodes":[{"kind":"text","key":"dbb645e1f6ca4d68a7af6cd5dff8d621","ranges":[{"kind":"range","marks":[],"text":""}]},{"kind":"inline","type":"link","key":"e22ba3b1f58a457789944a48f39d52d5","isVoid":false,"data":{"href":"https://docs.tigergraph.com/v/2.4/release-notes-change-log/release-notes-tigergraph-2.4"},"nodes":[{"kind":"text","key":"26e97e120cb8499bbf42e3626a1db544","ranges":[{"kind":"range","marks":[],"text":"Release Notes - TigerGraph 2.4"}]}]},{"kind":"text","key":"1103a793e59a4c538d54ea9ee3403300","ranges":[{"kind":"range","marks":[],"text":""}]}]}]},{"kind":"block","type":"list-item","key":"251427b7dbf341719a16962af9c63f98","isVoid":false,"data":{},"nodes":[{"kind":"block","type":"paragraph","key":"540caf1953e542019c35f66f61a9b4fa","isVoid":false,"data":{},"nodes":[{"kind":"text","key":"06403c751ee24dcb96e6dcf9f1a5d227","ranges":[{"kind":"range","marks":[],"text":""}]},{"kind":"inline","type":"link","key":"71ec45aa4c8a4369af695612c35f4896","isVoid":false,"data":{"href":"https://docs.tigergraph.com/v/2.3/release-notes-change-log/release-notes-tigergraph-2.3"},"nodes":[{"kind":"text","key":"39846fd5c4564bd6a72c296c48b7f44d","ranges":[{"kind":"range","marks":[],"text":"Release Notes - TigerGraph 2.3"}]}]},{"kind":"text","key":"c816cb423d574af591210fb706b760a4","ranges":[{"kind":"range","marks":[],"text":""}]}]}]},{"kind":"block","type":"list-item","key":"08750cf558c04de59c47d028ed34d570","isVoid":false,"data":{},"nodes":[{"kind":"block","type":"paragraph","key":"c9f1176368c44733ad4dc1b6eefac849","isVoid":false,"data":{},"nodes":[{"kind":"text","key":"48f806e369d44b9588ad6f7088b5d1b6","ranges":[{"kind":"range","marks":[],"text":""}]},{"kind":"inline","type":"link","key":"cc4503ec4244420f9677d79607c043b9","isVoid":false,"data":{"href":"https://docs.tigergraph.com/v/2.2/release-notes-change-log/release-notes-tigergraph-2.2"},"nodes":[{"kind":"text","key":"3a6d512b193540d5a9959631176cb193","ranges":[{"kind":"range","marks":[],"text":"Release Notes - TigerGraph 2.2"}]}]},{"kind":"text","key":"1cb925afd6634da3ad5cf921c5620509","ranges":[{"kind":"range","marks":[],"text":""}]}]}]},{"kind":"block","type":"list-item","key":"a4b15156eef64c1b931600cf533747d7","isVoid":false,"data":{},"nodes":[{"kind":"block","type":"paragraph","key":"ac1272f4b3424368afebd12c4f08ca05","isVoid":false,"data":{},"nodes":[{"kind":"text","key":"f2d6b49ad00b45f090b422811f05cef7","ranges":[{"kind":"range","marks":[],"text":""}]},{"kind":"inline","type":"link","key":"4310a1f58a7b46f9ad2764b8cb96ead4","isVoid":false,"data":{"pageID":"-LbNORpgTi9MgfrRYdQh"},"nodes":[{"kind":"text","key":"3f616596339f4c19961816e53286fc45","ranges":[{"kind":"range","marks":[],"text":"Change Log"}]}]},{"kind":"text","key":"e0ce71d365924a51951cdb472bb09dd0","ranges":[{"kind":"range","marks":[],"text":""}]}]}]}]}]}}