{"format_version":1,"document":{"kind":"document","key":"16791701540e4953a400119fb45d112c","data":{"schema_version":6},"nodes":[{"kind":"block","type":"heading-1","key":"4949573bb2d641459fde756041aa52d5","isVoid":false,"data":{},"nodes":[{"kind":"text","key":"ba1172c0b8b64dd8980d02dde759fe86","ranges":[{"kind":"range","marks":[],"text":"111 22\"22 222\" ` 111 `   111 2222 222 ` 111 `   111 2222 222 ` 111 `   111 2222 222 ` 111 `   111 2222 222 ` 111 `   111 2222 222 ` 111 `   "}]}]},{"kind":"block","type":"paragraph","key":"4604dec6a11448168c5e9ee5aa3ba980","isVoid":false,"data":{},"nodes":[{"kind":"text","key":"6869ae71e2ad45118af9b77cda108eed","ranges":[{"kind":"range","marks":[],"text":"222222222222222222222222222222222222222222222222222222222222222222222222222222222222222222222222222222222222"}]}]},{"kind":"block","type":"paragraph","key":"7c87ab8b0ffc457a9abd1c4351750c92","isVoid":false,"data":{},"nodes":[{"kind":"text","key":"9407725ccdfb4d13ad2bc8f48095bd62","ranges":[{"kind":"range","marks":[],"text":""}]},{"kind":"inline","type":"link","key":"4e1246d958fa4446aace87d7c175712d","isVoid":false,"data":{"href":"https://seadude.gitbooks.io/linking/content/chapter1/internal.html#test"},"nodes":[{"kind":"text","key":"83b2ce9dd25c48efade0173477e49358","ranges":[{"kind":"range","marks":[],"text":"heading"}]}]},{"kind":"text","key":"834fb5e2f4004107be477ecd3efe7f2c","ranges":[{"kind":"range","marks":[],"text":" "}]},{"kind":"inline","type":"link","key":"e8b9bcd7a339490fba521f75429aa871","isVoid":false,"data":{"href":"https://seadude.gitbooks.io/linking/content"},"nodes":[{"kind":"text","key":"277f875ecdbd42809dcbe778054c9691","ranges":[{"kind":"range","marks":[],"text":"README.md file"}]}]},{"kind":"text","key":"af02469fd544489083b54b4e0b9ef091","ranges":[{"kind":"range","marks":[],"text":"  "}]}]},{"kind":"block","type":"paragraph","key":"5d7c4fbe98f14835b2d23e0ccaec07e6","isVoid":false,"data":{},"nodes":[{"kind":"text","key":"b013609c921b4e53b844542037fc0917","ranges":[{"kind":"range","marks":[{"kind":"mark","data":{},"type":"code"}],"text":"1111"}]},{"kind":"inline","type":"link","key":"adc9fe6dbd2e4dca9464a514468ad5a8","isVoid":false,"data":{"href":"http://www.baidu.com"},"nodes":[{"kind":"text","key":"c358e6a8458b4f39b33fc1ec3a449610","ranges":[{"kind":"range","marks":[{"kind":"mark","data":{},"type":"code"}],"text":"1111"}]}]},{"kind":"text","key":"3f28f553dd7e4aca82b21af72800284c","ranges":[{"kind":"range","marks":[],"text":""}]}]},{"kind":"block","type":"paragraph","key":"288f1d56eaf34515be8abf046a7db0c7","isVoid":false,"data":{},"nodes":[{"kind":"text","key":"f930bbde059c4b8d882d5a7c02cad4d6","ranges":[{"kind":"range","marks":[],"text":""}]}]},{"kind":"block","type":"heading-2","key":"63b8bb5ae659499b923fb4f01fd10d85","isVoid":false,"data":{},"nodes":[{"kind":"text","key":"8176ab70064c4ccb88e26ef827c9b3ea","ranges":[{"kind":"range","marks":[],"text":"22"}]}]},{"kind":"block","type":"code","key":"2de50007cdb6460eaf43f8b75432c8a6","isVoid":false,"data":{"syntax":"text"},"nodes":[{"kind":"block","type":"code-line","key":"66688168f40c4b4a989b1b8092eb528c","isVoid":false,"data":{},"nodes":[{"kind":"text","key":"fe0760e1224543fa83f7ac637eca3858","ranges":[{"kind":"range","marks":[],"text":"This is an [example link](http://example.com/ \"With a Title\"). "}]}]}]},{"kind":"block","type":"heading-3","key":"e9faffe261334b63bb304abd815dcd89","isVoid":false,"data":{},"nodes":[{"kind":"text","key":"dfc3de88ba114218b0915a1ea2653d88","ranges":[{"kind":"range","marks":[],"text":"3333"}]}]},{"kind":"block","type":"blockquote","key":"f085274887dc43eaa1def0d1a47a8853","isVoid":false,"data":{},"nodes":[{"kind":"block","type":"paragraph","key":"574025cd610349e39878d8f9feff4b72","isVoid":false,"data":{},"nodes":[{"kind":"text","key":"1d40ffe7cad74351abf576f35a94294e","ranges":[{"kind":"range","marks":[],"text":""}]}]}]},{"kind":"block","type":"code","key":"13d856e296d3445582bc2104807a880e","isVoid":false,"data":{"syntax":"text"},"nodes":[{"kind":"block","type":"code-line","key":"1883d743f1294104a1ee932089c6b904","isVoid":false,"data":{},"nodes":[{"kind":"text","key":"aa2f13a053864cca99a990785a09c51a","ranges":[{"kind":"range","marks":[],"text":""}]}]}]}]}}