{"format_version":1,"document":{"kind":"document","key":"5b5b31bb48324af4860b35c22a4b4851","data":{"schema_version":6},"nodes":[{"kind":"block","type":"page-ref","key":"f17c587bbfc34aa6ba827babcf3793cc","isVoid":true,"data":{"page":"-M6SMniJ3irsAVf7xrNV"},"nodes":[{"kind":"text","key":"6f065bfd9bed409ebcf810ebbb247a2e","ranges":[{"kind":"range","marks":[],"text":""}]}]},{"kind":"block","type":"paragraph","key":"a5116c8a5ba4413a8d5783661ca21140","isVoid":false,"data":{},"nodes":[{"kind":"text","key":"2a1a9c5b37234847afd9048856faa711","ranges":[{"kind":"range","marks":[],"text":""}]}]}]}}