{"format_version":1,"document":{"kind":"document","key":"5b5b31bb48324af4860b35c22a4b4851","data":{"schema_version":6},"nodes":[{"kind":"block","type":"page-ref","key":"ad787a122a264b11a6142577cdebaa6e","isVoid":true,"data":{"page":"-M6SMqU_SnjU2iKAYD-a"},"nodes":[{"kind":"text","key":"131516a39dbc4496b9f2480796058503","ranges":[{"kind":"range","marks":[],"text":""}]}]},{"kind":"block","type":"paragraph","key":"f93a4af4d8504e53a5812e613bf0b78c","isVoid":false,"data":{},"nodes":[{"kind":"text","key":"a6c44042ac5e411ca4585f60d6dbffc2","ranges":[{"kind":"range","marks":[],"text":""}]}]}]}}