{"format_version":1,"document":{"kind":"document","key":"5b5b31bb48324af4860b35c22a4b4851","data":{"schema_version":6},"nodes":[{"kind":"block","type":"page-ref","key":"8e01ad26471645fdb3a99f2e08d33991","isVoid":true,"data":{"page":"-M5KQ7eQiJjPIMNk5Aj1"},"nodes":[{"kind":"text","key":"a0ae7fd8744141a1a74f1d8d6049ac71","ranges":[{"kind":"range","marks":[],"text":""}]}]},{"kind":"block","type":"paragraph","key":"d237c68fb6e640798af9461af65d3382","isVoid":false,"data":{},"nodes":[{"kind":"text","key":"3930817556564f0ca9f25137624b40bb","ranges":[{"kind":"range","marks":[],"text":""}]}]}]}}