{"format_version":1,"document":{"kind":"document","key":"5b5b31bb48324af4860b35c22a4b4851","data":{"schema_version":6},"nodes":[{"kind":"block","type":"page-ref","key":"975968d72b564629a5355c856c8ef7ee","isVoid":true,"data":{"page":"-M6SMp6nzozNaf3DPP_P"},"nodes":[{"kind":"text","key":"8428d35fca42476a9013b8fc54fe9cb8","ranges":[{"kind":"range","marks":[],"text":""}]}]},{"kind":"block","type":"paragraph","key":"c681c20e998742c085e1694f30bff97e","isVoid":false,"data":{},"nodes":[{"kind":"text","key":"ad5573706a5140918ddba54fab6d7c8c","ranges":[{"kind":"range","marks":[],"text":""}]}]}]}}