{"format_version":1,"document":{"kind":"document","key":"987a7ed0d32a4fb8b992b08517e3bfbf","data":{"schema_version":5},"nodes":[{"kind":"block","type":"heading-1","key":"fb82bd8aacad49e0914edb9a2f852843","isVoid":false,"data":{},"nodes":[{"kind":"text","key":"ea9ad26bcd054ef6a840a5d3fbd2a1ad","ranges":[{"kind":"range","marks":[],"text":"Encryption Levels"}]}]},{"kind":"block","type":"paragraph","key":"d935ccd4cc0848d0813db1e46d84e95c","isVoid":false,"data":{},"nodes":[{"kind":"text","key":"535534bd00fb4df8bfe59a7796a8d7dc","ranges":[{"kind":"range","marks":[],"text":"Version 2.0 to 2.2 Copyright © 2018 TigerGraph. All Rights Reserved."}]}]},{"kind":"block","type":"paragraph","key":"ebaee37d028a40da9a3535b76f9d4835","isVoid":false,"data":{},"nodes":[{"kind":"text","key":"8b5ce7e3d6cd4558b81e8ed3aa5caf5c","ranges":[{"kind":"range","marks":[],"text":"The TigerGraph graph data store uses a proprietary encoding scheme which both compresses the data and obscures the data unless the user knows the encoding/decoding scheme. In addition, the TigerGraph system supports integration with industry-standard methods for encrypting data when stored in disk (\"data at rest\")."}]}]},{"kind":"block","type":"paragraph","key":"9bcd1ac3780f4ed1a3ed1d9757657cda","isVoid":false,"data":{},"nodes":[{"kind":"text","key":"bd28cc5356754d96b444c3ddc04ba582","ranges":[{"kind":"range","marks":[],"text":"Data at rest encryption can be applied at many different levels. A user can choose to use one or more level."}]}]},{"kind":"block","type":"table","key":"84f1db6b5e0a4060804a5a3a9f8f2bc7","isVoid":false,"data":{"aligns":["left","left","left"]},"nodes":[{"kind":"block","type":"table-row","key":"49c10cbd03564a068f485f0f31ada579","isVoid":false,"data":{},"nodes":[{"kind":"block","type":"table-cell","key":"54455014fe7c4ffd9d8e20dbe101092d","isVoid":false,"data":{},"nodes":[{"kind":"block","type":"paragraph","key":"31145405668d48eba5113c842bc341af","isVoid":false,"data":{},"nodes":[{"kind":"text","key":"add4f26f7fb74a6ead56c2c37048d9d4","ranges":[{"kind":"range","marks":[],"text":"Encryption Level"}]}]}]},{"kind":"block","type":"table-cell","key":"3c8cd95e1dab4539a72ad157ee81e136","isVoid":false,"data":{},"nodes":[{"kind":"block","type":"paragraph","key":"fa8d50a216fb49ef9f6e78ad8ae718c5","isVoid":false,"data":{},"nodes":[{"kind":"text","key":"443cfa015c14419b9e2639e6421ff389","ranges":[{"kind":"range","marks":[],"text":"Description"}]}]}]},{"kind":"block","type":"table-cell","key":"8a7b13cbed7746c8a384f92c16f1aa34","isVoid":false,"data":{},"nodes":[{"kind":"block","type":"paragraph","key":"1b02b1502fde479bb454792422b8376b","isVoid":false,"data":{},"nodes":[{"kind":"text","key":"08b25ddeec3e4058a19f675413fa8de5","ranges":[{"kind":"range","marks":[],"text":"TigerGraph Support"}]}]}]}]},{"kind":"block","type":"table-row","key":"2deed31034894bdc9042cc06cf72eebf","isVoid":false,"data":{},"nodes":[{"kind":"block","type":"table-cell","key":"0ff6e9de3e574b3f9739c526744197be","isVoid":false,"data":{},"nodes":[{"kind":"block","type":"paragraph","key":"1154d49b3be7418686ea771247ceaccc","isVoid":false,"data":{},"nodes":[{"kind":"text","key":"86f3e5ed95374208a72a7448fc91b90a","ranges":[{"kind":"range","marks":[],"text":"Hardware"}]}]}]},{"kind":"block","type":"table-cell","key":"1019014e557e4490892b3460d21523f4","isVoid":false,"data":{},"nodes":[{"kind":"block","type":"paragraph","key":"be4762695bd7472a86ae91affbca6a82","isVoid":false,"data":{},"nodes":[{"kind":"text","key":"7427d8b40c5c4ae592d150ba7c5f12af","ranges":[{"kind":"range","marks":[],"text":"Use specialized hard disks which perform automatic \nencryption on write and decryption on read (by \nauthorized OS users)"}]}]}]},{"kind":"block","type":"table-cell","key":"4337ba54b96b4da39d7093d124165e52","isVoid":false,"data":{},"nodes":[{"kind":"block","type":"paragraph","key":"02670fddc6374257957d7f0e2e821ffe","isVoid":false,"data":{},"nodes":[{"kind":"text","key":"1eebfc5630454a10bcbe559108e0edc0","ranges":[{"kind":"range","marks":[],"text":"Invisible to TigerGraph"}]}]}]}]},{"kind":"block","type":"table-row","key":"ad74b2abb820460bb7c3aff543f6c824","isVoid":false,"data":{},"nodes":[{"kind":"block","type":"table-cell","key":"89d1b92259ba4453960c288a20d51d56","isVoid":false,"data":{},"nodes":[{"kind":"block","type":"paragraph","key":"33a69495a92849a988f8bc56d7c6ab51","isVoid":false,"data":{},"nodes":[{"kind":"text","key":"d5249a89b50e40979d120b12f2c0db63","ranges":[{"kind":"range","marks":[],"text":"Kernel-level file system"}]}]}]},{"kind":"block","type":"table-cell","key":"76a80d1ae3534fc9a38904fdffa2ec5f","isVoid":false,"data":{},"nodes":[{"kind":"block","type":"paragraph","key":"c33f15fd06a34af4b0b1d6ba49a14b9b","isVoid":false,"data":{},"nodes":[{"kind":"text","key":"5632db5037144a17b8efdbfe75c930c8","ranges":[{"kind":"range","marks":[],"text":"Use Linux built-in utilities to encrypt data. \nRoot privilege required."}]}]}]},{"kind":"block","type":"table-cell","key":"02df8561cf1a43a596ff9c076741bdf9","isVoid":false,"data":{},"nodes":[{"kind":"block","type":"paragraph","key":"2de0e1f05b3f4ff4854f99f95eb0ec91","isVoid":false,"data":{},"nodes":[{"kind":"text","key":"348c82ecf69240178dffc0fc9aa519b0","ranges":[{"kind":"range","marks":[],"text":"Invisible to TigerGraph"}]}]}]}]},{"kind":"block","type":"table-row","key":"9a121b5547ab4bd98dd6f81a000d54f6","isVoid":false,"data":{},"nodes":[{"kind":"block","type":"table-cell","key":"c2a4ac39321647dd9118b4e4eab3469c","isVoid":false,"data":{},"nodes":[{"kind":"block","type":"paragraph","key":"b57aa7f78e5f475793bf136d30088c81","isVoid":false,"data":{},"nodes":[{"kind":"text","key":"24f2d360883e49c2a8abe69c4ff34d62","ranges":[{"kind":"range","marks":[],"text":"User-level file system"}]}]}]},{"kind":"block","type":"table-cell","key":"51b9bc45d448425181b21256dece2d7f","isVoid":false,"data":{},"nodes":[{"kind":"block","type":"paragraph","key":"d212ed8df5634afa9629bd7aab9dd09a","isVoid":false,"data":{},"nodes":[{"kind":"text","key":"9964ad8de4cc4d5890fd24087bdaa977","ranges":[{"kind":"range","marks":[],"text":"Use Linux built-in utilities and customized libraries to encrypt data. \nRoot privilege is not required."}]}]}]},{"kind":"block","type":"table-cell","key":"dca5d5187c404e1c8170b9433e78cd71","isVoid":false,"data":{},"nodes":[{"kind":"block","type":"paragraph","key":"953acd7f08b549768f544a64cb6490be","isVoid":false,"data":{},"nodes":[{"kind":"text","key":"00f88c016a0b40af9af639b256dfb414","ranges":[{"kind":"range","marks":[],"text":"Invisible to TigerGraph"}]}]}]}]}]},{"kind":"block","type":"heading-2","key":"3afda4910d174f2693529d0358dc9b0a","isVoid":false,"data":{},"nodes":[{"kind":"text","key":"db21b26491704b9a8b40e91c718c2411","ranges":[{"kind":"range","marks":[],"text":"Kernel-level Encryption"}]}]},{"kind":"block","type":"paragraph","key":"08e6d6d4713e4fd88c08e7edfa97160e","isVoid":false,"data":{},"nodes":[{"kind":"text","key":"aadf5d7666b4485ebbb5f7453b35ceb6","ranges":[{"kind":"range","marks":[],"text":"File system encryption employs advanced encryption algorithms. Some tools allow the user to select from a menu of encryption algorithms. It can be done either in kernel mode or user mode. To run in kernel mode, superuser  permission is required."}]}]},{"kind":"block","type":"paragraph","key":"491c966cdddd4633b1fa8a2f8e78ec69","isVoid":false,"data":{},"nodes":[{"kind":"text","key":"dcf8a28d13dd4dd083b6d2397a55a23c","ranges":[{"kind":"range","marks":[],"text":"Since Linux 2.6,  device-mapper has been an infrastructure, which provides a generic way to create virtual layers of block devices with transparent encryption blocks using the kernel crypto API."}]}]},{"kind":"block","type":"paragraph","key":"fb16e0846dbc43aa8d3009f0f3525d73","isVoid":false,"data":{},"nodes":[{"kind":"text","key":"f50103e6ab914fbe9d41841c53c57bbc","ranges":[{"kind":"range","marks":[],"text":"In Ubuntu, full-disk encryption is an option during the OS installation process. For other Linux distributions, the disk can be encrypted with "}]},{"kind":"inline","type":"link","key":"bc018443af354e2d878b6e98a2475dee","isVoid":false,"data":{"href":"https://wiki.archlinux.org/index.php/Dm-crypt"},"nodes":[{"kind":"text","key":"a24298d5bff14adb9b06ba7de242d154","ranges":[{"kind":"range","marks":[],"text":"dm-encrypt "}]}]},{"kind":"text","key":"9d628acd10f04d8abebae646bae22978","ranges":[{"kind":"range","marks":[],"text":"."}]}]},{"kind":"block","type":"paragraph","key":"7d83d74487854288bdcf959d1d82d53b","isVoid":false,"data":{},"nodes":[{"kind":"text","key":"d486fd5fea4a480db8a26a09330ac068","ranges":[{"kind":"range","marks":[],"text":"A commonly used utility is "}]},{"kind":"inline","type":"link","key":"491d7418915c4491b09b5c04ee4cf535","isVoid":false,"data":{"href":"http://ecryptfs.org/"},"nodes":[{"kind":"text","key":"b5e0e8a7d6834c689c3353705653bdc1","ranges":[{"kind":"range","marks":[],"text":"eCryptfs "}]}]},{"kind":"text","key":"ec0911107b6f48b5908db9da6148cb23","ranges":[{"kind":"range","marks":[],"text":", which is licensed under GPL, and it is built into some kernels, such as Ubuntu."}]}]},{"kind":"block","type":"heading-2","key":"9b01e27e372147bf9f03c9147fb6f8c7","isVoid":false,"data":{},"nodes":[{"kind":"text","key":"018ef9fa038942b1bfb34e4afe19af06","ranges":[{"kind":"range","marks":[],"text":"User-Level Encryption"}]}]},{"kind":"block","type":"paragraph","key":"fed4411b20974ef1869a13e811491ee2","isVoid":false,"data":{},"nodes":[{"kind":"text","key":"5881d6c57b50463592d50002466d7b53","ranges":[{"kind":"range","marks":[],"text":"If root privilege is not available, a workaround is to use FUSE (Filesystem in User Space) to create a user-level filesystem running on top of the host operating system. While the performance may not be as good as running in kernel mode, there are more options available for customization and tuning."}]}]},{"kind":"block","type":"heading-1","key":"aae8e81dd6c143ceaa5aa69fcf7b9d4c","isVoid":false,"data":{},"nodes":[{"kind":"text","key":"81daa770525f478e856593ee27afdf0f","ranges":[{"kind":"range","marks":[],"text":"Example 1: Kernel-mode file system encryption with dm-crypt"}]}]},{"kind":"block","type":"paragraph","key":"cb4e233f6fb54434a0d3dec35d56a3f0","isVoid":false,"data":{},"nodes":[{"kind":"text","key":"cbeb3b0369ef4b4fa5925c563c5c73f0","ranges":[{"kind":"range","marks":[],"text":"In this example, we use dm-crypt to provide kernel-mode file system encryption. The dm-crypt utility is widely available and offers a choice of encryption algorithms. It also can be set to encrypt various units of storage – full disk, partitions, logical volumes, or files."}]}]},{"kind":"block","type":"paragraph","key":"9e22182e9fa04d5a8f740e5e291d6473","isVoid":false,"data":{},"nodes":[{"kind":"text","key":"5697f3350ac2419e9f7554782f125bf9","ranges":[{"kind":"range","marks":[],"text":"The basic idea of this solution is to create a file, map an encrypted file system to it, and mount it as a storage directory for TigerGraph with R/W permission only to authorized users."}]}]},{"kind":"block","type":"heading-2","key":"f085f1b6a8ca416cab602702dfc9fbc5","isVoid":false,"data":{},"nodes":[{"kind":"text","key":"af9bb5bf360c4245963fe3c6194e386a","ranges":[{"kind":"range","marks":[],"text":"Prerequisites"}]}]},{"kind":"block","type":"paragraph","key":"e4b8ea86f3a54a38982dba575c173a8f","isVoid":false,"data":{},"nodes":[{"kind":"text","key":"1649eedc02324d2887f003cabc41daf1","ranges":[{"kind":"range","marks":[],"text":"Before you start, you will need a Linux machine on which"}]}]},{"kind":"block","type":"list-unordered","key":"685434d73e9942ff9ec6741eb871da68","isVoid":false,"data":{},"nodes":[{"kind":"block","type":"list-item","key":"45b3e63677b94c8fa51a0329ac608506","isVoid":false,"data":{},"nodes":[{"kind":"block","type":"paragraph","key":"f6e828251a5b4c0e9ce5a8a35adfea5e","isVoid":false,"data":{},"nodes":[{"kind":"text","key":"391a2700071e4177ac2b236fc50885cb","ranges":[{"kind":"range","marks":[],"text":"you have root permission,"}]}]}]},{"kind":"block","type":"list-item","key":"407b6394f9534cdba4ca987049c1da39","isVoid":false,"data":{},"nodes":[{"kind":"block","type":"paragraph","key":"71b6dc68226846c9b081cdee15691a78","isVoid":false,"data":{},"nodes":[{"kind":"text","key":"1497341b92c54941aaf119f00fa21a0a","ranges":[{"kind":"range","marks":[],"text":"the TigerGraph system has not yet been installed,"}]}]}]},{"kind":"block","type":"list-item","key":"cf6393c30a4c497eb623a434278d60c8","isVoid":false,"data":{},"nodes":[{"kind":"block","type":"paragraph","key":"30c23e83390b462cb18c0edb9677125d","isVoid":false,"data":{},"nodes":[{"kind":"text","key":"297a562e338d44e2b083f303df7814e4","ranges":[{"kind":"range","marks":[],"text":"and you have sufficient disk space for the TigerGraph data you wish to encrypt. This may be on your local disk or on a separate disk you have mounted."}]}]}]}]},{"kind":"block","type":"heading-2","key":"8c3e441082f64f7e8ca054cec1cb1ed4","isVoid":false,"data":{},"nodes":[{"kind":"text","key":"1703c12aaac4444aa3c81c8c113642a0","ranges":[{"kind":"range","marks":[],"text":"Instructions"}]}]},{"kind":"block","type":"list-unordered","key":"77e02b05fc6b40c4826d804b951d21f7","isVoid":false,"data":{},"nodes":[{"kind":"block","type":"list-item","key":"22a0c7184b2d428c8d9e232f2851b945","isVoid":false,"data":{},"nodes":[{"kind":"block","type":"paragraph","key":"9db4021c252647de8c71319bcdaec1b1","isVoid":false,"data":{},"nodes":[{"kind":"text","key":"a49d94510408439d82f01229e5a48236","ranges":[{"kind":"range","marks":[],"text":"Install cryptsetup (cryptsetup is included with Ubuntu, but other OS users may need to install it with yum)."}]}]}]},{"kind":"block","type":"list-item","key":"70de0fa725264766b228a6426edb0deb","isVoid":false,"data":{},"nodes":[{"kind":"block","type":"paragraph","key":"fe8c84b1faed4d0f91ee9b2634e74ad6","isVoid":false,"data":{},"nodes":[{"kind":"text","key":"f1f42525b81e47719b9bcaebaeabf936","ranges":[{"kind":"range","marks":[],"text":"Install the TigerGraph system."}]}]}]},{"kind":"block","type":"list-item","key":"2e4ed94be5214abfb855c322415eead2","isVoid":false,"data":{},"nodes":[{"kind":"block","type":"paragraph","key":"98e8e4831ff046239ac4a3fd1d6fd969","isVoid":false,"data":{},"nodes":[{"kind":"text","key":"6ebb875a9b6a4b59b7369e2af7cdd862","ranges":[{"kind":"range","marks":[],"text":"Grant sudo privilege to the TigerGraph OS user."}]}]}]},{"kind":"block","type":"list-item","key":"1c59769dfca545d883314803a38e2219","isVoid":false,"data":{},"nodes":[{"kind":"block","type":"paragraph","key":"f86ff978aefd45a2af0d889852442b49","isVoid":false,"data":{},"nodes":[{"kind":"text","key":"63d7800cdcd44642a2555d59586df7c6","ranges":[{"kind":"range","marks":[],"text":"Stop all TigerGraph services with the following commands: \ngadmin stop -y \ngadmin stop admin -y"}]}]}]},{"kind":"block","type":"list-item","key":"1d7feb7d4d0042f7b55526e1fbce57a1","isVoid":false,"data":{},"nodes":[{"kind":"block","type":"paragraph","key":"d1f5cc7c810f485399cbf33c9fa2a864","isVoid":false,"data":{},"nodes":[{"kind":"text","key":"eb90c152184647b5b992aecc9a07d04e","ranges":[{"kind":"range","marks":[],"text":"Acting as the tigergraph OS user, run the following export commands to set variables. Replace the placeholders enclosed in angle brackets <...> with the values of your choice:"}]}]}]}]},{"kind":"block","type":"code","key":"e619747cb4ce4e09984bff22a87bade3","isVoid":false,"data":{},"nodes":[{"kind":"block","type":"code-tab","key":"5446fdcc2dfe4c19a98a505749b9c0b2","isVoid":false,"data":{"syntax":"bash"},"nodes":[{"kind":"block","type":"code-line","key":"bd0ffeddd1a5418595df40fb940c71c6","isVoid":false,"data":{},"nodes":[{"kind":"text","key":"9d969a6362384ce5a81159f7e143b371","ranges":[{"kind":"range","marks":[],"text":"# The username for TigerGraph Database System, for example: tigergraph"}]}]},{"kind":"block","type":"code-line","key":"c96ef37a1c0b4beab4bcceaab8b65ba3","isVoid":false,"data":{},"nodes":[{"kind":"text","key":"8997bfab825646aeaace374167a6d43a","ranges":[{"kind":"range","marks":[],"text":"export db_user='<username>'"}]}]},{"kind":"block","type":"code-line","key":"1cd946016cf246999ff3b7d93522a908","isVoid":false,"data":{},"nodes":[{"kind":"text","key":"6ca0c64c53804028b07ebc0f2309dab6","ranges":[{"kind":"range","marks":[],"text":""}]}]},{"kind":"block","type":"code-line","key":"5c0ab7b1e2ba48a6a9443449887e12e8","isVoid":false,"data":{},"nodes":[{"kind":"text","key":"f3e22d9525cc42fab62f7c74451afaf4","ranges":[{"kind":"range","marks":[],"text":"# The path of encrypted file to be created for TigerGraph storage, for example: /home/tigergraph/secretfs"}]}]},{"kind":"block","type":"code-line","key":"3b2da1a0e4d54ad088dbaa01cc7e3ef0","isVoid":false,"data":{},"nodes":[{"kind":"text","key":"8b71bddf95d241edb4481d2b39282c7a","ranges":[{"kind":"range","marks":[],"text":"export encrypted_file_path='<path-to-encrypted-file>'"}]}]},{"kind":"block","type":"code-line","key":"add723a50bf24ec997852129c705d3bd","isVoid":false,"data":{},"nodes":[{"kind":"text","key":"9fab927c195545b7af516c768b972efc","ranges":[{"kind":"range","marks":[],"text":""}]}]},{"kind":"block","type":"code-line","key":"982f2838b5034bb5a04f397a92bfb624","isVoid":false,"data":{},"nodes":[{"kind":"text","key":"2b8ae04ccce449798b13e38e9637ce23","ranges":[{"kind":"range","marks":[],"text":"# The size of encrypted file to be created (used by dd command), for example: 60G"}]}]},{"kind":"block","type":"code-line","key":"17b4a96272c44a62ba5d3b6eefbfcf39","isVoid":false,"data":{},"nodes":[{"kind":"text","key":"1a08d524784441a18b61115ee8efd8b7","ranges":[{"kind":"range","marks":[],"text":"export encrypted_file_size=<storage-size>"}]}]},{"kind":"block","type":"code-line","key":"3e69d4c417134e2c84c6c3a23ec4f696","isVoid":false,"data":{},"nodes":[{"kind":"text","key":"fba8f69ea26c4743b8f88b6156328cc8","ranges":[{"kind":"range","marks":[],"text":""}]}]},{"kind":"block","type":"code-line","key":"7416296c24a144898302b215d96a5b91","isVoid":false,"data":{},"nodes":[{"kind":"text","key":"c7e3d0308e7240118ce450aa3178d3c3","ranges":[{"kind":"range","marks":[],"text":"# The password for the encrypted file, for example: DataAtRe5tPa55w0rd"}]}]},{"kind":"block","type":"code-line","key":"550a475df8b140e6976d561356fc9df7","isVoid":false,"data":{},"nodes":[{"kind":"text","key":"b76106799d5b458fafd03ee74770c61d","ranges":[{"kind":"range","marks":[],"text":"export encryption_password='<password>'"}]}]},{"kind":"block","type":"code-line","key":"b3dfc64eb0364e9393fb4281e0e40980","isVoid":false,"data":{},"nodes":[{"kind":"text","key":"9da6d4cb9b534f40988cda4af1498070","ranges":[{"kind":"range","marks":[],"text":""}]}]},{"kind":"block","type":"code-line","key":"db0f43a31a7748488f4450dc3503be1c","isVoid":false,"data":{},"nodes":[{"kind":"text","key":"5fc316d752a942db9d321a5f5b944aa5","ranges":[{"kind":"range","marks":[],"text":"# The root directory for tigergraph, for example: $HOME/tigergraph"}]}]},{"kind":"block","type":"code-line","key":"34161659b05743cdb78ff40b39ed573e","isVoid":false,"data":{},"nodes":[{"kind":"text","key":"5e141262b3e148bf9d7c12b90a6fa509","ranges":[{"kind":"range","marks":[],"text":"export tigergraph_root=\"<tigergraph-root>\""}]}]},{"kind":"block","type":"code-line","key":"8bf815af67764232b6bf87406411ca5d","isVoid":false,"data":{},"nodes":[{"kind":"text","key":"5a2311864d9f4b89ba2bc8b7da7b6b75","ranges":[{"kind":"range","marks":[],"text":""}]}]},{"kind":"block","type":"code-line","key":"42dcbbe012324e38a08fdf140740fe54","isVoid":false,"data":{},"nodes":[{"kind":"text","key":"8e2855617d5244cbb9c8697023f77a5e","ranges":[{"kind":"range","marks":[],"text":"# Set the first available loop device for encrypted file mapping"}]}]},{"kind":"block","type":"code-line","key":"68eedeb5bb1543f69590611493676e02","isVoid":false,"data":{},"nodes":[{"kind":"text","key":"f9a23326c2354aebb86c403c1b782cf0","ranges":[{"kind":"range","marks":[],"text":"export loop_device=$(losetup -f)"}]}]}]}]},{"kind":"block","type":"list-unordered","key":"38c6407ade0242d8bfb8cf9cf850ea90","isVoid":false,"data":{},"nodes":[{"kind":"block","type":"list-item","key":"c36027d1ebe3424eae35a8dce8317467","isVoid":false,"data":{},"nodes":[{"kind":"block","type":"paragraph","key":"41781e15cf1e4a498b9f7b4a9438afae","isVoid":false,"data":{},"nodes":[{"kind":"text","key":"d601d1f24c3748999d089060299256a6","ranges":[{"kind":"range","marks":[],"text":"Create a file for TigerGraph data storage."}]}]}]}]},{"kind":"block","type":"code","key":"d5cd724dbc004692a2cb6d4ae9864124","isVoid":false,"data":{},"nodes":[{"kind":"block","type":"code-tab","key":"3868b993242646c5a196e14dbd190968","isVoid":false,"data":{"syntax":"bash"},"nodes":[{"kind":"block","type":"code-line","key":"81dd4d3c81aa4e91b4e19eaeb799c9a3","isVoid":false,"data":{},"nodes":[{"kind":"text","key":"169361b0ae9c40dea06550b9a1fc6c24","ranges":[{"kind":"range","marks":[],"text":"dd of=$encrypted_file_path bs=$encrypted_file_size count=0 seek=1"}]}]}]}]},{"kind":"block","type":"list-unordered","key":"90b8fbba26b44595a0614060c1bea262","isVoid":false,"data":{},"nodes":[{"kind":"block","type":"list-item","key":"becde5662b924fac8d7ccbc0d698b86a","isVoid":false,"data":{},"nodes":[{"kind":"block","type":"paragraph","key":"bfbef683865c4e5c89ce7e986deb8907","isVoid":false,"data":{},"nodes":[{"kind":"text","key":"463c9ca304824b7283ef53529c79f925","ranges":[{"kind":"range","marks":[],"text":"Change the permission of the file so that only the owner of the file (that is, only the tigergraph user who created the file in the previous step) will be able to access it:"}]}]}]}]},{"kind":"block","type":"code","key":"67033763490d4d238473d2d33c31471c","isVoid":false,"data":{},"nodes":[{"kind":"block","type":"code-tab","key":"d8954f72c2d84da0999c690ae717a19b","isVoid":false,"data":{"syntax":"bash"},"nodes":[{"kind":"block","type":"code-line","key":"1eac137c29eb4d5db1a3987887f6c0a2","isVoid":false,"data":{},"nodes":[{"kind":"text","key":"ecce63c016e740fc8e0d19c306fb771b","ranges":[{"kind":"range","marks":[],"text":"chmod 600 $encrypted_file_path"}]}]}]}]},{"kind":"block","type":"list-unordered","key":"e1eebf1a744d4a1e86c6154db833e9d7","isVoid":false,"data":{},"nodes":[{"kind":"block","type":"list-item","key":"9bc3bbee1cce4284bd758a6a6c8596c6","isVoid":false,"data":{},"nodes":[{"kind":"block","type":"paragraph","key":"7542abe6235d45bf8865dd589fabf4e5","isVoid":false,"data":{},"nodes":[{"kind":"text","key":"8fa9b1af622b45f389c3fbd2432d18d6","ranges":[{"kind":"range","marks":[],"text":"Associate a loopback device with the file:"}]}]}]}]},{"kind":"block","type":"code","key":"d575f750c593465e8cef9100b7689e40","isVoid":false,"data":{},"nodes":[{"kind":"block","type":"code-tab","key":"eb21ba573fd94f55a1480a1d2cddac22","isVoid":false,"data":{"syntax":"bash"},"nodes":[{"kind":"block","type":"code-line","key":"6600401797df4949ba45eee7d4abc997","isVoid":false,"data":{},"nodes":[{"kind":"text","key":"9c67eca711954910af499bdbb0479628","ranges":[{"kind":"range","marks":[],"text":"sudo losetup $loop_device $encrypted_file_path"}]}]}]}]},{"kind":"block","type":"list-unordered","key":"ed01de9fdc044d48b57e875c9937c889","isVoid":false,"data":{},"nodes":[{"kind":"block","type":"list-item","key":"7fa352b4c1c24dfb9b8545a2f725df81","isVoid":false,"data":{},"nodes":[{"kind":"block","type":"paragraph","key":"9f588091e6494e16b6f48c7e3e6bc3fe","isVoid":false,"data":{},"nodes":[{"kind":"text","key":"6aa19829c76441bead2e19ab3d1a7ed6","ranges":[{"kind":"range","marks":[],"text":"Encrypt storage in the device. cryptsetup will use the Linux device mapper to create, in this case, $encrypted_file_path . Initialize the volume and set a password interactively with the password you set to $encryption_password :"}]}]}]}]},{"kind":"block","type":"code","key":"dfea1a5f344040518597e6e4501a7339","isVoid":false,"data":{},"nodes":[{"kind":"block","type":"code-tab","key":"c1a046aaeef1467a94950b03dc086442","isVoid":false,"data":{"syntax":"bash"},"nodes":[{"kind":"block","type":"code-line","key":"a39ca6762d11457480339e96426a54a4","isVoid":false,"data":{},"nodes":[{"kind":"text","key":"cb7ed0a0074e4cd58de6a6be73be5929","ranges":[{"kind":"range","marks":[],"text":"sudo cryptsetup -y luksFormat $loop_device "}]}]}]}]},{"kind":"block","type":"paragraph","key":"dd42948907be446b8159be65e88c643d","isVoid":false,"data":{},"nodes":[{"kind":"text","key":"b67d292d3475444fa373427119b0da06","ranges":[{"kind":"range","marks":[],"text":"If you are trying to automate the process with a script running with root TTY session , you may use the following command:"}]}]},{"kind":"block","type":"code","key":"8176c490e14644d4b51b30e120771719","isVoid":false,"data":{},"nodes":[{"kind":"block","type":"code-tab","key":"21cbfd6deddd4a52ad5fa6d20e4d94ef","isVoid":false,"data":{"syntax":"bash"},"nodes":[{"kind":"block","type":"code-line","key":"425a5dfc856e482fb52da54f6999c1f0","isVoid":false,"data":{},"nodes":[{"kind":"text","key":"dab776e1448b4b8e90ce5af3e9ee8038","ranges":[{"kind":"range","marks":[],"text":"echo \"$encryption_password\" | cryptsetup -y luksFormat $loop_device "}]}]}]}]},{"kind":"block","type":"list-unordered","key":"acc29505ae834c75b363bfc5d2cb3476","isVoid":false,"data":{},"nodes":[{"kind":"block","type":"list-item","key":"7eedacc950304897865fc54aaea06ca5","isVoid":false,"data":{},"nodes":[{"kind":"block","type":"paragraph","key":"bf2b35601bc14b78be9f4b00468c2b34","isVoid":false,"data":{},"nodes":[{"kind":"text","key":"eacaecccce1c473a8585b593f25faa4f","ranges":[{"kind":"range","marks":[],"text":"Open the partition, and create a mapping to $encrypted_file_path :"}]}]}]}]},{"kind":"block","type":"code","key":"df7c19f2d6b644b99a9398aa1c38fdfc","isVoid":false,"data":{},"nodes":[{"kind":"block","type":"code-tab","key":"50b1f39f22364e8ca45b7491ad6d00fe","isVoid":false,"data":{"syntax":"bash"},"nodes":[{"kind":"block","type":"code-line","key":"e6f993d8e1dd4b7f9f362d3411961d9e","isVoid":false,"data":{},"nodes":[{"kind":"text","key":"eb07884cf84048a0800c9131a14e0176","ranges":[{"kind":"range","marks":[],"text":"sudo cryptsetup luksOpen $loop_device tigergraph_gstore "}]}]}]}]},{"kind":"block","type":"paragraph","key":"71ae281d881a40479ec28323c308a594","isVoid":false,"data":{},"nodes":[{"kind":"text","key":"4a3fb8909a62431783f55d7e8a26d8ae","ranges":[{"kind":"range","marks":[],"text":"If you are trying to automate the process with a script running with root TTY session , you may use the following command:"}]}]},{"kind":"block","type":"code","key":"0e102eeac66b4aaeab77fd03df1932c8","isVoid":false,"data":{},"nodes":[{"kind":"block","type":"code-tab","key":"e65f14c4fed04b70828a8927668cb260","isVoid":false,"data":{"syntax":"bash"},"nodes":[{"kind":"block","type":"code-line","key":"013b59f5850f498882524123874d5787","isVoid":false,"data":{},"nodes":[{"kind":"text","key":"3166d6518e2d45b497dd5633fd6489b7","ranges":[{"kind":"range","marks":[],"text":"echo \"$encryption_password\" | cryptsetup luksOpen $loop_device tigergraph_gstore"}]}]}]}]},{"kind":"block","type":"list-unordered","key":"e168c3cc0a43499fa8744fb18b3b2c2b","isVoid":false,"data":{},"nodes":[{"kind":"block","type":"list-item","key":"54901db410cf495baf9302d1ed7c9ac4","isVoid":false,"data":{},"nodes":[{"kind":"block","type":"paragraph","key":"6f4829d3c5474091bf49f0a92a91d49e","isVoid":false,"data":{},"nodes":[{"kind":"text","key":"32990888eee44855bd668e87f8605f5a","ranges":[{"kind":"range","marks":[],"text":"Clear the password from bash variables and bash history."}]}]}]}]},{"kind":"block","type":"hint","key":"96a94a160c9741f4a7140a7cd764c0fe","isVoid":false,"data":{"style":"warning"},"nodes":[{"kind":"block","type":"paragraph","key":"bf409d072e134ec391799eae88a04e23","isVoid":false,"data":{},"nodes":[{"kind":"text","key":"fcff7cb46f8641e08a04d84ab60d522b","ranges":[{"kind":"range","marks":[],"text":" The following commands may clear your previous bash histories as well. Instead, you may edit ~/.bash_history to selectively delete the related entries."}]}]}]},{"kind":"block","type":"code","key":"63b95ceb05e44d6e8a3c099fdc2e3d23","isVoid":false,"data":{},"nodes":[{"kind":"block","type":"code-tab","key":"abbb7017400748a3b010d669173e7448","isVoid":false,"data":{"syntax":"bash"},"nodes":[{"kind":"block","type":"code-line","key":"103ec4a932c040d592a1d3253f8c3c66","isVoid":false,"data":{},"nodes":[{"kind":"text","key":"5ed8630f4b2547faabf80730f0761f40","ranges":[{"kind":"range","marks":[],"text":"unset encryption_password"}]}]},{"kind":"block","type":"code-line","key":"ec0072e15d4149c98d7575e74990ef42","isVoid":false,"data":{},"nodes":[{"kind":"text","key":"b951b78a510c420aa2065ba6eaf4a767","ranges":[{"kind":"range","marks":[],"text":"history -c"}]}]},{"kind":"block","type":"code-line","key":"d7b42ddbca094325abcd203181ac6886","isVoid":false,"data":{},"nodes":[{"kind":"text","key":"935fea0f24454a09b63883caf5f21bfa","ranges":[{"kind":"range","marks":[],"text":"history -w"}]}]}]}]},{"kind":"block","type":"list-unordered","key":"31f3bcde45774d4e98d6496537112e3a","isVoid":false,"data":{},"nodes":[{"kind":"block","type":"list-item","key":"c9bb951a74ce435997af6e04cf201d15","isVoid":false,"data":{},"nodes":[{"kind":"block","type":"paragraph","key":"6a07d422df8d4ee5bbd15dfb06be7c94","isVoid":false,"data":{},"nodes":[{"kind":"text","key":"cb0fad58603343a7911776befd2e4c34","ranges":[{"kind":"range","marks":[],"text":"Create a file system and verify its status:"}]}]}]}]},{"kind":"block","type":"code","key":"2a7c66e6536d4cfa88806a6f44655887","isVoid":false,"data":{},"nodes":[{"kind":"block","type":"code-tab","key":"8163c7632476414e982a2e01b4a390fc","isVoid":false,"data":{"syntax":"bash"},"nodes":[{"kind":"block","type":"code-line","key":"e31753dd50a2465589e4e696d2551474","isVoid":false,"data":{},"nodes":[{"kind":"text","key":"af2930c35aad4888a1333b323c9812e9","ranges":[{"kind":"range","marks":[],"text":"sudo mke2fs -j -O dir_index /dev/mapper/tigergraph_gstore"}]}]}]}]},{"kind":"block","type":"list-unordered","key":"d275d55eb5344e51a80341b0e5f2aaa2","isVoid":false,"data":{},"nodes":[{"kind":"block","type":"list-item","key":"f58514901e604e9f83628a4d70d5c614","isVoid":false,"data":{},"nodes":[{"kind":"block","type":"paragraph","key":"ece6e85a92284f69ae151dff28311de9","isVoid":false,"data":{},"nodes":[{"kind":"text","key":"1cd21fdb4d6047b183e1d78e66499b15","ranges":[{"kind":"range","marks":[],"text":"Mount the new file system to /mnt/secretfs:"}]}]}]}]},{"kind":"block","type":"code","key":"6de2dd3c05db454fbbb4887bac909480","isVoid":false,"data":{},"nodes":[{"kind":"block","type":"code-tab","key":"6ccaf3b899a648028b212aea13e6a5fb","isVoid":false,"data":{"syntax":"bash"},"nodes":[{"kind":"block","type":"code-line","key":"34ac2ffbd8e745c3a1114a59dc68fe4f","isVoid":false,"data":{},"nodes":[{"kind":"text","key":"21a12159670346f58aa2de10da028814","ranges":[{"kind":"range","marks":[],"text":"sudo mkdir -p /mnt/secretfs"}]}]},{"kind":"block","type":"code-line","key":"27f423ea864a495cbd389b5c4abc1ec6","isVoid":false,"data":{},"nodes":[{"kind":"text","key":"30e99204e603421bb6ce95c59ce195c9","ranges":[{"kind":"range","marks":[],"text":"sudo mount /dev/mapper/tigergraph_gstore /mnt/secretfs"}]}]}]}]},{"kind":"block","type":"list-unordered","key":"859ed7cf16b343ac96aa3d884ede1d6f","isVoid":false,"data":{},"nodes":[{"kind":"block","type":"list-item","key":"9b2e2256321d44ac8e9bc56d70a73b4b","isVoid":false,"data":{},"nodes":[{"kind":"block","type":"paragraph","key":"18e4ec8c0d2a4622849f2a5fb328b034","isVoid":false,"data":{},"nodes":[{"kind":"text","key":"0b8c1c6e7d4340968d61a6720f543f77","ranges":[{"kind":"range","marks":[],"text":"Change the permission to 700 so that only $db_user has access to the file system:"}]}]}]}]},{"kind":"block","type":"code","key":"943504280e0a4934a6f5fe78a7333e66","isVoid":false,"data":{},"nodes":[{"kind":"block","type":"code-tab","key":"1122240c2a0f445690af96ffffda978a","isVoid":false,"data":{"syntax":"bash"},"nodes":[{"kind":"block","type":"code-line","key":"aaca3c0b8ea24bd3aaa7105ae551b348","isVoid":false,"data":{},"nodes":[{"kind":"text","key":"eebf4e914f0a404994f3fce1e28ef97e","ranges":[{"kind":"range","marks":[],"text":"sudo chmod -R 700 /mnt/secretfs"}]}]},{"kind":"block","type":"code-line","key":"94c26805274941d4b5c4199ada889427","isVoid":false,"data":{},"nodes":[{"kind":"text","key":"ac078dd8c7654892a58d80041d92213a","ranges":[{"kind":"range","marks":[],"text":"sudo chown -R $db_user:$db_user /mnt/secretfs"}]}]}]}]},{"kind":"block","type":"list-unordered","key":"dd982c2be28f4fbbb1aed5966d0d4c81","isVoid":false,"data":{},"nodes":[{"kind":"block","type":"list-item","key":"38f3b07c24234b4a89de2a2c357db38f","isVoid":false,"data":{},"nodes":[{"kind":"block","type":"paragraph","key":"4c9bbc0d6cd543648bf7fdf1ee3fd2dc","isVoid":false,"data":{},"nodes":[{"kind":"text","key":"da724c0ed357419e819d9fc8cbcda4ee","ranges":[{"kind":"range","marks":[],"text":"Move the original TigerGraph files to the encrypted filesystem and make a symbolic link. If you wish to encrypt only the TigerGraph data store (called gstore), use the following commands:"}]}]}]}]},{"kind":"block","type":"code","key":"f00c12e31aa24862a22cc8917b953de3","isVoid":false,"data":{},"nodes":[{"kind":"block","type":"code-tab","key":"96cf26410a6e4a699e9f84f275666200","isVoid":false,"data":{"syntax":"bash"},"nodes":[{"kind":"block","type":"code-line","key":"7f76f4dffb61424898c392f669d96cf5","isVoid":false,"data":{},"nodes":[{"kind":"text","key":"c9175e3d5f414542b8946e6d7f45643b","ranges":[{"kind":"range","marks":[],"text":"mv $tigergraph_root/gstore /mnt/secretfs/gstore"}]}]},{"kind":"block","type":"code-line","key":"e944e9ca63a74e65a71d7ab2c145ef32","isVoid":false,"data":{},"nodes":[{"kind":"text","key":"827c895e011048d4875edd1c3096250a","ranges":[{"kind":"range","marks":[],"text":"ln -s /mnt/secretfs/gstore $tigergraph_root/gstore"}]}]}]}]},{"kind":"block","type":"paragraph","key":"2d26aabbf8b442488badca9f7c09158b","isVoid":false,"data":{},"nodes":[{"kind":"text","key":"59c672b99cca4d1b9d82a3b624866e39","ranges":[{"kind":"range","marks":[],"text":"There are other TigerGraph files which you might also consider to be sensitive and wish to encrypt.  These include the dictionary, kafka data files, and log files.  You could selectively identify files to protect or you could encrypt the entire TigerGraph folder. In this case, simply move  $tigergraph_root instead of $tigergraph_root/gstore. "}]}]},{"kind":"block","type":"code","key":"68452934de884ad293aaa2f822dab1fa","isVoid":false,"data":{},"nodes":[{"kind":"block","type":"code-tab","key":"905c6307fad541a1bd38efe60db160ee","isVoid":false,"data":{"syntax":"bash"},"nodes":[{"kind":"block","type":"code-line","key":"f68715427cff43f1af3f4bd6110c43c0","isVoid":false,"data":{},"nodes":[{"kind":"text","key":"83e580f90501415f9b64b3cba0dac09f","ranges":[{"kind":"range","marks":[],"text":"mv $tigergraph_root /mnt/secretfs/tigergraph"}]}]},{"kind":"block","type":"code-line","key":"fcf7153adf9a4abe8c77ecdad206c106","isVoid":false,"data":{},"nodes":[{"kind":"text","key":"3539de0a01e4461e8d10c87a3ddaed79","ranges":[{"kind":"range","marks":[],"text":"ln -s /mnt/secretfs/tigergraph $tigergraph_root"}]}]}]}]},{"kind":"block","type":"paragraph","key":"7d63c0f3a0a949f8a5677eac26b4e067","isVoid":false,"data":{},"nodes":[{"kind":"text","key":"b64dead4c6e04b589a099b366a521677","ranges":[{"kind":"range","marks":[],"text":"The data of TigerGraph data is now stored in an encrypted filesystem.  It will be automated decrypted when the tigergraph user (and only this user) accesses it."}]}]},{"kind":"block","type":"paragraph","key":"38c5bacc638743348f9da505052f8efe","isVoid":false,"data":{},"nodes":[{"kind":"text","key":"8bd8d474bb0a49488a484801ce91cc47","ranges":[{"kind":"range","marks":[],"text":"To automatically deploy this encryption solution, you may"}]}]},{"kind":"block","type":"list-ordered","key":"13fd4aaab65241d08b5d9374aa380ef5","isVoid":false,"data":{},"nodes":[{"kind":"block","type":"list-item","key":"715448b8b23c406b83b38035b1eeb7ea","isVoid":false,"data":{},"nodes":[{"kind":"block","type":"paragraph","key":"a58cd07c43394519afa3e89314e54d01","isVoid":false,"data":{},"nodes":[{"kind":"text","key":"50935c7632344d95a4d7e0f6de63747b","ranges":[{"kind":"range","marks":[],"text":"Chain all the steps as a bash script"}]}]}]},{"kind":"block","type":"list-item","key":"bd5dc3ced0dc47ed8dd1c61337dcaab7","isVoid":false,"data":{},"nodes":[{"kind":"block","type":"paragraph","key":"07b675c04e8f4bd5aa1dde5d86f39cea","isVoid":false,"data":{},"nodes":[{"kind":"text","key":"7ce730d1f4e942a7b105ceac4e8125f1","ranges":[{"kind":"range","marks":[],"text":"Remove all \"sudo\" since the script will be running as root."}]}]}]},{"kind":"block","type":"list-item","key":"a486d258aa924dd8addb7fa5a97db20f","isVoid":false,"data":{},"nodes":[{"kind":"block","type":"paragraph","key":"447985d1cad4401b8a1de251d2506f20","isVoid":false,"data":{},"nodes":[{"kind":"text","key":"dab0f6dd9b52430480800195fc82eb3e","ranges":[{"kind":"range","marks":[],"text":"Run the script as root user after TigerGraph Installation."}]}]}]}]},{"kind":"block","type":"hint","key":"56ea8f5f88744c3587d29a187faf1309","isVoid":false,"data":{"style":"warning"},"nodes":[{"kind":"block","type":"paragraph","key":"d439ecb81958400cb7c7154bbbcfb3f7","isVoid":false,"data":{},"nodes":[{"kind":"text","key":"16ce1d361fe442d49223077160a10ee6","ranges":[{"kind":"range","marks":[],"text":" The setup scripts contain your encryption password. To follow good security procedures, do not leave your password in plaintext format in any files on your disk. Either remove the setup scripts or edit out the password."}]}]}]},{"kind":"block","type":"heading-2","key":"0001ceaddc7f4613911b3e85680b600f","isVoid":false,"data":{},"nodes":[{"kind":"text","key":"f3bc686fce9341aa8c0423954941cdf9","ranges":[{"kind":"range","marks":[],"text":"Performance Evaluation"}]}]},{"kind":"block","type":"paragraph","key":"27eb39c7cf1a4f3da372856959b8dd3e","isVoid":false,"data":{},"nodes":[{"kind":"text","key":"587c95d42c0347119fe139814a6ac228","ranges":[{"kind":"range","marks":[],"text":"Encryption is usually CPU-bound rather than I/O-bound. If CPU usage reamains below 100%, encryption should not cause much  performance slowdown. A performance test using both small and large queries supports this prediction: for small (~1 sec) and large (~100 sec) queries, there is a ~5% slowdown due to filesystem encryption."}]}]},{"kind":"block","type":"table","key":"8505edf2e065471c98454ce5831d14af","isVoid":false,"data":{"aligns":["left","left","left"]},"nodes":[{"kind":"block","type":"table-row","key":"a47381f765fd4528adf9d830985b34da","isVoid":false,"data":{},"nodes":[{"kind":"block","type":"table-cell","key":"fc221f9c0c674a219a4778109dbd04fc","isVoid":false,"data":{},"nodes":[{"kind":"block","type":"paragraph","key":"1e21f0e0493042dd91154fd7a1f27041","isVoid":false,"data":{},"nodes":[{"kind":"text","key":"d600a4527a844abc8a3986a75bf9e678","ranges":[{"kind":"range","marks":[],"text":""}]}]}]},{"kind":"block","type":"table-cell","key":"d4ab22f337ae4098a62a6b1b23a01208","isVoid":false,"data":{},"nodes":[{"kind":"block","type":"paragraph","key":"f50f853a84184536878492ec201105f6","isVoid":false,"data":{},"nodes":[{"kind":"text","key":"cb1c372d1c3d4a66862c010a61da7856","ranges":[{"kind":"range","marks":[{"kind":"mark","data":{},"type":"bold"}],"text":"GSE Cold Start (read)"}]}]}]},{"kind":"block","type":"table-cell","key":"1400f124d0484c33b4f4bee5a9dfb5f5","isVoid":false,"data":{},"nodes":[{"kind":"block","type":"paragraph","key":"159fe523c89841df9bd02a95a208af59","isVoid":false,"data":{},"nodes":[{"kind":"text","key":"e142cb2cea044a189fae858ed6ae11dc","ranges":[{"kind":"range","marks":[{"kind":"mark","data":{},"type":"bold"}],"text":"Load Data (write)"}]}]}]}]},{"kind":"block","type":"table-row","key":"e890777498424fb38f39c6e155feb9af","isVoid":false,"data":{},"nodes":[{"kind":"block","type":"table-cell","key":"367f97b8fd794c98b3770f0a1935cf67","isVoid":false,"data":{},"nodes":[{"kind":"block","type":"paragraph","key":"3c87fdbfc4604bdebc6c6bee87cd1d51","isVoid":false,"data":{},"nodes":[{"kind":"text","key":"991baf8b6390445b82eb0cee3d6dcf14","ranges":[{"kind":"range","marks":[],"text":"original"}]}]}]},{"kind":"block","type":"table-cell","key":"de1476beccc140ca94eae4b1edf4c03a","isVoid":false,"data":{},"nodes":[{"kind":"block","type":"paragraph","key":"78200979c6f5415ca596ba66cb4dd114","isVoid":false,"data":{},"nodes":[{"kind":"text","key":"594d0c7c1d8f4f14b64a8a6885651be7","ranges":[{"kind":"range","marks":[],"text":"45s"}]}]}]},{"kind":"block","type":"table-cell","key":"5de615a89be7418d96679af931dab300","isVoid":false,"data":{},"nodes":[{"kind":"block","type":"paragraph","key":"02fbf8752d914c75b9c017c72428f06d","isVoid":false,"data":{},"nodes":[{"kind":"text","key":"bca10883be734df3828569d8b9d4252f","ranges":[{"kind":"range","marks":[],"text":"809s"}]}]}]}]},{"kind":"block","type":"table-row","key":"76ecd14e915f402fb780cd2f81086614","isVoid":false,"data":{},"nodes":[{"kind":"block","type":"table-cell","key":"d18f88a618cc408090a9f4c58713edfa","isVoid":false,"data":{},"nodes":[{"kind":"block","type":"paragraph","key":"9f30c19d2d5f45f4b6b982cac036ed2b","isVoid":false,"data":{},"nodes":[{"kind":"text","key":"293b6ab9fb014e329d99aaeb07588cae","ranges":[{"kind":"range","marks":[],"text":"encrypted"}]}]}]},{"kind":"block","type":"table-cell","key":"2156744b231c4616bf17a71273e2740d","isVoid":false,"data":{},"nodes":[{"kind":"block","type":"paragraph","key":"661248dbe14846aea07edc31d47723cc","isVoid":false,"data":{},"nodes":[{"kind":"text","key":"7c85a5604fe8487eb3d0a668542d473d","ranges":[{"kind":"range","marks":[],"text":"47s"}]}]}]},{"kind":"block","type":"table-cell","key":"ae3ca690ed714926b3a1bb47df4ea7e0","isVoid":false,"data":{},"nodes":[{"kind":"block","type":"paragraph","key":"4ea99b36887b4de6bfa7988d92a58b47","isVoid":false,"data":{},"nodes":[{"kind":"text","key":"67c9ae0489e6475c90fb6c4072fa4c54","ranges":[{"kind":"range","marks":[],"text":"854s"}]}]}]}]},{"kind":"block","type":"table-row","key":"51a64c7a49864ecc8176b7647fef2ccd","isVoid":false,"data":{},"nodes":[{"kind":"block","type":"table-cell","key":"cdaa48ad95604d6f90dc3d7cf672ae2d","isVoid":false,"data":{},"nodes":[{"kind":"block","type":"paragraph","key":"5935269499e44b34b53640ad96d44806","isVoid":false,"data":{},"nodes":[{"kind":"text","key":"a57cab086ace426c90c64f606300a7fe","ranges":[{"kind":"range","marks":[],"text":"% slowdown"}]}]}]},{"kind":"block","type":"table-cell","key":"9d5f6987057447c7990675055e4f0e77","isVoid":false,"data":{},"nodes":[{"kind":"block","type":"paragraph","key":"37f7e13122604ac4bd4f71120205dce9","isVoid":false,"data":{},"nodes":[{"kind":"text","key":"4da66834b8a644e288068280e752d796","ranges":[{"kind":"range","marks":[],"text":"4.4%"}]}]}]},{"kind":"block","type":"table-cell","key":"b308512643d04fb3b5a50737c9a887cb","isVoid":false,"data":{},"nodes":[{"kind":"block","type":"paragraph","key":"4900de92ae8442f082b134f35f7f8e35","isVoid":false,"data":{},"nodes":[{"kind":"text","key":"1949c9223369422d914395682c176a71","ranges":[{"kind":"range","marks":[],"text":"5.8%"}]}]}]}]}]},{"kind":"block","type":"paragraph","key":"7aca5832e637487e8819a2421d51a28c","isVoid":false,"data":{},"nodes":[{"kind":"text","key":"e141543ba24f4acf91f09cab606e3f76","ranges":[{"kind":"range","marks":[],"text":"We used the TPC-H dataset with scale factor 10 ( "}]},{"kind":"inline","type":"link","key":"69f42cee69214c86a71d0199136ba888","isVoid":false,"data":{"href":"http://www.tpc.org/tpch/"},"nodes":[{"kind":"text","key":"89dfd556177f4e8188a8f01694cbe25f","ranges":[{"kind":"range","marks":[],"text":"http://www.tpc.org/tpch/ "}]}]},{"kind":"text","key":"4033852e46e8405eb3f83000cf365c64","ranges":[{"kind":"range","marks":[],"text":"). The data size is 23GB after loading into TigerGraph..The write test (data loading) was done by running a loading job and then killing the GPE with SIGTERM (to exit gracefully) to ensure that all kafka data is consumed.The read test (GSE cold start) measures the time from \"gadmin start gse\" until \"online\" appears in \"gadmin status gse\"."}]}]},{"kind":"block","type":"heading-1","key":"97caad6d756640e0ad963a640c36346b","isVoid":false,"data":{},"nodes":[{"kind":"text","key":"c3f6be32127e49d29c325a91db5bcc55","ranges":[{"kind":"range","marks":[],"text":"Example 2: Encrypting Data on Amazon EC2"}]}]},{"kind":"block","type":"paragraph","key":"5304ddbb60034275836e659f864c37ee","isVoid":false,"data":{},"nodes":[{"kind":"text","key":"24b0b1605ccf45ae9cd18adbcc442955","ranges":[{"kind":"range","marks":[],"text":"Major cloud service providers often provide their own methodologies for encrypting data at rest. For Amazon EC2, we recommend users start by reading the AWS Security Blog: "}]},{"kind":"inline","type":"link","key":"3c16b58088a6488ca85f8ca555e785cf","isVoid":false,"data":{"href":"https://aws.amazon.com/blogs/security/how-to-protect-data-at-rest-with-amazon-ec2-instance-store-encryption/"},"nodes":[{"kind":"text","key":"53c45049f78944578e053508d12c1869","ranges":[{"kind":"range","marks":[],"text":"How to Protect Data at Rest with Amazon EC2 Instance Store Encryption "}]}]},{"kind":"text","key":"c246c7f79806439685e41c4c5c940aa8","ranges":[{"kind":"range","marks":[],"text":"."}]}]},{"kind":"block","type":"paragraph","key":"ed6b05eb700f4a4ead47b742a7ef046d","isVoid":false,"data":{},"nodes":[{"kind":"text","key":"ddba406ea84940b38ee693644dda53a8","ranges":[{"kind":"range","marks":[],"text":"In this section, we provide a simple example for configuring file system encryption for a TigerGraph running on Amazon EC2. The steps are based on those given in "}]},{"kind":"inline","type":"link","key":"a3d7573238e94da398f7bb0d9dd68377","isVoid":false,"data":{"href":"https://aws.amazon.com/blogs/security/how-to-protect-data-at-rest-with-amazon-ec2-instance-store-encryption/"},"nodes":[{"kind":"text","key":"3aef1edf2ebf41d3b501c8ecea8109f9","ranges":[{"kind":"range","marks":[],"text":"How to Protect Data at Rest with Amazon EC2 Instance Store Encryption "}]}]},{"kind":"text","key":"11cd7fb116ec4ea4abb7acd8e96dc3b6","ranges":[{"kind":"range","marks":[],"text":", with some additions and modifications."}]}]},{"kind":"block","type":"paragraph","key":"1c5c030324074ed188b47c04830a9638","isVoid":false,"data":{},"nodes":[{"kind":"text","key":"4a38f4e72d6844388a314468ad379722","ranges":[{"kind":"range","marks":[],"text":"The basic idea of this solution is to create a file, map an encrypted file system to it, and mount it as a storage directory for TigerGraph with permission only to authorized users."}]}]},{"kind":"block","type":"hint","key":"2ba17a79e9a8481eb3f9531269bf75e7","isVoid":false,"data":{"style":"danger"},"nodes":[{"kind":"block","type":"paragraph","key":"cb3c4cc7c45741578ebfaf1cd1e655eb","isVoid":false,"data":{},"nodes":[{"kind":"text","key":"b93a7d6f8c834c89ae1db27d11a2ea1a","ranges":[{"kind":"range","marks":[],"text":" Angle brackets <...> are used to mark placeholders which you should replace with your own values (without the angle brackets)."}]}]}]},{"kind":"block","type":"heading-2","key":"a7c50035efd2440cafd182e6a16a0fe2","isVoid":false,"data":{},"nodes":[{"kind":"text","key":"84bbb87421ff4b8f81216494e592cd9e","ranges":[{"kind":"range","marks":[{"kind":"mark","data":{},"type":"bold"}],"text":"Prerequisites"}]}]},{"kind":"block","type":"paragraph","key":"650e0a03417342dc8b9726c0586991e3","isVoid":false,"data":{},"nodes":[{"kind":"text","key":"374b133fb71b4992b4bfedbdd78380af","ranges":[{"kind":"range","marks":[],"text":"Make sure you have installed and configured "}]},{"kind":"inline","type":"link","key":"e6df2945c6e54fdcb73ec7f0c89d4c43","isVoid":false,"data":{"href":"https://aws.amazon.com/cli/"},"nodes":[{"kind":"text","key":"07cb0ab3fd5e487c930651397cdfefe3","ranges":[{"kind":"range","marks":[],"text":"AWS CLI "}]}]},{"kind":"text","key":"c667ec15d34f4efda8d7fb00f538bdb9","ranges":[{"kind":"range","marks":[],"text":"with keys locally."}]}]},{"kind":"block","type":"heading-2","key":"afc8ab984e7548e8a33c408b90831e77","isVoid":false,"data":{},"nodes":[{"kind":"text","key":"9d278cb952444450bbc80da7a3d6c9a2","ranges":[{"kind":"range","marks":[{"kind":"mark","data":{},"type":"bold"}],"text":"Create an S3 Bucket"}]}]},{"kind":"block","type":"code","key":"2e04ce9414b546a68f1a1090b88300c6","isVoid":false,"data":{},"nodes":[{"kind":"block","type":"code-tab","key":"039e392dd3e34d5ab60b37fc1d74c7ad","isVoid":false,"data":{"syntax":"text","title":"from Amazon Data-at-Rest blog"},"nodes":[{"kind":"block","type":"code-line","key":"1fded7540d6b4403a3c060e54efd2814","isVoid":false,"data":{},"nodes":[{"kind":"text","key":"e3091ebf00e84a2e8db8651b752cc50b","ranges":[{"kind":"range","marks":[],"text":"Sign in to the S3 console and choose Create Bucket ."}]}]},{"kind":"block","type":"code-line","key":"8e6dd6b9963e412d96968d00946e1f64","isVoid":false,"data":{},"nodes":[{"kind":"text","key":"910fe2d04b24407ead173749f9c9af7d","ranges":[{"kind":"range","marks":[],"text":"In the Bucket Name box, type your bucket name and then choose Create ."}]}]},{"kind":"block","type":"code-line","key":"7a0555790b4746e7b9bbdc1d96a2ea97","isVoid":false,"data":{},"nodes":[{"kind":"text","key":"e5168e04d3a54fd8a74c18d36ea678c3","ranges":[{"kind":"range","marks":[],"text":"You should see the details about your new bucket in the right pane."}]}]}]}]},{"kind":"block","type":"heading-2","key":"42b3d24b29994d6ba8269ae92bc1b9b6","isVoid":false,"data":{},"nodes":[{"kind":"text","key":"b8820d1b1d07487e8fe2fe9f94789b70","ranges":[{"kind":"range","marks":[{"kind":"mark","data":{},"type":"bold"}],"text":"Configure IAM roles and permission for the S3 bucket"}]}]},{"kind":"block","type":"code","key":"9318d48ebf5949ec93b6521705c3adef","isVoid":false,"data":{},"nodes":[{"kind":"block","type":"code-tab","key":"c28ac5c70d7143d2a2dd73f4ca1e5bac","isVoid":false,"data":{"syntax":"javascript","title":"from Amazon Data-at-Rest blog"},"nodes":[{"kind":"block","type":"code-line","key":"d27aed4175104dcfaeefd347cd729d75","isVoid":false,"data":{},"nodes":[{"kind":"text","key":"cedd1d7094214c15b9f6889a94cf08fe","ranges":[{"kind":"range","marks":[],"text":"1.Sign in to the AWS Management Console and navigate to the IAM console . In the navigation pane, choose Policies , choose Create Policy . Choose the JSON tab, paste in the following JSON code, and then choose Review Policy . Name and describe the policy, and then choose Create Policy to save your work. For more details, see Creating Customer Managed Policies ."}]}]},{"kind":"block","type":"code-line","key":"43d7510e1aa54f30bea2d364893595e0","isVoid":false,"data":{},"nodes":[{"kind":"text","key":"f2988eea805f48f8bf14d3243bb365dd","ranges":[{"kind":"range","marks":[],"text":""}]}]},{"kind":"block","type":"code-line","key":"f339b739b7d941669b32ddd1131f9156","isVoid":false,"data":{},"nodes":[{"kind":"text","key":"d7f2529ffbaa4b9fac1f33649f4a57ea","ranges":[{"kind":"range","marks":[],"text":"{"}]}]},{"kind":"block","type":"code-line","key":"df68607376a64acca9a26bdff8d252ca","isVoid":false,"data":{},"nodes":[{"kind":"text","key":"9119fe29a76f409fab7ae6e399005ceb","ranges":[{"kind":"range","marks":[],"text":"    \"Version\": \"2012-10-17\","}]}]},{"kind":"block","type":"code-line","key":"cc784a7d1b9e4ea391a63596eb695e44","isVoid":false,"data":{},"nodes":[{"kind":"text","key":"82027ccdbe1b4943849decb2182ee7fd","ranges":[{"kind":"range","marks":[],"text":"    \"Statement\": ["}]}]},{"kind":"block","type":"code-line","key":"4643961e10bd42489aa140dceeeb2068","isVoid":false,"data":{},"nodes":[{"kind":"text","key":"ffe87a97777e493bbef0b2fdf9277ba7","ranges":[{"kind":"range","marks":[],"text":"        {"}]}]},{"kind":"block","type":"code-line","key":"c76825db79934d6da1bbeaf683bb9e62","isVoid":false,"data":{},"nodes":[{"kind":"text","key":"bdef9ae1547349e5aa5e1825219fde3e","ranges":[{"kind":"range","marks":[],"text":"            \"Sid\": \"VisualEditor0\","}]}]},{"kind":"block","type":"code-line","key":"4ef0bee81a674d78a2acdb254e75afe6","isVoid":false,"data":{},"nodes":[{"kind":"text","key":"ac89978f965f4fe0b42f608ce51c77cb","ranges":[{"kind":"range","marks":[],"text":"            \"Effect\": \"Allow\","}]}]},{"kind":"block","type":"code-line","key":"9be5dda23baf4184987afd36ef9d640a","isVoid":false,"data":{},"nodes":[{"kind":"text","key":"930219abaf824b8198ad6083d79cd900","ranges":[{"kind":"range","marks":[],"text":"            \"Action\": \"s3:GetObject\","}]}]},{"kind":"block","type":"code-line","key":"ac08ce2e28f04f058fe7c3d80f0d52d5","isVoid":false,"data":{},"nodes":[{"kind":"text","key":"c4dea81f34fe4259a26406a1e200e44e","ranges":[{"kind":"range","marks":[],"text":"            \"Resource\": \"arn:aws:s3:::<your-bucket-name>/LuksInternalStorageKey\""}]}]},{"kind":"block","type":"code-line","key":"25537213d1264497b61f09dc626619ec","isVoid":false,"data":{},"nodes":[{"kind":"text","key":"6426d42ca9284130bc3466204141e6bf","ranges":[{"kind":"range","marks":[],"text":"        }"}]}]},{"kind":"block","type":"code-line","key":"368d04b03aaa44dba440a7e9ccb714ad","isVoid":false,"data":{},"nodes":[{"kind":"text","key":"5bd2e73ac7e04cc991d461ce6731af9e","ranges":[{"kind":"range","marks":[],"text":"    ]"}]}]},{"kind":"block","type":"code-line","key":"fb6c8fe606fa478d8e874facd77bb96f","isVoid":false,"data":{},"nodes":[{"kind":"text","key":"f7108b5bfab44486a9e13b4f56ba2b05","ranges":[{"kind":"range","marks":[],"text":"}"}]}]},{"kind":"block","type":"code-line","key":"3b5b8f7a3e8f46e88e60d469eb19fdd2","isVoid":false,"data":{},"nodes":[{"kind":"text","key":"3d9a654a99a7490595920c8b2f336023","ranges":[{"kind":"range","marks":[],"text":"The preceding policy grants read access to the bucket where the encrypted password is stored. This policy is used by the EC2 instance, which requires you to configure an IAM role. You will configure KMS permissions later in this post. "}]}]},{"kind":"block","type":"code-line","key":"d139c7c3a75343449362c77f4ed99874","isVoid":false,"data":{},"nodes":[{"kind":"text","key":"e270b0d37b0b426eacc7a5c1de2b0746","ranges":[{"kind":"range","marks":[],"text":"(The following instructions have been updated since the original blog post.)"}]}]},{"kind":"block","type":"code-line","key":"1c0afef9b3bc4e98b288c05d679ef64c","isVoid":false,"data":{},"nodes":[{"kind":"text","key":"efb7906bc2c04799ad93cf0322644c04","ranges":[{"kind":"range","marks":[],"text":""}]}]},{"kind":"block","type":"code-line","key":"2e9a8ac4b2c74f56aafe8ab5f4a38d69","isVoid":false,"data":{},"nodes":[{"kind":"text","key":"52b86a86d15e4dd7b64aec5d54647c1a","ranges":[{"kind":"range","marks":[],"text":"2.\"Select type of trusted entity: Choose AWS service ."}]}]},{"kind":"block","type":"code-line","key":"c7f4321a690641e58485cc73dc67e8f6","isVoid":false,"data":{},"nodes":[{"kind":"text","key":"d7d45172f4ba4c18bb231d2dc8b73371","ranges":[{"kind":"range","marks":[],"text":"3.\"Select the service that will use this role\": Choose EC2 then choose Next: Permissions."}]}]},{"kind":"block","type":"code-line","key":"b7f7407ed65947578a9e5d65c7748665","isVoid":false,"data":{},"nodes":[{"kind":"text","key":"e3d62043e8e240c59d0ffe732ddd8e7f","ranges":[{"kind":"range","marks":[],"text":"4.Choose the policy you created in Step 1 and then choose Next: Review."}]}]},{"kind":"block","type":"code-line","key":"4b0fdc0df59c4cadb6f3531e972d2af5","isVoid":false,"data":{},"nodes":[{"kind":"text","key":"3951f695f5044aa8a2ebc6ac2315fd9b","ranges":[{"kind":"range","marks":[],"text":"5.On the Create role page, type your role name , a Role description, and choose Create role ."}]}]},{"kind":"block","type":"code-line","key":"3b71c22f6b344398acf5bdf65cf9e7db","isVoid":false,"data":{},"nodes":[{"kind":"text","key":"e75b6d331f6d4be49b7d9f93ffe8f957","ranges":[{"kind":"range","marks":[],"text":"6.The newly created IAM role is now ready. You will use it when launching new EC2 instances, which will have the permission to access the encrypted password file in the S3 bucket."}]}]}]}]},{"kind":"block","type":"heading-2","key":"86b3844a511f4241a03d29a6a24b0646","isVoid":false,"data":{},"nodes":[{"kind":"text","key":"d690478b7b694cb6b3c4fa04c713c085","ranges":[{"kind":"range","marks":[],"text":"Create a KMS Key (optional)"}]}]},{"kind":"block","type":"paragraph","key":"9ce67a1a25d84f28a318e2ef60d9df7c","isVoid":false,"data":{},"nodes":[{"kind":"text","key":"d30f19104aaf45bba0dc9e7f6b1641cb","ranges":[{"kind":"range","marks":[],"text":"If you don't have a KMS key, you can create it first:"}]}]},{"kind":"block","type":"list-ordered","key":"5eaed75a92ef4f318295a486359bfd02","isVoid":false,"data":{},"nodes":[{"kind":"block","type":"list-item","key":"d919b0dc73c647ffb608a11058001d61","isVoid":false,"data":{},"nodes":[{"kind":"block","type":"paragraph","key":"97016c163eb64e00bade9df6f0f984c8","isVoid":false,"data":{},"nodes":[{"kind":"text","key":"eda73c55303d4ec184e8ab903e4da07c","ranges":[{"kind":"range","marks":[],"text":"From the "}]},{"kind":"inline","type":"link","key":"3bc631fdae514257bff70b1212b80efd","isVoid":false,"data":{"href":"https://console.aws.amazon.com/iam/home"},"nodes":[{"kind":"text","key":"ac8d87eba9b84cdbbc33e90f310d9bda","ranges":[{"kind":"range","marks":[],"text":"IAM console "}]}]},{"kind":"text","key":"67381803a1d044dbb17bddd1c790b8a0","ranges":[{"kind":"range","marks":[],"text":", choose Encryption keys from the navigation pane."}]}]}]},{"kind":"block","type":"list-item","key":"d2c300f37b1f497cbf98d76f1f4456c0","isVoid":false,"data":{},"nodes":[{"kind":"block","type":"paragraph","key":"11661191de654994a914ebd0ede497c3","isVoid":false,"data":{},"nodes":[{"kind":"text","key":"37cf2be12d294c4bad8cb5f481f85502","ranges":[{"kind":"range","marks":[],"text":"Select Create Key , and type in <your-key-alias>"},{"kind":"range","marks":[{"kind":"mark","data":{},"type":"bold"}],"text":" "},{"kind":"range","marks":[],"text":" "}]}]}]},{"kind":"block","type":"list-item","key":"8aeb177227314cf08272bac4d4fd2a51","isVoid":false,"data":{},"nodes":[{"kind":"block","type":"paragraph","key":"6327ffb661e0498db98fb0df06b40a66","isVoid":false,"data":{},"nodes":[{"kind":"text","key":"082356009a1543b8ad72d47bd85c4945","ranges":[{"kind":"range","marks":[],"text":"For Step 2 and Step 3 , see "}]},{"kind":"inline","type":"link","key":"1dadffe046754a979cb5b758347d2e7a","isVoid":false,"data":{"href":"https://docs.aws.amazon.com/kms/latest/developerguide/create-keys.html"},"nodes":[{"kind":"text","key":"e305def717184ae584d56b61be11ab40","ranges":[{"kind":"range","marks":[],"text":"https://docs.aws.amazon.com/kms/latest/developerguide/create-keys.html "}]}]},{"kind":"text","key":"e3cd02dfd71148f9a5d2c0afe1b0704d","ranges":[{"kind":"range","marks":[],"text":"for advice."}]}]}]},{"kind":"block","type":"list-item","key":"8d85bd6ea307419aa55a317da8e0e76b","isVoid":false,"data":{},"nodes":[{"kind":"block","type":"paragraph","key":"5118e662a49b43df8056b4d9631304b9","isVoid":false,"data":{},"nodes":[{"kind":"text","key":"f3eaa45a90624bcfa5a6fb6f6f5e2cc8","ranges":[{"kind":"range","marks":[],"text":"In Step 4 : Define Key Usage Permissions , select <your-role-name>"}]}]}]},{"kind":"block","type":"list-item","key":"2392772c0ff44cbf916e579b82754735","isVoid":false,"data":{},"nodes":[{"kind":"block","type":"paragraph","key":"d5701f9f50de404c85cbf791a6a25a89","isVoid":false,"data":{},"nodes":[{"kind":"text","key":"426c289e2eb04532898ee404a81dd300","ranges":[{"kind":"range","marks":[],"text":"The role now has permission to use the key."}]}]}]}]},{"kind":"block","type":"image","key":"e3bdb055940147d79d3b1197a82ed9d7","isVoid":true,"data":{"assetID":"-LNnRBmPSDrvrlWAjGNf","caption":"Step 2. Create Key"},"nodes":[{"kind":"text","key":"e1222dad9f27467fb675baae1d2323be","ranges":[{"kind":"range","marks":[],"text":""}]}]},{"kind":"block","type":"heading-2","key":"9d0d5ebbe1394910a4bbaebe33d0e069","isVoid":false,"data":{},"nodes":[{"kind":"text","key":"87c39ceb9b424c4eb3ded240e2c18af5","ranges":[{"kind":"range","marks":[],"text":"Encrypt a secret password with KMS and store it in the S3 bucket"}]}]},{"kind":"block","type":"code","key":"b68c0cca9a5141528ac7b6a21a94ece5","isVoid":false,"data":{},"nodes":[{"kind":"block","type":"code-tab","key":"e86897969cff43958757c112f43cadea","isVoid":false,"data":{"syntax":"text","title":"from Amazon Data-at-Rest blog"},"nodes":[{"kind":"block","type":"code-line","key":"7d7b5e963421417d84284bd4aa50dc66","isVoid":false,"data":{},"nodes":[{"kind":"text","key":"dc74f13f736941d3b7dbb647160fb657","ranges":[{"kind":"range","marks":[],"text":"Next, use KMS to encrypt a secret password. To encrypt text by using KMS, you must use AWS CLI . AWS CLI is installed by default on EC2 Amazon Linux instances and you can install it on Linux, Windows, or Mac computers."}]}]},{"kind":"block","type":"code-line","key":"ab21eeac4dab42cfaa6ea759de1741bf","isVoid":false,"data":{},"nodes":[{"kind":"text","key":"0e6e31e6abfa4d17ab4ff55d7a65a351","ranges":[{"kind":"range","marks":[],"text":""}]}]},{"kind":"block","type":"code-line","key":"53ecdae222e3439a80c1b0c6f2bf9057","isVoid":false,"data":{},"nodes":[{"kind":"text","key":"44942fa1f2a54cd995028b4d78748820","ranges":[{"kind":"range","marks":[],"text":"To encrypt a secret password with KMS and store it in the S3 bucket:"}]}]},{"kind":"block","type":"code-line","key":"ca71765266f44f4abc1b1a3d6707e42f","isVoid":false,"data":{},"nodes":[{"kind":"text","key":"3db5a3b8aac64c108fd3975e3a875719","ranges":[{"kind":"range","marks":[],"text":""}]}]},{"kind":"block","type":"code-line","key":"ad409234a3bc4bbcabfe134aaec8b30d","isVoid":false,"data":{},"nodes":[{"kind":"text","key":"7bdab442ffc64e35820509615cd4a404","ranges":[{"kind":"range","marks":[],"text":"From the AWS CLI, type the following command to encrypt a secret password by using KMS (replace <your-region> with your region). You must have the right permissions in order to create keys and put objects in S3 (for more details, see Using IAM Policies with AWS KMS ). In this example, I have used AWS CLI on the Linux OS to encrypt and generate the encrypted password file."}]}]},{"kind":"block","type":"code-line","key":"32082a847c85488c9128f5413b39fae8","isVoid":false,"data":{},"nodes":[{"kind":"text","key":"5aee03c1a0bf4a32afb789224c7d1569","ranges":[{"kind":"range","marks":[],"text":"aws --region <your-region> kms encrypt --key-id 'alias/<your-key-alias>' --plaintext '<your-password>' --query CiphertextBlob --output text | base64 --decode > LuksInternalStorageKey"}]}]},{"kind":"block","type":"code-line","key":"41f09be94af94943824c50479061242c","isVoid":false,"data":{},"nodes":[{"kind":"text","key":"a2730be13fc94c5b999c3f1cade10708","ranges":[{"kind":"range","marks":[],"text":""}]}]},{"kind":"block","type":"code-line","key":"63d4d9780ab54e0cab241d941be331a7","isVoid":false,"data":{},"nodes":[{"kind":"text","key":"5a77144f5a7f4758a362189f5cd561df","ranges":[{"kind":"range","marks":[],"text":"aws s3 cp LuksInternalStorageKey s3://<your-bucket-name>/LuksInternalStorageKey"}]}]},{"kind":"block","type":"code-line","key":"d3d6b89315a649aa93a634050476eae5","isVoid":false,"data":{},"nodes":[{"kind":"text","key":"d1674ad758994162846bb0d6358a3608","ranges":[{"kind":"range","marks":[],"text":"The preceding commands encrypt the password (Base64 is used to decode the cipher text). The command outputs the results to a file called LuksInternalStorageKey. It also creates a key alias (key name) that makes it easy to identify different keys; the alias is called <your-key-alias> . The file is then copied to the S3 bucket created earlier in this post."}]}]}]}]},{"kind":"block","type":"heading-2","key":"eaee53956c5241098808cd4c30a05ad3","isVoid":false,"data":{},"nodes":[{"kind":"text","key":"ff3777b561b842a782e0e80e2fc7aec5","ranges":[{"kind":"range","marks":[],"text":"Configure EC2 with role and launch configurations"}]}]},{"kind":"block","type":"paragraph","key":"fe3b92c47c854f16a7872f5aa2720e59","isVoid":false,"data":{},"nodes":[{"kind":"text","key":"36b382fb8f1f4fe08825fe0832bfb3a2","ranges":[{"kind":"range","marks":[],"text":"In this section, you launch a new EC2 instance with the new IAM role and a bootstrap script that executes the steps to encrypt the file system."}]}]},{"kind":"block","type":"hint","key":"f670e3e4650b4fb78b6e87c04987fc0b","isVoid":false,"data":{"style":"danger"},"nodes":[{"kind":"block","type":"paragraph","key":"367cf08a7e3849408bc41c1f50ede5dc","isVoid":false,"data":{},"nodes":[{"kind":"text","key":"f19a047db52f49af8fed5fec681bd805","ranges":[{"kind":"range","marks":[],"text":" The script in this section requires root permission, and it cannot be run manually through an ssh tunnel or by an unprivileged user."}]}]}]},{"kind":"block","type":"image","key":"5fbb8c36646048709f61884620f25ad9","isVoid":true,"data":{"assetID":"-LNkOS5rqfyY40cjpLCF"},"nodes":[{"kind":"text","key":"ab71c02988654372a77505f31e7724e4","ranges":[{"kind":"range","marks":[],"text":""}]}]},{"kind":"block","type":"list-ordered","key":"4abe459d11464d50ba1978fb2fd78069","isVoid":false,"data":{},"nodes":[{"kind":"block","type":"list-item","key":"40e5233af20748a9a116b8ffcc632b98","isVoid":false,"data":{},"nodes":[{"kind":"block","type":"paragraph","key":"41e4c492057042498d361ba163bd66f6","isVoid":false,"data":{},"nodes":[{"kind":"text","key":"0437b3838d5c4b40a38a75a24add1db4","ranges":[{"kind":"range","marks":[],"text":"In the "}]},{"kind":"inline","type":"link","key":"0f31d3234bd24201b80a766295ad65e0","isVoid":false,"data":{"href":"https://console.aws.amazon.com/ec2/v2/home"},"nodes":[{"kind":"text","key":"2804217ee2514d268aacd08241517dce","ranges":[{"kind":"range","marks":[],"text":"EC2 console "}]}]},{"kind":"text","key":"e5ba74218f7f411794fd96d02e44c735","ranges":[{"kind":"range","marks":[],"text":", launch a new instance (see "}]},{"kind":"inline","type":"link","key":"44acceca31964a65af6c94283b366c9d","isVoid":false,"data":{"href":"http://docs.aws.amazon.com/AWSEC2/latest/UserGuide/launching-instance.html"},"nodes":[{"kind":"text","key":"37bda76eb97a4961afae639e40d752af","ranges":[{"kind":"range","marks":[],"text":"this tutorial "}]}]},{"kind":"text","key":"26af511c027d417bbbf64c58e095322b","ranges":[{"kind":"range","marks":[],"text":"for more details). Amazon Linux AMI 2017.09.1 (HVM), SSD Volume Type (If NOT using Amazon Linux AMI, a script the installs python, pip and AWS CLI needs to be added in the beginning)."}]}]}]},{"kind":"block","type":"list-item","key":"974861c4a6c5428a953e8112ff57be1a","isVoid":false,"data":{},"nodes":[{"kind":"block","type":"paragraph","key":"5ac8851bb2954a279e144b5e84f00916","isVoid":false,"data":{},"nodes":[{"kind":"text","key":"96578a7f076044dda3c12c0533190a57","ranges":[{"kind":"range","marks":[],"text":"In Step 3: Configure Instance Details \n"}]}]},{"kind":"block","type":"list-ordered","key":"3da18135b54143ac891e8cb4e2a15b3a","isVoid":false,"data":{},"nodes":[{"kind":"block","type":"list-item","key":"454e24e21d424937925cba3aac1fac5c","isVoid":false,"data":{},"nodes":[{"kind":"block","type":"paragraph","key":"1d1fe38d92524278b621fee6df116bed","isVoid":false,"data":{},"nodes":[{"kind":"text","key":"792f5c1890ca4b3d9838d84e3f85ca37","ranges":[{"kind":"range","marks":[],"text":"In IAM role , choose <your-role-name>"}]}]}]},{"kind":"block","type":"list-item","key":"0614a95eea3f4d83bf27cc015b4b87a0","isVoid":false,"data":{},"nodes":[{"kind":"block","type":"paragraph","key":"b03154fd6d4a4ca098823c904c8044ef","isVoid":false,"data":{},"nodes":[{"kind":"text","key":"27e3a47bfb9f47d5bfaad3a675926530","ranges":[{"kind":"range","marks":[],"text":"In User Data , paste the following code block after replacing the placeholders with your values and appending TigerGraph installation script"}]}]}]}]}]}]},{"kind":"block","type":"code","key":"3955c4eda7f64abd8248c94cbd5c3734","isVoid":false,"data":{},"nodes":[{"kind":"block","type":"code-tab","key":"88fd7f38c8864e9dafe0e2a5cdf03a65","isVoid":false,"data":{"syntax":"bash","title":"Encryption bootstrap script"},"nodes":[{"kind":"block","type":"code-line","key":"f0594e3cb46945588e393a4732354914","isVoid":false,"data":{},"nodes":[{"kind":"text","key":"c00b68a3ee65460683836e297703a55a","ranges":[{"kind":"range","marks":[],"text":"#!/bin/bash"}]}]},{"kind":"block","type":"code-line","key":"57be77a120804179a48e47a37a034df8","isVoid":false,"data":{},"nodes":[{"kind":"text","key":"348243030b064f3bae2af6b0b1ce402f","ranges":[{"kind":"range","marks":[],"text":""}]}]},{"kind":"block","type":"code-line","key":"dde45f2c23d149af9a0ec417ab700636","isVoid":false,"data":{},"nodes":[{"kind":"text","key":"24ecb00da852407091b585830411799a","ranges":[{"kind":"range","marks":[],"text":"db_user=tigergraph"}]}]},{"kind":"block","type":"code-line","key":"650c2bb9d7874b149e12de1acefbaaa0","isVoid":false,"data":{},"nodes":[{"kind":"text","key":"9e8be28191c24b9f828ea01203a16380","ranges":[{"kind":"range","marks":[],"text":""}]}]},{"kind":"block","type":"code-line","key":"34f7046b255e4a1fb159655b0311b9eb","isVoid":false,"data":{},"nodes":[{"kind":"text","key":"cdcdbe242c5d48258929528e256bda69","ranges":[{"kind":"range","marks":[],"text":"## Initial setup to be executed on boot"}]}]},{"kind":"block","type":"code-line","key":"0c11475543d9458eae232c280ffc112a","isVoid":false,"data":{},"nodes":[{"kind":"text","key":"205c3ff1936e4c2abaacd5d6df5e79b4","ranges":[{"kind":"range","marks":[],"text":"##===================================="}]}]},{"kind":"block","type":"code-line","key":"4e36bd34cc5547fd8d82f7c98a704ca1","isVoid":false,"data":{},"nodes":[{"kind":"text","key":"6969c7a6abc84168863216f70ca5b76c","ranges":[{"kind":"range","marks":[],"text":"# Create an empty file. This file will be used to host the file system."}]}]},{"kind":"block","type":"code-line","key":"eb0f5b05bdae4c9ba424a8f3cf3499c4","isVoid":false,"data":{},"nodes":[{"kind":"text","key":"afb40995ebf949d8b7377a8849b5c28e","ranges":[{"kind":"range","marks":[],"text":"# In this example we create a <disk-size> (for example: 60G) file at <path-to-encrypted-file> (for example: /home/tigergraph/gstore_enc)."}]}]},{"kind":"block","type":"code-line","key":"ffd644fa7c7d4cfebb9810de18f49d05","isVoid":false,"data":{},"nodes":[{"kind":"text","key":"5d5a19cc8f224dc6873760900484d1e0","ranges":[{"kind":"range","marks":[],"text":"dd of=<path-to-encrypted-file> bs=<disk-size> count=0 seek=1"}]}]},{"kind":"block","type":"code-line","key":"60384afc949048a49b1ce3f1fd02e05c","isVoid":false,"data":{},"nodes":[{"kind":"text","key":"a6593c30eb10410db7e7ab9b96fed279","ranges":[{"kind":"range","marks":[],"text":""}]}]},{"kind":"block","type":"code-line","key":"d1819cec3bdd4c4791b09c05d1c6f1c0","isVoid":false,"data":{},"nodes":[{"kind":"text","key":"ad3785544fdf4cac8db43f14c8f9c296","ranges":[{"kind":"range","marks":[],"text":"# Lock down normal access to the file."}]}]},{"kind":"block","type":"code-line","key":"f23a93a3dfb24640a5071b4059f83336","isVoid":false,"data":{},"nodes":[{"kind":"text","key":"ecabf24d7d5e44a2944d0a7dace35062","ranges":[{"kind":"range","marks":[],"text":"chmod 600 <path-to-encrypted-file>"}]}]},{"kind":"block","type":"code-line","key":"d7a859a540524045bcf5f55149b42ae3","isVoid":false,"data":{},"nodes":[{"kind":"text","key":"1c89c8695f5943b5a814d74eea29f463","ranges":[{"kind":"range","marks":[],"text":""}]}]},{"kind":"block","type":"code-line","key":"11f8129a6c9e4904876c690d0e41cb1a","isVoid":false,"data":{},"nodes":[{"kind":"text","key":"88a93b13dca949cba78a44cf5c639207","ranges":[{"kind":"range","marks":[],"text":"# Associate a loopback device with the file."}]}]},{"kind":"block","type":"code-line","key":"2ed52dbced494e33a1f956a5410303c6","isVoid":false,"data":{},"nodes":[{"kind":"text","key":"064987586c8f406aa2fed6ef63fa0f8c","ranges":[{"kind":"range","marks":[],"text":"losetup /dev/loop0 <path-to-encrypted-file>"}]}]},{"kind":"block","type":"code-line","key":"b5d694c00f164847a71ba9cf6db4c7f8","isVoid":false,"data":{},"nodes":[{"kind":"text","key":"14ffe29654f6443a8dec24947f8755f4","ranges":[{"kind":"range","marks":[],"text":""}]}]},{"kind":"block","type":"code-line","key":"59e1ae33c5744d1fbd63cab8c7d83233","isVoid":false,"data":{},"nodes":[{"kind":"text","key":"0f69cd5832a64b0f8892502375fb6e25","ranges":[{"kind":"range","marks":[],"text":"#Copy encrypted password file from S3. The password is used to configure LUKE later on."}]}]},{"kind":"block","type":"code-line","key":"3a42c25d514c45baa5adca1665466f5f","isVoid":false,"data":{},"nodes":[{"kind":"text","key":"ea65c06699714fa1a3e6d44bb39b5c1c","ranges":[{"kind":"range","marks":[],"text":"aws s3 cp s3://<your-bucket-name>/LuksInternalStorageKey ."}]}]},{"kind":"block","type":"code-line","key":"88a0ce649638438faa259b6504cba7a8","isVoid":false,"data":{},"nodes":[{"kind":"text","key":"bb99ff718fb7411195e8d87a85d37b58","ranges":[{"kind":"range","marks":[],"text":""}]}]},{"kind":"block","type":"code-line","key":"059a88b1a6764730a8a18b3f2146033a","isVoid":false,"data":{},"nodes":[{"kind":"text","key":"3dc84fd6c6864e5d80021353b9b4646c","ranges":[{"kind":"range","marks":[],"text":"# Decrypt the password from the file with KMS, save the secret password in LuksClearTextKey"}]}]},{"kind":"block","type":"code-line","key":"17ba42250f36430f959060d3b380d9ba","isVoid":false,"data":{},"nodes":[{"kind":"text","key":"27442301c60e4832943de0047386b606","ranges":[{"kind":"range","marks":[],"text":"LuksClearTextKey=$(aws --region <your-region> kms decrypt --ciphertext-blob fileb://LuksInternalStorageKey --output text --query Plaintext | base64 --decode)"}]}]},{"kind":"block","type":"code-line","key":"ffe2577d883d4cb2afcf27fb96522551","isVoid":false,"data":{},"nodes":[{"kind":"text","key":"1afef4f7f4984e8db805216af6b692db","ranges":[{"kind":"range","marks":[],"text":""}]}]},{"kind":"block","type":"code-line","key":"86b7dfef47b447edafdcc807a39a7334","isVoid":false,"data":{},"nodes":[{"kind":"text","key":"28efee434d1544f48a8f269b3c19465c","ranges":[{"kind":"range","marks":[],"text":"# Encrypt storage in the device. cryptsetup will use the Linux"}]}]},{"kind":"block","type":"code-line","key":"ddea414c300b410b9326dc150be478c8","isVoid":false,"data":{},"nodes":[{"kind":"text","key":"2fb6521f995945cea204a20238de3ca7","ranges":[{"kind":"range","marks":[],"text":"# device mapper to create, in this case, /dev/mapper/tigergraph_gstore."}]}]},{"kind":"block","type":"code-line","key":"2a55c5e392fe4d2cb2a59e6b433ba4d3","isVoid":false,"data":{},"nodes":[{"kind":"text","key":"05862562363e40b596711c44a58a71d9","ranges":[{"kind":"range","marks":[],"text":"# Initialize the volume and set an initial key."}]}]},{"kind":"block","type":"code-line","key":"7fa263033c9e4bf8887d2ff6b3675632","isVoid":false,"data":{},"nodes":[{"kind":"text","key":"02d7113adcd14b5f9126272ee1c1c429","ranges":[{"kind":"range","marks":[],"text":"echo \"$LuksClearTextKey\" | cryptsetup -y luksFormat /dev/loop0"}]}]},{"kind":"block","type":"code-line","key":"4a1fe9eec0884459bc24aa9fbe048b7d","isVoid":false,"data":{},"nodes":[{"kind":"text","key":"2f8c48b68f9c4749b9adf9453c57475f","ranges":[{"kind":"range","marks":[],"text":""}]}]},{"kind":"block","type":"code-line","key":"89090c016bb44559b908513744f1692e","isVoid":false,"data":{},"nodes":[{"kind":"text","key":"dde39d1436854acf9c3cb666d2c08c1a","ranges":[{"kind":"range","marks":[],"text":"# Open the partition, and create a mapping to /dev/mapper/tigergraph_gstore."}]}]},{"kind":"block","type":"code-line","key":"75f7b916bd174bdc9771ef70a89e5547","isVoid":false,"data":{},"nodes":[{"kind":"text","key":"b8c41a7caf454dc28f54e63cf98bbbf0","ranges":[{"kind":"range","marks":[],"text":"echo \"$LuksClearTextKey\" | cryptsetup luksOpen /dev/loop0 tigergraph_gstore"}]}]},{"kind":"block","type":"code-line","key":"1b8b807d9f4e4878ae6dc5afa8cced74","isVoid":false,"data":{},"nodes":[{"kind":"text","key":"6b78aebbea584739ab083574fd46762b","ranges":[{"kind":"range","marks":[],"text":""}]}]},{"kind":"block","type":"code-line","key":"5e2e990021284cbbaf5592e3cbdbbd65","isVoid":false,"data":{},"nodes":[{"kind":"text","key":"266478af50bb4b9ba1c724fabde06ca2","ranges":[{"kind":"range","marks":[],"text":"# Clear the LuksClearTextKey variable because we don't need it anymore."}]}]},{"kind":"block","type":"code-line","key":"4729f04e4c4c4db99b62fccaabd9251b","isVoid":false,"data":{},"nodes":[{"kind":"text","key":"a52db62aeb7b4dad8b00d2f77f9f3593","ranges":[{"kind":"range","marks":[],"text":"unset LuksClearTextKey"}]}]},{"kind":"block","type":"code-line","key":"d3de908395a842e3a3eb28cf42d15a3a","isVoid":false,"data":{},"nodes":[{"kind":"text","key":"ea7a80f4f859495cac124bec69be45db","ranges":[{"kind":"range","marks":[],"text":""}]}]},{"kind":"block","type":"code-line","key":"72215dbbaa3a4d8ebff69280e85dc96d","isVoid":false,"data":{},"nodes":[{"kind":"text","key":"6db19dc9673b400a908c82f333b2a643","ranges":[{"kind":"range","marks":[],"text":"# Create a file system and verify its status."}]}]},{"kind":"block","type":"code-line","key":"9e2cba3667cf41e1960fced020e7d971","isVoid":false,"data":{},"nodes":[{"kind":"text","key":"94cb7d41aea546ed832a18e74ed3a1de","ranges":[{"kind":"range","marks":[],"text":"mke2fs -j -O dir_index /dev/mapper/tigergraph_gstore"}]}]},{"kind":"block","type":"code-line","key":"ea2c931a370f441a8ca8975c9124d046","isVoid":false,"data":{},"nodes":[{"kind":"text","key":"3e09d6ac437649f39bb8b64a3563b13b","ranges":[{"kind":"range","marks":[],"text":""}]}]},{"kind":"block","type":"code-line","key":"c6901b22c1654d3ebab40e6a8805023b","isVoid":false,"data":{},"nodes":[{"kind":"text","key":"e7ed9a6efbde4bab93fc3648fef8e2cb","ranges":[{"kind":"range","marks":[],"text":"# Mount the new file system to /mnt/secretfs."}]}]},{"kind":"block","type":"code-line","key":"3e7424f8eee641d1a5de44c38c72d58c","isVoid":false,"data":{},"nodes":[{"kind":"text","key":"9d1da2bbc8b44702b29a5cab2c86dbb1","ranges":[{"kind":"range","marks":[],"text":"mkdir -p /mnt/secretfs"}]}]},{"kind":"block","type":"code-line","key":"950abe33a61749149682e99d1f65a23d","isVoid":false,"data":{},"nodes":[{"kind":"text","key":"e7d5cdab779b4027987885050c62eec4","ranges":[{"kind":"range","marks":[],"text":"mount /dev/mapper/tigergraph_gstore /mnt/secretfs"}]}]},{"kind":"block","type":"code-line","key":"c07012c4cf314e09b82e59ea3483f9db","isVoid":false,"data":{},"nodes":[{"kind":"text","key":"da9ecd70986349ed9922554538573488","ranges":[{"kind":"range","marks":[],"text":""}]}]},{"kind":"block","type":"code-line","key":"3cef0c0e461c4839b137b209d37533db","isVoid":false,"data":{},"nodes":[{"kind":"text","key":"9294b527032c40c3845bd511fd96410f","ranges":[{"kind":"range","marks":[],"text":"# create user tigergraph"}]}]},{"kind":"block","type":"code-line","key":"4d07b70f37c74244945b2195b7c98f9d","isVoid":false,"data":{},"nodes":[{"kind":"text","key":"25d3bda191864adcb48082d406309f65","ranges":[{"kind":"range","marks":[],"text":"adduser $db_user"}]}]},{"kind":"block","type":"code-line","key":"b7e7024e0d164196b71151b8e7715fce","isVoid":false,"data":{},"nodes":[{"kind":"text","key":"a45d783124434e07b9e0bc0ee0304361","ranges":[{"kind":"range","marks":[],"text":""}]}]},{"kind":"block","type":"code-line","key":"c8e4385b80fb4b74936d520ad863c1cf","isVoid":false,"data":{},"nodes":[{"kind":"text","key":"3ebe569aa6bf49b08382c7b20ff92c81","ranges":[{"kind":"range","marks":[],"text":"# Change the permission so that only tigergraph has access to the file system"}]}]},{"kind":"block","type":"code-line","key":"e226dec549754e7c8566eb5f7b52d1ea","isVoid":false,"data":{},"nodes":[{"kind":"text","key":"61bd53041c344c28a5c4422665fe5f9a","ranges":[{"kind":"range","marks":[],"text":"chmod -R 700 /mnt/secretfs"}]}]},{"kind":"block","type":"code-line","key":"db33e6c53e8d41e6a35b99565fccdeb9","isVoid":false,"data":{},"nodes":[{"kind":"text","key":"6faa23e15fc14bbb8a704344ee9bafd5","ranges":[{"kind":"range","marks":[],"text":"chown -R $db_user:$db_user /mnt/secretfs"}]}]},{"kind":"block","type":"code-line","key":"96920786a7be43219a27962dbe3180da","isVoid":false,"data":{},"nodes":[{"kind":"text","key":"c6bb843418aa4f369318f3471dae602a","ranges":[{"kind":"range","marks":[],"text":""}]}]},{"kind":"block","type":"code-line","key":"8d583acbec84446c8a4b8251b3ca36c1","isVoid":false,"data":{},"nodes":[{"kind":"text","key":"9196e5fceacb4c60b9b9de99c6cdd0fa","ranges":[{"kind":"range","marks":[],"text":"# Install TigerGraph"}]}]},{"kind":"block","type":"code-line","key":"512852f0e6cc49918f5d05715456419d","isVoid":false,"data":{},"nodes":[{"kind":"text","key":"e4ddb219d4e145cd97430085ced478d8","ranges":[{"kind":"range","marks":[],"text":"# Run the one-command installation script with TigerGraphh root path under /mnt/secretfs"}]}]}]}]},{"kind":"block","type":"paragraph","key":"0359944fc7ec440889c0c22a3c14baba","isVoid":false,"data":{},"nodes":[{"kind":"text","key":"4f45bbcc555f446980fd56f80bcc8385","ranges":[{"kind":"range","marks":[],"text":"It may take a few minutes for the script to complete after system launch."}]}]},{"kind":"block","type":"paragraph","key":"0d83bf3f1d414567bf494cb59391cd24","isVoid":false,"data":{},"nodes":[{"kind":"text","key":"54bb5725c001477abe383f0eeef98937","ranges":[{"kind":"range","marks":[],"text":"Then, you should be able to launch one or more EC2 machines with an encrypted folder under /mnt/secretfs that only OS user "},{"kind":"range","marks":[{"kind":"mark","data":{},"type":"italic"}],"text":"tigergraph "},{"kind":"range","marks":[],"text":"can access."}]}]},{"kind":"block","type":"heading-2","key":"ce49e101b11144d3a787f8ca3646b87f","isVoid":false,"data":{},"nodes":[{"kind":"text","key":"40774eb7d054496dabfce68577a8d147","ranges":[{"kind":"range","marks":[],"text":"Performance"}]}]},{"kind":"block","type":"paragraph","key":"98d3c9175539494fa34f36db5661caf0","isVoid":false,"data":{},"nodes":[{"kind":"text","key":"826a7f48f7494805bc263441a88c942c","ranges":[{"kind":"range","marks":[],"text":"Encryption is usually CPU-bound rather than I/O bound. If CPU usage is below 100%, TigerGraph tests show no significant performance downgrade."}]}]},{"kind":"block","type":"paragraph","key":"9a3a657749f94d7382536407ff4861ba","isVoid":false,"data":{},"nodes":[{"kind":"text","key":"0900902b08b44ba4b02c6abed6ddc3da","ranges":[{"kind":"range","marks":[],"text":"\nCopyright (c) 2015-2018 "}]},{"kind":"inline","type":"link","key":"0e120ebd083c4bb394c29b61079fc89d","isVoid":false,"data":{"href":"https://www.tigergraph.com/"},"nodes":[{"kind":"text","key":"f5937c204c2b4eacb2fbce12dd467cf0","ranges":[{"kind":"range","marks":[],"text":"www.tigergraph.com"}]}]},{"kind":"text","key":"7511c34f4d86441fba4e85345130da6d","ranges":[{"kind":"range","marks":[],"text":". All rights reserved."}]}]}]}}