{"format_version":1,"document":{"kind":"document","key":"4","data":{"schema_version":6},"nodes":[{"kind":"block","type":"heading-1","key":"2","isVoid":false,"data":{},"nodes":[{"kind":"text","key":"1","ranges":[{"kind":"range","marks":[],"text":"Introduction"}]}]},{"kind":"block","type":"paragraph","key":"3022038c867f41bd87a4412e5bf2449a","isVoid":false,"data":{},"nodes":[{"kind":"text","key":"9c9fa524f19c4614ad9a4f3fbbe9d013","ranges":[{"kind":"range","marks":[],"text":"Pattern matching by nature is declarative. It enables users to focus on specifying what they want from a query without worrying about the underlying query processing."}]}]},{"kind":"block","type":"paragraph","key":"491f15adc6114038acc7b1c16e9718a8","isVoid":false,"data":{},"nodes":[{"kind":"text","key":"60c51ca8588048cfbe52cf55bfc6d832","ranges":[{"kind":"range","marks":[],"text":"A pattern usually appears in the FROM clause, the most fundamental part of the query structure. The pattern specifies sets of vertex types and how they are connected by edge types. A pattern can be refined further with conditions in the WHERE clause. In this tutorial, we'll focus on the linear pattern.  "}]}]},{"kind":"block","type":"hint","key":"7564168a7fbc475da16e820c4147b509","isVoid":false,"data":{"style":"info"},"nodes":[{"kind":"block","type":"paragraph","key":"f02807f39a704d75b01ca53982b8e133","isVoid":false,"data":{},"nodes":[{"kind":"text","key":"6cbf3e85a19b486b9128ae6d16d1d728","ranges":[{"kind":"range","marks":[],"text":"Currently, pattern matching may only be used in read-only queries. "}]}]}]},{"kind":"block","type":"heading-1","key":"b0ca3ae7bcf641cc8f51734ec1dc1022","isVoid":false,"data":{},"nodes":[{"kind":"text","key":"b482b30cfaa2496195f735cbc4da371a","ranges":[{"kind":"range","marks":[],"text":"1-Hop Pattern"}]}]},{"kind":"block","type":"paragraph","key":"7a29c17c2c324aca99434f5586eee656","isVoid":false,"data":{},"nodes":[{"kind":"text","key":"394f832f048548f284d6926ba756911f","ranges":[{"kind":"range","marks":[],"text":"The easiest way to understand patterns is to start with a simple 1-Hop pattern. Even a single hop has several options. After we've tackled single hops, then we'll see how to add repetition to make variable length patterns and how to connect single hops to form bigger patterns."}]}]},{"kind":"block","type":"paragraph","key":"6bc9e272d5ea4a9fa1c7f226f1f4e119","isVoid":false,"data":{},"nodes":[{"kind":"text","key":"06649c66235246c4be7dbb7b1833e90c","ranges":[{"kind":"range","marks":[],"text":"In classic GSQL queries, described in "}]},{"kind":"inline","type":"link","key":"1d06dd9d44324c0aaaffaf1366dd09c5","isVoid":false,"data":{"pageID":"-LMBDIdsCSyS1HbsgYaX"},"nodes":[{"kind":"text","key":"126814268a3f4d909db57d2157d9c4fc","ranges":[{"kind":"range","marks":[],"text":"GSQL 101"}]}]},{"kind":"text","key":"4abd01b364c645be9ae99ae9735d7a5e","ranges":[{"kind":"range","marks":[],"text":", we used the punctuation  "},{"kind":"range","marks":[{"kind":"mark","data":{},"type":"code"}],"text":"-( )->"},{"kind":"range","marks":[],"text":"  in the FROM clause to indicate a 1-hop query, where the arrow specifies the vertex flow from left to right, and  "},{"kind":"range","marks":[{"kind":"mark","data":{},"type":"code"}],"text":"( )"},{"kind":"range","marks":[],"text":" encloses the edge types."}]}]},{"kind":"block","type":"code","key":"67a778ad121141c1b7b72d280b192608","isVoid":false,"data":{"syntax":"text"},"nodes":[{"kind":"block","type":"code-line","key":"289f0c73f8794438b09bac9871f6f0b0","isVoid":false,"data":{},"nodes":[{"kind":"text","key":"48230dd149454b658f4ce33769260901","ranges":[{"kind":"range","marks":[],"text":"Person:p -(LIKES:e)-> Message:m          /* Classic GSQL example */"}]}]}]},{"kind":"block","type":"paragraph","key":"334d56848fc54a5fb626c8e2ea03d045","isVoid":false,"data":{},"nodes":[{"kind":"text","key":"4d5cda94404348bebf7351961f5abce2","ranges":[{"kind":"range","marks":[],"text":"In pattern matching, we use the punctuation "},{"kind":"range","marks":[{"kind":"mark","data":{},"type":"code"}],"text":"-( )-"},{"kind":"range","marks":[],"text":" to denote a 1-hop pattern, where the edge type(s) is enclosed in the parentheses "},{"kind":"range","marks":[{"kind":"mark","data":{},"type":"code"}],"text":"()"},{"kind":"range","marks":[],"text":" and the hyphens "},{"kind":"range","marks":[{"kind":"mark","data":{},"type":"code"}],"text":"-"},{"kind":"range","marks":[],"text":" symbolize connection without specifying direction.  Instead,  directionality is explicitly stated for "},{"kind":"range","marks":[{"kind":"mark","data":{},"type":"italic"}],"text":"each"},{"kind":"range","marks":[],"text":" edge type. "}]}]},{"kind":"block","type":"list-unordered","key":"6382a1a30bf8421ead4244377a0c5fdd","isVoid":false,"data":{},"nodes":[{"kind":"block","type":"list-item","key":"b6cb5fa45e5f4d6d994be4cd6e5d8ccd","isVoid":false,"data":{},"nodes":[{"kind":"block","type":"paragraph","key":"cccc52bf19274eb7845fa7119fbd631a","isVoid":false,"data":{},"nodes":[{"kind":"text","key":"3a236ef7d89349fd9ecf2180e8ded039","ranges":[{"kind":"range","marks":[],"text":"For an undirected edge E, no added decoration:    E"}]}]}]},{"kind":"block","type":"list-item","key":"33193b577ed742ab9eff3c4f01c24088","isVoid":false,"data":{},"nodes":[{"kind":"block","type":"paragraph","key":"ee705b77c1d64dd49e3b15dd8379792f","isVoid":false,"data":{},"nodes":[{"kind":"text","key":"bc6c301c77cc409c9a4a3e302716701f","ranges":[{"kind":"range","marks":[],"text":"For a directed edge E from left to right, use a suffix:  E>"}]}]}]},{"kind":"block","type":"list-item","key":"485457674a404a47b12ef754fa238f6c","isVoid":false,"data":{},"nodes":[{"kind":"block","type":"paragraph","key":"b528982cfb7f44ab93d07b025ec1cda9","isVoid":false,"data":{},"nodes":[{"kind":"text","key":"6a913013d1204643a7cfdba7630fdde2","ranges":[{"kind":"range","marks":[],"text":"For a directed edge E from right to left, use a prefix:  <E"}]}]}]}]},{"kind":"block","type":"paragraph","key":"d19348865f4f4cff942dfa1a477717e9","isVoid":false,"data":{},"nodes":[{"kind":"text","key":"059d3085db144b84a837e51fecdd70ce","ranges":[{"kind":"range","marks":[],"text":"For example, in the LDBC SNB schema, there are two directed relationships between Person and Message: person "},{"kind":"range","marks":[{"kind":"mark","data":{},"type":"italic"}],"text":"LIKES"},{"kind":"range","marks":[],"text":" message, and message "},{"kind":"range","marks":[{"kind":"mark","data":{},"type":"italic"}],"text":"HAS_CREATOR"},{"kind":"range","marks":[],"text":" person. Despite the fact that these relationships are in opposite directions, we can include both of them in the same pattern very concisely:"}]}]},{"kind":"block","type":"code","key":"9f8ffbe713b549b9988dbafda1c049d1","isVoid":false,"data":{"syntax":"text"},"nodes":[{"kind":"block","type":"code-line","key":"be577649a9374a45bd3c6861ff68f7b7","isVoid":false,"data":{},"nodes":[{"kind":"text","key":"320cab6d2faa43a7b9387d809409fbf8","ranges":[{"kind":"range","marks":[],"text":"Person:p -((LIKES>|<HAS_CREATOR):e)- Message:m         /* Pattern example */"}]}]}]},{"kind":"block","type":"heading-3","key":"2ac39aba706242419d60c0e5f6b55b94","isVoid":false,"data":{},"nodes":[{"kind":"text","key":"6aee02a3fb64475680a4b93e18aa1989","ranges":[{"kind":"range","marks":[],"text":"Edge Type Wildcards"}]}]},{"kind":"block","type":"paragraph","key":"7f99d491a8d74519884c291c7bb06323","isVoid":false,"data":{},"nodes":[{"kind":"text","key":"ad634c4c89ca4e608ecdbb90c5b56f87","ranges":[{"kind":"range","marks":[],"text":"The underscore"},{"kind":"range","marks":[{"kind":"mark","data":{},"type":"italic"}],"text":" "},{"kind":"range","marks":[{"kind":"mark","data":{},"type":"italic"},{"kind":"mark","data":{},"type":"code"}],"text":"_"},{"kind":"range","marks":[{"kind":"mark","data":{},"type":"italic"}],"text":" "},{"kind":"range","marks":[],"text":"is a wildcard meaning"},{"kind":"range","marks":[{"kind":"mark","data":{},"type":"italic"}],"text":" any edge type.  "},{"kind":"range","marks":[],"text":"Arrowheads are still used to indicate direction, e.g.,   "},{"kind":"range","marks":[{"kind":"mark","data":{},"type":"code"}],"text":"_>"},{"kind":"range","marks":[],"text":"  or  "},{"kind":"range","marks":[{"kind":"mark","data":{},"type":"code"}],"text":"<_"},{"kind":"range","marks":[],"text":"  or  "},{"kind":"range","marks":[{"kind":"mark","data":{},"type":"code"}],"text":"_"},{"kind":"range","marks":[],"text":"\nThe empty parentheses "},{"kind":"range","marks":[{"kind":"mark","data":{},"type":"code"}],"text":"()"},{"kind":"range","marks":[],"text":" means any edge, directed or undirected."}]}]},{"kind":"block","type":"heading-3","key":"4aa5a4e20e174201ba135213373477c0","isVoid":false,"data":{},"nodes":[{"kind":"text","key":"cf651fea11164b3c806444123633752b","ranges":[{"kind":"range","marks":[{"kind":"mark","data":{},"type":"bold"}],"text":"Examples of 1-Hop Patterns"}]}]},{"kind":"block","type":"list-ordered","key":"ed8a43760f5248eeb5b189568a69830d","isVoid":false,"data":{},"nodes":[{"kind":"block","type":"list-item","key":"00e4bae77d0c4004bbb3ef4cd91fe4a7","isVoid":false,"data":{},"nodes":[{"kind":"block","type":"paragraph","key":"b19787a197ed4029befccc05196cdc63","isVoid":false,"data":{},"nodes":[{"kind":"text","key":"67e41abd96394a8583e512f3e8ca498a","ranges":[{"kind":"range","marks":[],"text":" "},{"kind":"range","marks":[{"kind":"mark","data":{},"type":"code"}],"text":"FROM X:x - (E1:e1) - Y:y"}]}]},{"kind":"block","type":"list-unordered","key":"f364693f46374ca5ba57f05e842f007a","isVoid":false,"data":{},"nodes":[{"kind":"block","type":"list-item","key":"cb430cdcbcc54cd8b69ea0e049839ff9","isVoid":false,"data":{},"nodes":[{"kind":"block","type":"paragraph","key":"4bcebbc648574c9f92ac26a1478bfe08","isVoid":false,"data":{},"nodes":[{"kind":"text","key":"077b8f2d33f448d8a0e813711ff300af","ranges":[{"kind":"range","marks":[],"text":"E1 is an undirected edge. x and y bind to the end points of E1. e1 is the alias of E1.  "}]}]}]}]}]},{"kind":"block","type":"list-item","key":"2963592207d448ffbc82711367012031","isVoid":false,"data":{},"nodes":[{"kind":"block","type":"paragraph","key":"5b55d8d42b7b4571b65902f913d77e7b","isVoid":false,"data":{},"nodes":[{"kind":"text","key":"81e007a424964c2ab5f144b285be736c","ranges":[{"kind":"range","marks":[{"kind":"mark","data":{},"type":"code"}],"text":"FROM x - (E2>:e2) - Y:y"}]}]},{"kind":"block","type":"list-unordered","key":"85956312b55e4466ab8f7091e58b365b","isVoid":false,"data":{},"nodes":[{"kind":"block","type":"list-item","key":"254ba2c9e61441eb9733cb7d7ca876bf","isVoid":false,"data":{},"nodes":[{"kind":"block","type":"paragraph","key":"2d403a1a505e496f911f9a72b019eb1b","isVoid":false,"data":{},"nodes":[{"kind":"text","key":"7c7e11e9b1b04371a622b333dd574626","ranges":[{"kind":"range","marks":[],"text":"Right directed edge, x binds to the source of E2, y binds to the target of E2."}]}]}]}]}]},{"kind":"block","type":"list-item","key":"6ab9065f592a4cb8ba381193fadf1419","isVoid":false,"data":{},"nodes":[{"kind":"block","type":"paragraph","key":"0b4a68c6d87c45e9a7dbacb060cf261e","isVoid":false,"data":{},"nodes":[{"kind":"text","key":"75ff2e4b834c4ebe86351170e29b2930","ranges":[{"kind":"range","marks":[{"kind":"mark","data":{},"type":"code"}],"text":"FROM X:x - (<E3:e3) - Y:y"}]}]},{"kind":"block","type":"list-unordered","key":"b0416e25c22944abab63683e51523685","isVoid":false,"data":{},"nodes":[{"kind":"block","type":"list-item","key":"206fd80e29824ae3aa9f5d1cdc040ee8","isVoid":false,"data":{},"nodes":[{"kind":"block","type":"paragraph","key":"62735ad3efbd4fd2ae236a98e902792d","isVoid":false,"data":{},"nodes":[{"kind":"text","key":"fde58b11ffef4cc2874c872ab1d3a8de","ranges":[{"kind":"range","marks":[],"text":"Left directed edge, y binds to the source of E3, x binds to the target of E3."}]}]}]}]}]},{"kind":"block","type":"list-item","key":"9a0e8d35a34b4f5f8b388f9cc0908865","isVoid":false,"data":{},"nodes":[{"kind":"block","type":"paragraph","key":"e86615f607d949eb8adc1f5119051fb6","isVoid":false,"data":{},"nodes":[{"kind":"text","key":"7bcd82a2155d4c569f6bbd5a75e16f1c","ranges":[{"kind":"range","marks":[{"kind":"mark","data":{},"type":"code"}],"text":"FROM X:x - (_:e) - Y:y"}]}]},{"kind":"block","type":"list-unordered","key":"c0abb4ec3f4f41ae94c7416f63343b8c","isVoid":false,"data":{},"nodes":[{"kind":"block","type":"list-item","key":"d11877a2967f41f082af6c5389536aaa","isVoid":false,"data":{},"nodes":[{"kind":"block","type":"paragraph","key":"2c3cc613a031425c997c006502f54123","isVoid":false,"data":{},"nodes":[{"kind":"text","key":"4caed4bd3a444c42a79f6a7b53482963","ranges":[{"kind":"range","marks":[],"text":"Any undirected edge between a member of X and a member of Y."}]}]}]}]}]},{"kind":"block","type":"list-item","key":"8cd3d7f84565455ea6c73cec13cef121","isVoid":false,"data":{},"nodes":[{"kind":"block","type":"paragraph","key":"c324c579057146acb68f71b6b4901234","isVoid":false,"data":{},"nodes":[{"kind":"text","key":"9bbe51d04ba045f1b8b175ac13ab0150","ranges":[{"kind":"range","marks":[{"kind":"mark","data":{},"type":"code"}],"text":"FROM X:x - (_>:e) - Y:y"}]}]},{"kind":"block","type":"list-unordered","key":"b8005c33fc58464190b333cced1f1c3e","isVoid":false,"data":{},"nodes":[{"kind":"block","type":"list-item","key":"59e4d84e151947d3b34f6fc52667a732","isVoid":false,"data":{},"nodes":[{"kind":"block","type":"paragraph","key":"b16ec89b814a4614bf8384cca573fae8","isVoid":false,"data":{},"nodes":[{"kind":"text","key":"9068594857e540a4aeba63d1c7337512","ranges":[{"kind":"range","marks":[],"text":"Any right directed edge with source in X and target in Y."}]}]}]}]}]},{"kind":"block","type":"list-item","key":"b220ddfb96cb4adcbe3aaf4cfc648621","isVoid":false,"data":{},"nodes":[{"kind":"block","type":"paragraph","key":"fb685c0b492e42f3a96e824253b91b4e","isVoid":false,"data":{},"nodes":[{"kind":"text","key":"854ae33465d545c68e51d1fd98dd523a","ranges":[{"kind":"range","marks":[{"kind":"mark","data":{},"type":"code"}],"text":"FROM X:x - (<_:e) - Y:y"}]}]},{"kind":"block","type":"list-unordered","key":"fb2ace8b48fd4cddbe879b56eed688ed","isVoid":false,"data":{},"nodes":[{"kind":"block","type":"list-item","key":"838c2f8a796e4c07959d4bc6776957da","isVoid":false,"data":{},"nodes":[{"kind":"block","type":"paragraph","key":"c24206207512401e8c065be1c8a57886","isVoid":false,"data":{},"nodes":[{"kind":"text","key":"ff45ee2e5d3747fc915cb77c537c3e1c","ranges":[{"kind":"range","marks":[],"text":"Any left directed edge with source in Y and target in X."}]}]}]}]}]},{"kind":"block","type":"list-item","key":"91f32e4bfacf4bdb8e5cec0f5660f9a1","isVoid":false,"data":{},"nodes":[{"kind":"block","type":"paragraph","key":"cf9c1bd04ed04e128b3b4408becfb222","isVoid":false,"data":{},"nodes":[{"kind":"text","key":"3810fb90316341e08f2551fa10a56a8a","ranges":[{"kind":"range","marks":[{"kind":"mark","data":{},"type":"code"}],"text":"FROM X:x - ((<_|_):e) - Y:y"}]}]},{"kind":"block","type":"list-unordered","key":"e3df1b6845314c3194c92a5ea3d898b1","isVoid":false,"data":{},"nodes":[{"kind":"block","type":"list-item","key":"728ef4554daa456c9a864b8c07e8aac0","isVoid":false,"data":{},"nodes":[{"kind":"block","type":"paragraph","key":"50644ccad9be40ccb8154088caa88e95","isVoid":false,"data":{},"nodes":[{"kind":"text","key":"b30ab275d6a34dc2bd399c277dba6552","ranges":[{"kind":"range","marks":[],"text":"Any left directed or any undirected. \"|\" means OR, and parentheses enclose the group of edge descriptors. e is the alias for the edge pattern (<_|_)."}]}]}]}]}]},{"kind":"block","type":"list-item","key":"14d53723377f4f65b4ad655bee2ecbf7","isVoid":false,"data":{},"nodes":[{"kind":"block","type":"paragraph","key":"2320803dd7914c59be3609e59bd91a94","isVoid":false,"data":{},"nodes":[{"kind":"text","key":"a1b44de18e074d0aba4678018fc7985a","ranges":[{"kind":"range","marks":[{"kind":"mark","data":{},"type":"code"}],"text":"FROM X:x - ((E1|E2>|<E3):e) - Y:y"}]}]},{"kind":"block","type":"list-unordered","key":"fe460cd109c8492095c363b75b60fe8e","isVoid":false,"data":{},"nodes":[{"kind":"block","type":"list-item","key":"d13efe35175142b585230496b25c70bd","isVoid":false,"data":{},"nodes":[{"kind":"block","type":"paragraph","key":"9048b7bf8da8452c94028937d398dabd","isVoid":false,"data":{},"nodes":[{"kind":"text","key":"c3f1b01350f9458cb08727194f16ef1b","ranges":[{"kind":"range","marks":[],"text":"Any one of the three edge patterns."}]}]}]}]}]},{"kind":"block","type":"list-item","key":"8d33ec2361c64beabb77362134a02054","isVoid":false,"data":{},"nodes":[{"kind":"block","type":"paragraph","key":"753f5e1a4708433e98b74d10fa476476","isVoid":false,"data":{},"nodes":[{"kind":"text","key":"594478c3cd8a4aa9b65c85a1aaf2fb1e","ranges":[{"kind":"range","marks":[{"kind":"mark","data":{},"type":"code"}],"text":"FROM X:x - () - Y:y"}]}]},{"kind":"block","type":"list-unordered","key":"5a3f3478b21a4a03861d0b2c757ef770","isVoid":false,"data":{},"nodes":[{"kind":"block","type":"list-item","key":"fd54b525eada48598c876d930e95bb2f","isVoid":false,"data":{},"nodes":[{"kind":"block","type":"paragraph","key":"a60aafbd45824fc1ae1bd510d67066ef","isVoid":false,"data":{},"nodes":[{"kind":"text","key":"e58647aacc8f432fa25578eb76ed8c17","ranges":[{"kind":"range","marks":[],"text":"any edge (directed or undirected)"}]}]}]},{"kind":"block","type":"list-item","key":"b1f1d6deb3cc46d5abfb6975e65ed8aa","isVoid":false,"data":{},"nodes":[{"kind":"block","type":"paragraph","key":"b9502a865928453d899f0423506efb17","isVoid":false,"data":{},"nodes":[{"kind":"text","key":"68b023d7ab7c46c4b196b4de54dc945b","ranges":[{"kind":"range","marks":[],"text":"Same as  "},{"kind":"range","marks":[{"kind":"mark","data":{},"type":"code"}],"text":"(<_|_>|_)"}]}]}]}]}]}]},{"kind":"block","type":"heading-1","key":"e2e55dfcd283469ba26ed38b0f2fd882","isVoid":false,"data":{},"nodes":[{"kind":"text","key":"58ca59fd67d7485e88e8add253434061","ranges":[{"kind":"range","marks":[],"text":"How To Enter Pattern Match Syntax Mode"}]}]},{"kind":"block","type":"paragraph","key":"5e368270cb4d4a0c936653e994c7e9a6","isVoid":false,"data":{},"nodes":[{"kind":"text","key":"5359b980076c436081437b4ddc9daecc","ranges":[{"kind":"range","marks":[],"text":"To use the pattern match syntax, you need to either set a session parameter or specify it in the query. There are currently two syntax versions for queries:"}]}]},{"kind":"block","type":"list-unordered","key":"0057d3b4128246688b4fdf401f34e5d4","isVoid":false,"data":{},"nodes":[{"kind":"block","type":"list-item","key":"f53878e07a854b4880ec78b0417c3ae1","isVoid":false,"data":{},"nodes":[{"kind":"block","type":"paragraph","key":"27b4bfb7d76c4c04a2d6c35fb2c86692","isVoid":false,"data":{},"nodes":[{"kind":"text","key":"5dad4bf8ce534a9296c652abeb63ae5a","ranges":[{"kind":"range","marks":[],"text":"\"v1\" is the classic syntax, traversing one hop per SELECT statement. This is the default mode."}]}]}]},{"kind":"block","type":"list-item","key":"d00e9caebf2744bda5e2e9411aafc301","isVoid":false,"data":{},"nodes":[{"kind":"block","type":"paragraph","key":"5dd354ba7b3e4c25b91f8d2f66702f2f","isVoid":false,"data":{},"nodes":[{"kind":"text","key":"502b22b754864d1590229456a31ca66f","ranges":[{"kind":"range","marks":[],"text":"\"v2\" enhances the v1 syntax with pattern matching."}]}]}]}]},{"kind":"block","type":"heading-2","key":"814b1c44781d46ce8a3606ff8fb68a24","isVoid":false,"data":{},"nodes":[{"kind":"text","key":"b250373fd39740c2a9ba05ae84af5f36","ranges":[{"kind":"range","marks":[],"text":"syntax_version Session Parameter"}]}]},{"kind":"block","type":"paragraph","key":"d94509ff324c42a3a15c0001c5db45ea","isVoid":false,"data":{},"nodes":[{"kind":"text","key":"57b26b23c56b45909bb5621aed4c9386","ranges":[{"kind":"range","marks":[],"text":"You can use the SET command to assign a value to the "},{"kind":"range","marks":[{"kind":"mark","data":{},"type":"italic"}],"text":"syntax_version"},{"kind":"range","marks":[],"text":" session parameter: v1 for classic syntax; v2 for pattern matching. If the parameter is never set, the classic v1 syntax is enabled. Once set, the selection remains valid for the duration of the GSQL client session, or until it is changed with another SET command."}]}]},{"kind":"block","type":"code","key":"d0eb0980b3c646b4b109b629fc4e4fbb","isVoid":false,"data":{"syntax":"coffeescript","title":"GSQL:  Set Syntax Version By A Session Parameter"},"nodes":[{"kind":"block","type":"code-line","key":"30851ce5404a44b68380277b4b0b7954","isVoid":false,"data":{},"nodes":[{"kind":"text","key":"4ced68cca07d4232b600ba743105d54d","ranges":[{"kind":"range","marks":[],"text":"#v2 syntax allow mixed of old syntax - () ->  and"}]}]},{"kind":"block","type":"code-line","key":"d512fd16e5cc4ecd95674b9ae9b61c77","isVoid":false,"data":{},"nodes":[{"kind":"text","key":"6b9a985ba8734a50971286df9b4dc914","ranges":[{"kind":"range","marks":[],"text":"#the pattern match syntax - () - "}]}]},{"kind":"block","type":"code-line","key":"72fd516dccc74fc291b78837df2dfa47","isVoid":false,"data":{},"nodes":[{"kind":"text","key":"0be73c4d1760407e9bde40a0ebce34d7","ranges":[{"kind":"range","marks":[],"text":"SET syntax_version=\"v2\""}]}]}]},{"kind":"block","type":"heading-2","key":"9aee23a7bc734e90ba00dfa89c3bd6ce","isVoid":false,"data":{},"nodes":[{"kind":"text","key":"61f81c3ab17a48a7b50fb764a3cd85fb","ranges":[{"kind":"range","marks":[],"text":"Query-Level SYNTAX option"}]}]},{"kind":"block","type":"paragraph","key":"aa843479672c4589a590e4c162318098","isVoid":false,"data":{},"nodes":[{"kind":"text","key":"39e87c75fbb6489da62f27bfa80e8da9","ranges":[{"kind":"range","marks":[],"text":"You can also select the syntax by using the new SYNTAX option in the CREATE QUERY statement: v1 for classic syntax (default); v2 for pattern matching. The Query-Level SYNTAX option overrides the syntax_version session parameter."}]}]},{"kind":"block","type":"hint","key":"4cc6373e2b5f4d2c9f393261b0c58833","isVoid":false,"data":{"style":"danger"},"nodes":[{"kind":"block","type":"paragraph","key":"5a8670da8b2c43b894a5538216bd0586","isVoid":false,"data":{},"nodes":[{"kind":"text","key":"f2e3cfce8c624212bdffb0762108fd77","ranges":[{"kind":"range","marks":[],"text":"CHANGE ADVISORY"}]}]},{"kind":"block","type":"paragraph","key":"470178d0067a4c2d9a178ce9c1e1ee45","isVoid":false,"data":{},"nodes":[{"kind":"text","key":"63699d591b41412d8344c38bfde1e1bd","ranges":[{"kind":"range","marks":[],"text":"The punctuation used with the SYNTAX keyword is going to streamlined in an upcoming release (Version 2.4.1). We will change\n"},{"kind":"range","marks":[{"kind":"mark","data":{},"type":"code"}],"text":"CREATE QUERY <query_name><parameters> FOR GRAPH <graph_name> "},{"kind":"range","marks":[{"kind":"mark","data":{},"type":"code"},{"kind":"mark","data":{},"type":"bold"}],"text":"SYNTAX (\"v2\")"}]}]},{"kind":"block","type":"paragraph","key":"1ae5959559ac4872ad23d99bf71dcd83","isVoid":false,"data":{},"nodes":[{"kind":"text","key":"025d86da4a1046af9da4afb3d0dd2ad0","ranges":[{"kind":"range","marks":[],"text":"to"}]}]},{"kind":"block","type":"paragraph","key":"5bb740c342424631ad226c7883e75033","isVoid":false,"data":{},"nodes":[{"kind":"text","key":"f38322ede5a942e1bdeb7b5251aab69a","ranges":[{"kind":"range","marks":[{"kind":"mark","data":{},"type":"code"}],"text":"CREATE QUERY <query_name><parameters> FOR GRAPH <graph_name> "},{"kind":"range","marks":[{"kind":"mark","data":{},"type":"code"},{"kind":"mark","data":{},"type":"bold"}],"text":"SYNTAX v2"}]}]}]},{"kind":"block","type":"paragraph","key":"d30c5614d831496997d79627cebacad3","isVoid":false,"data":{},"nodes":[{"kind":"text","key":"40433b87f41749929f38381c94ff2237","ranges":[{"kind":"range","marks":[],"text":""}]}]},{"kind":"block","type":"code","key":"322ac3a5bbc947288225926c55bfc41e","isVoid":false,"data":{"syntax":"sql","title":"GSQL: Set Syntax Version By Specifying The Version After Graph Name In The Query "},"nodes":[{"kind":"block","type":"code-line","key":"7a6c5db9c4ce4a638d0207588a70a8a1","isVoid":false,"data":{},"nodes":[{"kind":"text","key":"bff0e34891f546099e31d7990aca3c6d","ranges":[{"kind":"range","marks":[],"text":"CREATE QUERY test10 (string str ) FOR GRAPH ldbc_snb SYNTAX(\"v2\")"}]}]},{"kind":"block","type":"code-line","key":"4ceee81caec44c88917eceafae39607d","isVoid":false,"data":{},"nodes":[{"kind":"text","key":"e051a72094984e11b477b2b38aacdca8","ranges":[{"kind":"range","marks":[],"text":"{ "}]}]},{"kind":"block","type":"code-line","key":"5a6df0134c894313afd3f73cedcd30dc","isVoid":false,"data":{},"nodes":[{"kind":"text","key":"4d0d4d1d403e4d9f8c5f6e0b396b2ee8","ranges":[{"kind":"range","marks":[],"text":"  ..."}]}]},{"kind":"block","type":"code-line","key":"310faad177584c368bc55654463d49c0","isVoid":false,"data":{},"nodes":[{"kind":"text","key":"d1308236a43f441690525bdd41c87cb4","ranges":[{"kind":"range","marks":[],"text":"}"}]}]}]},{"kind":"block","type":"heading-1","key":"a4923c1dc5d842bcb62b022b17e791c2","isVoid":false,"data":{},"nodes":[{"kind":"text","key":"307e2403f3f64147b80b3d693ff22953","ranges":[{"kind":"range","marks":[],"text":"Running Anonymous Queries Without Installing"}]}]},{"kind":"block","type":"paragraph","key":"30d0ba285ff04dde86593dfbbd67002e","isVoid":false,"data":{},"nodes":[{"kind":"text","key":"4ec32ad6929645a88eb005f95f6c1749","ranges":[{"kind":"range","marks":[],"text":"In this tutorial, we will use the new Interpreted Mode for GSQL, also introduced in TigerGraph 2.4. Interpreted mode lets us skip the INSTALL step, and even to run a query as soon as we create it, to offer a more interactive experience. These one-step interpreted queries are unnamed (anonymous) and parameterless, just like SQL."}]}]},{"kind":"block","type":"paragraph","key":"373b3f9a06794704800609c01bd2eb20","isVoid":false,"data":{},"nodes":[{"kind":"text","key":"68ec4d93ff3f454b80482c49fd85996d","ranges":[{"kind":"range","marks":[],"text":"To send an anonymous query to the interpret engine, replace the keyword CREATE with INTERPRET.  Remember, no parameters:"}]}]},{"kind":"block","type":"code","key":"09183b27a2384f0696c43357ec5ef978","isVoid":false,"data":{"syntax":"sql"},"nodes":[{"kind":"block","type":"code-line","key":"3aad7dceff0f4befbc30ed24c8baba4a","isVoid":false,"data":{},"nodes":[{"kind":"text","key":"2beb379dd19744848fd943d21439d844","ranges":[{"kind":"range","marks":[],"text":"INTERPRET QUERY () FOR GRAPH graph_name SYNTAX (\"v2\") { <query body> }"}]}]}]},{"kind":"block","type":"hint","key":"23382dcb47904d828f6066d50a9f16ad","isVoid":false,"data":{"style":"warning"},"nodes":[{"kind":"block","type":"paragraph","key":"dc8d7e39ffa44229a511ac117cf7422e","isVoid":false,"data":{},"nodes":[{"kind":"text","key":"0f234748c5774765a6c2264357d95d68","ranges":[{"kind":"range","marks":[],"text":"Recommendation: Increase the query timeout threshold. "}]}]},{"kind":"block","type":"paragraph","key":"b180ebb40d094140962ae919f8e5cdf2","isVoid":false,"data":{},"nodes":[{"kind":"text","key":"bb362a19e3c0481b83be3e709aa26548","ranges":[{"kind":"range","marks":[],"text":"Interpreted queries may run slower than installed queries, so we recommend increasing the query timeout threshold:"}]}]},{"kind":"block","type":"code","key":"29115cdeedf94016987972aa62ba0141","isVoid":false,"data":{"syntax":"coffeescript","title":"GSQL: Set Longer Timeout"},"nodes":[{"kind":"block","type":"code-line","key":"813eb7474b2f476c897542953c5b2f6b","isVoid":false,"data":{},"nodes":[{"kind":"text","key":"9d410af2b697489f879f3b7897bc5c3e","ranges":[{"kind":"range","marks":[],"text":"# set query time out to 1 minutes"}]}]},{"kind":"block","type":"code-line","key":"bf880832c5574193b0870cae45129d4c","isVoid":false,"data":{},"nodes":[{"kind":"text","key":"31b7e04c12d243de9dd02a22273ca698","ranges":[{"kind":"range","marks":[],"text":"# 1 unit is 1 milli-second"}]}]},{"kind":"block","type":"code-line","key":"c1adbd27e5a048858c4c50eefee89c2d","isVoid":false,"data":{},"nodes":[{"kind":"text","key":"cfef887d550f40debb329b80887e8bbb","ranges":[{"kind":"range","marks":[],"text":"SET query_timeout = 60000"}]}]}]}]},{"kind":"block","type":"heading-1","key":"f66c144d2f3c4430b282dc7294e17348","isVoid":false,"data":{},"nodes":[{"kind":"text","key":"3738cf89782843b7ad86f1cacc5ba7a1","ranges":[{"kind":"range","marks":[],"text":"Examples of 1-Hop Fixed Length Query"}]}]},{"kind":"block","type":"paragraph","key":"965cea87a1144e3aa10f25b0d11bccb5","isVoid":false,"data":{},"nodes":[{"kind":"text","key":"60761b1c4f704bbd89d5f8f175fdeadb","ranges":[{"kind":"range","marks":[{"kind":"mark","data":{},"type":"bold"}],"text":"Example 1"},{"kind":"range","marks":[],"text":". Find persons who know the person named \"Viktor Akhiezer\" and return the top 3 oldest such persons. "}]}]},{"kind":"block","type":"code","key":"65d4391a90e742a8af89c614b2035c67","isVoid":false,"data":{"syntax":"sql","title":"Example 1.  Left Directed Edge Pattern"},"nodes":[{"kind":"block","type":"code-line","key":"b4e91467091f471395471d5da32c18b7","isVoid":false,"data":{},"nodes":[{"kind":"text","key":"f8b64f8f72ef40c0abe07555e7bd9aa1","ranges":[{"kind":"range","marks":[],"text":"USE GRAPH ldbc_snb"}]}]},{"kind":"block","type":"code-line","key":"0922b2a3de614ac49ca745fcf444d494","isVoid":false,"data":{},"nodes":[{"kind":"text","key":"0787c4c98b974698a38a267a08c58bb7","ranges":[{"kind":"range","marks":[],"text":"SET syntax_version=\"v2\""}]}]},{"kind":"block","type":"code-line","key":"9eb3916367ec423ab524979dac54dab0","isVoid":false,"data":{},"nodes":[{"kind":"text","key":"afa2a6e2d5a1485583267bc58135583d","ranges":[{"kind":"range","marks":[],"text":""}]}]},{"kind":"block","type":"code-line","key":"ff904c11469a420bbb453a84cc2b8212","isVoid":false,"data":{},"nodes":[{"kind":"text","key":"a3e3c00469504201bb3af6798126d9d1","ranges":[{"kind":"range","marks":[],"text":"INTERPRET QUERY () FOR GRAPH ldbc_snb {"}]}]},{"kind":"block","type":"code-line","key":"2637dd0987f4435bb19a935aa5e5530d","isVoid":false,"data":{},"nodes":[{"kind":"text","key":"a4b31f73859949e9bf5bc1f323b45310","ranges":[{"kind":"range","marks":[],"text":"   #start with all persons."}]}]},{"kind":"block","type":"code-line","key":"4452607d5fff4228960094795e58cfea","isVoid":false,"data":{},"nodes":[{"kind":"text","key":"7823ab39f823473ba70e35afc6bfe779","ranges":[{"kind":"range","marks":[],"text":"   Seed = {Person.*};"}]}]},{"kind":"block","type":"code-line","key":"cd74eac0f2b54f4c848216458e288add","isVoid":false,"data":{},"nodes":[{"kind":"text","key":"779fcc07f8c24d1ab494b0be923b2074","ranges":[{"kind":"range","marks":[],"text":"   #1-hop pattern. "}]}]},{"kind":"block","type":"code-line","key":"77c89ebc8a85471a9aba47344cf68e8b","isVoid":false,"data":{},"nodes":[{"kind":"text","key":"ce4a7d623ccf4cffa7e328a23ad4f19f","ranges":[{"kind":"range","marks":[],"text":"   friends = SELECT p"}]}]},{"kind":"block","type":"code-line","key":"709b52c0fdda4e3ea243cac5554b224e","isVoid":false,"data":{},"nodes":[{"kind":"text","key":"e899671018ab43fe98349eef5b1124aa","ranges":[{"kind":"range","marks":[],"text":"             FROM Seed:s - (<Person_KNOWS_Person:e) - Person:p"}]}]},{"kind":"block","type":"code-line","key":"d56a551c52944ecd8afa8641645d2a5a","isVoid":false,"data":{},"nodes":[{"kind":"text","key":"98812d2d4be749e4b1abae657bf2632b","ranges":[{"kind":"range","marks":[],"text":"             WHERE s.firstName == \"Viktor\" AND s.lastName == \"Akhiezer\""}]}]},{"kind":"block","type":"code-line","key":"b5adf133f117453dbb103d2211984773","isVoid":false,"data":{},"nodes":[{"kind":"text","key":"c9dde2a7823846028cec66688e37e163","ranges":[{"kind":"range","marks":[],"text":"             ORDER BY p.birthday ASC"}]}]},{"kind":"block","type":"code-line","key":"c641550536474afd85697463e2cea298","isVoid":false,"data":{},"nodes":[{"kind":"text","key":"a419ec1ac22a462fb890faa779f827bc","ranges":[{"kind":"range","marks":[],"text":"             LIMIT 3;"}]}]},{"kind":"block","type":"code-line","key":"b380ad903805461eba58dd8510bedc98","isVoid":false,"data":{},"nodes":[{"kind":"text","key":"3b595912092944e2a049624aeedce3e5","ranges":[{"kind":"range","marks":[],"text":"             "}]}]},{"kind":"block","type":"code-line","key":"c10f170fa18f4aef9c2037c75ac3f211","isVoid":false,"data":{},"nodes":[{"kind":"text","key":"d570ac9e9eaf47d7ab4f1c96bbe8314a","ranges":[{"kind":"range","marks":[],"text":"    PRINT  friends[friends.firstName, friends.lastName, friends.birthday];"}]}]},{"kind":"block","type":"code-line","key":"47a5b5a448384817acedc5b284b87e23","isVoid":false,"data":{},"nodes":[{"kind":"text","key":"dfd258fda06b4056be845ce6c62ac304","ranges":[{"kind":"range","marks":[],"text":"}"}]}]}]},{"kind":"block","type":"paragraph","key":"a6cc3017581e4979b101ba8bfaf34976","isVoid":false,"data":{},"nodes":[{"kind":"text","key":"c1c0be805f9647a19e2905befa6cfbea","ranges":[{"kind":"range","marks":[],"text":"You can copy the above GSQL script to a file named example1.gsql and invoke this script file in Linux."}]}]},{"kind":"block","type":"code","key":"bdc6994c94114c26b01fbbcff4205da6","isVoid":false,"data":{"syntax":"bash","title":"Linux Bash"},"nodes":[{"kind":"block","type":"code-line","key":"42f9d14220f44ece89b00584816953d9","isVoid":false,"data":{},"nodes":[{"kind":"text","key":"05be7d1f89dd43ada8755d29febe841f","ranges":[{"kind":"range","marks":[],"text":"gsql example1.gsql"}]}]}]},{"kind":"block","type":"code","key":"e323d163af4f4deba5f37b11c91812f4","isVoid":false,"data":{"syntax":"coffeescript","title":" Output of Example 1"},"nodes":[{"kind":"block","type":"code-line","key":"5f4e5cbb0613409bb45d247536669143","isVoid":false,"data":{},"nodes":[{"kind":"text","key":"1affbb644da347e0aa99368924a3bc1a","ranges":[{"kind":"range","marks":[],"text":"{"}]}]},{"kind":"block","type":"code-line","key":"ea979bdbdfe447e6a1f2a7467afbf18e","isVoid":false,"data":{},"nodes":[{"kind":"text","key":"ad02f13b81b0400685148e415a10e991","ranges":[{"kind":"range","marks":[],"text":"  \"error\": false,"}]}]},{"kind":"block","type":"code-line","key":"c22582eaac3742e584ef5b09be011cfb","isVoid":false,"data":{},"nodes":[{"kind":"text","key":"13155cc445ed4b848eedec6e3e91927f","ranges":[{"kind":"range","marks":[],"text":"  \"message\": \"\","}]}]},{"kind":"block","type":"code-line","key":"6b7690bec04a49f0868ff60d42aa666e","isVoid":false,"data":{},"nodes":[{"kind":"text","key":"9f1e027444ff4a1ab04e435e7ee3944f","ranges":[{"kind":"range","marks":[],"text":"  \"version\": {"}]}]},{"kind":"block","type":"code-line","key":"5b0930ecfd8a431d941f8c663180d562","isVoid":false,"data":{},"nodes":[{"kind":"text","key":"09d4800176ff41a0b457860372b9757e","ranges":[{"kind":"range","marks":[],"text":"    \"schema\": 0,"}]}]},{"kind":"block","type":"code-line","key":"ec3cd7191dbc4643b5bbe0d44d9edfb5","isVoid":false,"data":{},"nodes":[{"kind":"text","key":"0f149cf183034067a5d706c44f88c12c","ranges":[{"kind":"range","marks":[],"text":"    \"edition\": \"developer\","}]}]},{"kind":"block","type":"code-line","key":"3072efc4964f45e28efb3516ab2bfaeb","isVoid":false,"data":{},"nodes":[{"kind":"text","key":"d200ae4ec5044930a9f28638f0823475","ranges":[{"kind":"range","marks":[],"text":"    \"api\": \"v2\""}]}]},{"kind":"block","type":"code-line","key":"dec28d6c5fcc4eafbf4b2d049784518a","isVoid":false,"data":{},"nodes":[{"kind":"text","key":"93e248e147b946d7baa59293690cd4a7","ranges":[{"kind":"range","marks":[],"text":"  },"}]}]},{"kind":"block","type":"code-line","key":"b9eb913d8adf4a60a079026d740cae0e","isVoid":false,"data":{},"nodes":[{"kind":"text","key":"3c263dfa96e34376869cc5700dff6f6a","ranges":[{"kind":"range","marks":[],"text":"  \"results\": [{\"friends\": ["}]}]},{"kind":"block","type":"code-line","key":"43fbe81d341e494dab9edbc102ff7c5b","isVoid":false,"data":{},"nodes":[{"kind":"text","key":"bec5d31a48e54cd8bb5358e89442d195","ranges":[{"kind":"range","marks":[],"text":"    {"}]}]},{"kind":"block","type":"code-line","key":"a77caeea7c1e434dbe879813f4ff3bb9","isVoid":false,"data":{},"nodes":[{"kind":"text","key":"7b1baae1665d421ab63cb9e72e305c22","ranges":[{"kind":"range","marks":[],"text":"      \"v_id\": \"10995116279461\","}]}]},{"kind":"block","type":"code-line","key":"44549b4da3c647d49cc07da2452ac81f","isVoid":false,"data":{},"nodes":[{"kind":"text","key":"641b9146312c4a7fa12d3100e324adb8","ranges":[{"kind":"range","marks":[],"text":"      \"attributes\": {"}]}]},{"kind":"block","type":"code-line","key":"98be9af822ad41b097d563f4d02a5773","isVoid":false,"data":{},"nodes":[{"kind":"text","key":"8abc0c7dfd2e4e409d08e5bf8c2cf37d","ranges":[{"kind":"range","marks":[],"text":"        \"friends.birthday\": \"1980-05-13 00:00:00\","}]}]},{"kind":"block","type":"code-line","key":"53eea0489e374c24b2ea86f77ea1d833","isVoid":false,"data":{},"nodes":[{"kind":"text","key":"3ee5755b466148a6acab6d69173fb1ba","ranges":[{"kind":"range","marks":[],"text":"        \"friends.lastName\": \"Cajes\","}]}]},{"kind":"block","type":"code-line","key":"6cdbe34db7c54d80ab624df9f1465747","isVoid":false,"data":{},"nodes":[{"kind":"text","key":"5c332f1b6fa14785b74db0c56a1cb960","ranges":[{"kind":"range","marks":[],"text":"        \"friends.firstName\": \"Gregorio\""}]}]},{"kind":"block","type":"code-line","key":"3c8742975adb4a8cae88b0974c9c46b7","isVoid":false,"data":{},"nodes":[{"kind":"text","key":"cc102f51416f4f3e81fde8498965b8d5","ranges":[{"kind":"range","marks":[],"text":"      },"}]}]},{"kind":"block","type":"code-line","key":"910cdc66a4224f6ea6c256a5b111f8fc","isVoid":false,"data":{},"nodes":[{"kind":"text","key":"487e4478fedd4bcd9b52ed318806b5cd","ranges":[{"kind":"range","marks":[],"text":"      \"v_type\": \"Person\""}]}]},{"kind":"block","type":"code-line","key":"b3d6b88c0ae94e7aa4212ceba3a12aaf","isVoid":false,"data":{},"nodes":[{"kind":"text","key":"d7bc090878d9459eac0eca21711ce5d1","ranges":[{"kind":"range","marks":[],"text":"    },"}]}]},{"kind":"block","type":"code-line","key":"3e2e5780e0514036a8b9999726b88491","isVoid":false,"data":{},"nodes":[{"kind":"text","key":"19039747f2274536a09e555533525622","ranges":[{"kind":"range","marks":[],"text":"    {"}]}]},{"kind":"block","type":"code-line","key":"14054dc027264024bf1da7031419c7db","isVoid":false,"data":{},"nodes":[{"kind":"text","key":"2b8b29b0a3234092b263ad4183c8b99a","ranges":[{"kind":"range","marks":[],"text":"      \"v_id\": \"4398046517846\","}]}]},{"kind":"block","type":"code-line","key":"51baf8fab3794f139319752816f45383","isVoid":false,"data":{},"nodes":[{"kind":"text","key":"de23db043ba14fcfac5313334e7434ef","ranges":[{"kind":"range","marks":[],"text":"      \"attributes\": {"}]}]},{"kind":"block","type":"code-line","key":"809c7a0a6ada4cbe9d946a0845108c99","isVoid":false,"data":{},"nodes":[{"kind":"text","key":"ef2659239c4c421aa57f04ed9a7c9c91","ranges":[{"kind":"range","marks":[],"text":"        \"friends.birthday\": \"1980-04-24 00:00:00\","}]}]},{"kind":"block","type":"code-line","key":"2c94710586db40169d7915a6caa574bb","isVoid":false,"data":{},"nodes":[{"kind":"text","key":"921482e464e04731b3f73a139fad0e80","ranges":[{"kind":"range","marks":[],"text":"        \"friends.lastName\": \"Glosca\","}]}]},{"kind":"block","type":"code-line","key":"e24edaf4ad5b44d7ab4383903156be89","isVoid":false,"data":{},"nodes":[{"kind":"text","key":"78474f563ff945388f0943eb98f9ad9c","ranges":[{"kind":"range","marks":[],"text":"        \"friends.firstName\": \"Abdul-Malik\""}]}]},{"kind":"block","type":"code-line","key":"fc20b0ff330e4865af4ee5b5eb149fd5","isVoid":false,"data":{},"nodes":[{"kind":"text","key":"6f07d9e1a2974a6ba4838de6d73672f5","ranges":[{"kind":"range","marks":[],"text":"      },"}]}]},{"kind":"block","type":"code-line","key":"8b8704cdffc14e5dbd6d782c5d6cdd78","isVoid":false,"data":{},"nodes":[{"kind":"text","key":"7dd4a58977b240d283d193246d88a71e","ranges":[{"kind":"range","marks":[],"text":"      \"v_type\": \"Person\""}]}]},{"kind":"block","type":"code-line","key":"a47dcb3be008444bbba2faffb9be157b","isVoid":false,"data":{},"nodes":[{"kind":"text","key":"7c8527bbcca34acf886aa812834e9bf2","ranges":[{"kind":"range","marks":[],"text":"    },"}]}]},{"kind":"block","type":"code-line","key":"c478b5b572f546fa9aabfa6b4d6f4769","isVoid":false,"data":{},"nodes":[{"kind":"text","key":"4c1cceae43d44ed0afa7fcf407198df1","ranges":[{"kind":"range","marks":[],"text":"    {"}]}]},{"kind":"block","type":"code-line","key":"a190bd323ea94d699b251a3ab71d0976","isVoid":false,"data":{},"nodes":[{"kind":"text","key":"5522d65233854c72953063c6800189d0","ranges":[{"kind":"range","marks":[],"text":"      \"v_id\": \"6597069776731\","}]}]},{"kind":"block","type":"code-line","key":"504311b8533541628d1118759f741a35","isVoid":false,"data":{},"nodes":[{"kind":"text","key":"0aa9d486c80742eab06d5591c081ecc3","ranges":[{"kind":"range","marks":[],"text":"      \"attributes\": {"}]}]},{"kind":"block","type":"code-line","key":"8ac067330742425abd947340cec06a70","isVoid":false,"data":{},"nodes":[{"kind":"text","key":"a57b76b5eb774c0f8ee03992189bb919","ranges":[{"kind":"range","marks":[],"text":"        \"friends.birthday\": \"1981-02-25 00:00:00\","}]}]},{"kind":"block","type":"code-line","key":"c800a443c7e14a14ab4808ec1b585cda","isVoid":false,"data":{},"nodes":[{"kind":"text","key":"7f015b3d891e4b3794ce132717099365","ranges":[{"kind":"range","marks":[],"text":"        \"friends.lastName\": \"Carlsson\","}]}]},{"kind":"block","type":"code-line","key":"ac915cfeaf684687a3981ef43d8c41f0","isVoid":false,"data":{},"nodes":[{"kind":"text","key":"612791e584b445a5a39580dde24a4fb8","ranges":[{"kind":"range","marks":[],"text":"        \"friends.firstName\": \"Sven\""}]}]},{"kind":"block","type":"code-line","key":"7066b6cceb874237ab4ea76c8d8409ff","isVoid":false,"data":{},"nodes":[{"kind":"text","key":"f217cfdb795840159675a5cea1283d6b","ranges":[{"kind":"range","marks":[],"text":"      },"}]}]},{"kind":"block","type":"code-line","key":"a73fd9e24e0f473da5aada6c200fe880","isVoid":false,"data":{},"nodes":[{"kind":"text","key":"576d10fc40194ecf9842c451dc286d3f","ranges":[{"kind":"range","marks":[],"text":"      \"v_type\": \"Person\""}]}]},{"kind":"block","type":"code-line","key":"796cd0339f324a76968ae6fd534f5a5d","isVoid":false,"data":{},"nodes":[{"kind":"text","key":"9b9759eda0b34519a92b26a56564c19e","ranges":[{"kind":"range","marks":[],"text":"    }"}]}]},{"kind":"block","type":"code-line","key":"cd1acb18b0634403b42c914aade422ed","isVoid":false,"data":{},"nodes":[{"kind":"text","key":"8944a43d3a5c4cfdb474f5ece04b2bcf","ranges":[{"kind":"range","marks":[],"text":"  ]}]"}]}]},{"kind":"block","type":"code-line","key":"3b2d8a1fee9042519454d839fbd5b60e","isVoid":false,"data":{},"nodes":[{"kind":"text","key":"0a4d1f48108d489b9fdf9e03d8313005","ranges":[{"kind":"range","marks":[],"text":"}"}]}]}]},{"kind":"block","type":"paragraph","key":"ef3c9dbf7d514fc7a445c406cd5868f5","isVoid":false,"data":{},"nodes":[{"kind":"text","key":"31dd738ed6c54c52a74ff31ebaabe7ce","ranges":[{"kind":"range","marks":[{"kind":"mark","data":{},"type":"bold"}],"text":"Example 2"},{"kind":"range","marks":[],"text":". Do the same as Example 1, but use a right-directed edge pattern. "}]}]},{"kind":"block","type":"code","key":"9f9f518e8ab94533b6708c3ffa46bb91","isVoid":false,"data":{"syntax":"sql","title":"Example 2. Right Directed Edge Pattern"},"nodes":[{"kind":"block","type":"code-line","key":"ba62db1c10544f908c134bc0562fde52","isVoid":false,"data":{},"nodes":[{"kind":"text","key":"3fd25a859b234aee82eaf8c9af8e09f4","ranges":[{"kind":"range","marks":[],"text":"USE GRAPH ldbc_snb"}]}]},{"kind":"block","type":"code-line","key":"377155d40d144902a82593653e166d7e","isVoid":false,"data":{},"nodes":[{"kind":"text","key":"b252c78109604e09b25d8a3ce7765cb3","ranges":[{"kind":"range","marks":[],"text":"SET syntax_version=\"v2\""}]}]},{"kind":"block","type":"code-line","key":"ea88141fe770401f8f4401370cc1bf4c","isVoid":false,"data":{},"nodes":[{"kind":"text","key":"aad189971439409699997ea1550db79f","ranges":[{"kind":"range","marks":[],"text":""}]}]},{"kind":"block","type":"code-line","key":"b167a27df26e42aaa6f761b448ed4b46","isVoid":false,"data":{},"nodes":[{"kind":"text","key":"0d6d0579851e4edda4080ff80267643c","ranges":[{"kind":"range","marks":[],"text":"INTERPRET QUERY () FOR GRAPH ldbc_snb {"}]}]},{"kind":"block","type":"code-line","key":"a3377144ef434f8593679d88c27d10fc","isVoid":false,"data":{},"nodes":[{"kind":"text","key":"60a03667722d4e938d56a47b26d323d3","ranges":[{"kind":"range","marks":[],"text":"   #start with all persons."}]}]},{"kind":"block","type":"code-line","key":"655d0610c50a438a961a5627c8637158","isVoid":false,"data":{},"nodes":[{"kind":"text","key":"6032dd8ae948400d8e7b2ad0a3c56565","ranges":[{"kind":"range","marks":[],"text":"   Seed = {Person.*};"}]}]},{"kind":"block","type":"code-line","key":"5e3c0b5f8e45469fb5dee3ba31a12db8","isVoid":false,"data":{},"nodes":[{"kind":"text","key":"cbe8944505704031accd1611b3640e4d","ranges":[{"kind":"range","marks":[],"text":"   #1-hop pattern."}]}]},{"kind":"block","type":"code-line","key":"2174effef7874f498039c3e0275f720b","isVoid":false,"data":{},"nodes":[{"kind":"text","key":"76395594dea34e49aff1e3eb348d3d31","ranges":[{"kind":"range","marks":[],"text":"   friends = SELECT s"}]}]},{"kind":"block","type":"code-line","key":"d090b2ed64a041d8a46a064c5017e5f3","isVoid":false,"data":{},"nodes":[{"kind":"text","key":"88b2bef490824792b63e46485c0fe4f5","ranges":[{"kind":"range","marks":[],"text":"             FROM Seed:s - (Person_KNOWS_Person>:e) - Person:p"}]}]},{"kind":"block","type":"code-line","key":"42fdafbe2b3447e28c531a8ccbd10890","isVoid":false,"data":{},"nodes":[{"kind":"text","key":"702d3fe3125147d49621f076d4258f7f","ranges":[{"kind":"range","marks":[],"text":"             WHERE p.firstName == \"Viktor\" AND p.lastName == \"Akhiezer\""}]}]},{"kind":"block","type":"code-line","key":"897d86a46fb74047bfd0e592524baebd","isVoid":false,"data":{},"nodes":[{"kind":"text","key":"2fac066cdcab47d68c7b638337404234","ranges":[{"kind":"range","marks":[],"text":"             ORDER BY s.birthday ASC"}]}]},{"kind":"block","type":"code-line","key":"40a69ec303224a24979cbbfa5e91c374","isVoid":false,"data":{},"nodes":[{"kind":"text","key":"960596259dcb41caa7643549ae330d7c","ranges":[{"kind":"range","marks":[],"text":"             LIMIT 3;"}]}]},{"kind":"block","type":"code-line","key":"f9819075e9454a2f85d4ba5a5cfdc100","isVoid":false,"data":{},"nodes":[{"kind":"text","key":"1adc23e6abac421fa307c2febebb1b54","ranges":[{"kind":"range","marks":[],"text":""}]}]},{"kind":"block","type":"code-line","key":"2845ad40f4674246b144442439e6e85c","isVoid":false,"data":{},"nodes":[{"kind":"text","key":"d5b1e5b5e7f14fe199c19f39ba73bb29","ranges":[{"kind":"range","marks":[],"text":"    PRINT  friends[friends.firstName, friends.lastName, friends.birthday];"}]}]},{"kind":"block","type":"code-line","key":"fb72acdd86164537aa33e262909666c7","isVoid":false,"data":{},"nodes":[{"kind":"text","key":"d96faf822aaa46eb84287331cdb21f7a","ranges":[{"kind":"range","marks":[],"text":"}"}]}]}]},{"kind":"block","type":"paragraph","key":"bab13be3a11a463287ff57989e4e1a1e","isVoid":false,"data":{},"nodes":[{"kind":"text","key":"20fa34cf0a744825ad446154a9fcad1c","ranges":[{"kind":"range","marks":[],"text":"You can copy the above GSQL script to a file named example2.gsql, and invoke this script file in Linux. "}]}]},{"kind":"block","type":"code","key":"b8812c144ff84663bc9e40910ecd7453","isVoid":false,"data":{"syntax":"bash","title":"Linux Bash"},"nodes":[{"kind":"block","type":"code-line","key":"d645c56b584246efb522dc98af664eb5","isVoid":false,"data":{},"nodes":[{"kind":"text","key":"f555ceadd0ff4934b77f6b505d75d61c","ranges":[{"kind":"range","marks":[],"text":"gsql example2.gsql"}]}]}]},{"kind":"block","type":"paragraph","key":"0ff22cb9bce64d48a80c15b6c21f375c","isVoid":false,"data":{},"nodes":[{"kind":"text","key":"d3afae3ac57843b7a51b9a10dd650027","ranges":[{"kind":"range","marks":[],"text":"The output should be the same as example1's output. "}]}]},{"kind":"block","type":"paragraph","key":"bd2615adf8584f008b63ef4ecfffee9c","isVoid":false,"data":{},"nodes":[{"kind":"text","key":"371fb8ce53db41f39d14b4a503596c32","ranges":[{"kind":"range","marks":[{"kind":"mark","data":{},"type":"bold"}],"text":"Example 3"},{"kind":"range","marks":[],"text":". Find Viktor Akhiezer's total number of comments, total number of posts, and total number of persons he knows. A Person can reach Comments, Posts and other Persons via a directed edge. "}]}]},{"kind":"block","type":"code","key":"0f484f55412745b8945da15576a30df7","isVoid":false,"data":{"syntax":"sql","title":"Example 3. Right Directed Any Edge Pattern."},"nodes":[{"kind":"block","type":"code-line","key":"bc1681a6c6d54e10b2592de5dd1cec39","isVoid":false,"data":{},"nodes":[{"kind":"text","key":"c1e259112fbb4be3943676e41fda8374","ranges":[{"kind":"range","marks":[],"text":"USE GRAPH ldbc_snb"}]}]},{"kind":"block","type":"code-line","key":"bb2c7ec53a6b4745aac16cf6bc019c80","isVoid":false,"data":{},"nodes":[{"kind":"text","key":"00e794189ab94ef593ab443f1d9520a2","ranges":[{"kind":"range","marks":[],"text":"SET syntax_version=\"v2\""}]}]},{"kind":"block","type":"code-line","key":"eacd08c9623a47efbdc7cfef896e4ae9","isVoid":false,"data":{},"nodes":[{"kind":"text","key":"5ea025c6debe4fb9b5ce359f8ff2d58e","ranges":[{"kind":"range","marks":[],"text":""}]}]},{"kind":"block","type":"code-line","key":"4d7121bdfa2a4e2a84faf7492dc0dd48","isVoid":false,"data":{},"nodes":[{"kind":"text","key":"ea52c94d44c8494386721532eb164d2b","ranges":[{"kind":"range","marks":[],"text":"INTERPRET QUERY () FOR GRAPH ldbc_snb {"}]}]},{"kind":"block","type":"code-line","key":"851ef2525a764afa8fac4fefc92e14c6","isVoid":false,"data":{},"nodes":[{"kind":"text","key":"84383a800e434743931fb07417c3eb1b","ranges":[{"kind":"range","marks":[],"text":"   SumAccum<int> @commentCnt= 0;"}]}]},{"kind":"block","type":"code-line","key":"51d5c82cab6f4c40a28aae09015743df","isVoid":false,"data":{},"nodes":[{"kind":"text","key":"111fcd3243c44b47a326ab3b25c93cdb","ranges":[{"kind":"range","marks":[],"text":"   SumAccum<int> @postCnt= 0;"}]}]},{"kind":"block","type":"code-line","key":"4b66f00d4b0643ba8ad4d3bd43b731f4","isVoid":false,"data":{},"nodes":[{"kind":"text","key":"8d18975b2d874fcaa1d62e4c75065ce8","ranges":[{"kind":"range","marks":[],"text":"   SumAccum<int> @personCnt= 0;"}]}]},{"kind":"block","type":"code-line","key":"62f7160cea9a462ba7a31decd3305ed9","isVoid":false,"data":{},"nodes":[{"kind":"text","key":"82f4b78e62b94ded8ede033d7ece5341","ranges":[{"kind":"range","marks":[],"text":""}]}]},{"kind":"block","type":"code-line","key":"ee5fd299b14941c8b41a1474c55acb7a","isVoid":false,"data":{},"nodes":[{"kind":"text","key":"f4ce1978f0964c8dbef025ee7d71ffc6","ranges":[{"kind":"range","marks":[],"text":"   #start with all persons."}]}]},{"kind":"block","type":"code-line","key":"88ac161d224b4922a9aaa03e8100333c","isVoid":false,"data":{},"nodes":[{"kind":"text","key":"2653db6b725e4e1796221ae1702968cd","ranges":[{"kind":"range","marks":[],"text":"   Seed = {Person.*};"}]}]},{"kind":"block","type":"code-line","key":"333672633d9340849fe291babbae7e54","isVoid":false,"data":{},"nodes":[{"kind":"text","key":"cc11b5489f1942f4963fb583690d0cd1","ranges":[{"kind":"range","marks":[],"text":"   #1-hop pattern."}]}]},{"kind":"block","type":"code-line","key":"eab4fcb66c6545f9bdf5bf5b54fe5d11","isVoid":false,"data":{},"nodes":[{"kind":"text","key":"906d6269fae44f44b0c8ee7f4cf3c41c","ranges":[{"kind":"range","marks":[],"text":"   Result = SELECT s"}]}]},{"kind":"block","type":"code-line","key":"701b93bd6f3c46b194e26f451cfcbc27","isVoid":false,"data":{},"nodes":[{"kind":"text","key":"15ac9d2420d747ae8a7b3e25bb408f82","ranges":[{"kind":"range","marks":[],"text":"            FROM Seed:s - (_>:e) - :tgt"}]}]},{"kind":"block","type":"code-line","key":"777fc032c5984108a3ad4e9a4be26d0c","isVoid":false,"data":{},"nodes":[{"kind":"text","key":"18b26621bb9d499d875fa61253357cc4","ranges":[{"kind":"range","marks":[],"text":"            WHERE s.firstName == \"Viktor\" AND s.lastName == \"Akhiezer\""}]}]},{"kind":"block","type":"code-line","key":"e88d5e4960f34629865393e6e3a55e10","isVoid":false,"data":{},"nodes":[{"kind":"text","key":"488641c9a6c34e0f9aad0472bc175f86","ranges":[{"kind":"range","marks":[],"text":"            ACCUM CASE WHEN tgt.type == \"Comment\" THEN"}]}]},{"kind":"block","type":"code-line","key":"acf67c5fb2de4f41bcb09f9b471e131c","isVoid":false,"data":{},"nodes":[{"kind":"text","key":"933c9370c17a451fa32d7ec9ca5a97dc","ranges":[{"kind":"range","marks":[],"text":"                           s.@commentCnt += 1"}]}]},{"kind":"block","type":"code-line","key":"cf77b4074cac46849f3fab3f326ff23d","isVoid":false,"data":{},"nodes":[{"kind":"text","key":"a019a68f81c542d2b5c96605b7acabeb","ranges":[{"kind":"range","marks":[],"text":"                       WHEN tgt.type == \"Post\" THEN"}]}]},{"kind":"block","type":"code-line","key":"ff479b6db29d4519bf9875aae3d05335","isVoid":false,"data":{},"nodes":[{"kind":"text","key":"85b53e6535d84c1ba124246ca3d4e9cf","ranges":[{"kind":"range","marks":[],"text":"                           s.@postCnt += 1"}]}]},{"kind":"block","type":"code-line","key":"72709efd97844f3d83fabdb2b55d3d0f","isVoid":false,"data":{},"nodes":[{"kind":"text","key":"72bfc8ddd00c41a799990cbe78895385","ranges":[{"kind":"range","marks":[],"text":"                       WHEN tgt.type == \"Person\" THEN"}]}]},{"kind":"block","type":"code-line","key":"1102555734be49179398d9ec4ca2bbae","isVoid":false,"data":{},"nodes":[{"kind":"text","key":"23dd4a516e49423ba4535e3920fd9bdc","ranges":[{"kind":"range","marks":[],"text":"                           s.@personCnt += 1"}]}]},{"kind":"block","type":"code-line","key":"ec26ec7ee1514661b12c547d49eaa3fd","isVoid":false,"data":{},"nodes":[{"kind":"text","key":"a9225d631eb44c079f030971b9ddc879","ranges":[{"kind":"range","marks":[],"text":"                   END;"}]}]},{"kind":"block","type":"code-line","key":"d6afaee2a42d445c8eb072499690e187","isVoid":false,"data":{},"nodes":[{"kind":"text","key":"c68eb94e1ac44344b85a20f0246842c1","ranges":[{"kind":"range","marks":[],"text":""}]}]},{"kind":"block","type":"code-line","key":"5202a0a4734a45738e69506aecf538e2","isVoid":false,"data":{},"nodes":[{"kind":"text","key":"ce38e8222b7f450fbfcfc899f2075f8b","ranges":[{"kind":"range","marks":[],"text":"    PRINT  Result[Result.@commentCnt, Result.@postCnt, Result.@personCnt];"}]}]},{"kind":"block","type":"code-line","key":"fbb04620994a475ca3de898baa8adda1","isVoid":false,"data":{},"nodes":[{"kind":"text","key":"909e9305d9e14ebc98ca9374712d20b5","ranges":[{"kind":"range","marks":[],"text":"}"}]}]}]},{"kind":"block","type":"paragraph","key":"c3a4d15a9e6044de89df7f36518b7d91","isVoid":false,"data":{},"nodes":[{"kind":"text","key":"b10ec7e7b56d4b94b0dfc15f48288e4e","ranges":[{"kind":"range","marks":[],"text":"You can copy the above GSQL script to a file named example3.gsql, and invoke this script file in Linux. "}]}]},{"kind":"block","type":"code","key":"1eb02ec65fc44d018570d1891d634eaa","isVoid":false,"data":{"syntax":"bash","title":"Linux Bash"},"nodes":[{"kind":"block","type":"code-line","key":"b6a8c02df73b43208765565fe766d4cd","isVoid":false,"data":{},"nodes":[{"kind":"text","key":"d9dfebedd07740f4900dd4ec7f8cb2ca","ranges":[{"kind":"range","marks":[],"text":"gsql example3.gsql"}]}]}]},{"kind":"block","type":"code","key":"4bca022329d14f64886d927ba4c75f29","isVoid":false,"data":{"syntax":"bash","title":"Output of Example 3."},"nodes":[{"kind":"block","type":"code-line","key":"77ef4e198dc9435fb506af3bea90ae7d","isVoid":false,"data":{},"nodes":[{"kind":"text","key":"da37187171ee4ee69ab2faf338273b28","ranges":[{"kind":"range","marks":[],"text":"Using graph 'ldbc_snb'"}]}]},{"kind":"block","type":"code-line","key":"ca2f31f4adfb40f082d63f81b5e66287","isVoid":false,"data":{},"nodes":[{"kind":"text","key":"7fd30566723749c8bf38bc83101af0d0","ranges":[{"kind":"range","marks":[],"text":"{"}]}]},{"kind":"block","type":"code-line","key":"99bd2a26ae864a9ebfee2192fcd9bc5f","isVoid":false,"data":{},"nodes":[{"kind":"text","key":"d68cb099c9e849a0aeaccc3ea9295e4b","ranges":[{"kind":"range","marks":[],"text":"  \"error\": false,"}]}]},{"kind":"block","type":"code-line","key":"33ee65727a6b489e9447a7399b6c926d","isVoid":false,"data":{},"nodes":[{"kind":"text","key":"0ec65df9539147b2bd9c7ca9e00c9ca4","ranges":[{"kind":"range","marks":[],"text":"  \"message\": \"\","}]}]},{"kind":"block","type":"code-line","key":"c2e76c1a952843e98dfa635ffe7e9117","isVoid":false,"data":{},"nodes":[{"kind":"text","key":"f3f54e81e6b84f81bbc77c31a872ea55","ranges":[{"kind":"range","marks":[],"text":"  \"version\": {"}]}]},{"kind":"block","type":"code-line","key":"a3a6df892d76414f94518e93c3f4112a","isVoid":false,"data":{},"nodes":[{"kind":"text","key":"afbc303523774ccdb3c14961da7a7479","ranges":[{"kind":"range","marks":[],"text":"    \"schema\": 0,"}]}]},{"kind":"block","type":"code-line","key":"f2ea5a1b75e043ffb23fec9cc2131ef8","isVoid":false,"data":{},"nodes":[{"kind":"text","key":"9eb6e1bb527949308764c152b147d16b","ranges":[{"kind":"range","marks":[],"text":"    \"edition\": \"enterprise\","}]}]},{"kind":"block","type":"code-line","key":"7698adc0e49b4d469c97e88b282f227c","isVoid":false,"data":{},"nodes":[{"kind":"text","key":"e1847e62d23f4e05aa7a6b6c74ae858e","ranges":[{"kind":"range","marks":[],"text":"    \"api\": \"v2\""}]}]},{"kind":"block","type":"code-line","key":"eec2ae09bc9d4e1ca2b81e3a2895a7ab","isVoid":false,"data":{},"nodes":[{"kind":"text","key":"e447a0d2d6964c11aa9e1b220b6d455b","ranges":[{"kind":"range","marks":[],"text":"  },"}]}]},{"kind":"block","type":"code-line","key":"41ede00688624f3fa284995580e88535","isVoid":false,"data":{},"nodes":[{"kind":"text","key":"844c3a14dec440a982df97615acc3901","ranges":[{"kind":"range","marks":[],"text":"  \"results\": [{\"Result\": [{"}]}]},{"kind":"block","type":"code-line","key":"7f09d39678214a3c8dd427008ccf46ce","isVoid":false,"data":{},"nodes":[{"kind":"text","key":"cde6ee3d37a44b82b560ab18d147333e","ranges":[{"kind":"range","marks":[],"text":"    \"v_id\": \"28587302323577\","}]}]},{"kind":"block","type":"code-line","key":"064dedfde3d246e69ff3ce2836e2a118","isVoid":false,"data":{},"nodes":[{"kind":"text","key":"6de8d4edc6f547a1b0bd9d75840c0bf6","ranges":[{"kind":"range","marks":[],"text":"    \"attributes\": {"}]}]},{"kind":"block","type":"code-line","key":"7f170ef85610436b8d3270efd7ba2f7f","isVoid":false,"data":{},"nodes":[{"kind":"text","key":"4ed6ec8a718d49178db2d30b9b3dbda9","ranges":[{"kind":"range","marks":[],"text":"      \"Result.@personCnt\": 25,"}]}]},{"kind":"block","type":"code-line","key":"b7312951c9bd4f998b4e4930e05f9489","isVoid":false,"data":{},"nodes":[{"kind":"text","key":"49d3520c8112495ab1888e3836f93ec6","ranges":[{"kind":"range","marks":[],"text":"      \"Result.@commentCnt\": 152,"}]}]},{"kind":"block","type":"code-line","key":"00c33a89c61a4603b8d9048e97c8ae5b","isVoid":false,"data":{},"nodes":[{"kind":"text","key":"32e0051a6c4144d381d3b3efabeef5d1","ranges":[{"kind":"range","marks":[],"text":"      \"Result.@postCnt\": 96"}]}]},{"kind":"block","type":"code-line","key":"9cc1b75157fb4bb891e93233ccdcd9d8","isVoid":false,"data":{},"nodes":[{"kind":"text","key":"33c66cb830684b81a1cd0da4e7220ad3","ranges":[{"kind":"range","marks":[],"text":"    },"}]}]},{"kind":"block","type":"code-line","key":"6be8919178ae4c04b8d1e408aab5e7f6","isVoid":false,"data":{},"nodes":[{"kind":"text","key":"223edfe827de485e9dd9c98791fc0982","ranges":[{"kind":"range","marks":[],"text":"    \"v_type\": \"Person\""}]}]},{"kind":"block","type":"code-line","key":"0291a68e77ee42b4acdaa29edc49ab07","isVoid":false,"data":{},"nodes":[{"kind":"text","key":"dfb4d7f47f3e434aa55b8f25878f84a3","ranges":[{"kind":"range","marks":[],"text":"  }]}]"}]}]},{"kind":"block","type":"code-line","key":"66b934619b6d4dacbed3c5c266bacba3","isVoid":false,"data":{},"nodes":[{"kind":"text","key":"3250751836274bfd9c555cf65d51786c","ranges":[{"kind":"range","marks":[],"text":"}"}]}]}]},{"kind":"block","type":"paragraph","key":"39a361eabf574ce88bcee0f419c691ca","isVoid":false,"data":{},"nodes":[{"kind":"text","key":"fd8f88e4288e4f48bdb9922c31887682","ranges":[{"kind":"range","marks":[{"kind":"mark","data":{},"type":"bold"}],"text":"Example 4"},{"kind":"range","marks":[],"text":". Do the same as Example 3, but use a left-directed edge pattern. "}]}]},{"kind":"block","type":"paragraph","key":"bd7f8f11f5634f62abefbc6341cbefd0","isVoid":false,"data":{},"nodes":[{"kind":"text","key":"690acdf92f334cfea70d3987bb26e04c","ranges":[{"kind":"range","marks":[],"text":"Note below (line 10) that the Seed is now {Person.*,  Comment.*, Post.* }, the three types of entities that are targets of edges from a Person."}]}]},{"kind":"block","type":"hint","key":"f0d4b159a4ea448db6b044022987b9ea","isVoid":false,"data":{"style":"info"},"nodes":[{"kind":"block","type":"paragraph","key":"bc957cb9afea45c5ac1198920fb26708","isVoid":false,"data":{},"nodes":[{"kind":"text","key":"232ca806ac5945a28989e3da0a4b99cd","ranges":[{"kind":"range","marks":[],"text":"In the current version, the vertex set on the left side of the pattern  must be defined in a previous statement (e.g., a seed statement), the same requirement as in v1 syntax  FROM clauses. In the example below, the current version of pattern matching would not permit\nFROM _:s -(<:e) - Person:tgt"}]}]}]},{"kind":"block","type":"code","key":"b7258fe103d14c8e85f907afc896a202","isVoid":false,"data":{"syntax":"sql","title":"Example 4. Left Directed Any Edge Pattern"},"nodes":[{"kind":"block","type":"code-line","key":"0e036fa5405a4de1b3b5840787f729c1","isVoid":false,"data":{},"nodes":[{"kind":"text","key":"a691176ac20c416da58c7a189958440d","ranges":[{"kind":"range","marks":[],"text":"USE GRAPH ldbc_snb"}]}]},{"kind":"block","type":"code-line","key":"7a4b6a237fd044efbac1ea28e14c5e82","isVoid":false,"data":{},"nodes":[{"kind":"text","key":"094e4cdfd0614f6f82a45c2c8d6bd202","ranges":[{"kind":"range","marks":[],"text":"SET syntax_version=\"v2\""}]}]},{"kind":"block","type":"code-line","key":"2e0a4df6bdc444ae81e8c033c9475bd5","isVoid":false,"data":{},"nodes":[{"kind":"text","key":"e434e3eb701b4867b64ba8d50b7afaab","ranges":[{"kind":"range","marks":[],"text":""}]}]},{"kind":"block","type":"code-line","key":"57db604195dd471babee71e4a83e8f3e","isVoid":false,"data":{},"nodes":[{"kind":"text","key":"539af4ea941e4cc29b7e14c08fae9a22","ranges":[{"kind":"range","marks":[],"text":"INTERPRET QUERY () FOR GRAPH ldbc_snb {"}]}]},{"kind":"block","type":"code-line","key":"49d20ee63e214deab05157028cfcd17f","isVoid":false,"data":{},"nodes":[{"kind":"text","key":"15df01ff1bcf401e9f2de19be884a731","ranges":[{"kind":"range","marks":[],"text":"   SumAccum<int> @commentCnt= 0;"}]}]},{"kind":"block","type":"code-line","key":"26c28e2e431b4d46af9424c9fb7b1a81","isVoid":false,"data":{},"nodes":[{"kind":"text","key":"5a20d8727353445b852b4f94cd9c3c7b","ranges":[{"kind":"range","marks":[],"text":"   SumAccum<int> @postCnt= 0;"}]}]},{"kind":"block","type":"code-line","key":"4edd068035ec4ae986d0e696a4a2f527","isVoid":false,"data":{},"nodes":[{"kind":"text","key":"c3fab1cd98bf4231a1b24d02453a8071","ranges":[{"kind":"range","marks":[],"text":"   SumAccum<int> @personCnt= 0;"}]}]},{"kind":"block","type":"code-line","key":"56c7f7a4793e4fb4a03b18da21c3662b","isVoid":false,"data":{},"nodes":[{"kind":"text","key":"915621ef420f45b5b7d404a3f2d91032","ranges":[{"kind":"range","marks":[],"text":""}]}]},{"kind":"block","type":"code-line","key":"943735b4f8e44433a14cdb9f204da118","isVoid":false,"data":{},"nodes":[{"kind":"text","key":"3aec39a92b4d4aa9982b15399f2368a9","ranges":[{"kind":"range","marks":[],"text":"   #start with all persons, comments, and posts"}]}]},{"kind":"block","type":"code-line","key":"7560bcde6bba4fabaeea3449346d0bb6","isVoid":false,"data":{},"nodes":[{"kind":"text","key":"7903a00d12ed4a0c831425e905694bf6","ranges":[{"kind":"range","marks":[],"text":"   Seed = {Person.*, Comment.*, Post.*};"}]}]},{"kind":"block","type":"code-line","key":"5084fe54da6149589460bc3c4456ea0e","isVoid":false,"data":{},"nodes":[{"kind":"text","key":"151ab3cf12564d47abb0f3e24674e366","ranges":[{"kind":"range","marks":[],"text":"   #1-hop pattern."}]}]},{"kind":"block","type":"code-line","key":"982a4164d8e74a65bc524b9e63ea2d1f","isVoid":false,"data":{},"nodes":[{"kind":"text","key":"7519a681ebec492790d7bb62078aa96b","ranges":[{"kind":"range","marks":[],"text":"   Result = SELECT tgt"}]}]},{"kind":"block","type":"code-line","key":"74239a859c344108854b4a5843dbc82a","isVoid":false,"data":{},"nodes":[{"kind":"text","key":"8b6cd3a1c3f64bc2bfd0b337f2d592c0","ranges":[{"kind":"range","marks":[],"text":"            FROM Seed:s - (<_:e) - Person:tgt"}]}]},{"kind":"block","type":"code-line","key":"89cfe1f093364a6b81987fea902f286a","isVoid":false,"data":{},"nodes":[{"kind":"text","key":"d5a257d230cf44cc96a7c6ad894d3585","ranges":[{"kind":"range","marks":[],"text":"            WHERE tgt.firstName == \"Viktor\" AND tgt.lastName == \"Akhiezer\""}]}]},{"kind":"block","type":"code-line","key":"819987b815ff4632b45bf4f0e773b883","isVoid":false,"data":{},"nodes":[{"kind":"text","key":"ed7966c1e6e24db4b088bb6844d74b54","ranges":[{"kind":"range","marks":[],"text":"            ACCUM  CASE WHEN s.type == \"Comment\" THEN"}]}]},{"kind":"block","type":"code-line","key":"e4cd297ac509489285c25378ab9af8f5","isVoid":false,"data":{},"nodes":[{"kind":"text","key":"aa4fa6be10b94ee8a7d1cf2f9404cb6f","ranges":[{"kind":"range","marks":[],"text":"                          tgt.@commentCnt += 1"}]}]},{"kind":"block","type":"code-line","key":"86ee048e65ac4673a033c46c65e7b15f","isVoid":false,"data":{},"nodes":[{"kind":"text","key":"5410302d866d488d882bdcef5a4942fd","ranges":[{"kind":"range","marks":[],"text":"                         WHEN s.type == \"Post\" THEN"}]}]},{"kind":"block","type":"code-line","key":"f34d90c3d0994e848e27376df999706a","isVoid":false,"data":{},"nodes":[{"kind":"text","key":"fe846e72b003492184595db33f12d517","ranges":[{"kind":"range","marks":[],"text":"                          tgt.@postCnt += 1"}]}]},{"kind":"block","type":"code-line","key":"ce5e6cf9bef24273b01899cbc223ea54","isVoid":false,"data":{},"nodes":[{"kind":"text","key":"57251fcd66244fd68e9f46b63e45f97b","ranges":[{"kind":"range","marks":[],"text":"                        WHEN s.type == \"Person\" THEN"}]}]},{"kind":"block","type":"code-line","key":"8962dd3962e9428087dae7aaa08e46b8","isVoid":false,"data":{},"nodes":[{"kind":"text","key":"f76bb0e77a8f45c89db3c740b589aa1c","ranges":[{"kind":"range","marks":[],"text":"                          tgt.@personCnt += 1"}]}]},{"kind":"block","type":"code-line","key":"9cf0011b7c174f7fb82c97870788ef91","isVoid":false,"data":{},"nodes":[{"kind":"text","key":"b9f211da5daf494ebf0e1960d23d82fe","ranges":[{"kind":"range","marks":[],"text":"                    END;"}]}]},{"kind":"block","type":"code-line","key":"6728ca521d0a4eb2a95517232dad5130","isVoid":false,"data":{},"nodes":[{"kind":"text","key":"929998f2b0674b8c8b06769295b6be00","ranges":[{"kind":"range","marks":[],"text":""}]}]},{"kind":"block","type":"code-line","key":"eef83c6414b74b9b8e11a07bd895a575","isVoid":false,"data":{},"nodes":[{"kind":"text","key":"aaa82cd03e504860b917fdf5e91ad430","ranges":[{"kind":"range","marks":[],"text":"    PRINT  Result[Result.@commentCnt, Result.@postCnt, Result.@personCnt];"}]}]},{"kind":"block","type":"code-line","key":"c2f887da101f40e3b3b5b8f084481ba7","isVoid":false,"data":{},"nodes":[{"kind":"text","key":"7f0d95e36a22499896952dbfe79f109c","ranges":[{"kind":"range","marks":[],"text":"}\n"}]}]}]},{"kind":"block","type":"paragraph","key":"3e83170015de43af8aa8e7fbffbaaf04","isVoid":false,"data":{},"nodes":[{"kind":"text","key":"4b953853124e4595adffdc328227364f","ranges":[{"kind":"range","marks":[],"text":"You can copy the above GSQL script to a file named example4.gsql, and invoke this script file in linux command line. The output should be the same as in Example 3."}]}]},{"kind":"block","type":"paragraph","key":"47c9b6306708493aa11cf2eea58284f2","isVoid":false,"data":{},"nodes":[{"kind":"text","key":"ed74052655fe476dac2daffb473b6c04","ranges":[{"kind":"range","marks":[{"kind":"mark","data":{},"type":"bold"}],"text":"Example 5"},{"kind":"range","marks":[],"text":". Find the two oldest persons who either know \"Viktor Akhiezer\" or are known by \"Vicktor Akhiezer\". KNOWS is a directed relationship, so we need to include both directions in the pattern."}]}]},{"kind":"block","type":"code","key":"f6b01e576f594d23823716a53a003d21","isVoid":false,"data":{"syntax":"sql","title":"Example 5. Disjunctive 1-hop edge pattern."},"nodes":[{"kind":"block","type":"code-line","key":"423e7a7550c6431aaa5ce712a55a1078","isVoid":false,"data":{},"nodes":[{"kind":"text","key":"409904b36c8e438bbf27810ccd7c769e","ranges":[{"kind":"range","marks":[],"text":"USE GRAPH ldbc_snb"}]}]},{"kind":"block","type":"code-line","key":"ad244aeac64e405ea2030b08abf77a47","isVoid":false,"data":{},"nodes":[{"kind":"text","key":"3f5ad7159e4f402dabc61341b606c89c","ranges":[{"kind":"range","marks":[],"text":"SET syntax_version=\"v2\""}]}]},{"kind":"block","type":"code-line","key":"df4105c49e184cb598d5c4a6b25fdb21","isVoid":false,"data":{},"nodes":[{"kind":"text","key":"9798875925664d1d9d92e9dd02e6bf6c","ranges":[{"kind":"range","marks":[],"text":""}]}]},{"kind":"block","type":"code-line","key":"869ccd8da799407bb122bf477cf1bcc9","isVoid":false,"data":{},"nodes":[{"kind":"text","key":"0908e3c612fe46c5ac22778cfeb8b883","ranges":[{"kind":"range","marks":[],"text":"INTERPRET QUERY () FOR GRAPH ldbc_snb {"}]}]},{"kind":"block","type":"code-line","key":"d374413716de4a8eaea9d4737da94d97","isVoid":false,"data":{},"nodes":[{"kind":"text","key":"9728745e09ee4f6abbfdebd6e6bcdaf4","ranges":[{"kind":"range","marks":[],"text":"   #start with all persons."}]}]},{"kind":"block","type":"code-line","key":"420e5e709f464b41b12663684330e049","isVoid":false,"data":{},"nodes":[{"kind":"text","key":"a6361bf14cde4ad49aad5b596b659ffd","ranges":[{"kind":"range","marks":[],"text":"   Seed = {Person.*};"}]}]},{"kind":"block","type":"code-line","key":"77101c13d3a946d7a5cf9919ab67ee00","isVoid":false,"data":{},"nodes":[{"kind":"text","key":"53b68be07e1c42639735c82a1bad48f7","ranges":[{"kind":"range","marks":[],"text":"   #1-hop pattern."}]}]},{"kind":"block","type":"code-line","key":"eb7697f96cf84576b4bbc6282149cd9a","isVoid":false,"data":{},"nodes":[{"kind":"text","key":"5b51c0b872784789be52eca715cee4a2","ranges":[{"kind":"range","marks":[],"text":"   friends = SELECT p"}]}]},{"kind":"block","type":"code-line","key":"4d3e4ea785c547efaa1baa61e62dfbcc","isVoid":false,"data":{},"nodes":[{"kind":"text","key":"4cda8dfd82714154a4549d65b613d567","ranges":[{"kind":"range","marks":[],"text":"             FROM Seed:s - ((<Person_KNOWS_Person|Person_KNOWS_Person>):e) - Person:p"}]}]},{"kind":"block","type":"code-line","key":"c28b06b615f148b3ae1d24b9deb5bcc2","isVoid":false,"data":{},"nodes":[{"kind":"text","key":"9b1620c61c0648c2af07e4a43a2815a6","ranges":[{"kind":"range","marks":[],"text":"             WHERE s.firstName == \"Viktor\" AND s.lastName == \"Akhiezer\""}]}]},{"kind":"block","type":"code-line","key":"97ea785f68724b4da5df2209d3afa41f","isVoid":false,"data":{},"nodes":[{"kind":"text","key":"2976d3693bca4c90a6255adc96b65f8e","ranges":[{"kind":"range","marks":[],"text":"             ORDER BY p.birthday ASC"}]}]},{"kind":"block","type":"code-line","key":"5fcd2473c1a04eb7b2298132d31cc4f5","isVoid":false,"data":{},"nodes":[{"kind":"text","key":"9c77ef934ff6446fba80f08f777d1df8","ranges":[{"kind":"range","marks":[],"text":"             LIMIT 2;"}]}]},{"kind":"block","type":"code-line","key":"3c8f0ea637eb4764874a2175051a0267","isVoid":false,"data":{},"nodes":[{"kind":"text","key":"b7a39d0e59734cb591ae4c745d24b535","ranges":[{"kind":"range","marks":[],"text":""}]}]},{"kind":"block","type":"code-line","key":"6fc1034eaf7a4d3ab978c40ac20d27b3","isVoid":false,"data":{},"nodes":[{"kind":"text","key":"938532ecf35c42afab9c672a774c2e7a","ranges":[{"kind":"range","marks":[],"text":"   PRINT friends;"}]}]},{"kind":"block","type":"code-line","key":"a28e06d31dd64227a3592ab1d7515eb4","isVoid":false,"data":{},"nodes":[{"kind":"text","key":"a866bee3d7f948658f5ce5ea88bab579","ranges":[{"kind":"range","marks":[],"text":"}"}]}]}]},{"kind":"block","type":"paragraph","key":"aa2cac353af54fd8b57ead8062775ab8","isVoid":false,"data":{},"nodes":[{"kind":"text","key":"8d687da4a0724e579b4c35d3b52811c1","ranges":[{"kind":"range","marks":[],"text":"You can copy the above GSQL script to a file named example5.gsql, and invoke this script file in Linux:"}]}]},{"kind":"block","type":"code","key":"981b4b7048454d2bb5806f710850ad10","isVoid":false,"data":{"syntax":"bash","title":"Linux Bash"},"nodes":[{"kind":"block","type":"code-line","key":"62ce0a7767ed4e178e0ae40d3f0db67b","isVoid":false,"data":{},"nodes":[{"kind":"text","key":"b5e2ed12622e4c339b6c98b78ce5817f","ranges":[{"kind":"range","marks":[],"text":"gsql example5.gsql"}]}]}]},{"kind":"block","type":"code","key":"688eca93545f49ca893a4a0f14eeedb5","isVoid":false,"data":{"syntax":"coffeescript","title":"Output of Example 5."},"nodes":[{"kind":"block","type":"code-line","key":"18ff9858e4c143cd8a2410b8b8bb0e91","isVoid":false,"data":{},"nodes":[{"kind":"text","key":"85eea7a40a184666a5bde8589a2dfcc5","ranges":[{"kind":"range","marks":[],"text":"Using graph 'ldbc_snb'"}]}]},{"kind":"block","type":"code-line","key":"2fa6cec826034e23b69057e8b50861ee","isVoid":false,"data":{},"nodes":[{"kind":"text","key":"55f02ac79ff24f17befef6b13f7423cc","ranges":[{"kind":"range","marks":[],"text":"{"}]}]},{"kind":"block","type":"code-line","key":"fba24073f24540d39c972cd4a9e45a71","isVoid":false,"data":{},"nodes":[{"kind":"text","key":"d6bfc20f3f5c48849bb8b991ec227fed","ranges":[{"kind":"range","marks":[],"text":"  \"error\": false,"}]}]},{"kind":"block","type":"code-line","key":"c093e7c6b5134d9ebd1a0f1b95a982f2","isVoid":false,"data":{},"nodes":[{"kind":"text","key":"f49051d93ca54cf4a3578be757530bd6","ranges":[{"kind":"range","marks":[],"text":"  \"message\": \"\","}]}]},{"kind":"block","type":"code-line","key":"4463edcd19fc4ec694df212433b0e0e6","isVoid":false,"data":{},"nodes":[{"kind":"text","key":"941cfaabe7f3498a95d89af57f926a2d","ranges":[{"kind":"range","marks":[],"text":"  \"version\": {"}]}]},{"kind":"block","type":"code-line","key":"08abc3d6573a41b487dd2a673210701a","isVoid":false,"data":{},"nodes":[{"kind":"text","key":"c137d1e0a204444b8135e703d22130b9","ranges":[{"kind":"range","marks":[],"text":"    \"schema\": 0,"}]}]},{"kind":"block","type":"code-line","key":"c9f26eda4e9149a0996f85ce3141d3c1","isVoid":false,"data":{},"nodes":[{"kind":"text","key":"5ebf6cef8b3e4c97ae491d0a62d6964f","ranges":[{"kind":"range","marks":[],"text":"    \"edition\": \"enterprise\","}]}]},{"kind":"block","type":"code-line","key":"a49e3a634eb64208a627eab9238ec750","isVoid":false,"data":{},"nodes":[{"kind":"text","key":"e93ab5a8bb464bdba13dc66907642719","ranges":[{"kind":"range","marks":[],"text":"    \"api\": \"v2\""}]}]},{"kind":"block","type":"code-line","key":"2331a7219e0c4448866807a85a8f2fc5","isVoid":false,"data":{},"nodes":[{"kind":"text","key":"04d76dcd699e40c28ed74abcc7a21b97","ranges":[{"kind":"range","marks":[],"text":"  },"}]}]},{"kind":"block","type":"code-line","key":"00ecff67eba14293ae03c49b6cb0fb7e","isVoid":false,"data":{},"nodes":[{"kind":"text","key":"538aded0118d495abf956126ae654803","ranges":[{"kind":"range","marks":[],"text":"  \"results\": [{\"friends\": ["}]}]},{"kind":"block","type":"code-line","key":"53698cbdf7374740a2b2cac5b35f5d58","isVoid":false,"data":{},"nodes":[{"kind":"text","key":"3894d63c00b041388d9fb10e79969b57","ranges":[{"kind":"range","marks":[],"text":"    {"}]}]},{"kind":"block","type":"code-line","key":"0524ca0ae6e64bfdb75d683735b89ae5","isVoid":false,"data":{},"nodes":[{"kind":"text","key":"21dc8c91268d4411853db1a9e16b63cc","ranges":[{"kind":"range","marks":[],"text":"      \"v_id\": \"10995116279461\","}]}]},{"kind":"block","type":"code-line","key":"6c68e5f0e56e465a87c44164ec81bb13","isVoid":false,"data":{},"nodes":[{"kind":"text","key":"2d290a9d6e9543bb8f8997c467b67a59","ranges":[{"kind":"range","marks":[],"text":"      \"attributes\": {"}]}]},{"kind":"block","type":"code-line","key":"d8ea76aa47db4239b8d9defd1c494d9d","isVoid":false,"data":{},"nodes":[{"kind":"text","key":"fa6e5cff54be4646b100cedcd8ac7fd6","ranges":[{"kind":"range","marks":[],"text":"        \"birthday\": \"1980-05-13 00:00:00\","}]}]},{"kind":"block","type":"code-line","key":"ce9d8a26c85c434b82e9affdeb613d8a","isVoid":false,"data":{},"nodes":[{"kind":"text","key":"ea738a215845483fbe904f6b8ecc023b","ranges":[{"kind":"range","marks":[],"text":"        \"firstName\": \"Gregorio\","}]}]},{"kind":"block","type":"code-line","key":"8e7961f1b41349749bf0323905825c1e","isVoid":false,"data":{},"nodes":[{"kind":"text","key":"21887f0356414660a58e5aa55f210f7a","ranges":[{"kind":"range","marks":[],"text":"        \"lastName\": \"Cajes\","}]}]},{"kind":"block","type":"code-line","key":"caf2e48e397c4aff90d19033cb10a2f9","isVoid":false,"data":{},"nodes":[{"kind":"text","key":"696eff6282654364a8d9f045830cc6fe","ranges":[{"kind":"range","marks":[],"text":"        \"gender\": \"male\","}]}]},{"kind":"block","type":"code-line","key":"5c12e0ca1756445c993e0b17a1925053","isVoid":false,"data":{},"nodes":[{"kind":"text","key":"906beca991244833a10653a16f3d045f","ranges":[{"kind":"range","marks":[],"text":"        \"speaks\": ["}]}]},{"kind":"block","type":"code-line","key":"461ee28d10bb4fba848d90fd158748d5","isVoid":false,"data":{},"nodes":[{"kind":"text","key":"f6bb1600b1484975bdd4d1d14eb16992","ranges":[{"kind":"range","marks":[],"text":"          \"en\","}]}]},{"kind":"block","type":"code-line","key":"f18452e3df844a4ba90c80ef87153965","isVoid":false,"data":{},"nodes":[{"kind":"text","key":"954548330f5e463ba64e232845039010","ranges":[{"kind":"range","marks":[],"text":"          \"tl\""}]}]},{"kind":"block","type":"code-line","key":"4b2e95f5285345efb0d3160ef152d76b","isVoid":false,"data":{},"nodes":[{"kind":"text","key":"60ec6dce081b4244a13622cd7198bef6","ranges":[{"kind":"range","marks":[],"text":"        ],"}]}]},{"kind":"block","type":"code-line","key":"8ffceb29c82e465394900c35521fb908","isVoid":false,"data":{},"nodes":[{"kind":"text","key":"6d8dfae43c0d4b16814305a7a3c9d856","ranges":[{"kind":"range","marks":[],"text":"        \"browserUsed\": \"Firefox\","}]}]},{"kind":"block","type":"code-line","key":"f20addc734174e8b85e2ad71d21fa42a","isVoid":false,"data":{},"nodes":[{"kind":"text","key":"e2a16701bcbb4296a81dd488dd127d2b","ranges":[{"kind":"range","marks":[],"text":"        \"locationIP\": \"110.55.251.62\","}]}]},{"kind":"block","type":"code-line","key":"917f0998491d462eafe6c259604af75f","isVoid":false,"data":{},"nodes":[{"kind":"text","key":"37542e44cc584b5f947277ce7dc42317","ranges":[{"kind":"range","marks":[],"text":"        \"id\": 10995116279461,"}]}]},{"kind":"block","type":"code-line","key":"9c1a6b0b1f534ecb86b9d4483c61e1ab","isVoid":false,"data":{},"nodes":[{"kind":"text","key":"68fd4841e475428ca45d432ff557b137","ranges":[{"kind":"range","marks":[],"text":"        \"creationDate\": \"2010-12-16 18:12:57\","}]}]},{"kind":"block","type":"code-line","key":"9e1b167c42e24022a35da47bb6994cf6","isVoid":false,"data":{},"nodes":[{"kind":"text","key":"6ab08805863c4700b1c36c410aff9b57","ranges":[{"kind":"range","marks":[],"text":"        \"email\": [\"Gregorio10995116279461@gmail.com\"],"}]}]},{"kind":"block","type":"code-line","key":"0108c56e596a42e3b56f7f09fcc475c3","isVoid":false,"data":{},"nodes":[{"kind":"text","key":"48e11e3b1120445797039faaae284c73","ranges":[{"kind":"range","marks":[],"text":"        \"@multPropagAcc_1\": 0"}]}]},{"kind":"block","type":"code-line","key":"b3a8f9bcd0044b558f5cd99d2bc829bc","isVoid":false,"data":{},"nodes":[{"kind":"text","key":"cc9c53e250a741b68838576a3036f718","ranges":[{"kind":"range","marks":[],"text":"      },"}]}]},{"kind":"block","type":"code-line","key":"d1b3d39e8a7b4f8d88d37e5c9fda1ec2","isVoid":false,"data":{},"nodes":[{"kind":"text","key":"b82ee396dd0f497bbe8e9514e3f86a29","ranges":[{"kind":"range","marks":[],"text":"      \"v_type\": \"Person\""}]}]},{"kind":"block","type":"code-line","key":"8ed03a35dd1042188a58e2fa9fb82a52","isVoid":false,"data":{},"nodes":[{"kind":"text","key":"89023e4fd16540e6982e2fef2f48fa9d","ranges":[{"kind":"range","marks":[],"text":"    },"}]}]},{"kind":"block","type":"code-line","key":"cede65c012a445deaf480f64b754804f","isVoid":false,"data":{},"nodes":[{"kind":"text","key":"abfd2e19c92f46e288ea3fab4fd29127","ranges":[{"kind":"range","marks":[],"text":"    {"}]}]},{"kind":"block","type":"code-line","key":"95d589a71d0140a7965a6d4dfb79c25c","isVoid":false,"data":{},"nodes":[{"kind":"text","key":"f888377ac2884c149fb9ce3c9d22b88c","ranges":[{"kind":"range","marks":[],"text":"      \"v_id\": \"4398046517846\","}]}]},{"kind":"block","type":"code-line","key":"78db0e32445845b79a5d066bafdd9cd5","isVoid":false,"data":{},"nodes":[{"kind":"text","key":"399d2ffdb282452ba57b171ade317078","ranges":[{"kind":"range","marks":[],"text":"      \"attributes\": {"}]}]},{"kind":"block","type":"code-line","key":"9306e305870d4f25bd460edb91b46af4","isVoid":false,"data":{},"nodes":[{"kind":"text","key":"c005f0711bcd4ffdb058b63ea58a86e4","ranges":[{"kind":"range","marks":[],"text":"        \"birthday\": \"1980-04-24 00:00:00\","}]}]},{"kind":"block","type":"code-line","key":"54282dcd837447b8b96efe2bd48a1c61","isVoid":false,"data":{},"nodes":[{"kind":"text","key":"e826dcc27fbd4b3c9cb0edea1ba745a2","ranges":[{"kind":"range","marks":[],"text":"        \"firstName\": \"Abdul-Malik\","}]}]},{"kind":"block","type":"code-line","key":"995fec13c8cf47acae3dbbaa65768352","isVoid":false,"data":{},"nodes":[{"kind":"text","key":"961b7a8bd88c4947a0b14c4ebb4cdd34","ranges":[{"kind":"range","marks":[],"text":"        \"lastName\": \"Glosca\","}]}]},{"kind":"block","type":"code-line","key":"9246069b56004069b5b5b33eae249ebb","isVoid":false,"data":{},"nodes":[{"kind":"text","key":"4b8ea1aa02f9470a86a239750e171db1","ranges":[{"kind":"range","marks":[],"text":"        \"gender\": \"male\","}]}]},{"kind":"block","type":"code-line","key":"adbfd72bb6c5499f98193ccd2d1695f8","isVoid":false,"data":{},"nodes":[{"kind":"text","key":"596429e68a354543b9a59122c95afb47","ranges":[{"kind":"range","marks":[],"text":"        \"speaks\": ["}]}]},{"kind":"block","type":"code-line","key":"82dba3492213480784fdf7d1596b4b0f","isVoid":false,"data":{},"nodes":[{"kind":"text","key":"1d2498b3f28e42e3adaae9c2c69ddf7d","ranges":[{"kind":"range","marks":[],"text":"          \"ar\","}]}]},{"kind":"block","type":"code-line","key":"96bf345e3ed5461a8b7bc20f666e3f6a","isVoid":false,"data":{},"nodes":[{"kind":"text","key":"2cd96574eb95413c83458843b3e75c47","ranges":[{"kind":"range","marks":[],"text":"          \"en\""}]}]},{"kind":"block","type":"code-line","key":"3a5d10631ff5468294089bc713a4ed78","isVoid":false,"data":{},"nodes":[{"kind":"text","key":"fd5dffc091674eb3bec54f71ccce2063","ranges":[{"kind":"range","marks":[],"text":"        ],"}]}]},{"kind":"block","type":"code-line","key":"ee4322d5d50240988dbeef6feb3e1622","isVoid":false,"data":{},"nodes":[{"kind":"text","key":"5f1dde3f89134a6c9587195d002355b5","ranges":[{"kind":"range","marks":[],"text":"        \"browserUsed\": \"Chrome\","}]}]},{"kind":"block","type":"code-line","key":"b9f1fd4495a744269247392b6bd2a169","isVoid":false,"data":{},"nodes":[{"kind":"text","key":"8d195d8f69084c3aab1ea2c793082eb0","ranges":[{"kind":"range","marks":[],"text":"        \"locationIP\": \"109.200.168.137\","}]}]},{"kind":"block","type":"code-line","key":"25caef76798642a2b21c5295d17f6946","isVoid":false,"data":{},"nodes":[{"kind":"text","key":"9141ad3da1d04984a4cbaecc612cc944","ranges":[{"kind":"range","marks":[],"text":"        \"id\": 4398046517846,"}]}]},{"kind":"block","type":"code-line","key":"414ae2282cce4873a283dc738042e8a7","isVoid":false,"data":{},"nodes":[{"kind":"text","key":"5910ba4a4c3d4e028f5f6b4e82d03b3c","ranges":[{"kind":"range","marks":[],"text":"        \"creationDate\": \"2010-05-21 00:07:05\","}]}]},{"kind":"block","type":"code-line","key":"57316d4bb7cb48e4817c178dd39e2051","isVoid":false,"data":{},"nodes":[{"kind":"text","key":"586cb5c2ae034522904cf3e02672276e","ranges":[{"kind":"range","marks":[],"text":"        \"email\": ["}]}]},{"kind":"block","type":"code-line","key":"954260f8a8f346abb6c1a7dacc0dc5dc","isVoid":false,"data":{},"nodes":[{"kind":"text","key":"79c3051e974d48dcb03b18c61956c4d4","ranges":[{"kind":"range","marks":[],"text":"          \"Abdul-Malik4398046517846@gmail.com\","}]}]},{"kind":"block","type":"code-line","key":"afd3ca6138014b91a1b3c7ecb1250f8c","isVoid":false,"data":{},"nodes":[{"kind":"text","key":"82dbfc36997947be9d383620458da3db","ranges":[{"kind":"range","marks":[],"text":"          \"Abdul-Malik4398046517846@gmx.com\","}]}]},{"kind":"block","type":"code-line","key":"8b34e1bfd2b5462483f3b54fbf89690f","isVoid":false,"data":{},"nodes":[{"kind":"text","key":"cee3289ef5f64d7aa039afcbaa5ce8e0","ranges":[{"kind":"range","marks":[],"text":"          \"Abdul-Malik4398046517846@land.ru\""}]}]},{"kind":"block","type":"code-line","key":"431e8e7d74e34dccb112b6661d35ca0e","isVoid":false,"data":{},"nodes":[{"kind":"text","key":"9316a6d3ec4845e3b5e56295153af66b","ranges":[{"kind":"range","marks":[],"text":"        ],"}]}]},{"kind":"block","type":"code-line","key":"fdc877f7343a42089f612c997bf70971","isVoid":false,"data":{},"nodes":[{"kind":"text","key":"3f61ba4f11ce4884b18fc5c54623520d","ranges":[{"kind":"range","marks":[],"text":"        \"@multPropagAcc_1\": 0"}]}]},{"kind":"block","type":"code-line","key":"8496bef067d14407b6add9c5937a14e1","isVoid":false,"data":{},"nodes":[{"kind":"text","key":"97b72b9ccdf047918f6b236bbed7f2c0","ranges":[{"kind":"range","marks":[],"text":"      },"}]}]},{"kind":"block","type":"code-line","key":"f0e7b6d8849b4239bd37d246934ee46a","isVoid":false,"data":{},"nodes":[{"kind":"text","key":"5382f71a8ec2412aac7eb67b10d82855","ranges":[{"kind":"range","marks":[],"text":"      \"v_type\": \"Person\""}]}]},{"kind":"block","type":"code-line","key":"757c3b08227445959baffa78459cfde1","isVoid":false,"data":{},"nodes":[{"kind":"text","key":"e02e0d022a8b4a0c81f2106687c8e3e8","ranges":[{"kind":"range","marks":[],"text":"    }"}]}]},{"kind":"block","type":"code-line","key":"3bb6577a2e384b568da746b98766eaf9","isVoid":false,"data":{},"nodes":[{"kind":"text","key":"6a85b2cb7fad4fc19d159071a5a097ba","ranges":[{"kind":"range","marks":[],"text":"  ]}]"}]}]},{"kind":"block","type":"code-line","key":"e12e3d66bb53435e93fe3d4d364f2293","isVoid":false,"data":{},"nodes":[{"kind":"text","key":"3a239f0378084174b81f6e025211be98","ranges":[{"kind":"range","marks":[],"text":"}"}]}]}]},{"kind":"block","type":"paragraph","key":"74a9941cf59d43c0a9546c62f25cfd50","isVoid":false,"data":{},"nodes":[{"kind":"text","key":"3b9e15a585ba48db99f56055d1b1bf23","ranges":[{"kind":"range","marks":[{"kind":"mark","data":{},"type":"bold"}],"text":"Example 6."},{"kind":"range","marks":[],"text":" Find the total comments or posts created by \"Viktor Akhiezer\". Again, we include two types of edges, but in this case, we count them together."}]}]},{"kind":"block","type":"code","key":"1f64dca8f085482f9802501fc7f649f7","isVoid":false,"data":{"syntax":"sql","title":"Example 6. Disjunctive 1-hop edge pattern."},"nodes":[{"kind":"block","type":"code-line","key":"108935a9e74e4c8ba2fbf13c3edbe543","isVoid":false,"data":{},"nodes":[{"kind":"text","key":"3bad131232ff41b7a2e379832602e7be","ranges":[{"kind":"range","marks":[],"text":"USE GRAPH ldbc_snb"}]}]},{"kind":"block","type":"code-line","key":"339f0d9e9bf4417090e4cbf4a031e469","isVoid":false,"data":{},"nodes":[{"kind":"text","key":"0c496383b62b41fbaec60a23a71a557c","ranges":[{"kind":"range","marks":[],"text":"#pattern match syntax version is v2"}]}]},{"kind":"block","type":"code-line","key":"fc859610e8804e3b90c393e3b6d535d4","isVoid":false,"data":{},"nodes":[{"kind":"text","key":"1a7618455881423ea9f1583923b64af3","ranges":[{"kind":"range","marks":[],"text":"SET syntax_version=\"v2\""}]}]},{"kind":"block","type":"code-line","key":"708ef1dd01024c2693a437d141dbb5e6","isVoid":false,"data":{},"nodes":[{"kind":"text","key":"d83a2014fa1042cb8420d0e0d611e2ed","ranges":[{"kind":"range","marks":[],"text":""}]}]},{"kind":"block","type":"code-line","key":"bf7b8c36c8a145fc85dbc97f40f8be06","isVoid":false,"data":{},"nodes":[{"kind":"text","key":"21c5d7e2d74740b3a0031ed7e6f3977f","ranges":[{"kind":"range","marks":[],"text":"INTERPRET QUERY () FOR GRAPH ldbc_snb {"}]}]},{"kind":"block","type":"code-line","key":"bf03a3d7cba24d81b5c0502c0fb59d8f","isVoid":false,"data":{},"nodes":[{"kind":"text","key":"393ecf56dde04c61be7552b156d6a267","ranges":[{"kind":"range","marks":[],"text":"   SumAccum<int> @@cnt = 0;"}]}]},{"kind":"block","type":"code-line","key":"94c61fd0114a4bfcafa560c600736666","isVoid":false,"data":{},"nodes":[{"kind":"text","key":"052e2b8e698e47f6a41d53129594c59a","ranges":[{"kind":"range","marks":[],"text":"   Seed = {Person.*};"}]}]},{"kind":"block","type":"code-line","key":"4d72f8ad49aa4d50bc366709220812cd","isVoid":false,"data":{},"nodes":[{"kind":"text","key":"ab08fdde6c30402aa1f1d1fe9d4c11b2","ranges":[{"kind":"range","marks":[],"text":""}]}]},{"kind":"block","type":"code-line","key":"711ddd4f95214896b0564bf6b489bc7b","isVoid":false,"data":{},"nodes":[{"kind":"text","key":"5ccdcc2db7494e0293ba4d7f93d5eebe","ranges":[{"kind":"range","marks":[],"text":"   friends = SELECT t"}]}]},{"kind":"block","type":"code-line","key":"f41a8b8425384bf492883bf2affa64a4","isVoid":false,"data":{},"nodes":[{"kind":"text","key":"cf367174ffde4a9780bdf38c7e0f87af","ranges":[{"kind":"range","marks":[],"text":"             FROM Seed:s-((<Comment_HAS_CREATOR_Person|<Post_HAS_CREATOR_Person):e1)-(Comment|Post):t"}]}]},{"kind":"block","type":"code-line","key":"36d18c6ffc174d7cb0f06f220c52e0d3","isVoid":false,"data":{},"nodes":[{"kind":"text","key":"cc400cf259634f6e8725633af582f9b7","ranges":[{"kind":"range","marks":[],"text":"             WHERE s.firstName == \"Viktor\" AND s.lastName == \"Akhiezer\""}]}]},{"kind":"block","type":"code-line","key":"fc6ff15cc1d646e895a9daeb88ef8609","isVoid":false,"data":{},"nodes":[{"kind":"text","key":"d6ca3b98cf4b4cadadc281477ca6f1d9","ranges":[{"kind":"range","marks":[],"text":"             ACCUM  @@cnt += 1 ;"}]}]},{"kind":"block","type":"code-line","key":"62de93ec075d496d9c005de33a0b0188","isVoid":false,"data":{},"nodes":[{"kind":"text","key":"27e88a0b3e444c50bc3c6770c86d4005","ranges":[{"kind":"range","marks":[],"text":""}]}]},{"kind":"block","type":"code-line","key":"93e2051cf7d743f69a6506a58ab18b10","isVoid":false,"data":{},"nodes":[{"kind":"text","key":"b51122b1dd4e4b27b44d42d6f29d2318","ranges":[{"kind":"range","marks":[],"text":"  PRINT @@cnt;"}]}]},{"kind":"block","type":"code-line","key":"be3b57532caf4b648d267ef6c174098c","isVoid":false,"data":{},"nodes":[{"kind":"text","key":"50f555240e9b4518b20464158c3f00ce","ranges":[{"kind":"range","marks":[],"text":"}"}]}]}]},{"kind":"block","type":"paragraph","key":"a7fb0188661f4f29b244ff65fbe1d83d","isVoid":false,"data":{},"nodes":[{"kind":"text","key":"d6dac7f9c1154c6eae336cb259ce9e5d","ranges":[{"kind":"range","marks":[],"text":"You can copy the above GSQL script to a file named example6.gsql, and invoke this script file in Linux:"}]}]},{"kind":"block","type":"code","key":"04a94a55fb47486eb1b6a642d8aad840","isVoid":false,"data":{"syntax":"bash","title":"Linux Bash"},"nodes":[{"kind":"block","type":"code-line","key":"5bc4b13e02394650825d0d962fe3ed12","isVoid":false,"data":{},"nodes":[{"kind":"text","key":"62eace15c57c4c149a32387de78fd938","ranges":[{"kind":"range","marks":[],"text":"gsql example6.gsql"}]}]}]},{"kind":"block","type":"code","key":"7d97224420fa41d297f9c4533571deb0","isVoid":false,"data":{"syntax":"coffeescript","title":"Output of Example 6."},"nodes":[{"kind":"block","type":"code-line","key":"5f5be02fa72042629a76935a92205f4e","isVoid":false,"data":{},"nodes":[{"kind":"text","key":"1d649c9925e64315a3e342616b757f5f","ranges":[{"kind":"range","marks":[],"text":"Using graph 'ldbc_snb'"}]}]},{"kind":"block","type":"code-line","key":"49ec7c8eb9c24c27a3d6bf08142ba2c5","isVoid":false,"data":{},"nodes":[{"kind":"text","key":"a77139f4f1bd4d0ab78fa6b6a0f91407","ranges":[{"kind":"range","marks":[],"text":"{"}]}]},{"kind":"block","type":"code-line","key":"8f20ba46d4744b64935e21e34352963b","isVoid":false,"data":{},"nodes":[{"kind":"text","key":"c240e3375400430eb8d09b9e804890b7","ranges":[{"kind":"range","marks":[],"text":"  \"error\": false,"}]}]},{"kind":"block","type":"code-line","key":"a5bfe998e8354a1dbc26c9fcbcb756dc","isVoid":false,"data":{},"nodes":[{"kind":"text","key":"1fdca15708fd43ac8d166b458831ff32","ranges":[{"kind":"range","marks":[],"text":"  \"message\": \"\","}]}]},{"kind":"block","type":"code-line","key":"6f81a7be84524fe8a9abe9942865b65d","isVoid":false,"data":{},"nodes":[{"kind":"text","key":"9ec088bc43e34b5d896433a025fff631","ranges":[{"kind":"range","marks":[],"text":"  \"version\": {"}]}]},{"kind":"block","type":"code-line","key":"5817dab4e5d243a397edc9595fef5d29","isVoid":false,"data":{},"nodes":[{"kind":"text","key":"b81e8da12a794c01be9dbc4804c1b767","ranges":[{"kind":"range","marks":[],"text":"    \"schema\": 0,"}]}]},{"kind":"block","type":"code-line","key":"57cfaedbb92647af970bf2ea934515e4","isVoid":false,"data":{},"nodes":[{"kind":"text","key":"02b391827c754b3cbf5183ab677479f1","ranges":[{"kind":"range","marks":[],"text":"    \"edition\": \"enterprise\","}]}]},{"kind":"block","type":"code-line","key":"e950efc99f9946d59549bde423d6ca58","isVoid":false,"data":{},"nodes":[{"kind":"text","key":"e5bb7d4e942741a5bd191b999ee1b4e5","ranges":[{"kind":"range","marks":[],"text":"    \"api\": \"v2\""}]}]},{"kind":"block","type":"code-line","key":"f5b950aa5b084196acf2f1a51eb8814a","isVoid":false,"data":{},"nodes":[{"kind":"text","key":"b932d2dfed9f4fe28e2e94f99c57f8c6","ranges":[{"kind":"range","marks":[],"text":"  },"}]}]},{"kind":"block","type":"code-line","key":"434cc4521065490c895616ec5bfe734f","isVoid":false,"data":{},"nodes":[{"kind":"text","key":"1955e11555fc4e5c9a2354e9337efd09","ranges":[{"kind":"range","marks":[],"text":"  \"results\": [{\"@@cnt\": 89}]"}]}]},{"kind":"block","type":"code-line","key":"892f3eade0d74763b5ae142133d81f47","isVoid":false,"data":{},"nodes":[{"kind":"text","key":"9b482c5d0a304e5f80a745ee0dcf7ea7","ranges":[{"kind":"range","marks":[],"text":"}"}]}]}]}]}}