{"format_version":1,"document":{"kind":"document","key":"03b1357d6a97477f9af0d02fff5604cd","data":{"schema_version":6},"nodes":[{"kind":"block","type":"paragraph","key":"ae2fc453d308408d9036070e6c791dea","isVoid":false,"data":{},"nodes":[{"kind":"text","key":"cc1effec8cfe4849a144f3b76f3f0775","ranges":[{"kind":"range","marks":[],"text":"You now have a graph with data!  You can run some simple built-in queries to inspect the data."}]}]},{"kind":"block","type":"heading-1","key":"171e4c86f1e042fc877f7f7bef8ac288","isVoid":false,"data":{},"nodes":[{"kind":"text","key":"571b02843746458da8cbe90a26df919d","ranges":[{"kind":"range","marks":[],"text":"Select Vertices"}]}]},{"kind":"block","type":"paragraph","key":"e5fe3e7b10a24a2d9657cfa2399122b2","isVoid":false,"data":{},"nodes":[{"kind":"text","key":"9060959dd0414c338c219c5e0db453da","ranges":[{"kind":"range","marks":[],"text":"The following GSQL command reports the total number of person vertices. The person.csv data file had 7 lines after the header."}]}]},{"kind":"block","type":"code","key":"be12a228f75b4352b38cfec1e8f458f7","isVoid":false,"data":{"syntax":"sql","title":"GSQL command"},"nodes":[{"kind":"block","type":"code-line","key":"487f2640544f407981ef99cded2721ab","isVoid":false,"data":{},"nodes":[{"kind":"text","key":"79e6c23e25644a5fb37597061c39fe3f","ranges":[{"kind":"range","marks":[],"text":"SELECT count(*) FROM person"}]}]}]},{"kind":"block","type":"paragraph","key":"c97b50110b934612842f5accf3a98571","isVoid":false,"data":{},"nodes":[{"kind":"text","key":"6ed5b859ca6a466d96c5d1039ebd962e","ranges":[{"kind":"range","marks":[],"text":"Similarly, the following GSQL command reports the total number of friendship edges. The friendship.csv file also had 7 lines after the header."}]}]},{"kind":"block","type":"code","key":"59903ac09fc44b1a967e567131a77a3c","isVoid":false,"data":{"syntax":"sql","title":"GSQL command"},"nodes":[{"kind":"block","type":"code-line","key":"47ec0c6f292a476dbcd2664b742c00a9","isVoid":false,"data":{},"nodes":[{"kind":"text","key":"42b0d9afd57c4baa8a84de1fd3097e50","ranges":[{"kind":"range","marks":[],"text":"SELECT count(*) FROM person-(friendship)->person"}]}]}]},{"kind":"block","type":"paragraph","key":"5a6b256a67ce47c8935143e82e85c2f6","isVoid":false,"data":{},"nodes":[{"kind":"text","key":"1bd66c142ff94606aa1ee30b782127f3","ranges":[{"kind":"range","marks":[],"text":" The results are illustrated below."}]}]},{"kind":"block","type":"code","key":"89086199c1af43c8a97d61f214991d21","isVoid":false,"data":{"syntax":"sql","title":"GSQL shell"},"nodes":[{"kind":"block","type":"code-line","key":"8124a27e9ded49ddb7ff92a57a2a1321","isVoid":false,"data":{},"nodes":[{"kind":"text","key":"482316f71bbd456a8fe506556ad90604","ranges":[{"kind":"range","marks":[],"text":"GSQL > SELECT count(*) FROM person"}]}]},{"kind":"block","type":"code-line","key":"760def81577946ab90fff92914dc8aee","isVoid":false,"data":{},"nodes":[{"kind":"text","key":"4707e690559f487eb130927472576e7f","ranges":[{"kind":"range","marks":[],"text":"[{"}]}]},{"kind":"block","type":"code-line","key":"df5c5c462f6a4e6ab6b5c24391f39f9a","isVoid":false,"data":{},"nodes":[{"kind":"text","key":"91238de0921b4c52aa0c9b8dd6e8bead","ranges":[{"kind":"range","marks":[],"text":"  \"count\": 7,"}]}]},{"kind":"block","type":"code-line","key":"5eef0d47af8145778db9feb90babb866","isVoid":false,"data":{},"nodes":[{"kind":"text","key":"9c673682ff484af08e6c77742f374da1","ranges":[{"kind":"range","marks":[],"text":"  \"v_type\": \"person\""}]}]},{"kind":"block","type":"code-line","key":"496d249d062f4153aa2bd8db4173e1a2","isVoid":false,"data":{},"nodes":[{"kind":"text","key":"0330d532f6e84490a8e7255f1e43be21","ranges":[{"kind":"range","marks":[],"text":"}]"}]}]},{"kind":"block","type":"code-line","key":"ea984f3e3c0448a1a85cc31cd9973743","isVoid":false,"data":{},"nodes":[{"kind":"text","key":"39eaae63c025460dab28b810f856356d","ranges":[{"kind":"range","marks":[],"text":"GSQL > SELECT count(*) FROM person-(friendship)->person"}]}]},{"kind":"block","type":"code-line","key":"0872b5217dc944149d7497526b5ed194","isVoid":false,"data":{},"nodes":[{"kind":"text","key":"0c534eba58764058be6baa4c27c9239d","ranges":[{"kind":"range","marks":[],"text":"[{"}]}]},{"kind":"block","type":"code-line","key":"76fffccb31464fabb224f24e2598c610","isVoid":false,"data":{},"nodes":[{"kind":"text","key":"5c23bbd62945447fa985a835973e4829","ranges":[{"kind":"range","marks":[],"text":"  \"count\": 7,"}]}]},{"kind":"block","type":"code-line","key":"a68da5ae0f5d4b1ca894c1c5e22db40c","isVoid":false,"data":{},"nodes":[{"kind":"text","key":"f96148b6673f4480abe9dac276dfb323","ranges":[{"kind":"range","marks":[],"text":"  \"e_type\": \"friendship\""}]}]},{"kind":"block","type":"code-line","key":"6f0ecdc9ed1b41bb93f4b83206259130","isVoid":false,"data":{},"nodes":[{"kind":"text","key":"3f6e68b84a2c4e73913fd53656754048","ranges":[{"kind":"range","marks":[],"text":"}]"}]}]},{"kind":"block","type":"code-line","key":"208e97eb7cfe41ceb22ceed706a19a76","isVoid":false,"data":{},"nodes":[{"kind":"text","key":"f97a31dccc494b81ab0b74aeaa461741","ranges":[{"kind":"range","marks":[],"text":"GSQL >"}]}]}]},{"kind":"block","type":"hint","key":"72f10e70e9684741bf03c83cdfb2baa0","isVoid":false,"data":{"style":"info"},"nodes":[{"kind":"block","type":"paragraph","key":"d3dc20c2692044a88be666708a78f982","isVoid":false,"data":{},"nodes":[{"kind":"text","key":"b6240e3f35bf4ef69a299f76cac78762","ranges":[{"kind":"range","marks":[],"text":"Counting Undirected Edges"}]}]},{"kind":"block","type":"paragraph","key":"34cc05c2552245febc417d55257de235","isVoid":false,"data":{},"nodes":[{"kind":"text","key":"72bba687d9e144e3ac7ad3b16051c1f2","ranges":[{"kind":"range","marks":[],"text":"As of TG 2.4, undirected edges are counted once per edge.  Previously, they were counted once per endpoint. E.g., the example above now returns 7 instead of 14."}]}]}]},{"kind":"block","type":"paragraph","key":"2ad4d989ceec4044814d65dfa5b36922","isVoid":false,"data":{},"nodes":[{"kind":"text","key":"900e01713f264c9f85fdf9f0e59a1fbf","ranges":[{"kind":"range","marks":[],"text":"If you want to see the details about a particular set of vertices, you can use \"SELECT *\" and the WHERE clause to specify a predicate condition.  Here are some statements to try:"}]}]},{"kind":"block","type":"code","key":"a596e968fe81471e9b09d60c00945563","isVoid":false,"data":{"syntax":"sql","title":"GSQL command"},"nodes":[{"kind":"block","type":"code-line","key":"457f270d156c459992e9b475c574273f","isVoid":false,"data":{},"nodes":[{"kind":"text","key":"c01e1d07ed7c496cb85de49d011dd881","ranges":[{"kind":"range","marks":[],"text":"SELECT * FROM person WHERE primary_id==\"Tom\""}]}]},{"kind":"block","type":"code-line","key":"cfcc8946ea7746e68c0426aff74d0512","isVoid":false,"data":{},"nodes":[{"kind":"text","key":"947699b6650a4cf4a2a538babb8b5501","ranges":[{"kind":"range","marks":[],"text":"SELECT name FROM person WHERE state==\"ca\""}]}]},{"kind":"block","type":"code-line","key":"8b2d5d2192be43ddabb38482e0cbd87b","isVoid":false,"data":{},"nodes":[{"kind":"text","key":"ee2484cf4efc4d7e94c5daad11f20371","ranges":[{"kind":"range","marks":[],"text":"SELECT name, age FROM person WHERE age > 30"}]}]}]},{"kind":"block","type":"paragraph","key":"a2e845e27f9144fd98c5409c920eeaee","isVoid":false,"data":{},"nodes":[{"kind":"text","key":"01f3df34775b49d899cab0b81392df35","ranges":[{"kind":"range","marks":[],"text":"The result is in JSON format as shown below."}]}]},{"kind":"block","type":"code","key":"4893d53bc9f44215b12bfce1368eba45","isVoid":false,"data":{"syntax":"sql","title":"GSQL shell"},"nodes":[{"kind":"block","type":"code-line","key":"06343d6a3b81468b89e8ca026ed6a8cf","isVoid":false,"data":{},"nodes":[{"kind":"text","key":"0bee4602f4d547458b047b5eed9e650d","ranges":[{"kind":"range","marks":[],"text":"GSQL > SELECT * FROM person WHERE primary_id==\"Tom\""}]}]},{"kind":"block","type":"code-line","key":"ad80919ee1e5437dbf6e43b1c3295f54","isVoid":false,"data":{},"nodes":[{"kind":"text","key":"adbe49645f274cc1a40ee7c703a408d9","ranges":[{"kind":"range","marks":[],"text":"[{"}]}]},{"kind":"block","type":"code-line","key":"3759cbeab9754d85bc5cca29ff378607","isVoid":false,"data":{},"nodes":[{"kind":"text","key":"37a4bb8db2ed4e07b712f639d0e562b2","ranges":[{"kind":"range","marks":[],"text":"  \"v_id\": \"Tom\","}]}]},{"kind":"block","type":"code-line","key":"923fd892e5e5493cacce838edcb48e48","isVoid":false,"data":{},"nodes":[{"kind":"text","key":"14cc24bf0158490580f2be8a01cf48c3","ranges":[{"kind":"range","marks":[],"text":"  \"attributes\": {"}]}]},{"kind":"block","type":"code-line","key":"7a51f5ec3413447fa912036c3ba21b00","isVoid":false,"data":{},"nodes":[{"kind":"text","key":"85bc2f63844e49ad9b0a9457d2faf1c7","ranges":[{"kind":"range","marks":[],"text":"    \"gender\": \"male\","}]}]},{"kind":"block","type":"code-line","key":"fdce5b20ece944b7a906b2acdef49cbf","isVoid":false,"data":{},"nodes":[{"kind":"text","key":"0f8f5c7247e64931ae01da4758927978","ranges":[{"kind":"range","marks":[],"text":"    \"name\": \"Tom\","}]}]},{"kind":"block","type":"code-line","key":"c7274f4008004267ac7499ea214e023a","isVoid":false,"data":{},"nodes":[{"kind":"text","key":"fb7d829b6b6d4d3c8482e99208488846","ranges":[{"kind":"range","marks":[],"text":"    \"state\": \"ca\","}]}]},{"kind":"block","type":"code-line","key":"8feebf59f6d949dea87938d10d2d591e","isVoid":false,"data":{},"nodes":[{"kind":"text","key":"e1295572d4df491bba2989557f0b2ea8","ranges":[{"kind":"range","marks":[],"text":"    \"age\": 40"}]}]},{"kind":"block","type":"code-line","key":"6a4aa3068048423b965fed699a26a12f","isVoid":false,"data":{},"nodes":[{"kind":"text","key":"abb897f15d77410689f42eec6e726f5e","ranges":[{"kind":"range","marks":[],"text":"  },"}]}]},{"kind":"block","type":"code-line","key":"ba5f067c1d3d4ec6908bed3323b137e6","isVoid":false,"data":{},"nodes":[{"kind":"text","key":"7be1ff748d2243599d1380892bf1f122","ranges":[{"kind":"range","marks":[],"text":"  \"v_type\": \"person\""}]}]},{"kind":"block","type":"code-line","key":"8b48bd0682944a47be07c31533229b50","isVoid":false,"data":{},"nodes":[{"kind":"text","key":"da34b8ab76e443aa96cebcd3c2859d8a","ranges":[{"kind":"range","marks":[],"text":"}]"}]}]},{"kind":"block","type":"code-line","key":"12fd17f23bf0421eb2d21a9629493674","isVoid":false,"data":{},"nodes":[{"kind":"text","key":"d0aa7454a4f9469a9546f96b7e9fb59c","ranges":[{"kind":"range","marks":[],"text":"GSQL > SELECT name FROM person WHERE state==\"ca\""}]}]},{"kind":"block","type":"code-line","key":"9732abbff12042d08e813f5d4ce41e98","isVoid":false,"data":{},"nodes":[{"kind":"text","key":"f56f0f03cee94177b58038bd59196da7","ranges":[{"kind":"range","marks":[],"text":"["}]}]},{"kind":"block","type":"code-line","key":"98a229d502ce4143b77ffc375eb3335c","isVoid":false,"data":{},"nodes":[{"kind":"text","key":"0992587757ad4905813571283fdf0a24","ranges":[{"kind":"range","marks":[],"text":"  {"}]}]},{"kind":"block","type":"code-line","key":"4c470da21af8498ebd4ea44f697c9c9c","isVoid":false,"data":{},"nodes":[{"kind":"text","key":"be9adf242caa436a9792c70255e9d2c3","ranges":[{"kind":"range","marks":[],"text":"    \"v_id\": \"Amily\","}]}]},{"kind":"block","type":"code-line","key":"2c6865ffc37e41dbb313d1279d4f6f09","isVoid":false,"data":{},"nodes":[{"kind":"text","key":"27108453413049d6bed5f605eb35a942","ranges":[{"kind":"range","marks":[],"text":"    \"attributes\": {\"name\": \"Amily\"},"}]}]},{"kind":"block","type":"code-line","key":"02a709a1f4dc441a87adcd1509166667","isVoid":false,"data":{},"nodes":[{"kind":"text","key":"3e46926c0d1345c5990c70e9c245ffc7","ranges":[{"kind":"range","marks":[],"text":"    \"v_type\": \"person\""}]}]},{"kind":"block","type":"code-line","key":"58b413325b864ddaa3c6f1b03f34f30d","isVoid":false,"data":{},"nodes":[{"kind":"text","key":"4f43984469744cf1a9be4d2970896f75","ranges":[{"kind":"range","marks":[],"text":"  },"}]}]},{"kind":"block","type":"code-line","key":"ce4a29dc0a8c47a8970f49b3766df215","isVoid":false,"data":{},"nodes":[{"kind":"text","key":"454ab4f550de47d6845310501a08929a","ranges":[{"kind":"range","marks":[],"text":"  {"}]}]},{"kind":"block","type":"code-line","key":"391c6108ce8748ed9db93341f6946c1f","isVoid":false,"data":{},"nodes":[{"kind":"text","key":"05a6ef96e3e6449c96c379aad092eaac","ranges":[{"kind":"range","marks":[],"text":"    \"v_id\": \"Tom\","}]}]},{"kind":"block","type":"code-line","key":"01c147c2af79482ca0e29058bc96d3e6","isVoid":false,"data":{},"nodes":[{"kind":"text","key":"afee8b94f65c4f969157f8f0d79d09bd","ranges":[{"kind":"range","marks":[],"text":"    \"attributes\": {\"name\": \"Tom\"},"}]}]},{"kind":"block","type":"code-line","key":"b23a7be5821d41f28c7db669a9673b8b","isVoid":false,"data":{},"nodes":[{"kind":"text","key":"74eb9ae81d4546928dc481e7e123053c","ranges":[{"kind":"range","marks":[],"text":"    \"v_type\": \"person\""}]}]},{"kind":"block","type":"code-line","key":"9de379a946594b2084971191b2996901","isVoid":false,"data":{},"nodes":[{"kind":"text","key":"df497e8159724c409c1c986fb1ab2d1f","ranges":[{"kind":"range","marks":[],"text":"  }"}]}]},{"kind":"block","type":"code-line","key":"001370083a6f4eb281f4f6cd3148a02d","isVoid":false,"data":{},"nodes":[{"kind":"text","key":"c5ded11a8c2345669862fe18a2b0a363","ranges":[{"kind":"range","marks":[],"text":"]"}]}]},{"kind":"block","type":"code-line","key":"d5b694d8fe9148a18341470255924a51","isVoid":false,"data":{},"nodes":[{"kind":"text","key":"1e8074128b984042929775830ec3777b","ranges":[{"kind":"range","marks":[],"text":"GSQL > SELECT name, age FROM person WHERE age > 30"}]}]},{"kind":"block","type":"code-line","key":"ccf1b21058dc4a0d8d6e9782053d3326","isVoid":false,"data":{},"nodes":[{"kind":"text","key":"2af78a2c801046218172cf463f00c287","ranges":[{"kind":"range","marks":[],"text":"["}]}]},{"kind":"block","type":"code-line","key":"01776f5bd3f042c499ccdb3f36ed5d69","isVoid":false,"data":{},"nodes":[{"kind":"text","key":"1873f6c9a62a4d7f8802ce3de9e731ad","ranges":[{"kind":"range","marks":[],"text":"  {"}]}]},{"kind":"block","type":"code-line","key":"11ee9a75142c4046a12de627eb2ec3b2","isVoid":false,"data":{},"nodes":[{"kind":"text","key":"b07bd6348c0a4b51857a24f5cbf68225","ranges":[{"kind":"range","marks":[],"text":"    \"v_id\": \"Tom\","}]}]},{"kind":"block","type":"code-line","key":"bc7c045be34e4adbbd8af3b226e4a772","isVoid":false,"data":{},"nodes":[{"kind":"text","key":"78480cdf797f49fca3876773f390893b","ranges":[{"kind":"range","marks":[],"text":"    \"attributes\": {"}]}]},{"kind":"block","type":"code-line","key":"7890bd8ebed8448e938a2dae38bb2300","isVoid":false,"data":{},"nodes":[{"kind":"text","key":"61ddeab619324814bf3af6312bc38e80","ranges":[{"kind":"range","marks":[],"text":"      \"name\": \"Tom\","}]}]},{"kind":"block","type":"code-line","key":"171f8b441d254907b4db7d0d1e5f176a","isVoid":false,"data":{},"nodes":[{"kind":"text","key":"654ebac205364677810344f4aa1c49e7","ranges":[{"kind":"range","marks":[],"text":"      \"age\": 40"}]}]},{"kind":"block","type":"code-line","key":"ee96b78e34084458a0adeeac30dca612","isVoid":false,"data":{},"nodes":[{"kind":"text","key":"460d7e75d089425ca2b8b39376237ff8","ranges":[{"kind":"range","marks":[],"text":"    },"}]}]},{"kind":"block","type":"code-line","key":"cc58ca1352ea4ca58846a26c387cec68","isVoid":false,"data":{},"nodes":[{"kind":"text","key":"6c410983d62841d389757f635f9bbb8a","ranges":[{"kind":"range","marks":[],"text":"    \"v_type\": \"person\""}]}]},{"kind":"block","type":"code-line","key":"634f497cae7d4ebf9df89a9d5f550a32","isVoid":false,"data":{},"nodes":[{"kind":"text","key":"ebeedcaf30bb45d3a59813912f8c49c0","ranges":[{"kind":"range","marks":[],"text":"  },"}]}]},{"kind":"block","type":"code-line","key":"338af40e79a74db694b7b7f38a33109a","isVoid":false,"data":{},"nodes":[{"kind":"text","key":"e897908689c141cf963d1b0c4218f0bd","ranges":[{"kind":"range","marks":[],"text":"  {"}]}]},{"kind":"block","type":"code-line","key":"5f1fdf36d27d4eb7a7b5d637f8b598da","isVoid":false,"data":{},"nodes":[{"kind":"text","key":"65c0fc717c694382991decc7364bd34a","ranges":[{"kind":"range","marks":[],"text":"    \"v_id\": \"Dan\","}]}]},{"kind":"block","type":"code-line","key":"f425979b3fd54dd7aa3eda226ece9da7","isVoid":false,"data":{},"nodes":[{"kind":"text","key":"721db12d1c354db49ad86be648d193b3","ranges":[{"kind":"range","marks":[],"text":"    \"attributes\": {"}]}]},{"kind":"block","type":"code-line","key":"457b90773f8d487e8ef8ff86745dd3eb","isVoid":false,"data":{},"nodes":[{"kind":"text","key":"03e5c927fbd443519b0fd51ef4766bc0","ranges":[{"kind":"range","marks":[],"text":"      \"name\": \"Dan\","}]}]},{"kind":"block","type":"code-line","key":"067e85b7faf241f390a9cc0e6e254af1","isVoid":false,"data":{},"nodes":[{"kind":"text","key":"3613c4974fe347bcb05ca251785cf287","ranges":[{"kind":"range","marks":[],"text":"      \"age\": 34"}]}]},{"kind":"block","type":"code-line","key":"14fbd4932d924d088c4d1cf1122c6eb5","isVoid":false,"data":{},"nodes":[{"kind":"text","key":"ac8d22468ba544149647973cf075c35c","ranges":[{"kind":"range","marks":[],"text":"    },"}]}]},{"kind":"block","type":"code-line","key":"98a8cca0a6a94ebbaa5801e80bb36a17","isVoid":false,"data":{},"nodes":[{"kind":"text","key":"4b3d5d0ad8d64020ad9ca2bfc68d5677","ranges":[{"kind":"range","marks":[],"text":"    \"v_type\": \"person\""}]}]},{"kind":"block","type":"code-line","key":"d5bc67fbdbd442538a7dbf798f37d5be","isVoid":false,"data":{},"nodes":[{"kind":"text","key":"12560de42a97484d879309eeade09619","ranges":[{"kind":"range","marks":[],"text":"  }"}]}]},{"kind":"block","type":"code-line","key":"ece04dc7e51d41409825d72a3ec5f3d5","isVoid":false,"data":{},"nodes":[{"kind":"text","key":"db76c374168b4e119a15a5b57f4294be","ranges":[{"kind":"range","marks":[],"text":"]"}]}]}]},{"kind":"block","type":"heading-1","key":"f57484c889ff48f2bc7907bd2380546b","isVoid":false,"data":{},"nodes":[{"kind":"text","key":"15987043e4fc46b9ae45930604ab03e0","ranges":[{"kind":"range","marks":[],"text":"Select Edges"}]}]},{"kind":"block","type":"paragraph","key":"597fd0c555f14f238750a3d9e7384c45","isVoid":false,"data":{},"nodes":[{"kind":"text","key":"5db00d3c17cf4021a26cc0f1bf4390c1","ranges":[{"kind":"range","marks":[],"text":"In similar fashion, we can see details about edges.  To describe an edge, you name the types of vertices and edges in the three parts, with some added punctuation to represent the traversal direction:"}]}]},{"kind":"block","type":"code","key":"c141ca89978246b48b586b29fc777e0c","isVoid":false,"data":{"syntax":"coffeescript","title":"GSQL syntax"},"nodes":[{"kind":"block","type":"code-line","key":"5f4df4ec9c204a7ebb79ec439da48989","isVoid":false,"data":{},"nodes":[{"kind":"text","key":"494e2ad504c244fbb106c06c823c5aa3","ranges":[{"kind":"range","marks":[],"text":"source_type -(edge_type)-> target_type"}]}]}]},{"kind":"block","type":"paragraph","key":"5cd918e94d9e43c08283ef94d648e329","isVoid":false,"data":{},"nodes":[{"kind":"text","key":"0180c3cc73d24219a386a21fe4d83c33","ranges":[{"kind":"range","marks":[],"text":"Note that the arrow -> is always used, whether it's an undirected or directed edge. That is because we are describing the direction of the query's traversal (search) through the graph, not the direction of the edge itself."}]}]},{"kind":"block","type":"paragraph","key":"6386f024f86b491db1c6590ad6a1f40c","isVoid":false,"data":{},"nodes":[{"kind":"text","key":"c2e0feda427f4dcfa21516b322df5220","ranges":[{"kind":"range","marks":[],"text":"We can use the from_id predicate in the WHERE clause to select all friendship edges starting from the vertex identified by the \"from_id\".  The keyword ANY to indicate that any edge type or any target vertex type is allowed. The following two queries have the same result"}]}]},{"kind":"block","type":"code","key":"c60d4358b9664f61a8e18a2a9c45e173","isVoid":false,"data":{"syntax":"sql","title":"GSQL command"},"nodes":[{"kind":"block","type":"code-line","key":"9720ddb3dc4e4654af93aaab93cd7f34","isVoid":false,"data":{},"nodes":[{"kind":"text","key":"79e50277203e41af98affb7e04d9d11e","ranges":[{"kind":"range","marks":[],"text":"SELECT * FROM person-(friendship)->person WHERE from_id ==\"Tom\""}]}]},{"kind":"block","type":"code-line","key":"6b926d92e9624a228e366f3c644f600d","isVoid":false,"data":{},"nodes":[{"kind":"text","key":"92d7e5e2c43f44ebb5a6486eed8433cc","ranges":[{"kind":"range","marks":[],"text":"SELECT * FROM person-(ANY)->ANY WHERE from_id ==\"Tom\""}]}]}]},{"kind":"block","type":"hint","key":"2c2bc0e5057741a2b395249b7f55dd2a","isVoid":false,"data":{"style":"danger"},"nodes":[{"kind":"block","type":"paragraph","key":"9895da437d0546aa9fff74e0e1a6cff1","isVoid":false,"data":{},"nodes":[{"kind":"text","key":"755242627b4e4c799cc09bb928de1d0d","ranges":[{"kind":"range","marks":[],"text":"Restrictions on built-in edge select queries"}]}]},{"kind":"block","type":"paragraph","key":"7f7227117a924c6b8440ec555a7fcef3","isVoid":false,"data":{},"nodes":[{"kind":"text","key":"61ce32faf02741bbbcb8e1aedb2a25bb","ranges":[{"kind":"range","marks":[],"text":"To prevent queries which might return an excessive number of output items, built-in edge queries have the following restrictions:"}]}]},{"kind":"block","type":"list-ordered","key":"d5414def5390499293cac1e747b05929","isVoid":false,"data":{},"nodes":[{"kind":"block","type":"list-item","key":"d1317042945a4fae9a32943e0eb2fdc0","isVoid":false,"data":{},"nodes":[{"kind":"block","type":"paragraph","key":"ddf31a2e72f8471e985b997c9a872f43","isVoid":false,"data":{},"nodes":[{"kind":"text","key":"5024b867e6234532a01441ae6db6f05f","ranges":[{"kind":"range","marks":[],"text":"The source vertex type must be specified."}]}]}]},{"kind":"block","type":"list-item","key":"3cb1f6277f464afa9c419c277a30b598","isVoid":false,"data":{},"nodes":[{"kind":"block","type":"paragraph","key":"cdc6a7c5a49b4431adb853cbf33dc690","isVoid":false,"data":{},"nodes":[{"kind":"text","key":"fc660652bd2847cd867d110c27db0999","ranges":[{"kind":"range","marks":[],"text":"The from_id condition must be specified."}]}]}]}]},{"kind":"block","type":"paragraph","key":"9b19e6d663a1482cbf6d5985905b7489","isVoid":false,"data":{},"nodes":[{"kind":"text","key":"1660d39e5d5642118c89f7f8ae8a3e59","ranges":[{"kind":"range","marks":[],"text":"There is no such restriction for user-defined queries."}]}]}]},{"kind":"block","type":"paragraph","key":"28b6f61bfb4f4160941813590a536cba","isVoid":false,"data":{},"nodes":[{"kind":"text","key":"e711417763bb43a79306052354d10b92","ranges":[{"kind":"range","marks":[],"text":"The result is shown below."}]}]},{"kind":"block","type":"code","key":"c8548ec462eb4e7a8c6f937676122000","isVoid":false,"data":{"syntax":"sql","title":"GSQL"},"nodes":[{"kind":"block","type":"code-line","key":"455af282aed841a4bde77f90ff430961","isVoid":false,"data":{},"nodes":[{"kind":"text","key":"d6f75b84067348f9b8533582773aa144","ranges":[{"kind":"range","marks":[],"text":"GSQL > SELECT * FROM person-(friendship)->person WHERE from_id ==\"Tom\""}]}]},{"kind":"block","type":"code-line","key":"de6230f56d6d4eb7b14ec486985007f1","isVoid":false,"data":{},"nodes":[{"kind":"text","key":"bc59fed96bb04a75a320fe62d65ab7fa","ranges":[{"kind":"range","marks":[],"text":"["}]}]},{"kind":"block","type":"code-line","key":"ef07cc76e5934c6ebc04d8b7f572db99","isVoid":false,"data":{},"nodes":[{"kind":"text","key":"8eb7b162ff8a42bd88e141adcf36562d","ranges":[{"kind":"range","marks":[],"text":"  {"}]}]},{"kind":"block","type":"code-line","key":"984df5f8dddf48eeb801cccf47ffb900","isVoid":false,"data":{},"nodes":[{"kind":"text","key":"30368dce20b34e4da86b91623abf916e","ranges":[{"kind":"range","marks":[],"text":"    \"from_type\": \"person\","}]}]},{"kind":"block","type":"code-line","key":"2d13763ef62a41518ce995e2ae543913","isVoid":false,"data":{},"nodes":[{"kind":"text","key":"b61de74fa5f14ec5b30082f9d80851e3","ranges":[{"kind":"range","marks":[],"text":"    \"to_type\": \"person\","}]}]},{"kind":"block","type":"code-line","key":"6329830f055c45b5bdb076aa1eb49b13","isVoid":false,"data":{},"nodes":[{"kind":"text","key":"c528e045c29a484e8d48b6dc430ef6cd","ranges":[{"kind":"range","marks":[],"text":"    \"directed\": false,"}]}]},{"kind":"block","type":"code-line","key":"8f1aa6ece9614d978a22b07028d520de","isVoid":false,"data":{},"nodes":[{"kind":"text","key":"9c60616ecf8a43bd85db3759bc3474b0","ranges":[{"kind":"range","marks":[],"text":"    \"from_id\": \"Tom\","}]}]},{"kind":"block","type":"code-line","key":"b4fbd685b5714b2ca2e1fcc9d8dbfdad","isVoid":false,"data":{},"nodes":[{"kind":"text","key":"6d6b4359779d4572b637cffe87db4256","ranges":[{"kind":"range","marks":[],"text":"    \"to_id\": \"Dan\","}]}]},{"kind":"block","type":"code-line","key":"37d847452aa946e7a5f66cbe3d3dd509","isVoid":false,"data":{},"nodes":[{"kind":"text","key":"08d8547141344c8582e66b8c00488c86","ranges":[{"kind":"range","marks":[],"text":"    \"attributes\": {\"connect_day\": \"2017-06-03 00:00:00\"},"}]}]},{"kind":"block","type":"code-line","key":"d9416ed70d7541c0a56471c9dc783646","isVoid":false,"data":{},"nodes":[{"kind":"text","key":"bbd96e78fc364b17b951a58916a92960","ranges":[{"kind":"range","marks":[],"text":"    \"e_type\": \"friendship\""}]}]},{"kind":"block","type":"code-line","key":"10b13f74c0034fc49df4a50ff5a37683","isVoid":false,"data":{},"nodes":[{"kind":"text","key":"3813635778e74da48789f7967c4a8b1b","ranges":[{"kind":"range","marks":[],"text":"  },"}]}]},{"kind":"block","type":"code-line","key":"1994f1de5ab941b7b6482a2156a37858","isVoid":false,"data":{},"nodes":[{"kind":"text","key":"6b1d987c9c22419996e387c4ed261aa6","ranges":[{"kind":"range","marks":[],"text":"  {"}]}]},{"kind":"block","type":"code-line","key":"e9455b64495249db9f11a1d1fceaa526","isVoid":false,"data":{},"nodes":[{"kind":"text","key":"d3fb29d39cc747d2867948ea17169d66","ranges":[{"kind":"range","marks":[],"text":"    \"from_type\": \"person\","}]}]},{"kind":"block","type":"code-line","key":"128121f9ec794e33b0a986f50dc9e6a3","isVoid":false,"data":{},"nodes":[{"kind":"text","key":"85c0f8a5619f4f1289e15c17127af1ac","ranges":[{"kind":"range","marks":[],"text":"    \"to_type\": \"person\","}]}]},{"kind":"block","type":"code-line","key":"811b128ad5c449188d62375465242720","isVoid":false,"data":{},"nodes":[{"kind":"text","key":"e9a884a016d8473fb387fa78eb23cafd","ranges":[{"kind":"range","marks":[],"text":"    \"directed\": false,"}]}]},{"kind":"block","type":"code-line","key":"55684da7063e43c697ccfa4bacd6ee36","isVoid":false,"data":{},"nodes":[{"kind":"text","key":"64f9e1ca08a04936ba13c13bca4be837","ranges":[{"kind":"range","marks":[],"text":"    \"from_id\": \"Tom\","}]}]},{"kind":"block","type":"code-line","key":"309eee45defd43469e7d84fd16516344","isVoid":false,"data":{},"nodes":[{"kind":"text","key":"c136621d34514acfa96520932f4e7b1e","ranges":[{"kind":"range","marks":[],"text":"    \"to_id\": \"Jenny\","}]}]},{"kind":"block","type":"code-line","key":"d7bd5d99326e4a5e82e023a6cd3653e8","isVoid":false,"data":{},"nodes":[{"kind":"text","key":"a4f7a714ce904a5aacc7ffa6b7b387c7","ranges":[{"kind":"range","marks":[],"text":"    \"attributes\": {\"connect_day\": \"2015-01-01 00:00:00\"},"}]}]},{"kind":"block","type":"code-line","key":"2c363bed362b4abeb4e717e7b566ccba","isVoid":false,"data":{},"nodes":[{"kind":"text","key":"839bd7d8483a487fa83ec5e96b49ed9d","ranges":[{"kind":"range","marks":[],"text":"    \"e_type\": \"friendship\""}]}]},{"kind":"block","type":"code-line","key":"02b9696a985d4634ab5b936cc5573d13","isVoid":false,"data":{},"nodes":[{"kind":"text","key":"9864c3a64282406a9d056511b9f80cda","ranges":[{"kind":"range","marks":[],"text":"  }"}]}]},{"kind":"block","type":"code-line","key":"ab8cb1a395eb4462affd6b3de3e0edd8","isVoid":false,"data":{},"nodes":[{"kind":"text","key":"8a64800c77f343f4bb5649aa60f3f105","ranges":[{"kind":"range","marks":[],"text":"]"}]}]}]},{"kind":"block","type":"paragraph","key":"2c3aa5db976c44fc8d483fcb9fcc782f","isVoid":false,"data":{},"nodes":[{"kind":"text","key":"f0aea104007a4e8694a54acf40f0297a","ranges":[{"kind":"range","marks":[],"text":"Another way to check the graph's size is using one of the options of the administrator tool, "},{"kind":"range","marks":[{"kind":"mark","data":{},"type":"code"}],"text":"gadmin"},{"kind":"range","marks":[],"text":". From a Linux shell, enter the command"}]}]},{"kind":"block","type":"paragraph","key":"84debf49e0c74fc1bafd6e062de36e95","isVoid":false,"data":{},"nodes":[{"kind":"text","key":"2f9212d18b6d4ffebe9325838cdc7845","ranges":[{"kind":"range","marks":[{"kind":"mark","data":{},"type":"code"}],"text":"gadmin status graph -v"}]}]},{"kind":"block","type":"code","key":"8d6093bb753240f48d013a962c55a6dc","isVoid":false,"data":{"syntax":"bash","title":"Linux shell"},"nodes":[{"kind":"block","type":"code-line","key":"d07e1d2a4d3040e39cee9b8f3605238b","isVoid":false,"data":{},"nodes":[{"kind":"text","key":"e991cc4a2f254534b4dfc0ba1808b156","ranges":[{"kind":"range","marks":[],"text":"[tigergraph@localhost ~]$ gadmin status graph -v"}]}]},{"kind":"block","type":"code-line","key":"8ecc8ce1cb764512b1c700d2625fa97e","isVoid":false,"data":{},"nodes":[{"kind":"text","key":"5575ca8f86c4474caa949e47589a13bf","ranges":[{"kind":"range","marks":[],"text":"verbose is ON"}]}]},{"kind":"block","type":"code-line","key":"1eef8f9b2aed48f68d273f9ab9f73bf7","isVoid":false,"data":{},"nodes":[{"kind":"text","key":"2ba4f35373084282aec7b328298d1f5c","ranges":[{"kind":"range","marks":[],"text":"=== graph ==="}]}]},{"kind":"block","type":"code-line","key":"e2670b4576414ecda03d9a2af87a8ea1","isVoid":false,"data":{},"nodes":[{"kind":"text","key":"3be4416155d94fa5a0c3818cf08b7563","ranges":[{"kind":"range","marks":[],"text":"[m1     ][GRAPH][MSG ] Graph was loaded (/usr/local/tigergraph/gstore/0/part/): partition size is 4.00KiB, SchemaVersion: 0, VertexCount: 7, NumOfSkippedVertices: 0, NumOfDeletedVertices: 0, EdgeCount: 14"}]}]},{"kind":"block","type":"code-line","key":"d2b6dc07b6ba4a79a088bad6bd381e39","isVoid":false,"data":{},"nodes":[{"kind":"text","key":"a652208f716e45499be94db42d537e1e","ranges":[{"kind":"range","marks":[],"text":"[m1     ][GRAPH][INIT] True"}]}]},{"kind":"block","type":"code-line","key":"54a5a36db0cf42c88030448ac22c2252","isVoid":false,"data":{},"nodes":[{"kind":"text","key":"864f1f3a6a9d4eccbc6ee1fee0b34d25","ranges":[{"kind":"range","marks":[],"text":"[INFO   ][GRAPH][MSG ] Above vertex and edge counts are for internal use which show approximate topology size of the local graph partition. Use DML to get the correct graph topology information"}]}]},{"kind":"block","type":"code-line","key":"c55392e0823c415fa0171931aa7b8103","isVoid":false,"data":{},"nodes":[{"kind":"text","key":"9b0d2a69dffe4fc599c5ba149397a868","ranges":[{"kind":"range","marks":[],"text":"[SUMMARY][GRAPH] graph is ready"}]}]}]},{"kind":"block","type":"paragraph","key":"d5d783f084854ab49a6839b3b65a025d","isVoid":false,"data":{},"nodes":[{"kind":"text","key":"8a3390b0d3584d0998560b6661f72499","ranges":[{"kind":"range","marks":[],"text":""}]}]}]}}