{"format_version":1,"document":{"kind":"document","key":"4","data":{"schema_version":6},"nodes":[{"kind":"block","type":"heading-1","key":"afefda48e1884742913d3ff6081668a8","isVoid":false,"data":{},"nodes":[{"kind":"text","key":"af5df9305c78482484c9f9b877d7dfff","ranges":[{"kind":"range","marks":[],"text":"Data Set"}]}]},{"kind":"block","type":"paragraph","key":"c5b1935e5a394cb9a8d561b5c3dabaf6","isVoid":false,"data":{},"nodes":[{"kind":"text","key":"93157db7297c4e4cad758f2fdecf63f0","ranges":[{"kind":"range","marks":[],"text":"We will use the "}]},{"kind":"inline","type":"link","key":"25665f8bb48b4335be89a7470c44c730","isVoid":false,"data":{"href":"http://ldbcouncil.org/developer/snb"},"nodes":[{"kind":"text","key":"8610bd07e46d4a44ba43813c262f193d","ranges":[{"kind":"range","marks":[],"text":"LDBC Social Network Benchmark"}]}]},{"kind":"text","key":"751fa7e46e1542f2b8abfda404b4bf90","ranges":[{"kind":"range","marks":[],"text":" (LDBC SNB) data set. This data set models a twitter-like social forum. It comes with a data generator, which allows you to generate data at different scale factors. Scale factor 1 generates roughly 1GB raw data, scale factor 10 generates roughly 10GB raw data, etc. "}]}]},{"kind":"block","type":"image","key":"b05452de2c9f437c99daa345dc51837c","isVoid":true,"data":{"assetID":"-LexxRgZ1XapakZA1gdh","caption":"Figure 1. LDBC SNB Schema"},"nodes":[{"kind":"text","key":"6164a6afdc7c4eb9bb049f620cf48918","ranges":[{"kind":"range","marks":[],"text":""}]}]},{"kind":"block","type":"paragraph","key":"c3ffd29ea1e64664989d8f9f2673663e","isVoid":false,"data":{},"nodes":[{"kind":"text","key":"f756a15992bb484da837d979018268c7","ranges":[{"kind":"range","marks":[],"text":"Figure 1 shows the schema (from the "}]},{"kind":"inline","type":"link","key":"f613f819e4174c35b9436b58f09d9e2b","isVoid":false,"data":{"href":"http://ldbc.github.io/ldbc_snb_docs/ldbc-snb-specification.pdf"},"nodes":[{"kind":"text","key":"73c416a15d3b4ed5a4ec708fba864532","ranges":[{"kind":"range","marks":[],"text":"LDBC SNB specification"}]}]},{"kind":"text","key":"bf64a40783434f77839534ab5584652f","ranges":[{"kind":"range","marks":[],"text":"). It models the activities and relationships of social forum participants. For example, a forum Member can publish Posts on a Forum, and other Members of the Forum can make a Comment on the Post or on someone else's Comment. A Person's home location is a hierarchy (Continent>Country>City), and a person can be affiliated with a University or a Company. Tags can be used to classify a Forum and a Person's interests.  Tags can belong to a TagClass. The relationships between entities are modeled as directed edges. For example, Person connects to Tag by the hasInterest edge. Forum connects to Person by two different edges, hasMember and hasModerator."}]}]},{"kind":"block","type":"hint","key":"9756d72037fe44db9614f5ed42f554a5","isVoid":false,"data":{"style":"warning"},"nodes":[{"kind":"block","type":"paragraph","key":"c8168f99d0624a45ae73b9e9163b4b85","isVoid":false,"data":{},"nodes":[{"kind":"text","key":"812a5e0bbe8a421ea2eb8c9d91495236","ranges":[{"kind":"range","marks":[],"text":"LDBC SNB schema uses "},{"kind":"range","marks":[{"kind":"mark","data":{},"type":"bold"}],"text":"inheritance"},{"kind":"range","marks":[],"text":" to model certain entity type relationships:"}]}]},{"kind":"block","type":"list-unordered","key":"b7bb280d7f4746acad3863e3e8aea4d0","isVoid":false,"data":{},"nodes":[{"kind":"block","type":"list-item","key":"eec3268df9b448f4902aa0b731bbcca6","isVoid":false,"data":{},"nodes":[{"kind":"block","type":"paragraph","key":"b0facdee624e4b12a5e22516cbf56927","isVoid":false,"data":{},"nodes":[{"kind":"text","key":"4dfa4688d7ee4384b3bfecb3ba022c1f","ranges":[{"kind":"range","marks":[{"kind":"mark","data":{},"type":"bold"}],"text":"Message"},{"kind":"range","marks":[],"text":" is the superclass of Post and Comment."}]}]}]},{"kind":"block","type":"list-item","key":"364cacfbf4974adf800022b4db37115a","isVoid":false,"data":{},"nodes":[{"kind":"block","type":"paragraph","key":"278c088299154d46be7096696bdf9652","isVoid":false,"data":{},"nodes":[{"kind":"text","key":"d1a177c0379d4fb2bbd1404d99a5a044","ranges":[{"kind":"range","marks":[{"kind":"mark","data":{},"type":"bold"}],"text":"Place"},{"kind":"range","marks":[],"text":" is the superclass of City, Country, and Continent."}]}]}]},{"kind":"block","type":"list-item","key":"f359a1e2b3b04054afe8294c47c15781","isVoid":false,"data":{},"nodes":[{"kind":"block","type":"paragraph","key":"69e61573fa7e4fb69b81f76e523f46a1","isVoid":false,"data":{},"nodes":[{"kind":"text","key":"9df0d71cf96e4fc6ae988e4ef758ce6a","ranges":[{"kind":"range","marks":[{"kind":"mark","data":{},"type":"bold"}],"text":"Organization"},{"kind":"range","marks":[],"text":" is the superclass of University and Company."}]}]}]}]},{"kind":"block","type":"paragraph","key":"834c30621269420b88c827d63ca5df3e","isVoid":false,"data":{},"nodes":[{"kind":"text","key":"c7dc0d5804c340278fbcb9c0cb14e3cb","ranges":[{"kind":"range","marks":[],"text":"We do not use the superclasses in our graph model. When there is an edge type connecting an entity to a superclass, we instead create an edge type from the entity to each of the subclasses of the superclass. For example, Message has an "},{"kind":"range","marks":[{"kind":"mark","data":{},"type":"italic"}],"text":"isLocatedIn"},{"kind":"range","marks":[],"text":" relationship to Country. Since Message has two subclasses, Post and Comment, we create two edge types to Country:"}]}]},{"kind":"block","type":"list-unordered","key":"9aa6fea59679428087e8dbcc0cfdec9f","isVoid":false,"data":{},"nodes":[{"kind":"block","type":"list-item","key":"64de3fc949dd4e579ba8ffeaa13bc8ed","isVoid":false,"data":{},"nodes":[{"kind":"block","type":"paragraph","key":"8773382c14a04eecab38e3836c64caa3","isVoid":false,"data":{},"nodes":[{"kind":"text","key":"61144653b93c44b9a601770f770064ed","ranges":[{"kind":"range","marks":[{"kind":"mark","data":{},"type":"bold"}],"text":"Post"},{"kind":"range","marks":[],"text":"_IS_LOCATED_IN_Country "}]}]}]},{"kind":"block","type":"list-item","key":"6491a50feb054ce4ab4b09f9a881e102","isVoid":false,"data":{},"nodes":[{"kind":"block","type":"paragraph","key":"400ecc61dba84fc1a03ab929d355fe96","isVoid":false,"data":{},"nodes":[{"kind":"text","key":"07e33080228148639fdf200001dccd6e","ranges":[{"kind":"range","marks":[{"kind":"mark","data":{},"type":"bold"}],"text":"Comment"},{"kind":"range","marks":[],"text":"_IS_LOCATED_IN_Country"}]}]}]}]}]},{"kind":"block","type":"heading-1","key":"2749423801944d1db4928b284152dfff","isVoid":false,"data":{},"nodes":[{"kind":"text","key":"8d2f6436d2f24358a282209c2d64e207","ranges":[{"kind":"range","marks":[],"text":"Schema Naming Conventions"}]}]},{"kind":"block","type":"hint","key":"d86ddcce309343ecbda9ee32a7cfb687","isVoid":false,"data":{"style":"success"},"nodes":[{"kind":"block","type":"paragraph","key":"d02264b463754656abde107509ac1b03","isVoid":false,"data":{},"nodes":[{"kind":"text","key":"61cf892906274c4ba4d8806008e4386b","ranges":[{"kind":"range","marks":[{"kind":"mark","data":{},"type":"bold"}],"text":"Vertex Type"}]}]},{"kind":"block","type":"paragraph","key":"eeaf30e568c842daa42360c93abb59a0","isVoid":false,"data":{},"nodes":[{"kind":"text","key":"c955d74bc6de475e9f82105182318759","ranges":[{"kind":"range","marks":[],"text":"For each entity in Figure 1 (the rectangular boxes), we create a vertex type with the entity's name."}]}]},{"kind":"block","type":"list-unordered","key":"a2c37d75cbfd42e39d9751e4aecc50d0","isVoid":false,"data":{},"nodes":[{"kind":"block","type":"list-item","key":"164e56a736c84018808b3443a292b076","isVoid":false,"data":{},"nodes":[{"kind":"block","type":"paragraph","key":"50a04d5cb2b740a9adb459ee2d22fb08","isVoid":false,"data":{},"nodes":[{"kind":"text","key":"cd3892c5b40a4ec79fb1562dc1df29b5","ranges":[{"kind":"range","marks":[{"kind":"mark","data":{},"type":"bold"}],"text":"Person"},{"kind":"range","marks":[],"text":" is a person who participates in a forum."}]}]}]},{"kind":"block","type":"list-item","key":"43f3cfc94ebb4fed878b039732384385","isVoid":false,"data":{},"nodes":[{"kind":"block","type":"paragraph","key":"eeaa2804bd374e7fa262c5fbc78e3f54","isVoid":false,"data":{},"nodes":[{"kind":"text","key":"9b7551f429604845863396ac4769fc26","ranges":[{"kind":"range","marks":[{"kind":"mark","data":{},"type":"bold"}],"text":"Forum"},{"kind":"range","marks":[],"text":" is a place where persons discuss topics."}]}]}]},{"kind":"block","type":"list-item","key":"26031054953d4ea3b2b86ae01b665af8","isVoid":false,"data":{},"nodes":[{"kind":"block","type":"paragraph","key":"1b2982159df14e0796dcd0a924c1204b","isVoid":false,"data":{},"nodes":[{"kind":"text","key":"6bbce7794119445599ef022752591335","ranges":[{"kind":"range","marks":[{"kind":"mark","data":{},"type":"bold"}],"text":"City, Country"},{"kind":"range","marks":[],"text":", and "},{"kind":"range","marks":[{"kind":"mark","data":{},"type":"bold"}],"text":"Continent"},{"kind":"range","marks":[],"text":" are geographic locations of other entities."}]}]}]},{"kind":"block","type":"list-item","key":"86243d7ffe5b4cf592cf40d8d269a680","isVoid":false,"data":{},"nodes":[{"kind":"block","type":"paragraph","key":"26efb40146184f81aa00a5f4d72eb8ee","isVoid":false,"data":{},"nodes":[{"kind":"text","key":"20941e086fc248bbb6192a2f98d01375","ranges":[{"kind":"range","marks":[{"kind":"mark","data":{},"type":"bold"}],"text":"Company"},{"kind":"range","marks":[],"text":" and "},{"kind":"range","marks":[{"kind":"mark","data":{},"type":"bold"}],"text":"University "},{"kind":"range","marks":[],"text":"are organizations related to a person's affiliation."}]}]}]},{"kind":"block","type":"list-item","key":"a0e960569a744d8fab6c1b212c0d9c02","isVoid":false,"data":{},"nodes":[{"kind":"block","type":"paragraph","key":"b3f49ce0c78e4f1fa89a0f645253c528","isVoid":false,"data":{},"nodes":[{"kind":"text","key":"89b90d4e4b7f44e7aa7b715f15d68baa","ranges":[{"kind":"range","marks":[{"kind":"mark","data":{},"type":"bold"}],"text":"Comment"},{"kind":"range","marks":[],"text":" and "},{"kind":"range","marks":[{"kind":"mark","data":{},"type":"bold"}],"text":"Post"},{"kind":"range","marks":[],"text":" are the interaction messages created by persons in a forum."}]}]}]},{"kind":"block","type":"list-item","key":"6c1ba2edd7b84add876c46fb8d08ca56","isVoid":false,"data":{},"nodes":[{"kind":"block","type":"paragraph","key":"0e556a410fca4b6baebc51ca10370e6e","isVoid":false,"data":{},"nodes":[{"kind":"text","key":"b0df98dc401348cbaa0735dec15ec00a","ranges":[{"kind":"range","marks":[{"kind":"mark","data":{},"type":"bold"}],"text":"Tag"},{"kind":"range","marks":[],"text":" is a topic or a concept."}]}]}]},{"kind":"block","type":"list-item","key":"c40aa4b359ba4045b87ab9dd53d5e3b5","isVoid":false,"data":{},"nodes":[{"kind":"block","type":"paragraph","key":"cdc0050171b24354b5c0f45aba59b7a8","isVoid":false,"data":{},"nodes":[{"kind":"text","key":"b3d6f989cb254550bd8630c0f0929ba8","ranges":[{"kind":"range","marks":[{"kind":"mark","data":{},"type":"bold"}],"text":"TagClass"},{"kind":"range","marks":[],"text":" is a class or a category. TagClass can form a hierarchy of tags."}]}]}]}]}]},{"kind":"block","type":"hint","key":"3ac35a38dda7492cbafbba02b7157f28","isVoid":false,"data":{"style":"success"},"nodes":[{"kind":"block","type":"paragraph","key":"6b86d2e95a8b440e99ef8fbbacf90d43","isVoid":false,"data":{},"nodes":[{"kind":"text","key":"81323a385d5946138bfec1e58c23c228","ranges":[{"kind":"range","marks":[{"kind":"mark","data":{},"type":"bold"}],"text":"Edge Type"}]}]},{"kind":"block","type":"paragraph","key":"185a573b14324d0ba428039dda29f9e4","isVoid":false,"data":{},"nodes":[{"kind":"text","key":"0e9733f4abee4a699f791ce1536ebe02","ranges":[{"kind":"range","marks":[],"text":"For each relationship in Figure 1, we create an edge type whose name consists of the source entity name, the edge name "},{"kind":"range","marks":[{"kind":"mark","data":{},"type":"bold"}],"text":"(all capitalized)"},{"kind":"range","marks":[],"text":", and the target entity name. The three parts are connected by underscores.    "}]}]},{"kind":"block","type":"list-unordered","key":"7e8099a24a0f4937b1ad720590992641","isVoid":false,"data":{},"nodes":[{"kind":"block","type":"list-item","key":"48ca5dd9c21d4b5aaa428714f97051ce","isVoid":false,"data":{},"nodes":[{"kind":"block","type":"paragraph","key":"697c669ae8534f1baf9882def58c752c","isVoid":false,"data":{},"nodes":[{"kind":"text","key":"b5908c23629b4e9baa2a04469f77d97a","ranges":[{"kind":"range","marks":[],"text":"SourceEntityName_"},{"kind":"range","marks":[{"kind":"mark","data":{},"type":"bold"}],"text":"EDGENAME"},{"kind":"range","marks":[],"text":"_TargetEntityName"}]}]}]}]},{"kind":"block","type":"paragraph","key":"d6e87ed9d4d3410c94ef3daac3b78b64","isVoid":false,"data":{},"nodes":[{"kind":"text","key":"71039d09dc3d4ea09eaff56faef99c2c","ranges":[{"kind":"range","marks":[],"text":"For example, "}]}]},{"kind":"block","type":"list-unordered","key":"de8bc29af94d476d80497c6f4408ff17","isVoid":false,"data":{},"nodes":[{"kind":"block","type":"list-item","key":"a904847644844609ab9b6b422a0acc68","isVoid":false,"data":{},"nodes":[{"kind":"block","type":"paragraph","key":"233a738f81b648c491bc6801593a0efe","isVoid":false,"data":{},"nodes":[{"kind":"text","key":"61de1923c0ec4c74a69a5de411a33bd1","ranges":[{"kind":"range","marks":[{"kind":"mark","data":{},"type":"bold"}],"text":"Person_KNOWS_Person"},{"kind":"range","marks":[],"text":":  Person is the source and target entity names, and Knows is the edge name."}]}]}]},{"kind":"block","type":"list-item","key":"39a7387dd57a4c0aadb3efb9aebf9ef3","isVoid":false,"data":{},"nodes":[{"kind":"block","type":"paragraph","key":"e7ecd71daf164de5be62d37a89f37304","isVoid":false,"data":{},"nodes":[{"kind":"text","key":"d6eb652d071644c39a33cada683ed8ad","ranges":[{"kind":"range","marks":[{"kind":"mark","data":{},"type":"bold"}],"text":"Person_LIKES_Comment: "},{"kind":"range","marks":[],"text":"Person is the source entity name, Comment is the target entity name, and Likes is the edge name. "}]}]}]}]},{"kind":"block","type":"paragraph","key":"0ff61000277b41c3adc2943306a792da","isVoid":false,"data":{},"nodes":[{"kind":"text","key":"453d4dd4fc1d4009ba287eccb2725bea","ranges":[{"kind":"range","marks":[],"text":"When the edge name has two or more words, we separate words by an underscore as well. For example:"}]}]},{"kind":"block","type":"list-unordered","key":"1365f825325c4cdba840f205aad77250","isVoid":false,"data":{},"nodes":[{"kind":"block","type":"list-item","key":"3dd512246c2546c3ad96f4ee97a05265","isVoid":false,"data":{},"nodes":[{"kind":"block","type":"paragraph","key":"98833dee5e1c41e2ba145c4cf70d92bb","isVoid":false,"data":{},"nodes":[{"kind":"text","key":"8497a13a0b5b4f49b70783f84af19ad3","ranges":[{"kind":"range","marks":[{"kind":"mark","data":{},"type":"bold"}],"text":"Tag_HAS_TYPE_TagClass: "},{"kind":"range","marks":[],"text":"Tag is the source entity name, TagClass is the target entity name, and hasType is the edge name (which is written as HAS_TYPE).  "}]}]}]},{"kind":"block","type":"list-item","key":"4faa099d49994cd38e44e57810947495","isVoid":false,"data":{},"nodes":[{"kind":"block","type":"paragraph","key":"ab19d00e354943c3847ae9fe1da30e13","isVoid":false,"data":{},"nodes":[{"kind":"text","key":"2db6388c8a06450e8511482fed564a44","ranges":[{"kind":"range","marks":[{"kind":"mark","data":{},"type":"bold"}],"text":"Forum_HAS_MODERATOR_Person: "},{"kind":"range","marks":[],"text":"Forum is the source entity name,  Person is the target entity name, and hasModerator is the edge name (which is written as HAS_MODERATOR)."}]}]}]}]}]},{"kind":"block","type":"heading-1","key":"4f4b9635812c42f193d1fac68ffb7d86","isVoid":false,"data":{},"nodes":[{"kind":"text","key":"33afbffa00ff41179bb72fbabcf9d388","ranges":[{"kind":"range","marks":[],"text":"GSQL Schema DDL"}]}]},{"kind":"block","type":"paragraph","key":"876bc7bb16514c358fbd62302bf046f4","isVoid":false,"data":{},"nodes":[{"kind":"text","key":"059bace2ec644caebf74020e7ff60f25","ranges":[{"kind":"range","marks":[],"text":"The GSQL script below can be downloaded from "}]},{"kind":"inline","type":"link","key":"f2d584d8d8bc4491a18bc2506d7e6e94","isVoid":false,"data":{"href":"https://raw.githubusercontent.com/tigergraph/ecosys/ldbc/ldbc_benchmark/tigergraph/gsql102/setup_schema.gsql"},"nodes":[{"kind":"text","key":"9adde6705e844956a45e703e05af154a","ranges":[{"kind":"range","marks":[],"text":"this link."}]}]},{"kind":"text","key":"42de2b47a70d4f4dbbe2b80b1a7edac3","ranges":[{"kind":"range","marks":[],"text":" "}]}]},{"kind":"block","type":"code","key":"7c767ad240eb4023bfdb90055596a065","isVoid":false,"data":{"syntax":"sql","title":"GSQL script"},"nodes":[{"kind":"block","type":"code-line","key":"9ac075ed7cf54cb997f9aa302c12f194","isVoid":false,"data":{},"nodes":[{"kind":"text","key":"842362f4d11b4191a6ad957c4ade2436","ranges":[{"kind":"range","marks":[],"text":"//clear the current catalog. "}]}]},{"kind":"block","type":"code-line","key":"6813fe3413a94367886c92121ea4a751","isVoid":false,"data":{},"nodes":[{"kind":"text","key":"2b9d27f4ca84459b9a112378e4527c66","ranges":[{"kind":"range","marks":[],"text":"// It may take a while since it restarts the subsystem services. "}]}]},{"kind":"block","type":"code-line","key":"964e4620291b40229fa18295fda007ca","isVoid":false,"data":{},"nodes":[{"kind":"text","key":"346abf8cc1994e97ab27f8003251cc0a","ranges":[{"kind":"range","marks":[],"text":"DROP ALL"}]}]},{"kind":"block","type":"code-line","key":"afbe7923e0ab47188ad61369ced96c35","isVoid":false,"data":{},"nodes":[{"kind":"text","key":"5ebdd53f6d384729861b13e32b802baf","ranges":[{"kind":"range","marks":[],"text":""}]}]},{"kind":"block","type":"code-line","key":"552c58fe7b9b4633b37e7d8086fadd68","isVoid":false,"data":{},"nodes":[{"kind":"text","key":"f05e79c5b98349c18c3fb57320b427cc","ranges":[{"kind":"range","marks":[],"text":"//vertex types"}]}]},{"kind":"block","type":"code-line","key":"1e73d0a3330047b0b97fc9dc49cfcd66","isVoid":false,"data":{},"nodes":[{"kind":"text","key":"a1eb9a3349314da9b169dadcf40f8f03","ranges":[{"kind":"range","marks":[],"text":"CREATE VERTEX Comment (PRIMARY_ID id UINT, id UINT, creationDate DATETIME, locationIP STRING, browserUsed STRING, content STRING, length UINT)"}]}]},{"kind":"block","type":"code-line","key":"c39ffae1c58b47f0b8a4ef812542fc7e","isVoid":false,"data":{},"nodes":[{"kind":"text","key":"d093d6e411ec41fa89eb9e624328432d","ranges":[{"kind":"range","marks":[],"text":"CREATE VERTEX Post (PRIMARY_ID id UINT, id UINT, imageFile STRING, creationDate DATETIME, locationIP STRING, browserUsed STRING, lang STRING, content STRING, length UINT) "}]}]},{"kind":"block","type":"code-line","key":"941699f3dcf843d4977036e6c28cd5ed","isVoid":false,"data":{},"nodes":[{"kind":"text","key":"5e0e3579203f40f38123c10f9f05e68c","ranges":[{"kind":"range","marks":[],"text":"CREATE VERTEX Company (PRIMARY_ID id UINT, id UINT, name STRING, url STRING)"}]}]},{"kind":"block","type":"code-line","key":"0e6ca9a2ffdc444f9167dc8b14214537","isVoid":false,"data":{},"nodes":[{"kind":"text","key":"cd28ab92247a4142bc244ef9c66d06da","ranges":[{"kind":"range","marks":[],"text":"CREATE VERTEX University (PRIMARY_ID id UINT, id UINT, name STRING, url STRING)"}]}]},{"kind":"block","type":"code-line","key":"d2349ced923f43249017c2a4cd6cb3f4","isVoid":false,"data":{},"nodes":[{"kind":"text","key":"01109defede2401a9f1d807e9696e270","ranges":[{"kind":"range","marks":[],"text":"CREATE VERTEX City (PRIMARY_ID id UINT, id UINT, name STRING, url STRING)"}]}]},{"kind":"block","type":"code-line","key":"866df137af544ea79ec929a4f3d60a33","isVoid":false,"data":{},"nodes":[{"kind":"text","key":"e8f6fe672ca346c9abaab7ac82bf5364","ranges":[{"kind":"range","marks":[],"text":"CREATE VERTEX Country (PRIMARY_ID id UINT, id UINT, name STRING, url STRING)"}]}]},{"kind":"block","type":"code-line","key":"e2367835b32e4ccd8a26cff063a79592","isVoid":false,"data":{},"nodes":[{"kind":"text","key":"15174387739c40db8510a85cea350606","ranges":[{"kind":"range","marks":[],"text":"CREATE VERTEX Continent (PRIMARY_ID id UINT, id UINT, name STRING, url STRING)"}]}]},{"kind":"block","type":"code-line","key":"273cfc7ce7934c548e48d3595491467c","isVoid":false,"data":{},"nodes":[{"kind":"text","key":"83944f29dc364487b1f0091af5beb932","ranges":[{"kind":"range","marks":[],"text":"CREATE VERTEX Forum (PRIMARY_ID id UINT, id UINT, title STRING, creationDate DATETIME)"}]}]},{"kind":"block","type":"code-line","key":"b91943d6bc814c078a9dc7b05f28bb31","isVoid":false,"data":{},"nodes":[{"kind":"text","key":"5fb91c0f55024bef939316fb774ae1b9","ranges":[{"kind":"range","marks":[],"text":"CREATE VERTEX Person (PRIMARY_ID id UINT, id UINT, firstName STRING, lastName STRING, gender STRING, birthday DATETIME, creationDate DATETIME, locationIP STRING, browserUsed STRING, speaks set<STRING>, email set<STRING>)"}]}]},{"kind":"block","type":"code-line","key":"cb3658d4cc71489f93a312a0a3234c10","isVoid":false,"data":{},"nodes":[{"kind":"text","key":"c15b52d5cb934917957167cb35b789f2","ranges":[{"kind":"range","marks":[],"text":"CREATE VERTEX Tag (PRIMARY_ID id UINT, id UINT, name STRING, url STRING)"}]}]},{"kind":"block","type":"code-line","key":"5463c2b65c0e43938820682bb6e51ab0","isVoid":false,"data":{},"nodes":[{"kind":"text","key":"9ecb9ab24dd140e6bfd40f715efd0975","ranges":[{"kind":"range","marks":[],"text":"CREATE VERTEX TagClass (PRIMARY_ID id UINT, id UINT, name STRING, url STRING)"}]}]},{"kind":"block","type":"code-line","key":"ccce0fbfa38e412c913389cc8123560b","isVoid":false,"data":{},"nodes":[{"kind":"text","key":"ab2f46936f6441a5ab88f3268f0a25d8","ranges":[{"kind":"range","marks":[],"text":""}]}]},{"kind":"block","type":"code-line","key":"df7c13bd338e49d68e40d8b05eb364b3","isVoid":false,"data":{},"nodes":[{"kind":"text","key":"108d7067071a4f99b41f770ec9387bb9","ranges":[{"kind":"range","marks":[],"text":"//edge types"}]}]},{"kind":"block","type":"code-line","key":"c883d31d20fd4616a1d3f2c1ac0eca98","isVoid":false,"data":{},"nodes":[{"kind":"text","key":"f667706c483a4743a5894f5d3e08c908","ranges":[{"kind":"range","marks":[],"text":"CREATE DIRECTED EDGE Forum_CONTAINER_OF_Post (FROM Forum, TO Post) WITH REVERSE_EDGE=\"Forum_CONTAINER_OF_Post_REVERSE\""}]}]},{"kind":"block","type":"code-line","key":"e443271a453a494fa2299ae33fce9e7e","isVoid":false,"data":{},"nodes":[{"kind":"text","key":"181137979a5c4912946904c750f566fb","ranges":[{"kind":"range","marks":[],"text":"CREATE DIRECTED EDGE Comment_HAS_CREATOR_Person (FROM Comment, TO Person) WITH REVERSE_EDGE=\"Comment_HAS_CREATOR_Person_REVERSE\""}]}]},{"kind":"block","type":"code-line","key":"3a237f2b980b4c3ebe6653c501066d38","isVoid":false,"data":{},"nodes":[{"kind":"text","key":"b0d7ba4504ce4b6d8e7eeb7a82639b2a","ranges":[{"kind":"range","marks":[],"text":"CREATE DIRECTED EDGE Post_HAS_CREATOR_Person (FROM Post, TO Person) WITH REVERSE_EDGE=\"Post_HAS_CREATOR_Person_REVERSE\""}]}]},{"kind":"block","type":"code-line","key":"13fc7c89b7da4ba69edcb33cea2a7fc9","isVoid":false,"data":{},"nodes":[{"kind":"text","key":"008a4abce3674604b71aef1995ebf82d","ranges":[{"kind":"range","marks":[],"text":"CREATE DIRECTED EDGE Person_HAS_INTEREST_Tag (FROM Person, TO Tag) WITH REVERSE_EDGE=\"Person_HAS_INTEREST_Tag_REVERSE\""}]}]},{"kind":"block","type":"code-line","key":"01a30960f4c44f6394abd95a0b653642","isVoid":false,"data":{},"nodes":[{"kind":"text","key":"66602b7dfc594b31a5cf0b202cc12220","ranges":[{"kind":"range","marks":[],"text":"CREATE DIRECTED EDGE Forum_HAS_MEMBER_Person (FROM Forum, TO Person, joinDate DATETIME) WITH REVERSE_EDGE=\"Forum_HAS_MEMBER_Person_REVERSE\""}]}]},{"kind":"block","type":"code-line","key":"494f6fbbe5914a76bc03e54b4854c179","isVoid":false,"data":{},"nodes":[{"kind":"text","key":"ae8e763286904d03a959a665f499c90e","ranges":[{"kind":"range","marks":[],"text":"CREATE DIRECTED EDGE Forum_HAS_MODERATOR_Person (FROM Forum, TO Person) WITH REVERSE_EDGE=\"Forum_HAS_MODERATOR_Person_REVERSE\""}]}]},{"kind":"block","type":"code-line","key":"ad1c0265c0c542ffaa5f060ff96d74ce","isVoid":false,"data":{},"nodes":[{"kind":"text","key":"a65006e44a154979bb7dba9e6a0b5f87","ranges":[{"kind":"range","marks":[],"text":"CREATE DIRECTED EDGE Comment_HAS_TAG_Tag (FROM Comment, TO Tag) WITH REVERSE_EDGE=\"Comment_HAS_TAG_Tag_REVERSE\""}]}]},{"kind":"block","type":"code-line","key":"285ab45043f249c69c3558dae1caf2a6","isVoid":false,"data":{},"nodes":[{"kind":"text","key":"cca6a4a97d7b43acb847580bb972a4e9","ranges":[{"kind":"range","marks":[],"text":"CREATE DIRECTED EDGE Post_HAS_TAG_Tag (FROM Post, TO Tag) WITH REVERSE_EDGE=\"Post_HAS_TAG_Tag_REVERSE\""}]}]},{"kind":"block","type":"code-line","key":"7191b5f13d0f438f94a1a9e3980f6074","isVoid":false,"data":{},"nodes":[{"kind":"text","key":"f1a5f811f847410197a747d044b152da","ranges":[{"kind":"range","marks":[],"text":"CREATE DIRECTED EDGE Forum_HAS_TAG_Tag (FROM Forum, TO Tag) WITH REVERSE_EDGE=\"Forum_HAS_TAG_Tag_REVERSE\""}]}]},{"kind":"block","type":"code-line","key":"a7b5ce02c09e41e19698884e94e7e54d","isVoid":false,"data":{},"nodes":[{"kind":"text","key":"702c89b080f24abea93860378161352d","ranges":[{"kind":"range","marks":[],"text":"CREATE DIRECTED EDGE Tag_HAS_TYPE_TagClass (FROM Tag, TO TagClass) WITH REVERSE_EDGE=\"Tag_HAS_TYPE_TagClass_REVERSE\""}]}]},{"kind":"block","type":"code-line","key":"17f01a426d6a46cf9a859dea9dcfbd58","isVoid":false,"data":{},"nodes":[{"kind":"text","key":"304639769b2446e094039b45cc2fb3fe","ranges":[{"kind":"range","marks":[],"text":"CREATE DIRECTED EDGE Company_IS_LOCATED_IN_Country (FROM Company, TO Country) WITH REVERSE_EDGE=\"Company_IS_LOCATED_IN_Country_REVERSE\""}]}]},{"kind":"block","type":"code-line","key":"4ef20d7705da465b8b64bd0b93279aea","isVoid":false,"data":{},"nodes":[{"kind":"text","key":"94e776d2a60b491cacef9a48987ae87d","ranges":[{"kind":"range","marks":[],"text":"CREATE DIRECTED EDGE Comment_IS_LOCATED_IN_Country (FROM Comment, TO Country) WITH REVERSE_EDGE=\"Comment_IS_LOCATED_IN_Country_REVERSE\""}]}]},{"kind":"block","type":"code-line","key":"6fd67f8760c14fd9a11384e52b2ba0aa","isVoid":false,"data":{},"nodes":[{"kind":"text","key":"2c58dda81bae45feaa98004b8f321ffe","ranges":[{"kind":"range","marks":[],"text":"CREATE DIRECTED EDGE Post_IS_LOCATED_IN_Country (FROM Post, TO Country) WITH REVERSE_EDGE=\"Post_IS_LOCATED_IN_Country_REVERSE\""}]}]},{"kind":"block","type":"code-line","key":"98270aa17c6540de83aa8b99ece05c32","isVoid":false,"data":{},"nodes":[{"kind":"text","key":"a29a9dfb1a1543cabb3162671a4c69ce","ranges":[{"kind":"range","marks":[],"text":"CREATE DIRECTED EDGE Person_IS_LOCATED_IN_City (FROM Person, TO City) WITH REVERSE_EDGE=\"Person_IS_LOCATED_IN_City_REVERSE\""}]}]},{"kind":"block","type":"code-line","key":"f3097b775e874090b9c808d84605d011","isVoid":false,"data":{},"nodes":[{"kind":"text","key":"74fbf315ac824863b7809aab0b133270","ranges":[{"kind":"range","marks":[],"text":"CREATE DIRECTED EDGE University_IS_LOCATED_IN_City (FROM University, TO City) WITH REVERSE_EDGE=\"University_IS_LOCATED_IN_City_REVERSE\""}]}]},{"kind":"block","type":"code-line","key":"cc0c892a26ca404988dd15c1450a9cab","isVoid":false,"data":{},"nodes":[{"kind":"text","key":"b6ec3daf08ae431093735ee3ad098d8f","ranges":[{"kind":"range","marks":[],"text":"CREATE DIRECTED EDGE City_IS_PART_OF_Country (FROM City, TO Country) WITH REVERSE_EDGE=\"City_IS_PART_OF_Country_REVERSE\""}]}]},{"kind":"block","type":"code-line","key":"fdc10e2a547f4d8a889763d4d51f0dd7","isVoid":false,"data":{},"nodes":[{"kind":"text","key":"93c057df62b1481cac609a869d52bf02","ranges":[{"kind":"range","marks":[],"text":"CREATE DIRECTED EDGE Country_IS_PART_OF_Continent (FROM Country, TO Continent) WITH REVERSE_EDGE=\"Country_IS_PART_OF_Continent_REVERSE\""}]}]},{"kind":"block","type":"code-line","key":"00658a1fd9e04c91a6611429a14ecc12","isVoid":false,"data":{},"nodes":[{"kind":"text","key":"faca33bead92493c99d255b6be6ab4b9","ranges":[{"kind":"range","marks":[],"text":"CREATE DIRECTED EDGE TagClass_IS_SUBCLASS_OF_TagClass (FROM TagClass, TO TagClass) WITH REVERSE_EDGE=\"TagClass_IS_SUBCLASS_OF_TagClass_REVERSE\""}]}]},{"kind":"block","type":"code-line","key":"f1b1d35b8c004227a30662820bb27505","isVoid":false,"data":{},"nodes":[{"kind":"text","key":"a928e8e37a7549328b94bb29e4c05413","ranges":[{"kind":"range","marks":[],"text":"CREATE DIRECTED EDGE Person_KNOWS_Person (FROM Person, TO Person, creationDate DATETIME) WITH REVERSE_EDGE=\"Person_KNOWS_Person_REVERSE\""}]}]},{"kind":"block","type":"code-line","key":"eed8bdbb8d3c47ebb964778c9cd0c4c8","isVoid":false,"data":{},"nodes":[{"kind":"text","key":"6d9354da912f466e85c576f3acc1c1fe","ranges":[{"kind":"range","marks":[],"text":"CREATE DIRECTED EDGE Person_LIKES_Comment (FROM Person, TO Comment, creationDate DATETIME) WITH REVERSE_EDGE=\"Person_LIKES_Comment_REVERSE\""}]}]},{"kind":"block","type":"code-line","key":"57a1485b673748668e9719731623835c","isVoid":false,"data":{},"nodes":[{"kind":"text","key":"af4b02bd1e0c4222bcc3a8f23d3c87fa","ranges":[{"kind":"range","marks":[],"text":"CREATE DIRECTED EDGE Person_LIKES_Post (FROM Person, TO Post, creationDate DATETIME) WITH REVERSE_EDGE=\"Person_LIKES_Post_REVERSE\""}]}]},{"kind":"block","type":"code-line","key":"1eb881d1e61d41dcb3f6f311f1c50608","isVoid":false,"data":{},"nodes":[{"kind":"text","key":"395d6bb2d7134746a5e5aceb1d70bbcc","ranges":[{"kind":"range","marks":[],"text":"CREATE DIRECTED EDGE Comment_REPLY_OF_Comment (FROM Comment, TO Comment) WITH REVERSE_EDGE=\"Comment_REPLY_OF_Comment_REVERSE\""}]}]},{"kind":"block","type":"code-line","key":"fdfa21e2b83f42b582e950cce1e4590a","isVoid":false,"data":{},"nodes":[{"kind":"text","key":"7ddc87671fa6431db47629ae17a1f811","ranges":[{"kind":"range","marks":[],"text":"CREATE DIRECTED EDGE Comment_REPLY_OF_Post (FROM Comment, TO Post) WITH REVERSE_EDGE=\"Comment_REPLY_OF_Post_REVERSE\""}]}]},{"kind":"block","type":"code-line","key":"cee6cab2203b4edca37e23cc287aa176","isVoid":false,"data":{},"nodes":[{"kind":"text","key":"eee98aa820874be180bd1ab272dbf412","ranges":[{"kind":"range","marks":[],"text":"CREATE DIRECTED EDGE Person_STUDY_AT_University (FROM Person, TO University, classYear INT) WITH REVERSE_EDGE=\"Person_STUDY_AT_University_REVERSE\""}]}]},{"kind":"block","type":"code-line","key":"5f10073ef1834555b29af104dc9d83eb","isVoid":false,"data":{},"nodes":[{"kind":"text","key":"60df640fe425422887321f80e618699b","ranges":[{"kind":"range","marks":[],"text":"CREATE DIRECTED EDGE Person_WORK_AT_Company (FROM Person, TO Company, workFrom INT) WITH REVERSE_EDGE=\"Person_WORK_AT_Company_REVERSE\""}]}]},{"kind":"block","type":"code-line","key":"c45687c86320463d97659a1eaed03465","isVoid":false,"data":{},"nodes":[{"kind":"text","key":"95f62316ab0d48ed8672de6459d88b7b","ranges":[{"kind":"range","marks":[],"text":""}]}]},{"kind":"block","type":"code-line","key":"eb54af88f5c54d4499e90fc0e236dcc4","isVoid":false,"data":{},"nodes":[{"kind":"text","key":"430e132c3531496999e68af85cce3e11","ranges":[{"kind":"range","marks":[],"text":"//LDBC SNB graph schema "}]}]},{"kind":"block","type":"code-line","key":"add56403c24942afa48a22b71356046b","isVoid":false,"data":{},"nodes":[{"kind":"text","key":"9a2fea9d6cfe49acae8003462fc586fb","ranges":[{"kind":"range","marks":[],"text":"CREATE GRAPH ldbc_snb (*)"}]}]}]},{"kind":"block","type":"paragraph","key":"a387dab8284342adbc80f8422faa15a0","isVoid":false,"data":{},"nodes":[{"kind":"text","key":"ae55a92d353d430bb79a3cb0f1714551","ranges":[{"kind":"range","marks":[],"text":" "}]}]},{"kind":"block","type":"paragraph","key":"86a45a8c207441b0840d5dfcd220384f","isVoid":false,"data":{},"nodes":[{"kind":"text","key":"babbe7a7308a439bb29224cdaf3dccae","ranges":[{"kind":"range","marks":[],"text":""}]}]},{"kind":"block","type":"paragraph","key":"f5ad4aca4cf54f4fa9792a583d2d08aa","isVoid":false,"data":{},"nodes":[{"kind":"text","key":"925b07541f1c4abab1f41dc63af2c376","ranges":[{"kind":"range","marks":[],"text":""}]}]}]}}