{"format_version":1,"document":{"kind":"document","key":"3cfc6d06c6c643dcb53781427e311a6d","data":{"schema_version":5},"nodes":[{"kind":"block","type":"heading-1","key":"00d8eab11bef4b798aba002931c17dce","isVoid":false,"data":{"id":"TigerGraphGraphStudioUIGuide-ExploreGraph"},"nodes":[{"kind":"text","key":"177e47372e63455081c1c9bf9051b78f","ranges":[{"kind":"range","marks":[],"text":"Explore Graph"}]}]},{"kind":"block","type":"paragraph","key":"f8b991e3a26b457e84b90043e2a30987","isVoid":false,"data":{},"nodes":[{"kind":"text","key":"b4f7baccf0924bd6a10c98f428f2a9f4","ranges":[{"kind":"range","marks":[],"text":"After data has been loaded, the Explore Graph page allows you to search for vertices in a graph, to discover nearby vertices which satisfy conditions of your choice, and to find the paths between vertices.  "}]}]},{"kind":"block","type":"image","key":"37373f15421f4fa185bef849545b3a8f","isVoid":true,"data":{"assetID":"-Lm7MaV5FcnyK5RCKw8l"},"nodes":[{"kind":"text","key":"999c35140a4649b389273899683e9fd5","ranges":[{"kind":"range","marks":[],"text":""}]}]},{"kind":"block","type":"paragraph","key":"b47b06acdc9446bba0e633fb119e95d1","isVoid":false,"data":{},"nodes":[{"kind":"text","key":"fecab363f84d4ceda2e9b1ee64bff1bf","ranges":[{"kind":"range","marks":[],"text":"Below is an example of an exploration result:"}]}]},{"kind":"block","type":"image","key":"d429e5545a244fdf8499c86600f8276a","isVoid":true,"data":{"assetID":"-Lm7Me8O_T4nVqcjXTml"},"nodes":[{"kind":"text","key":"7046ce0e31ce48abb38ae8b1cf2cc7cc","ranges":[{"kind":"range","marks":[],"text":""}]}]},{"kind":"block","type":"paragraph","key":"234260ef43674c8bb252939861f2d24a","isVoid":false,"data":{},"nodes":[{"kind":"text","key":"e464eb8cb12b497ea1c1d8638642bd3d","ranges":[{"kind":"range","marks":[],"text":"The Explore Graph page is vertically divided into three parts, from left to right:"}]}]},{"kind":"block","type":"heading-3","key":"2323a60dc10849df8dd49dd44296958f","isVoid":false,"data":{},"nodes":[{"kind":"text","key":"88f72298fe604a87941abb1a0b374d84","ranges":[{"kind":"range","marks":[],"text":"The Inner Navigation Bar"}]}]},{"kind":"block","type":"paragraph","key":"d4b00ec535a44f3e9d79718bd163a0f3","isVoid":false,"data":{},"nodes":[{"kind":"text","key":"dd9b88398f6343a5be91711ab5a66250","ranges":[{"kind":"range","marks":[],"text":"The menu options, from top to bottom, are the following:"}]}]},{"kind":"block","type":"table","key":"b52b8e8058684880804bd79988876636","isVoid":false,"data":{"aligns":["center","left"]},"nodes":[{"kind":"block","type":"table-row","key":"9c25cf768dd849c19b2d36f8545a72f4","isVoid":false,"data":{},"nodes":[{"kind":"block","type":"table-cell","key":"8e9e237a2a6c4575a5ed4e3f97c747a1","isVoid":false,"data":{},"nodes":[{"kind":"block","type":"paragraph","key":"7b88ce5c4bc2439e9da3d54a80977b8c","isVoid":false,"data":{},"nodes":[{"kind":"text","key":"5097cbf2149f496b9253f60ee9dee18a","ranges":[{"kind":"range","marks":[],"text":"menu option"}]}]}]},{"kind":"block","type":"table-cell","key":"db0a45be769c4d64b251cbf8ca713e31","isVoid":false,"data":{},"nodes":[{"kind":"block","type":"paragraph","key":"6434f638ea4d46d6a6f76f857f33918b","isVoid":false,"data":{},"nodes":[{"kind":"text","key":"f74a0b376d264ac38ee1169fb3792d65","ranges":[{"kind":"range","marks":[],"text":"functionality"}]}]}]}]},{"kind":"block","type":"table-row","key":"3956d9fe53a04778996d48d111ad8ccb","isVoid":false,"data":{},"nodes":[{"kind":"block","type":"table-cell","key":"f33b5f45552b4b519a3cc3a6c701159f","isVoid":false,"data":{},"nodes":[{"kind":"block","type":"paragraph","key":"74a83bd135cb425dbd3e0f5bb6e8bfa9","isVoid":false,"data":{},"nodes":[{"kind":"text","key":"96a679d8c2ee4e1b8ea545fe82231425","ranges":[{"kind":"range","marks":[],"text":""}]},{"kind":"inline","type":"inline-image","key":"7d0c40ca6de74c1e9273d6cac4c810a7","isVoid":true,"data":{"assetID":"-LMEVylQQjnzNMRD0lJL","size":"original"},"nodes":[{"kind":"text","key":"77414af4ba4e4af6a75b394f70a1cda9","ranges":[{"kind":"range","marks":[],"text":""}]}]},{"kind":"text","key":"a519cf9a5df34f4d9ee0deee19fe98a7","ranges":[{"kind":"range","marks":[],"text":" "}]}]}]},{"kind":"block","type":"table-cell","key":"2e7b659b556a4403bb9e2c44c6162f08","isVoid":false,"data":{},"nodes":[{"kind":"block","type":"paragraph","key":"982967b3ae034edb92e5146a40bfede8","isVoid":false,"data":{},"nodes":[{"kind":"text","key":"092e57ac6f624161a9d3655b284477be","ranges":[{"kind":"range","marks":[],"text":"Search vertices: select specific vertices with conditions. "}]}]}]}]},{"kind":"block","type":"table-row","key":"9d049e74080d46129a3a6529c0f60699","isVoid":false,"data":{},"nodes":[{"kind":"block","type":"table-cell","key":"45014ee8158d46049b6a6201e5483033","isVoid":false,"data":{},"nodes":[{"kind":"block","type":"paragraph","key":"17275f1396dd412cb39b116f7aa2790a","isVoid":false,"data":{},"nodes":[{"kind":"text","key":"a04c357b87be42fabe8ee91d4c4f9c35","ranges":[{"kind":"range","marks":[],"text":""}]},{"kind":"inline","type":"inline-image","key":"11278aa8882e4d55a05ccb5116b39909","isVoid":true,"data":{"assetID":"-LMEW2BaMTqrTAUQeNTe","size":"original"},"nodes":[{"kind":"text","key":"41bc39a0073f4b3b89549883e8173623","ranges":[{"kind":"range","marks":[],"text":""}]}]},{"kind":"text","key":"3b583989dc6049d4b49c6dbb5274c14e","ranges":[{"kind":"range","marks":[],"text":" "}]}]}]},{"kind":"block","type":"table-cell","key":"153b8a1f8f794e22bfe7ad3b94750748","isVoid":false,"data":{},"nodes":[{"kind":"block","type":"paragraph","key":"db91ab7bf67f4cd4b6e11b3e44dcaee5","isVoid":false,"data":{},"nodes":[{"kind":"text","key":"441fa0ed32be4183b6e001d907792159","ranges":[{"kind":"range","marks":[],"text":"Expand from vertices: find neighborhood of the specified vertices. "}]}]}]}]},{"kind":"block","type":"table-row","key":"c8a0ddf7ca734ebdbab0d4a3b0560c7d","isVoid":false,"data":{},"nodes":[{"kind":"block","type":"table-cell","key":"c1e3498158244843bd594450b2e8d7fe","isVoid":false,"data":{},"nodes":[{"kind":"block","type":"paragraph","key":"3b617795726843ec81918b9ec10082fb","isVoid":false,"data":{},"nodes":[{"kind":"text","key":"7a3badb41ea54ea0a12437bdcc46f8de","ranges":[{"kind":"range","marks":[],"text":""}]},{"kind":"inline","type":"inline-image","key":"ab4fe019ca4341a6b892bc876f121312","isVoid":true,"data":{"assetID":"-LMEW4n1vhd-PMC-GsaX","size":"original"},"nodes":[{"kind":"text","key":"3a696cf0bcfd4a838730b6a39a0be471","ranges":[{"kind":"range","marks":[],"text":""}]}]},{"kind":"text","key":"1118d2c1e0d543b2aea54a030b87a10b","ranges":[{"kind":"range","marks":[],"text":" "}]}]}]},{"kind":"block","type":"table-cell","key":"35489d1f22bc4bac9dd61fa98e605e99","isVoid":false,"data":{},"nodes":[{"kind":"block","type":"paragraph","key":"6bfcc6ffc7014060a3488f2889814836","isVoid":false,"data":{},"nodes":[{"kind":"text","key":"eb6a975075114693a6b5eae0232e78b7","ranges":[{"kind":"range","marks":[],"text":"Find paths: find paths between the selected source vertex and target vertex. "}]}]}]}]},{"kind":"block","type":"table-row","key":"c26a1824330a41e39ee1d4f2f8de1a4b","isVoid":false,"data":{},"nodes":[{"kind":"block","type":"table-cell","key":"1558790e2677474498582b3c6ceab40e","isVoid":false,"data":{},"nodes":[{"kind":"block","type":"paragraph","key":"80deaffaab3b430c9e580bdf644d9a28","isVoid":false,"data":{},"nodes":[{"kind":"text","key":"31491e0bfe404da1a4cf9967f59fbb20","ranges":[{"kind":"range","marks":[],"text":""}]},{"kind":"inline","type":"inline-image","key":"754af2556f054b8fbaca9c89c03c097f","isVoid":true,"data":{"assetID":"-LMEW7N77QRlx2AY84Ys","size":"original"},"nodes":[{"kind":"text","key":"477ef816e44e4f7fb2806feb1e08dfd3","ranges":[{"kind":"range","marks":[],"text":""}]}]},{"kind":"text","key":"3c0d8fb7fc8e41fe8beffc2eb65a9edb","ranges":[{"kind":"range","marks":[],"text":" "}]}]}]},{"kind":"block","type":"table-cell","key":"35b2903abfde42b4961f8e3caf0229ae","isVoid":false,"data":{},"nodes":[{"kind":"block","type":"paragraph","key":"2fc8d8fb7a684ad58c50d5d770eef2ea","isVoid":false,"data":{},"nodes":[{"kind":"text","key":"7bedf13dedc94d67ae48475030d1e837","ranges":[{"kind":"range","marks":[],"text":"Find connections: find connecting paths between a set of vertices."}]}]}]}]},{"kind":"block","type":"table-row","key":"1990ae4b9af74c529749c30bac418358","isVoid":false,"data":{},"nodes":[{"kind":"block","type":"table-cell","key":"d2a2cd77e7cc4075a82e452231050588","isVoid":false,"data":{},"nodes":[{"kind":"block","type":"paragraph","key":"4db1ef3f39494c23a84468a692159f60","isVoid":false,"data":{},"nodes":[{"kind":"text","key":"6fde17ec26a34d42a458cbf3e97efaa3","ranges":[{"kind":"range","marks":[],"text":""}]},{"kind":"inline","type":"inline-image","key":"aa7c3863debc4943bf213a60ff0155a3","isVoid":true,"data":{"assetID":"-LMEW9iPZ-FFJ_7q1q8h","size":"original"},"nodes":[{"kind":"text","key":"011b573d53e74b83a98589c62d816b0f","ranges":[{"kind":"range","marks":[],"text":""}]}]},{"kind":"text","key":"ec609f32ff9e4368b7d5ca3abc787876","ranges":[{"kind":"range","marks":[],"text":" "}]}]}]},{"kind":"block","type":"table-cell","key":"0f790cd214ce4afe8018a67412acf0e9","isVoid":false,"data":{},"nodes":[{"kind":"block","type":"paragraph","key":"3a1b4994cd154e95ba27d32cb7d6751b","isVoid":false,"data":{},"nodes":[{"kind":"text","key":"92c662d921f9400096a180c9475bc474","ranges":[{"kind":"range","marks":[],"text":"Run queries: run installed GSQL queries."}]}]}]}]}]},{"kind":"block","type":"heading-3","key":"e92262fd9c0c4ce08a3f72d15896af45","isVoid":false,"data":{},"nodes":[{"kind":"text","key":"71555c3007f147528dc78012b8ce5d0c","ranges":[{"kind":"range","marks":[],"text":"The Parameter Panel"}]}]},{"kind":"block","type":"paragraph","key":"f840aba49b514f44a334453b1f182705","isVoid":false,"data":{},"nodes":[{"kind":"text","key":"f9523861a7064448b6b65824717ac1d1","ranges":[{"kind":"range","marks":[],"text":"Set filters, conditions and other parameters for the selected option from the Inner Navigation Bar."}]}]},{"kind":"block","type":"heading-3","key":"f66dabfe1f444bdf86852254e7139bd4","isVoid":false,"data":{},"nodes":[{"kind":"text","key":"ce731d0251cb4d32bcb73d49ff4bd21d","ranges":[{"kind":"range","marks":[],"text":"The Graph Exploration Panel"}]}]},{"kind":"block","type":"paragraph","key":"169bda28750740bab565c68bb446b597","isVoid":false,"data":{},"nodes":[{"kind":"text","key":"5846d6fbf5784fd99de14fd246a521c1","ranges":[{"kind":"range","marks":[],"text":"The exploration result is displayed in this panel."}]}]},{"kind":"block","type":"paragraph","key":"7f6a2592896344949a79d30999f509f7","isVoid":false,"data":{},"nodes":[{"kind":"text","key":"5ae5b20638a14208a43282132e7a82ff","ranges":[{"kind":"range","marks":[],"text":"Adjust the results display, take a snapshot of the display, and modify selected data objects in the result."}]}]},{"kind":"block","type":"image","key":"fc9e69920826412c8b84c41666c930a6","isVoid":true,"data":{"assetID":"-Lm7MhdLkPa4vvFhDmco"},"nodes":[{"kind":"text","key":"79b65ce357264677a4b0815f254d6066","ranges":[{"kind":"range","marks":[],"text":""}]}]},{"kind":"block","type":"paragraph","key":"2f8f218b5c514fcf8d049f27d32e9aee","isVoid":false,"data":{},"nodes":[{"kind":"text","key":"0c47938f991a414c8e3fd220b04bc2d9","ranges":[{"kind":"range","marks":[],"text":"The menu buttons, from left to right, are the following: "}]}]},{"kind":"block","type":"list-unordered","key":"0a3b3ce533de4dbc96cd04b477084259","isVoid":false,"data":{},"nodes":[{"kind":"block","type":"list-item","key":"7ef0c484c97c4bdebd1d61ab1e657393","isVoid":false,"data":{},"nodes":[{"kind":"block","type":"paragraph","key":"8923181096cb48a2923e162ea08288ad","isVoid":false,"data":{},"nodes":[{"kind":"text","key":"ef661c75a9184ffe8978668f4a8169ab","ranges":[{"kind":"range","marks":[{"kind":"mark","data":{},"type":"bold"}],"text":"Open exploration history "},{"kind":"range","marks":[],"text":": Open a previously saved graph exploration result."}]}]}]},{"kind":"block","type":"list-item","key":"7c7f09bb3b854452a5ee7ccce048fd28","isVoid":false,"data":{},"nodes":[{"kind":"block","type":"paragraph","key":"abb5ba6233f5464f85e4e8239eed5e8f","isVoid":false,"data":{},"nodes":[{"kind":"text","key":"12976ffcff7b4ac496bfe3d0b9bea2c2","ranges":[{"kind":"range","marks":[{"kind":"mark","data":{},"type":"bold"}],"text":"Save exploration "},{"kind":"range","marks":[],"text":": Save the current visualization result."}]}]}]}]},{"kind":"block","type":"hint","key":"ac8beb8d70fa42f4876fac5ac1092987","isVoid":false,"data":{"style":"warning"},"nodes":[{"kind":"block","type":"paragraph","key":"3738a1214c90474fa2a498c0ee31dc1f","isVoid":false,"data":{},"nodes":[{"kind":"text","key":"1bfe1b76f1a647ad94ab9a58fb7ea833","ranges":[{"kind":"range","marks":[],"text":"If the graph schema is modified after the exploration result is saved, the result cannot be opened any more."}]}]}]},{"kind":"block","type":"list-unordered","key":"026acbea7ff245f194f379939009f09c","isVoid":false,"data":{},"nodes":[{"kind":"block","type":"list-item","key":"d88abe5b20a844d395c1c21a57fccfaf","isVoid":false,"data":{},"nodes":[{"kind":"block","type":"paragraph","key":"e2b612accfef4930807bc5bd59874227","isVoid":false,"data":{},"nodes":[{"kind":"text","key":"30bdfc4bdef34d06b2bc3a43dd2c16a6","ranges":[{"kind":"range","marks":[{"kind":"mark","data":{},"type":"bold"}],"text":"Save screenshot "},{"kind":"range","marks":[],"text":": Save the current visualization result as a png file."}]}]}]},{"kind":"block","type":"list-item","key":"07fde161343e43949f26472ec4b1e8b0","isVoid":false,"data":{},"nodes":[{"kind":"block","type":"paragraph","key":"d718d7ff579b4a20b0b99836c3d1ae45","isVoid":false,"data":{},"nodes":[{"kind":"text","key":"17dab3bda4904c3a88f94aa2264954f7","ranges":[{"kind":"range","marks":[{"kind":"mark","data":{},"type":"bold"}],"text":"Change layout "},{"kind":"range","marks":[],"text":": Arrange the vertices according to one of the built-in layout patterns, such as sphere, tree, circle, or force."}]}]}]},{"kind":"block","type":"list-item","key":"c35744b28bb44713ad33c5dcbf6a6025","isVoid":false,"data":{},"nodes":[{"kind":"block","type":"paragraph","key":"3aa538eb8db9494f9504934d8ea54309","isVoid":false,"data":{},"nodes":[{"kind":"text","key":"6957211230b0498eb1c5913ab36949a1","ranges":[{"kind":"range","marks":[{"kind":"mark","data":{},"type":"bold"}],"text":"Locate vertices in result "},{"kind":"range","marks":[],"text":": Search the exploration result by vertex id or attribute value."}]}]}]},{"kind":"block","type":"list-item","key":"88d209a9576b4b2c94bdfd3de9702fc3","isVoid":false,"data":{},"nodes":[{"kind":"block","type":"paragraph","key":"e26dd44804de46bc878cc3291de92458","isVoid":false,"data":{},"nodes":[{"kind":"text","key":"12010cb4f16445eeb2bea147468c8c09","ranges":[{"kind":"range","marks":[{"kind":"mark","data":{},"type":"bold"}],"text":"Only show selections "},{"kind":"range","marks":[],"text":": First select one or more objects. Clicking the button will hide all the objects which are not selected."}]}]}]},{"kind":"block","type":"list-item","key":"7beaf281a0da422fa2769ec58b0a5439","isVoid":false,"data":{},"nodes":[{"kind":"block","type":"paragraph","key":"d5ade97b893e47b3bb92f97f3451da1e","isVoid":false,"data":{},"nodes":[{"kind":"text","key":"5cf8ac53724943409811f5b3b9c2b4c3","ranges":[{"kind":"range","marks":[{"kind":"mark","data":{},"type":"bold"}],"text":"Hide "},{"kind":"range","marks":[],"text":": First select one or more objects. Clicking the button will hide the selected vertices and edges (or all if none is selected)."}]}]}]},{"kind":"block","type":"list-item","key":"056486321e35401788afadfcff64aed8","isVoid":false,"data":{},"nodes":[{"kind":"block","type":"paragraph","key":"843b444e40404512b69526b0d067d4ed","isVoid":false,"data":{},"nodes":[{"kind":"text","key":"ad62f55b511b4fe391431eb2386ce3db","ranges":[{"kind":"range","marks":[{"kind":"mark","data":{},"type":"bold"}],"text":"Undo "},{"kind":"range","marks":[],"text":": Undo the last change to the visualization result set (that is, changes to which objects are included in the result set)."}]}]}]},{"kind":"block","type":"list-item","key":"72025b2cf6064bb6a055dac2d582eb51","isVoid":false,"data":{},"nodes":[{"kind":"block","type":"paragraph","key":"ba786a992b804025b52f49a717a60e1f","isVoid":false,"data":{},"nodes":[{"kind":"text","key":"6fca3cc417ee485c9094c3138d7277a6","ranges":[{"kind":"range","marks":[{"kind":"mark","data":{},"type":"bold"}],"text":"Redo "},{"kind":"range","marks":[],"text":": Redo the most recent undone change to the visualization result set (that is, changes to which objects are included in the result set)."}]}]}]}]},{"kind":"block","type":"hint","key":"8934c7e8acd348b4af34af213be0b09d","isVoid":false,"data":{"style":"warning"},"nodes":[{"kind":"block","type":"paragraph","key":"f769453f580942d6a777081ad783ea44","isVoid":false,"data":{},"nodes":[{"kind":"text","key":"1f83f025972149ac86a5676380359d38","ranges":[{"kind":"range","marks":[],"text":"Database changes (adding or deleting vertices/edges, editing attributes) cannot be undone with the Undo feature. \nAlso, Undo/Redo do not include layout and display change (e.g., positioning of objects and display of attributes)."}]}]}]},{"kind":"block","type":"list-unordered","key":"96edadc6b24c45e19d652d660ac27594","isVoid":false,"data":{},"nodes":[{"kind":"block","type":"list-item","key":"200b9b1dbd034255a761fe3d491ef311","isVoid":false,"data":{},"nodes":[{"kind":"block","type":"paragraph","key":"d1b9135e0e03412dbc0dadeebc2891cd","isVoid":false,"data":{},"nodes":[{"kind":"text","key":"a5dc07b5a0b7412b826095198f0ed79e","ranges":[{"kind":"range","marks":[{"kind":"mark","data":{},"type":"bold"}],"text":"Add new vertex "},{"kind":"range","marks":[],"text":": Add a new vertex into the visualization result "},{"kind":"range","marks":[{"kind":"mark","data":{},"type":"bold"}],"text":"as well as to the graph database "},{"kind":"range","marks":[],"text":"."}]}]}]},{"kind":"block","type":"list-item","key":"55a0a2c7445b421eac244ebb390ecbc3","isVoid":false,"data":{},"nodes":[{"kind":"block","type":"paragraph","key":"df0a095e9d2243d8a7b582b025558c72","isVoid":false,"data":{},"nodes":[{"kind":"text","key":"1756e305bb1c4888a392d3be1abf72d8","ranges":[{"kind":"range","marks":[{"kind":"mark","data":{},"type":"bold"}],"text":"Add new edge "},{"kind":"range","marks":[],"text":": Add a new edge into the visualization result "},{"kind":"range","marks":[{"kind":"mark","data":{},"type":"bold"}],"text":"as well as to the graph database "},{"kind":"range","marks":[],"text":"."}]}]}]},{"kind":"block","type":"list-item","key":"0b2a446736244f349ea1e7105a3598a0","isVoid":false,"data":{},"nodes":[{"kind":"block","type":"paragraph","key":"89485251998645038ff4df7b78783a18","isVoid":false,"data":{},"nodes":[{"kind":"text","key":"4a0f165ae31449168ce7ee1136100211","ranges":[{"kind":"range","marks":[{"kind":"mark","data":{},"type":"bold"}],"text":"Edit attributes "},{"kind":"range","marks":[],"text":": Change the attributes of the selected object in the visualization result "},{"kind":"range","marks":[{"kind":"mark","data":{},"type":"bold"}],"text":"as well as the graph database "},{"kind":"range","marks":[],"text":"."}]}]}]},{"kind":"block","type":"list-item","key":"dcae68df60ce45d386a3a159e2bd991d","isVoid":false,"data":{},"nodes":[{"kind":"block","type":"paragraph","key":"53868071038047848e926609917ccbf2","isVoid":false,"data":{},"nodes":[{"kind":"text","key":"36b9e4f550e64c3d9ff1ab7fd7482c3a","ranges":[{"kind":"range","marks":[{"kind":"mark","data":{},"type":"bold"}],"text":"Delete selected elements "},{"kind":"range","marks":[],"text":": Delete the selected elements from the visualization result "},{"kind":"range","marks":[{"kind":"mark","data":{},"type":"bold"}],"text":"as well as the graph database "},{"kind":"range","marks":[],"text":"."}]}]}]},{"kind":"block","type":"list-item","key":"2c5aff662aa24a8d8bd0c1a39ae06a34","isVoid":false,"data":{},"nodes":[{"kind":"block","type":"paragraph","key":"494bbadac1644381af85c13482ace60d","isVoid":false,"data":{},"nodes":[{"kind":"text","key":"4e79a989627f4cc183ac6e6f567bdf31","ranges":[{"kind":"range","marks":[{"kind":"mark","data":{},"type":"bold"}],"text":"Change settings "},{"kind":"range","marks":[],"text":": Select which attribute values to display with each vertex or edge type. Enable/disable popup display of all attributes when the cursor hovers over a vertex or edge."}]}]}]}]},{"kind":"block","type":"paragraph","key":"7ece45ad2e3f4c17880288d41fbdb33a","isVoid":false,"data":{},"nodes":[{"kind":"text","key":"db6a964ebf6047dea4ec343f6287e80c","ranges":[{"kind":"range","marks":[],"text":"The Parameter Panel can be hidden by clicking its corresponding button in the Explore Graph Menu."}]}]},{"kind":"block","type":"heading-2","key":"bc1bc0d6df6a4d3abff301e64574a7e6","isVoid":false,"data":{"id":"TigerGraphGraphStudioUIGuide-SearchVerticesInGraph"},"nodes":[{"kind":"text","key":"689f4b3578b0483b8668fc96adc8be27","ranges":[{"kind":"range","marks":[],"text":"Search Vertices In Graph"}]}]},{"kind":"block","type":"paragraph","key":"d370fc6c8e06480b9c2cfe6441145510","isVoid":false,"data":{},"nodes":[{"kind":"text","key":"9b885799c7ff4f86857ddd7c55ac11fe","ranges":[{"kind":"range","marks":[],"text":"The first button in the Explore Graph Menu is the \"search vertices\" option"}]},{"kind":"inline","type":"inline-image","key":"2c90cdc575a14c42936d720471a6e2c1","isVoid":true,"data":{"assetID":"-LMEVylQQjnzNMRD0lJL","size":"original"},"nodes":[{"kind":"text","key":"6230a027190b4484889bcea76bfb5b15","ranges":[{"kind":"range","marks":[],"text":""}]}]},{"kind":"text","key":"44e7ecfcf10744f0b9bf5cd926c7c154","ranges":[{"kind":"range","marks":[],"text":". This option lets you select an initial set of vertices for your exploration. It is also the default option when you first enter the Explore Graph page. Clicking the button again will hide the Parameter Panel to increase space for the Graph Exploration Panel."}]}]},{"kind":"block","type":"heading-3","key":"6346e93a2b2245eda7998088833ecb69","isVoid":false,"data":{"id":"TigerGraphGraphStudioUIGuide-SearchVerticesByID"},"nodes":[{"kind":"text","key":"ddaf0e9b5cd2490d952ced3919d94865","ranges":[{"kind":"range","marks":[],"text":"Search Vertices by ID"}]}]},{"kind":"block","type":"paragraph","key":"6ee465b0eda14d56aa2223c10d885109","isVoid":false,"data":{},"nodes":[{"kind":"text","key":"6b63bf5198c944a982cf42c6e4664b2c","ranges":[{"kind":"range","marks":[],"text":"Choose vertex type from the Vertex type dropdown list, and enter the vertex id in the Vertex id input box, then click Search button. If there is one vertex that matches the vertex type and id, it will be shown in Graph Exploration panel."}]}]},{"kind":"block","type":"image","key":"c19ec19b476147f6960c2d5046e0bab9","isVoid":true,"data":{"assetID":"-LMEincGCw6phvRwplXc","size":"line"},"nodes":[{"kind":"text","key":"fa451a64d51c4a8d9ee52609cd9b94aa","ranges":[{"kind":"range","marks":[],"text":""}]}]},{"kind":"block","type":"heading-3","key":"2775d4f5c7ed490d93fe3741b8e86222","isVoid":false,"data":{"id":"TigerGraphGraphStudioUIGuide-LetGraphStudioPickVertices"},"nodes":[{"kind":"text","key":"e3b1dce7f361411692c6123ba5a3a0b4","ranges":[{"kind":"range","marks":[],"text":"Let GraphStudio pick vertices"}]}]},{"kind":"block","type":"paragraph","key":"fe194b212a0541cbb661b76eab77bf88","isVoid":false,"data":{},"nodes":[{"kind":"text","key":"8788bb92bea846d894de490b51c39752","ranges":[{"kind":"range","marks":[],"text":"If you don't have a particular vertex ID in mind, you can have GraphStudio pick some vertices for you. In the Parameter Panel, enter a number of vertices to pick, and click on Pick vertices button"}]},{"kind":"inline","type":"inline-image","key":"0a55a16476d14927af6facd5b87c41d4","isVoid":true,"data":{"assetID":"-LMEonavH23V6pW65fgj","size":"original"},"nodes":[{"kind":"text","key":"9ad9fcd58f6145929d0f07731e1983af","ranges":[{"kind":"range","marks":[],"text":""}]}]},{"kind":"text","key":"5c845b1b4bee4aa59cfbc25fd0ec37ca","ranges":[{"kind":"range","marks":[],"text":". The explorer will pick this number of vertices for each vertex type included in your search. "}]}]},{"kind":"block","type":"image","key":"607ef9f34fba4f7f8031af803a618d6d","isVoid":true,"data":{"assetID":"-LMEk6P_5emofxCWwlZd","size":"line"},"nodes":[{"kind":"text","key":"1bca286ca9904094b7f02ca40f410ca2","ranges":[{"kind":"range","marks":[],"text":""}]}]},{"kind":"block","type":"paragraph","key":"f6ddda0a1b05494597f0c7d336d72840","isVoid":false,"data":{},"nodes":[{"kind":"text","key":"f06194e100f6451fa301ec5d8177b0e1","ranges":[{"kind":"range","marks":[],"text":"The Configuration section in the Parameter Panel specifies which types of vertices you want to include in your selection. By default, all vertex types are selected. Uncheck some boxes if you want to narrow your selection.  "}]}]},{"kind":"block","type":"image","key":"ddb9f7346d2a479fbd808ab9fc17aec3","isVoid":true,"data":{"assetID":"-LMEkj4nX1lruD3soO7E","size":"line"},"nodes":[{"kind":"text","key":"2260f4f5c15246e6941dd09d3486846f","ranges":[{"kind":"range","marks":[],"text":""}]}]},{"kind":"block","type":"heading-3","key":"539b62b5bdc74eabadedefafa152d99c","isVoid":false,"data":{},"nodes":[{"kind":"text","key":"35dd93b6726f4f04ab0e16d67b464e4b","ranges":[{"kind":"range","marks":[],"text":"Search vertices with attribute filters"}]}]},{"kind":"block","type":"paragraph","key":"af5bada63cea48f4adaf92191d9e608b","isVoid":false,"data":{},"nodes":[{"kind":"text","key":"6db56720df184d17a1ab5e7f12fd937a","ranges":[{"kind":"range","marks":[],"text":"You can control vertex search in finer granularity by creating attribute filters. Click the filter button"}]},{"kind":"inline","type":"inline-image","key":"ea2ecfd36d49421ab61ce9288718454f","isVoid":true,"data":{"assetID":"-LMAFw3fI8oFMdnN6ZG_","size":"original"},"nodes":[{"kind":"text","key":"1b209bf0d4d04909a1228e7ad944edbb","ranges":[{"kind":"range","marks":[],"text":""}]}]},{"kind":"text","key":"2122945a96da49cfa91f56dc25a8931a","ranges":[{"kind":"range","marks":[],"text":"to the right of any vertex type. In the pop up window, you can create a condition involving attributes of the vertex type. The user experience is same as creating data filters when you do data mapping. Here is an example attribute filter for searching Company vertices with registered_capital >= 50,000:  "}]}]},{"kind":"block","type":"image","key":"6db84d9514764a2d92b55bb530a30cdc","isVoid":true,"data":{"assetID":"-LMEnQfXMDTFwHZ2PsZi","size":"line"},"nodes":[{"kind":"text","key":"f25837eac220475e866093fa550ccaf2","ranges":[{"kind":"range","marks":[],"text":""}]}]},{"kind":"block","type":"paragraph","key":"d6258def3388486dba592e8d63381779","isVoid":false,"data":{},"nodes":[{"kind":"text","key":"40eb6bac3c414a4cb988862b20a422a9","ranges":[{"kind":"range","marks":[],"text":"Click ADD, then the filter condition is shown below Company vertex type:"}]}]},{"kind":"block","type":"image","key":"cca27b708002446baf2b931df1ad41b6","isVoid":true,"data":{"assetID":"-LMEn_ykB8JPKPXVocTu","size":"line"},"nodes":[{"kind":"text","key":"7fcf6b0773d047398537284569db7f24","ranges":[{"kind":"range","marks":[],"text":""}]}]},{"kind":"block","type":"paragraph","key":"2f65f1cb30ac4dd1943d616e39eeb904","isVoid":false,"data":{},"nodes":[{"kind":"text","key":"f62f0602171d4e64bdfde16ffafcd933","ranges":[{"kind":"range","marks":[],"text":"Click Pick vertices button​ "}]},{"kind":"inline","type":"inline-image","key":"d680c1b6a7714c6d8d352dda0ab12c9d","isVoid":true,"data":{"assetID":"-LMEonavH23V6pW65fgj","size":"line"},"nodes":[{"kind":"text","key":"1be3961c86924abcbc758a09bf4a4b1b","ranges":[{"kind":"range","marks":[],"text":""}]}]},{"kind":"text","key":"833653b4a7db4e7091f535511bb96494","ranges":[{"kind":"range","marks":[],"text":" again, TigerGraph will search for up to 5 Company vertices with a registered_capital >= 50,000."}]}]},{"kind":"block","type":"hint","key":"0ec0359f8b7342b6a27d2d7579270d96","isVoid":false,"data":{"style":"warning"},"nodes":[{"kind":"block","type":"paragraph","key":"f3b8073e92ca46739717670d934cf5f6","isVoid":false,"data":{},"nodes":[{"kind":"text","key":"a33a5d535b5f47d69e564dc08fab0cab","ranges":[{"kind":"range","marks":[],"text":"If your graph contains a large number of vertices, searching vertices with attribute filters can be extremely slow. Attributes indexing support in TigerGraph is in our roadmap."}]}]}]},{"kind":"block","type":"hint","key":"1d5ce5feb1384d8ab293a3883add5f28","isVoid":false,"data":{"style":"info"},"nodes":[{"kind":"block","type":"paragraph","key":"40c5f56596ca4497ab8e8cfeb1db670e","isVoid":false,"data":{},"nodes":[{"kind":"text","key":"9e22ba3f0df347c5a31295db809209e6","ranges":[{"kind":"range","marks":[],"text":"NOTE: If you keep exploring the graph in the Explore Graph page, the previous exploration result won't be automatically erased. Instead, your new exploration result will be merged together with the previous visualized graph. The objects from the most recent exploration action will be selected (highlighted with a thick gray border) to distinguish them from the previous visualized graph."}]}]}]},{"kind":"block","type":"image","key":"46933c4690df4a7cb4e1f1099a0d4bf3","isVoid":true,"data":{"assetID":"-LMElGu7xPlM6kY3RW6I","size":"line"},"nodes":[{"kind":"text","key":"1ac5d3d2d25e46c8beac0cb91f26af48","ranges":[{"kind":"range","marks":[],"text":""}]}]},{"kind":"block","type":"heading-2","key":"96954795eec641d9911aebc5e6825952","isVoid":false,"data":{"id":"TigerGraphGraphStudioUIGuide-ExpandFromVertices"},"nodes":[{"kind":"text","key":"9523b518e8fc456bb298c88c5c371a08","ranges":[{"kind":"range","marks":[],"text":"Expand From Vertices"}]}]},{"kind":"block","type":"paragraph","key":"5959bb980d114a76b74b8e41e344e828","isVoid":false,"data":{},"nodes":[{"kind":"text","key":"155b346ad65a4203a880227fbcfe4bfd","ranges":[{"kind":"range","marks":[],"text":"The second button in the Explore Graph Menu is the \"Expand from vertices\" option"}]},{"kind":"inline","type":"inline-image","key":"6fa139a157394ff994b7acbfe92b7506","isVoid":true,"data":{"assetID":"-LMEW2BaMTqrTAUQeNTe","size":"original"},"nodes":[{"kind":"text","key":"8a94e77611954b53a535b25dd4e1c2dc","ranges":[{"kind":"range","marks":[],"text":""}]}]},{"kind":"text","key":"d34b9e3b5da641888df835a24229b8d4","ranges":[{"kind":"range","marks":[],"text":". \"Expand\" in this context means find 1-step or multi-step neighbors of the selected vertices. Clicking the button again will hide the Parameter Panel to increase space for the Graph Exploration Panel. To expand from vertices, you need to have at least one selected vertex in the Graph Exploration Panel. If no vertices are visible, please refer to the previous section \"Search Vertices in Graph\" to search for some vertices."}]}]},{"kind":"block","type":"hint","key":"79c22b4c7aa24d1dbe541ab19b2d157c","isVoid":false,"data":{"style":"success"},"nodes":[{"kind":"block","type":"paragraph","key":"6b053cff6d3645ab86ab208765a43e87","isVoid":false,"data":{},"nodes":[{"kind":"text","key":"e5b6235c824c4f76b575cd83a27647f0","ranges":[{"kind":"range","marks":[],"text":"Shortcut: double-clicking on a vertex will expand to up to 200 neighbors of that vertex."}]}]}]},{"kind":"block","type":"heading-3","key":"b4d8d7aad2cc440ab8a8a464a99c8aba","isVoid":false,"data":{"id":"TigerGraphGraphStudioUIGuide-ChooseVerticesToExpand"},"nodes":[{"kind":"text","key":"9e1a71f9fe114deeb16366188fcf2e51","ranges":[{"kind":"range","marks":[],"text":"Choose Vertices To Expand"}]}]},{"kind":"block","type":"paragraph","key":"8d73feddc0154884802883e32c31a8ac","isVoid":false,"data":{},"nodes":[{"kind":"text","key":"416a46d31e7441cabcb824ac64c82f75","ranges":[{"kind":"range","marks":[],"text":"There may already be some selected vertices from the previous action. A vertex that is selected has a thick gray border around it. The standard click and shift-click behaviors for selecting one or multiple objects applies:"}]}]},{"kind":"block","type":"list-unordered","key":"51318b3ec41940e8b4c5f3b9b9509be4","isVoid":false,"data":{},"nodes":[{"kind":"block","type":"list-item","key":"013a21419149433780ce01f13a261ec7","isVoid":false,"data":{},"nodes":[{"kind":"block","type":"paragraph","key":"906e997e2afd428cb154ff061fd5f91e","isVoid":false,"data":{},"nodes":[{"kind":"text","key":"cb726c5be5fd49c29ceb1c0cf21beb14","ranges":[{"kind":"range","marks":[],"text":"Click on a vertex to select it. Any previously selected objects are unselected."}]}]}]},{"kind":"block","type":"list-item","key":"715fb06a25c344dc9bf38575fd81a4f8","isVoid":false,"data":{},"nodes":[{"kind":"block","type":"paragraph","key":"be79a1c3e2294910ae9dd76c795c7cc2","isVoid":false,"data":{},"nodes":[{"kind":"text","key":"f19294c06ae54d57953a9f3ffaf4977e","ranges":[{"kind":"range","marks":[],"text":"Shift-click on an unselected object to add it to the selection set."}]}]}]},{"kind":"block","type":"list-item","key":"a39c8b95164240f0b209b3f51991ee5f","isVoid":false,"data":{},"nodes":[{"kind":"block","type":"paragraph","key":"e0415415adc84da4b87fb49950377727","isVoid":false,"data":{},"nodes":[{"kind":"text","key":"2e72aaad0f974810b90ccb8d4dd62b7f","ranges":[{"kind":"range","marks":[],"text":"Shift-click on a selected object to remove it from the selection set."}]}]}]}]},{"kind":"block","type":"paragraph","key":"19190f2b460848d881e579050bd70344","isVoid":false,"data":{},"nodes":[{"kind":"text","key":"4121506a77784d86a50d7d2206a98fe9","ranges":[{"kind":"range","marks":[],"text":"To unselect all vertices, click on a blank area of the panel.  "}]}]},{"kind":"block","type":"image","key":"1ec012017afa4427aaef36952ef65d45","isVoid":true,"data":{"assetID":"-Lm7NGHHH_C8x9mGgTw4"},"nodes":[{"kind":"text","key":"6a427d76e4304b1baf29af8b144d89f8","ranges":[{"kind":"range","marks":[],"text":""}]}]},{"kind":"block","type":"heading-3","key":"5d42ecd981914228a7933df94e20eebb","isVoid":false,"data":{"id":"TigerGraphGraphStudioUIGuide-SetExpansionConditions"},"nodes":[{"kind":"text","key":"c0c64b4bdb234302af4c616b4747d15d","ranges":[{"kind":"range","marks":[],"text":"Set Expansion Conditions"}]}]},{"kind":"block","type":"paragraph","key":"4cd6a80f1d6b4aa188eff1fdf7ebdbc0","isVoid":false,"data":{},"nodes":[{"kind":"text","key":"ff8076be9b7f41d292b93ab3c5a19739","ranges":[{"kind":"range","marks":[],"text":"GraphStudio lets you expand multiple steps from the target vertices, as long as the resulting number of vertices and edges does not exceed the limit for visualization (default limit is 5000 vertices and 10000 edges). The conditions for each expansion step are specified independently."}]}]},{"kind":"block","type":"paragraph","key":"c3716a702073493e96daa4855d08c0d6","isVoid":false,"data":{},"nodes":[{"kind":"text","key":"b693782bf7e54a2b8f72a5a1557364cd","ranges":[{"kind":"range","marks":[],"text":"In the Parameter Panel, set the conditions for each expansion step:"}]}]},{"kind":"block","type":"list-unordered","key":"6f17d370425540f2b9ebc6299709ffe7","isVoid":false,"data":{},"nodes":[{"kind":"block","type":"list-item","key":"c2a50de086674116affae6688940b888","isVoid":false,"data":{},"nodes":[{"kind":"block","type":"paragraph","key":"e89bd503e5504c889a765fce03f79662","isVoid":false,"data":{},"nodes":[{"kind":"text","key":"16282a92d90a465fb25360f4be2c9983","ranges":[{"kind":"range","marks":[],"text":"Maximum number of edges include for each vertex. The effect is that vertices which have more neighbors than this limit will not have all their neighbors included in the expansion."}]}]}]},{"kind":"block","type":"list-item","key":"4cea80cde0c04f3aa4331f7239bb03b7","isVoid":false,"data":{},"nodes":[{"kind":"block","type":"paragraph","key":"a0249fd7ebf54170ad1475e37dcb7b0f","isVoid":false,"data":{},"nodes":[{"kind":"text","key":"ba4059363a0d4b8ca556cadbb7e755e0","ranges":[{"kind":"range","marks":[],"text":"Edge types and the attribute filter for each edge type to include."}]}]}]},{"kind":"block","type":"list-item","key":"f10b5e4abd424e17a2a0b1dea1d3aef3","isVoid":false,"data":{},"nodes":[{"kind":"block","type":"paragraph","key":"29b07371c9f24f35bb02104f7938c890","isVoid":false,"data":{},"nodes":[{"kind":"text","key":"0067894cb983468ea3bd619cd96e1bf7","ranges":[{"kind":"range","marks":[],"text":"Target vertex types and the attribute filter for each vertex type to include."}]}]}]}]},{"kind":"block","type":"image","key":"0e58a343aa834810b612a8c1d74f843d","isVoid":true,"data":{"assetID":"-LMEt4aF9Hr1LL-xX2LB","size":"line"},"nodes":[{"kind":"text","key":"859b7b4b73874e148c739b2219bbb9d6","ranges":[{"kind":"range","marks":[],"text":""}]}]},{"kind":"block","type":"paragraph","key":"9b93e4aed2ef4cbf8c294a855ae49245","isVoid":false,"data":{},"nodes":[{"kind":"text","key":"1687ac8eec564006a2625a00c2714c1e","ranges":[{"kind":"range","marks":[],"text":"Initially, the expansion conditions panel for only one expansion step is shown. Click \"Add Expansion Step\" to add more expansion steps.  "}]}]},{"kind":"block","type":"image","key":"8e70355bac0441dc86e60770e4823558","isVoid":true,"data":{"assetID":"-LMEtbgmgZTqFTlAx0V3","size":"line"},"nodes":[{"kind":"text","key":"61688118978a4fe18d9dc36db86811d8","ranges":[{"kind":"range","marks":[],"text":""}]}]},{"kind":"block","type":"paragraph","key":"1397827c08244020a89e5d6144daff8e","isVoid":false,"data":{},"nodes":[{"kind":"text","key":"9e59adc3a33a49a0a896b5d8e4d60bb2","ranges":[{"kind":"range","marks":[],"text":"Similarly, you can remove expansion steps by clicking the \"Remove Expansion Step\" button.  "}]}]},{"kind":"block","type":"image","key":"cad5e5e2079f462f93c1d70bffe3b0bd","isVoid":true,"data":{"assetID":"-LMEtgjavF-7LaFLSask","size":"line"},"nodes":[{"kind":"text","key":"07b2d5fc7774402ea0168c89bd4f30d8","ranges":[{"kind":"range","marks":[],"text":""}]}]},{"kind":"block","type":"heading-3","key":"6b9d354aa3fb4196b693f5487341218e","isVoid":false,"data":{"id":"TigerGraphGraphStudioUIGuide-Expand"},"nodes":[{"kind":"text","key":"e5832754b5234aaea6be0d081e55b487","ranges":[{"kind":"range","marks":[],"text":"Expand"}]}]},{"kind":"block","type":"paragraph","key":"5d19fcd7ab3a44ba97397f363abe400c","isVoid":false,"data":{},"nodes":[{"kind":"text","key":"aa79c6748ee24c179f894a47f927419c","ranges":[{"kind":"range","marks":[],"text":"After setting the conditions for each expansion step, click on the \"Expand\" button"}]},{"kind":"inline","type":"inline-image","key":"3ab0bc9ead8f47a6914d5a2641273f0c","isVoid":true,"data":{"assetID":"-LMEtuNPu7JLckX6_Ppw","size":"original"},"nodes":[{"kind":"text","key":"b9597a4abbe24f2290e12fad58943115","ranges":[{"kind":"range","marks":[],"text":""}]}]},{"kind":"text","key":"99c8f90f44d2473793a72a2f47f4787c","ranges":[{"kind":"range","marks":[],"text":"to perform the expansion. The Graph Exploration Panel will be updated to include the expansion result. The expansion starting vertices will be highlighted with a white border. Here is a sample two-step expansion starting from 2 vertices:  "}]}]},{"kind":"block","type":"image","key":"7c7af8ac7ac147b399a43ab631b29bd2","isVoid":true,"data":{"assetID":"-LMEu0plW25fyRvoKNzg","size":"line"},"nodes":[{"kind":"text","key":"17d96ebe4a764cd58cf74a0ab6a69fb2","ranges":[{"kind":"range","marks":[],"text":""}]}]},{"kind":"block","type":"heading-2","key":"82c212df18e94a708cf1e9ff7fde269b","isVoid":false,"data":{"id":"TigerGraphGraphStudioUIGuide-FindPathsBetweenTwoVertices"},"nodes":[{"kind":"text","key":"d03ce2cf79344e44ae87d5f891e20ed6","ranges":[{"kind":"range","marks":[],"text":"Find Paths Between Two Vertices"}]}]},{"kind":"block","type":"paragraph","key":"73e44ae263cb4dcb98bf0a7d67ebf3c1","isVoid":false,"data":{},"nodes":[{"kind":"text","key":"ef7c2fed69cd4db6b7d97f9798b4e800","ranges":[{"kind":"range","marks":[],"text":"The third button in the Explore Graph Menu is the \"Find paths\" option"}]},{"kind":"inline","type":"inline-image","key":"dd59f7668e5d452287d276b31f9c633d","isVoid":true,"data":{"assetID":"-LMEW4n1vhd-PMC-GsaX","size":"original"},"nodes":[{"kind":"text","key":"8f8b2d1eda6949178b3c71518e576460","ranges":[{"kind":"range","marks":[],"text":""}]}]},{"kind":"text","key":"26f67ab2813643c4adac3d90bf0ea5a8","ranges":[{"kind":"range","marks":[],"text":". This option finds paths between two vertices with your specified conditions. Clicking the button again will hide the Parameter Panel."}]}]},{"kind":"block","type":"heading-3","key":"9f1aef0bffc841958be87c5822d58870","isVoid":false,"data":{"id":"TigerGraphGraphStudioUIGuide-ChooseStartingVertexAndDestinationVertex"},"nodes":[{"kind":"text","key":"15fe4e52c9bd47ee8513b50e2c8a9329","ranges":[{"kind":"range","marks":[],"text":"Choose Starting Vertex and Destination Vertex"}]}]},{"kind":"block","type":"paragraph","key":"57d5f90eb668460e9df8939abfcab77f","isVoid":false,"data":{},"nodes":[{"kind":"text","key":"e3f8467d43b3471c904ceaae56b8871f","ranges":[{"kind":"range","marks":[],"text":"The top section of the Parameter Panel asks for your desired starting vertex and destination vertex.  "}]}]},{"kind":"block","type":"image","key":"b207b3c14bd1481fbd4906fa0b7a8449","isVoid":true,"data":{"assetID":"-LMEvZTFMX4D65DjFXcA","size":"line"},"nodes":[{"kind":"text","key":"e42b543e6ffe410ea157df8cb2847b72","ranges":[{"kind":"range","marks":[],"text":""}]}]},{"kind":"block","type":"paragraph","key":"2ba54d457d0b4cb0bcb86b2d0c794e1c","isVoid":false,"data":{},"nodes":[{"kind":"text","key":"392f11b489bc4d508f7c9e11543cd445","ranges":[{"kind":"range","marks":[],"text":"There are two ways to provide this information. Each of the two vertices can be selected by either method."}]}]},{"kind":"block","type":"paragraph","key":"3d0f65f1e9d34a258e8b0f4c113dc52e","isVoid":false,"data":{},"nodes":[{"kind":"text","key":"0412958099f94b8a8214b8e5203462a0","ranges":[{"kind":"range","marks":[],"text":"If you know the ID and vertex type for a vertex, you can choose vertex type from dropdown list and type vertex id in the input box.  The vertex does not need to be currently displayed in the Graph Exploration Panel."}]}]},{"kind":"block","type":"paragraph","key":"970b7a1c5cb944769867aabfc51429a8","isVoid":false,"data":{},"nodes":[{"kind":"text","key":"299b82938e9e4839b189c1754adc8e7c","ranges":[{"kind":"range","marks":[],"text":"If the vertex you want is already displayed in the Graph Exploration Panel, a more convenient way is the following:"}]}]},{"kind":"block","type":"list-ordered","key":"8c2fe607e8004da69519941529517b49","isVoid":false,"data":{},"nodes":[{"kind":"block","type":"list-item","key":"b8e10ea56ee749d5b1b058696bfb8789","isVoid":false,"data":{},"nodes":[{"kind":"block","type":"paragraph","key":"28a3f4210ae047b0b6a2f250f6ffc526","isVoid":false,"data":{},"nodes":[{"kind":"text","key":"c3f35c269dcb49ada54893a61ae67dfc","ranges":[{"kind":"range","marks":[],"text":"Click on the input box."}]}]}]},{"kind":"block","type":"list-item","key":"3b8f6b9dc5994dfab441d7f5a72cd192","isVoid":false,"data":{},"nodes":[{"kind":"block","type":"paragraph","key":"7821ec52cbe44275bd0ba8ea347a6d59","isVoid":false,"data":{},"nodes":[{"kind":"text","key":"d309436601be41deaab25f0091e3436f","ranges":[{"kind":"range","marks":[],"text":"Click on the desired vertex in the Graph Exploration Panel. Then, GraphStudio will automatically fill in the values for you."}]}]}]}]},{"kind":"block","type":"image","key":"d30da2fdbbf2417891f259220914f64f","isVoid":true,"data":{"assetID":"-LMEw3Lq5TDtsj59soIv","size":"line"},"nodes":[{"kind":"text","key":"052bc47f3ccc4151bc50729076b0a825","ranges":[{"kind":"range","marks":[],"text":""}]}]},{"kind":"block","type":"paragraph","key":"731f3843e8e341d4a40c6639b2888dbb","isVoid":false,"data":{},"nodes":[{"kind":"text","key":"5b9b46dfc1504894b05980bb7f2342a0","ranges":[{"kind":"range","marks":[],"text":"You can click the swap icon (two green arrows) at right to switch the starting vertex and the destination vertex."}]}]},{"kind":"block","type":"heading-3","key":"7d34f0edd1a941abab26536b30658a03","isVoid":false,"data":{"id":"TigerGraphGraphStudioUIGuide-SetConditionsForPaths"},"nodes":[{"kind":"text","key":"24ee1f0fffe646849d9b2b12806e8a3f","ranges":[{"kind":"range","marks":[],"text":"Set Conditions For Paths"}]}]},{"kind":"block","type":"paragraph","key":"863ac51a947b4165af83c33bf5c949a4","isVoid":false,"data":{},"nodes":[{"kind":"text","key":"7f993f20db894ea58ea5e5f5d2767cc9","ranges":[{"kind":"range","marks":[],"text":"GraphStudio provide three types of path searches:"}]}]},{"kind":"block","type":"list-ordered","key":"df624d7ef116454db531a290b9310029","isVoid":false,"data":{},"nodes":[{"kind":"block","type":"list-item","key":"57b402c16c284577a5792eaa769aba35","isVoid":false,"data":{},"nodes":[{"kind":"block","type":"paragraph","key":"f699d8a32b0445e5981612a6fbfb9e9e","isVoid":false,"data":{},"nodes":[{"kind":"text","key":"541f143fea314999b4dbe546d1e2134c","ranges":[{"kind":"range","marks":[],"text":"One shortest path: search for and highlight a shortest path between the two vertices."}]}]}]},{"kind":"block","type":"list-item","key":"381281a8f85c4610a3ed4c487c8c47ee","isVoid":false,"data":{},"nodes":[{"kind":"block","type":"paragraph","key":"52391da5d0b04528ac1a7b2721f09e32","isVoid":false,"data":{},"nodes":[{"kind":"text","key":"aea3eab5ca994aa69b60b1aab17719c2","ranges":[{"kind":"range","marks":[],"text":"All shortest paths: search for and highlight all shortest paths between the two vertices."}]}]}]},{"kind":"block","type":"list-item","key":"699bbf810820460fa2da71e4c2a7c91a","isVoid":false,"data":{},"nodes":[{"kind":"block","type":"paragraph","key":"ba4e92c029e14da7b3df9fb22de32ef2","isVoid":false,"data":{},"nodes":[{"kind":"text","key":"8e9f5ebb83624823a35d6b0581a75b4f","ranges":[{"kind":"range","marks":[],"text":"All paths: search for and highlight all valid paths between the two vertices."}]}]}]}]},{"kind":"block","type":"paragraph","key":"a4eae55d90944c59828a5ecae6f9a2ad","isVoid":false,"data":{},"nodes":[{"kind":"text","key":"7cd97ab4d76148b3ae48be2653652d0d","ranges":[{"kind":"range","marks":[],"text":"Since path-finding queries may have high computational cost if the graph is very large, a parameter is available to limit the path length.  "}]}]},{"kind":"block","type":"image","key":"b595ee18db054436acbb5a992543ad66","isVoid":true,"data":{"assetID":"-LMExBRQ03IdOVtasdth","size":"line"},"nodes":[{"kind":"text","key":"89e60c10171a45e89b5331df0ed5de2d","ranges":[{"kind":"range","marks":[],"text":""}]}]},{"kind":"block","type":"paragraph","key":"6d393880d3e04f78a19d9fec98a3e6b2","isVoid":false,"data":{},"nodes":[{"kind":"text","key":"18b1a96b201a438ba5d764396aaef904","ranges":[{"kind":"range","marks":[],"text":"In addition to the search type and the maximal length, you can also specify the valid vertex types and edge types and their attribute conditions which may be included in the paths.  "}]}]},{"kind":"block","type":"image","key":"6cfa98db07b0425684a2e02ebd84348b","isVoid":true,"data":{"assetID":"-LMExIToS84p0yLaU2Gu","size":"line"},"nodes":[{"kind":"text","key":"5f410e7663e6429e8fb9593f497386b9","ranges":[{"kind":"range","marks":[],"text":""}]}]},{"kind":"block","type":"heading-3","key":"17c10dc556664d95bd9baf026a1af38a","isVoid":false,"data":{"id":"TigerGraphGraphStudioUIGuide-FindPaths"},"nodes":[{"kind":"text","key":"e04a4f38e9784ede8b362694a556d962","ranges":[{"kind":"range","marks":[],"text":"Find Paths"}]}]},{"kind":"block","type":"paragraph","key":"c916c2b9ed094961bf40f3799ac019b5","isVoid":false,"data":{},"nodes":[{"kind":"text","key":"cd4b5725c2564a72936cf1d08e050512","ranges":[{"kind":"range","marks":[],"text":"After selecting the endpoint vertices and setting the search conditions, click on the \"Find Paths\" button"}]},{"kind":"inline","type":"inline-image","key":"986e9bc731de475da0a4f4ad15f2dd5a","isVoid":true,"data":{"assetID":"-LMExchDmWC-Li5b2U7X","size":"original"},"nodes":[{"kind":"text","key":"1a9ccaacb4d440c289020aa1ece4a78a","ranges":[{"kind":"range","marks":[],"text":""}]}]},{"kind":"text","key":"857fc3b330e04b33b48888595bef695d","ranges":[{"kind":"range","marks":[],"text":"to start the search."}]}]},{"kind":"block","type":"image","key":"eaa8a4d97fa2480cb46b1ca13745dca6","isVoid":true,"data":{"assetID":"-LMExj2dZH0To6BuEZDS","size":"line"},"nodes":[{"kind":"text","key":"fd1878d949024758a65a998d4aa044a8","ranges":[{"kind":"range","marks":[],"text":""}]}]},{"kind":"block","type":"heading-2","key":"7619bf006c69493bbdbbcc8d69a8dbef","isVoid":false,"data":{"id":"TigerGraphGraphStudioUIGuide-FindConnectionsBetweenMultipleVertices"},"nodes":[{"kind":"text","key":"23609ff318ee43feb7c5e0fcfab68bf0","ranges":[{"kind":"range","marks":[],"text":"Find Connections Between Multiple Vertices"}]}]},{"kind":"block","type":"paragraph","key":"665938ba339a41b98d2629d10309f2e5","isVoid":false,"data":{},"nodes":[{"kind":"text","key":"0719363112214e15becf1e224190e3d9","ranges":[{"kind":"range","marks":[],"text":"The fourth button in the Explore Graph Menu is the \"Find connections\" option"}]},{"kind":"inline","type":"inline-image","key":"4057b97447af4742bc55b2882fe4aa1a","isVoid":true,"data":{"assetID":"-LMEW7N77QRlx2AY84Ys","size":"original"},"nodes":[{"kind":"text","key":"70528ddd372b4e8abf7452968c3ad1d8","ranges":[{"kind":"range","marks":[],"text":""}]}]},{"kind":"text","key":"942a16a74c7341a7984da885159ba2af","ranges":[{"kind":"range","marks":[],"text":". Given a set of starting vertices, this feature finds a \"connection community\" which is defined as follows:"}]}]},{"kind":"block","type":"list-ordered","key":"99dd63dbe2104084b131d65b50e89ec6","isVoid":false,"data":{},"nodes":[{"kind":"block","type":"list-item","key":"b697a31f21324ecb889f2913750b769a","isVoid":false,"data":{},"nodes":[{"kind":"block","type":"paragraph","key":"e2ffa460532d4d54a084fcb7dd7173e1","isVoid":false,"data":{},"nodes":[{"kind":"text","key":"c3150c52c01f42eabaa2d30ddc03804a","ranges":[{"kind":"range","marks":[],"text":"For each pair of vertices in the vertex set, if there is a shortest path no longer than the maximum path length parameter, include that path in the result."}]}]}]},{"kind":"block","type":"list-item","key":"da5d5c9c50c94e75ba0e1aa468bf257f","isVoid":false,"data":{},"nodes":[{"kind":"block","type":"paragraph","key":"5506b04a25c042e2b120ca907c23fa73","isVoid":false,"data":{},"nodes":[{"kind":"text","key":"d4cdb3c342ca4d18a32cf4b368f7acc8","ranges":[{"kind":"range","marks":[],"text":"The final result is the union of all of these shortest paths (one path per vertex pair)."}]}]}]}]},{"kind":"block","type":"paragraph","key":"5836bf2a623f415596592320414339d9","isVoid":false,"data":{},"nodes":[{"kind":"text","key":"f0e22d66d1874ebea281e96dd1abab75","ranges":[{"kind":"range","marks":[],"text":"This feature is equivalent to running the \"Show One Shortest Path\" option for each pair of vertices in the selected set."}]}]},{"kind":"block","type":"heading-3","key":"9562d1c6ed5141bf9eca265ca2af9708","isVoid":false,"data":{"id":"TigerGraphGraphStudioUIGuide-ChooseVerticesforFindingConnections"},"nodes":[{"kind":"text","key":"a5a9e0b42e0c49b0a7c957ed3e03ba57","ranges":[{"kind":"range","marks":[],"text":"Choose Vertices for Finding Connections"}]}]},{"kind":"block","type":"paragraph","key":"92d6c6e5c3ed46e2b9be86af79ddb0c0","isVoid":false,"data":{},"nodes":[{"kind":"text","key":"84ee692cace244339e22a48b0429ac82","ranges":[{"kind":"range","marks":[],"text":"Click on a vertex to select it. Use shift-click to select more than one object. Each time you select another vertex, it will be added to the list in the Parameter Panel.  "}]}]},{"kind":"block","type":"image","key":"32b866c6839b4dd8980156c50a3d1557","isVoid":true,"data":{"assetID":"-Lm7NKN2NLHRI0GdGT9g"},"nodes":[{"kind":"text","key":"fb995740c10945e0b6d38e2099d90aec","ranges":[{"kind":"range","marks":[],"text":""}]}]},{"kind":"block","type":"heading-3","key":"b39d3fec2de643eda9c7e5461b9f0f4c","isVoid":false,"data":{"id":"TigerGraphGraphStudioUIGuide-SetConditionsForConnectionFinding"},"nodes":[{"kind":"text","key":"febc97c625a3477b98d10d5240548104","ranges":[{"kind":"range","marks":[],"text":"Set Conditions For Connection Finding"}]}]},{"kind":"block","type":"paragraph","key":"f6b1e081af30490fbecced6180230912","isVoid":false,"data":{},"nodes":[{"kind":"text","key":"1a439b9dc33b4806bc287c62a7a0c3c8","ranges":[{"kind":"range","marks":[],"text":"Since this query may have high computational cost if the graph is very large, a parameter is available to limit the path length."}]}]},{"kind":"block","type":"paragraph","key":"bfdda6056491436daec385934a28357f","isVoid":false,"data":{},"nodes":[{"kind":"text","key":"8935479f169f428f8d8b56f02194bcab","ranges":[{"kind":"range","marks":[],"text":"You can also specify the valid vertex types and edge types which may be included in the connections.  "}]}]},{"kind":"block","type":"image","key":"92ce99347628483fa70a64e3a98aea7e","isVoid":true,"data":{"assetID":"-LMEzu9ADvnNWGDXxR23","size":"line"},"nodes":[{"kind":"text","key":"a849368af03a4c6dae6ddcb2d57bc0be","ranges":[{"kind":"range","marks":[],"text":""}]}]},{"kind":"block","type":"heading-3","key":"5f09255996284c3cb7f0224d78d63d11","isVoid":false,"data":{"id":"TigerGraphGraphStudioUIGuide-FindConnections"},"nodes":[{"kind":"text","key":"01033bbfa0b24d2eb41f6fa783a02432","ranges":[{"kind":"range","marks":[],"text":"Find Connections"}]}]},{"kind":"block","type":"paragraph","key":"8289ca4675244f2ca42a0f35ecaad653","isVoid":false,"data":{},"nodes":[{"kind":"text","key":"ff22f2ca7e3e445dad2374b7f86c0f0d","ranges":[{"kind":"range","marks":[],"text":"After selecting the vertices and setting the search conditions, click on the \"Find Connection Paths\" button"}]},{"kind":"inline","type":"inline-image","key":"2f0acdb6c2b04bcca259bf11bbabaf5e","isVoid":true,"data":{"assetID":"-LMF-2U7LA5ZcDAfCtVV","size":"original"},"nodes":[{"kind":"text","key":"601f6757a33c4e7392cc7e2897d3a628","ranges":[{"kind":"range","marks":[],"text":""}]}]},{"kind":"text","key":"b2a8f78c5391430ba70e878d945d67bd","ranges":[{"kind":"range","marks":[],"text":"to start the search.  "}]}]},{"kind":"block","type":"image","key":"0e359e7aa304486198c47d82fc114254","isVoid":true,"data":{"assetID":"-LMF-9Sy6ndHaXI1ilzy","size":"line"},"nodes":[{"kind":"text","key":"d7b2b17c67344919ac74cc2d9fcd1e8f","ranges":[{"kind":"range","marks":[],"text":""}]}]},{"kind":"block","type":"heading-2","key":"bacf0b1c95ed452cb0ad6b1a652455e8","isVoid":false,"data":{"id":"TigerGraphGraphStudioUIGuide-GraphExplorationPanelOptions"},"nodes":[{"kind":"text","key":"363f2e6abb854393849482f772e95652","ranges":[{"kind":"range","marks":[],"text":"Run GSQL Queries"}]}]},{"kind":"block","type":"paragraph","key":"6024ee945ae840969bc4ff398f7b2cae","isVoid":false,"data":{},"nodes":[{"kind":"text","key":"181b88668b8046ed941dbfd0c3828b5f","ranges":[{"kind":"range","marks":[],"text":"If you have written and installed some GSQL queries (see more at "}]},{"kind":"inline","type":"link","key":"1ea9acc0f5224dd4afd92df23e4a1fa5","isVoid":false,"data":{"pageID":"-LMF6tWCfihsp6gslZrZ"},"nodes":[{"kind":"text","key":"967ad104cfb54df295f0039d769fdef1","ranges":[{"kind":"range","marks":[],"text":"Write Queries"}]}]},{"kind":"text","key":"230c3c92d0c941bda5b57d97a0c0cbea","ranges":[{"kind":"range","marks":[],"text":"), you can run the queries mixed with the graph exploration functionalities mentioned above."}]}]},{"kind":"block","type":"paragraph","key":"e6d3d4c39a6c48f7a4a14d2475932e1d","isVoid":false,"data":{},"nodes":[{"kind":"text","key":"6223bd55d20b4bd49d0f976d56bbfbfe","ranges":[{"kind":"range","marks":[],"text":"Click the fifth button in the Explore Graph Menu, which is the \"Run queries\" option​"}]},{"kind":"inline","type":"inline-image","key":"057bf64bebd04402944f8fbf12c11eec","isVoid":true,"data":{"assetID":"-LMEW9iPZ-FFJ_7q1q8h","size":"original"},"nodes":[{"kind":"text","key":"e86da6fe3e104130a3d6af5a0f01f539","ranges":[{"kind":"range","marks":[],"text":""}]}]},{"kind":"text","key":"adc75d7caa2942e5ba3a3f3ccb485c86","ranges":[{"kind":"range","marks":[],"text":". In the dropdown list, choose the query you want to run. Input the parameters and click Run query button"}]},{"kind":"inline","type":"inline-image","key":"b3df3b3d866a43ceb45d3fe0dcbfb587","isVoid":true,"data":{"assetID":"-LMFHdqR8TRzBLCy9V4q","size":"original"},"nodes":[{"kind":"text","key":"65a4f950345f42318a4dbcba44c47ad3","ranges":[{"kind":"range","marks":[],"text":""}]}]},{"kind":"text","key":"8879687551ec415a862260dde1b4f545","ranges":[{"kind":"range","marks":[],"text":". The query execution result subgraph will be merged with previous graph exploration result and highlighted:"}]}]},{"kind":"block","type":"image","key":"e1fb1bb63ea7471ab3e5fd9cebedcd7b","isVoid":true,"data":{"assetID":"-Lm7NQbodWo58TzzYk0M"},"nodes":[{"kind":"text","key":"e542d84aedce4e159577d2f40d0a4b16","ranges":[{"kind":"range","marks":[],"text":""}]}]},{"kind":"block","type":"paragraph","key":"597d4f4936f14873bc8b7ecb68dc218c","isVoid":false,"data":{},"nodes":[{"kind":"text","key":"8be10f67353a4dcf9031ce0966941f63","ranges":[{"kind":"range","marks":[],"text":"Allowing running GSQL queries mixed with other graph exploration functionalities enables better data analysis possibilities since you can refer to your previous exploration result, and keep gaining insights from your data."}]}]},{"kind":"block","type":"heading-2","key":"26c4060a0c4f4886bb14b5890ee690cf","isVoid":false,"data":{"id":"graphexplorationpaneloptions"},"nodes":[{"kind":"text","key":"8c1618e2c5754859af8b2f26f3d0d04b","ranges":[{"kind":"range","marks":[],"text":"Graph Exploration Panel Options"}]}]},{"kind":"block","type":"paragraph","key":"d707378c227b44fca894f89e80e79df8","isVoid":false,"data":{},"nodes":[{"kind":"text","key":"3615539c710746699e14cfac62c793dd","ranges":[{"kind":"range","marks":[],"text":"After you have a subgraph displayed in the Graph Exploration Panel, you can use the buttons in the Explorer View Menu to customize the display. You can even make modifications to the graph database itself."}]}]},{"kind":"block","type":"image","key":"34ceda0092504edf903372653e5ba0bf","isVoid":true,"data":{"assetID":"-Lm7MhdLkPa4vvFhDmco"},"nodes":[{"kind":"text","key":"82cdb1477e594819b7a1bbbe65338dc9","ranges":[{"kind":"range","marks":[],"text":""}]}]},{"kind":"block","type":"heading-3","key":"1e95190b89b1442c846a20e77beab44f","isVoid":false,"data":{"id":"TigerGraphGraphStudioUIGuide-ChangeLayout"},"nodes":[{"kind":"text","key":"c355bec24ddc44f0b57d734fa758ddaa","ranges":[{"kind":"range","marks":[],"text":"Change Layout"}]}]},{"kind":"block","type":"paragraph","key":"e10279947ca34096b3b843a68a0728c6","isVoid":false,"data":{},"nodes":[{"kind":"text","key":"0980100fa04747f89ece6d8d07cd6292","ranges":[{"kind":"range","marks":[],"text":"Click the Change Layout button"}]},{"kind":"inline","type":"inline-image","key":"a03e8d5fe3b54fd59260976e785b2671","isVoid":true,"data":{"assetID":"-LMF-tkdmh_ZF0a5-XPp","size":"original"},"nodes":[{"kind":"text","key":"e9a8bf65a2ce485c9ba9dd76a3d8e757","ranges":[{"kind":"range","marks":[],"text":""}]}]},{"kind":"text","key":"647a41267e60443b952f4758572bb536","ranges":[{"kind":"range","marks":[],"text":"to select one of the built-in layout styles for systematic arrangement of the vertices. The Change Layout popup menu shows a sample of each layout style, for a dummy graph.  "}]}]},{"kind":"block","type":"image","key":"fdf3eeadabdd4a2ba35d40eaba2facfd","isVoid":true,"data":{"assetID":"-LMF03t9SpJ6HaRtGgoc","size":"line"},"nodes":[{"kind":"text","key":"5ca5009681b3482ab12e8f0563abf561","ranges":[{"kind":"range","marks":[],"text":""}]}]},{"kind":"block","type":"heading-3","key":"c126db8448b64514b7b4890a72a8080f","isVoid":false,"data":{"id":"TigerGraphGraphStudioUIGuide-LocateVertexInResult"},"nodes":[{"kind":"text","key":"93d46130f7ed40ac9a647c143c4c4a0f","ranges":[{"kind":"range","marks":[],"text":"Locate Vertex In Result"}]}]},{"kind":"block","type":"paragraph","key":"ed77182f5143446cb5de47af238caddf","isVoid":false,"data":{},"nodes":[{"kind":"text","key":"0ced1a4e5d9147788a8c22e4764590f6","ranges":[{"kind":"range","marks":[],"text":"The Locate Vertex In Result feature"}]},{"kind":"inline","type":"inline-image","key":"8b852fec6fbe4ae1b5ae5e60542287a5","isVoid":true,"data":{"assetID":"-LMF0CY4BoIfoh2mh7gS","size":"original"},"nodes":[{"kind":"text","key":"d06c584af5d944978023ea8d039cce80","ranges":[{"kind":"range","marks":[],"text":""}]}]},{"kind":"text","key":"9c71b5cbd9f04617ad0d99648beebeaa","ranges":[{"kind":"range","marks":[],"text":"searches for and then zooms in on vertices which match the given value for ID and/or attribute.  For example, if you type \"Mary\" in the Locate Vertices in Result popup window, and have both of the checkboxes selected, then this feature will look for any vertices where \"Mary\" is an exact match for either the ID or any of the attribute values. Those vertices will be selected (and all other objects will be unselected).  The display will zoom in to focus on the selected objects.  "}]}]},{"kind":"block","type":"image","key":"97e0e7f826984d1e8a8dc1c244a52b2b","isVoid":true,"data":{"assetID":"-LMF0QNJSkfREUPpYngf","size":"line"},"nodes":[{"kind":"text","key":"4601525db545423480969471a1333de3","ranges":[{"kind":"range","marks":[],"text":""}]}]},{"kind":"block","type":"paragraph","key":"ee374bdf620f4e4ebff2b3724a5d934b","isVoid":false,"data":{},"nodes":[{"kind":"text","key":"ef8fceeb0f8848d7aa5e1ad8141164bd","ranges":[{"kind":"range","marks":[],"text":"The vertices with the matching ID or attributes will be selected:  "}]}]},{"kind":"block","type":"image","key":"5c5f44dae92643ed8c090c5fc57b702f","isVoid":true,"data":{"assetID":"-LMF0bdsCwOdpNYfzWA-","size":"line"},"nodes":[{"kind":"text","key":"322a399be3724831a4d84818a7fe13ee","ranges":[{"kind":"range","marks":[],"text":""}]}]},{"kind":"block","type":"heading-3","key":"599e60114a5f4cac9111fba37743650a","isVoid":false,"data":{"id":"TigerGraphGraphStudioUIGuide-ShowSelectedVerticesAndEdges"},"nodes":[{"kind":"text","key":"a664fd7690ee458082d55e99a1044532","ranges":[{"kind":"range","marks":[],"text":"Show Selected Vertices And Edges"}]}]},{"kind":"block","type":"paragraph","key":"3036dc8a056940f09f67c530508786ae","isVoid":false,"data":{},"nodes":[{"kind":"text","key":"a603092e7a044e8390c27d4e58a49221","ranges":[{"kind":"range","marks":[],"text":"Click the Show Selections button"}]},{"kind":"inline","type":"inline-image","key":"f6419326d0a2430ab272cbaffd942717","isVoid":true,"data":{"assetID":"-LMF0s0ZSLJ3eeVPtESm","size":"original"},"nodes":[{"kind":"text","key":"8224f2a2ccba4bdda5d543e9c91825da","ranges":[{"kind":"range","marks":[],"text":""}]}]},{"kind":"text","key":"b17ae23418204f4ba8cdf4b3a6fbce19","ranges":[{"kind":"range","marks":[],"text":"to hide all the vertices and edges which are not currently selected. However, if the two endpoints of an edge are selected, the edge will be selected as well. Also, if nothing is selected, nothing will be hidden."}]}]},{"kind":"block","type":"heading-3","key":"8485f93ca30c468eac99e2feb761f67a","isVoid":false,"data":{"id":"TigerGraphGraphStudioUIGuide-HideVerticesAndEdges"},"nodes":[{"kind":"text","key":"cf3147feeced4ed8ad52b39c59e29fba","ranges":[{"kind":"range","marks":[],"text":"Hide Vertices And Edges"}]}]},{"kind":"block","type":"paragraph","key":"f1fe1cd5bd3b4534ac0827bf15b1d7cf","isVoid":false,"data":{},"nodes":[{"kind":"text","key":"09db16e0f52b4fc3b2c3ec369fea4b86","ranges":[{"kind":"range","marks":[],"text":"Click the Hide button"}]},{"kind":"inline","type":"inline-image","key":"197f2b01378844f194a0830ec0f122d2","isVoid":true,"data":{"assetID":"-LMF0vC9pXmXnPniyZmu","size":"original"},"nodes":[{"kind":"text","key":"9ffc79b049554519896ba2c866fe821e","ranges":[{"kind":"range","marks":[],"text":""}]}]},{"kind":"text","key":"2459eae15fb547668fc1fdcdc3968889","ranges":[{"kind":"range","marks":[],"text":"to hide the currently selected vertices and edges. If nothing is selected, all vertices and edges in the Graph Exploration Panel will be hidden."}]}]},{"kind":"block","type":"heading-3","key":"4fb1108c2891486e9b9522496f54183e","isVoid":false,"data":{"id":"TigerGraphGraphStudioUIGuide-UndoAndRedo.1"},"nodes":[{"kind":"text","key":"8dde8ffb715344aaaa9ccd384550258d","ranges":[{"kind":"range","marks":[],"text":"Undo And Redo"}]}]},{"kind":"block","type":"paragraph","key":"26b09fee6e944aaa96b4fefeb1b048e2","isVoid":false,"data":{},"nodes":[{"kind":"text","key":"aebc9c0ed47642f79a85904ead02a5a9","ranges":[{"kind":"range","marks":[],"text":"The Explore Graph page records the whole history of the current session's changes to the visualization result set. Click the Undo and the Redo buttons "}]},{"kind":"inline","type":"inline-image","key":"63c7c101ca8840fab3be3ba75e91ed86","isVoid":true,"data":{"assetID":"-LM9kIVhC36sE2pWmrA2","size":"original"},"nodes":[{"kind":"text","key":"baf891f1e8bc4897bd641ab843e566df","ranges":[{"kind":"range","marks":[],"text":""}]}]},{"kind":"text","key":"b48585366dde4f5380885e7e1dcc3d23","ranges":[{"kind":"range","marks":[],"text":" to go back or forward in the history."}]}]},{"kind":"block","type":"hint","key":"cf458c97877043d89a174648027fcef6","isVoid":false,"data":{"style":"warning"},"nodes":[{"kind":"block","type":"paragraph","key":"c7cdb8b32cd6486e96e11ed39146d492","isVoid":false,"data":{},"nodes":[{"kind":"text","key":"40d1d578254f42f9941ba2dd5cd5210e","ranges":[{"kind":"range","marks":[],"text":"Database changes (adding or deleting vertices/edges, editing attributes) cannot be undone with the Undo feature. \nAlso, Undo/Redo do not include layout and display changes (e.g., positioning of objects and display of attributes)."}]}]}]},{"kind":"block","type":"heading-3","key":"5e242c5ba42d4711b646fdde96c1ef51","isVoid":false,"data":{"id":"TigerGraphGraphStudioUIGuide-AddNewVertex"},"nodes":[{"kind":"text","key":"b6104a0b28dc47569bff5fe6f918a609","ranges":[{"kind":"range","marks":[],"text":"Add New Vertex"}]}]},{"kind":"block","type":"paragraph","key":"b887465501c547d3be8174bc2180e1b3","isVoid":false,"data":{},"nodes":[{"kind":"text","key":"cf091c1e74cb4ca3a1a32e5ea37d1e5a","ranges":[{"kind":"range","marks":[],"text":"Click the Add New Vertex button"}]},{"kind":"inline","type":"inline-image","key":"d5bb871af3f346ecba385f8e79825d40","isVoid":true,"data":{"assetID":"-LM9My10zFsYIWyaLV6t","size":"original"},"nodes":[{"kind":"text","key":"a17f93fc89f24a778d99d2c54b382206","ranges":[{"kind":"range","marks":[],"text":""}]}]},{"kind":"text","key":"2b756b1a6be340cc991a433e361f1b45","ranges":[{"kind":"range","marks":[],"text":"to add a new vertex to the graph database. The Add New Vertex window will pop up. Choose a vertex type and then fill in values for the ID and the attributes. Click ADD and the vertex will be inserted into the TigerGraph database. It will also be shown in the Graph Exploration Panel."}]}]},{"kind":"block","type":"image","key":"de6aef3406154f4cb133237f8069bab5","isVoid":true,"data":{"assetID":"-LMF27noo-iQkIv_rV_J","size":"line"},"nodes":[{"kind":"text","key":"8a08d0b47cac4707ba3ef6d6bd9de1ae","ranges":[{"kind":"range","marks":[],"text":""}]}]},{"kind":"block","type":"hint","key":"d8a66cd1288a45479279ef0ac120a887","isVoid":false,"data":{"style":"info"},"nodes":[{"kind":"block","type":"paragraph","key":"3dda75d51a9b44258c82731a91ef703e","isVoid":false,"data":{},"nodes":[{"kind":"text","key":"5dbb1d463ecc4cf7970265ed0d6f7caf","ranges":[{"kind":"range","marks":[],"text":"If you provide a vertex ID that is already used, GraphStudio will ask you whether you want to overwrite the existing vertex.  If you say no, then it will not add or update anything."}]}]}]},{"kind":"block","type":"heading-3","key":"30044f94b4104f88af1f68e71e95a14d","isVoid":false,"data":{"id":"TigerGraphGraphStudioUIGuide-AddNewEdge"},"nodes":[{"kind":"text","key":"fb93eec09c894920917f33016d953eb0","ranges":[{"kind":"range","marks":[],"text":"Add New Edge"}]}]},{"kind":"block","type":"paragraph","key":"ea3b3d43da9d4e6b8c78607a9cc83c35","isVoid":false,"data":{},"nodes":[{"kind":"text","key":"b124a239c6904c16a00750320a0e23ed","ranges":[{"kind":"range","marks":[],"text":"Click the Add New Edge button"}]},{"kind":"inline","type":"inline-image","key":"581dad670de94c2696417260bb5614b3","isVoid":true,"data":{"assetID":"-LM9hHC2QaoLBEIUWahX","size":"original"},"nodes":[{"kind":"text","key":"0ae7134d42394907b0ed86de06097b39","ranges":[{"kind":"range","marks":[],"text":""}]}]},{"kind":"text","key":"073b0b43deef4b569ad18342187fa9f9","ranges":[{"kind":"range","marks":[],"text":"to add a new edge to the graph database. Next, click the source vertex of the edge in the Graph Exploration Panel, and then click the target vertex of the edge. Then the Add New Edge panel will pop up. Choose the edge type from the dropdown menu. Only types that match the two vertices you selected are shown. (It is possible that there are no eligible edge types). Fill in values for attributes and click ADD. Your new edge will be inserted into the TigerGraph database. It will also be shown in the Graph Exploration Panel."}]}]},{"kind":"block","type":"image","key":"afd01e3476814932ae623d920c887e75","isVoid":true,"data":{"assetID":"-LMF3qVM2cfc6G_Sw_im","size":"line"},"nodes":[{"kind":"text","key":"8586a05a446e4ac891759307ee892a59","ranges":[{"kind":"range","marks":[],"text":""}]}]},{"kind":"block","type":"hint","key":"3ff319d679334bdc8d7d874a5ea05ddd","isVoid":false,"data":{"style":"info"},"nodes":[{"kind":"block","type":"paragraph","key":"659e5d20cf1b44e593b22776a62700e5","isVoid":false,"data":{},"nodes":[{"kind":"text","key":"a20d12c6350f4307b2fd172588483cc5","ranges":[{"kind":"range","marks":[],"text":"If you select an edge type that already exists between the two vertices, GraphStudio will ask if you want to overwrite the existing edge.  If you say no, nothing will be added or updated.  The current TigerGraph system does not support having multiple edges of the same type between two specific vertices."}]}]}]},{"kind":"block","type":"heading-3","key":"6981bfeb379d43c788af39a693e0b0a4","isVoid":false,"data":{"id":"TigerGraphGraphStudioUIGuide-EditAttributes"},"nodes":[{"kind":"text","key":"1d57ae42101a40e6b25384a61dee4055","ranges":[{"kind":"range","marks":[],"text":"Edit Attributes"}]}]},{"kind":"block","type":"paragraph","key":"560eb9fe24c6442ab7bc21da87a5c35f","isVoid":false,"data":{},"nodes":[{"kind":"text","key":"29bf4b693ed44e56bf86192e08bb7191","ranges":[{"kind":"range","marks":[],"text":"To edit the attributes of one vertex or edge, select one object and then click the Edit Attributes button"}]},{"kind":"inline","type":"inline-image","key":"65a0144a99d544149b37e0e4aba1fe7c","isVoid":true,"data":{"assetID":"-LM9jB-qwPTkf1oSJL8F","size":"original"},"nodes":[{"kind":"text","key":"7363c35b53594d6a85f429dcba75b4dc","ranges":[{"kind":"range","marks":[],"text":""}]}]},{"kind":"text","key":"d539f5f00fcb4a8ead5d504ec79fc7e2","ranges":[{"kind":"range","marks":[],"text":". The edit attributes panel will pop up.  "}]}]},{"kind":"block","type":"image","key":"e5fad7e3688240518896bb9bf5c957c8","isVoid":true,"data":{"assetID":"-LMF4a1Y25Dv1dxmk6uq","size":"line"},"nodes":[{"kind":"text","key":"0007a9e75c524630a5aaab7a1406410e","ranges":[{"kind":"range","marks":[],"text":""}]}]},{"kind":"block","type":"paragraph","key":"65600c7fcd58459f8ecd5faf6d276a87","isVoid":false,"data":{},"nodes":[{"kind":"text","key":"24157fd33edb4114859c9fcd782f0dcc","ranges":[{"kind":"range","marks":[],"text":"When you finish editing, click the Update button to apply the change."}]}]},{"kind":"block","type":"heading-3","key":"7bfcd0a18e434d1a90a32ab8c1da83b8","isVoid":false,"data":{"id":"TigerGraphGraphStudioUIGuide-DeleteVerticesAndEdges"},"nodes":[{"kind":"text","key":"0cf2e53720fd4a959fa985d42cad496c","ranges":[{"kind":"range","marks":[],"text":"Delete Vertices And Edges"}]}]},{"kind":"block","type":"paragraph","key":"2e962ab0e6d2461a829e8137e0020a91","isVoid":false,"data":{},"nodes":[{"kind":"text","key":"0f0abf7d6b5843cb954728a7d9de75fc","ranges":[{"kind":"range","marks":[],"text":"To delete vertices or edges, select the objects you want to delete, and click the Delete Selected Elements button"}]},{"kind":"inline","type":"inline-image","key":"54d8e489b4a94c1d96b8b2d2f2f94c27","isVoid":true,"data":{"assetID":"-LMA7LT_THnYgjqra9fQ","size":"original"},"nodes":[{"kind":"text","key":"1de67dd82d384829a29d78634bd19a41","ranges":[{"kind":"range","marks":[],"text":""}]}]},{"kind":"text","key":"545d157d1a154ce48c373ef64f72930f","ranges":[{"kind":"range","marks":[],"text":"."}]}]},{"kind":"block","type":"hint","key":"e4e7338d7bdf44b6afe417c365f1c361","isVoid":false,"data":{"style":"danger"},"nodes":[{"kind":"block","type":"paragraph","key":"a247043d8c55464b88f9aa8d9b57244a","isVoid":false,"data":{},"nodes":[{"kind":"text","key":"10c1dbe80aeb4135bccf0eee44354808","ranges":[{"kind":"range","marks":[],"text":"\"Delete\" permanently removes data from the graph database. Deleted vertices and edges cannot be restored with Undo. To restore them, you must manually add them back."}]}]},{"kind":"block","type":"paragraph","key":"ee5eae3d20124d2d82ac3669d24c4727","isVoid":false,"data":{},"nodes":[{"kind":"text","key":"42ef575f549e45829a072ce16f29ef52","ranges":[{"kind":"range","marks":[],"text":"If you delete a vertex, all of its outgoing and incoming edges will also be deleted."}]}]}]},{"kind":"block","type":"heading-3","key":"0c6ce6bf915645c6becadc19926cbddb","isVoid":false,"data":{"id":"TigerGraphGraphStudioUIGuide-SaveScreenshot"},"nodes":[{"kind":"text","key":"16de9db736b940f992f5294d337fb2d9","ranges":[{"kind":"range","marks":[],"text":"Save and Open Graph Exploration Result"}]}]},{"kind":"block","type":"paragraph","key":"8de2083e55c845229aed8484a059f643","isVoid":false,"data":{},"nodes":[{"kind":"text","key":"0238a99122044e52838a926ea6974aa4","ranges":[{"kind":"range","marks":[],"text":"When you find something interesting during exploration and want to save the result as a picture, you can click the Save Exploration button"}]},{"kind":"inline","type":"inline-image","key":"338755f0b96349b9adcc336ad849a241","isVoid":true,"data":{"assetID":"-LMdPzyT1HkE-LRGt_HE","size":"original"},"nodes":[{"kind":"text","key":"07faddc2e4c442718021563ffd8d7309","ranges":[{"kind":"range","marks":[],"text":""}]}]},{"kind":"text","key":"378218f9082b451e966046bb0339a2cb","ranges":[{"kind":"range","marks":[],"text":". In the popup window, you can give the result a file name and an optional description, then click Save:"}]}]},{"kind":"block","type":"image","key":"744768438e9b40de86c59de722eba527","isVoid":true,"data":{"assetID":"-Lm7NsqdEaLzbtAt6h6H","size":"line"},"nodes":[{"kind":"text","key":"d47c75a4bcf94a9299adc40748c325e8","ranges":[{"kind":"range","marks":[],"text":""}]}]},{"kind":"block","type":"paragraph","key":"38f9cca66be74eafb2faabb0dbbfa4f0","isVoid":false,"data":{},"nodes":[{"kind":"text","key":"32a44aea258d493eb43de1add24b0e10","ranges":[{"kind":"range","marks":[],"text":"In the future, you can open a previously saved exploration result by clicking the Open Exploration History button"}]},{"kind":"inline","type":"inline-image","key":"0598fd9f950b456aba9db6f73aa365ec","isVoid":true,"data":{"assetID":"-Lm7ODOp754GKyZlcSu-","size":"original"},"nodes":[{"kind":"text","key":"7ab2fd755c9e4171af52426b47a4db49","ranges":[{"kind":"range","marks":[],"text":""}]}]},{"kind":"text","key":"44054727636547249ab8ed35b00650c2","ranges":[{"kind":"range","marks":[],"text":"and choose one result from the list: "}]}]},{"kind":"block","type":"image","key":"56266b3b49c54b35be03c02de9296854","isVoid":true,"data":{"assetID":"-Lm7OLFqWN-mVDOJe0nF","size":"line","align":"left"},"nodes":[{"kind":"text","key":"1a1c9c2b69394eb590d86369a66e8422","ranges":[{"kind":"range","marks":[],"text":""}]}]},{"kind":"block","type":"heading-3","key":"b712d33e0e324458992d617474d0614c","isVoid":false,"data":{"id":"TigerGraphGraphStudioUIGuide-SaveScreenshot"},"nodes":[{"kind":"text","key":"208c5b61846c4fd8bb2f6950b416b934","ranges":[{"kind":"range","marks":[],"text":"Save Screenshot"}]}]},{"kind":"block","type":"paragraph","key":"4ff32122fe78405f9dddab86bc78c0bb","isVoid":false,"data":{},"nodes":[{"kind":"text","key":"d04fc02b13cf468daf56e53ad75ea59c","ranges":[{"kind":"range","marks":[],"text":"When you find something interesting during exploration and want to save the result as a picture, you can click the Save Screenshot button"}]},{"kind":"inline","type":"inline-image","key":"60567b673cab44d69056b8397639c0e5","isVoid":true,"data":{"assetID":"-LMF53Ki5aIZsvuqj0E2","size":"original"},"nodes":[{"kind":"text","key":"92730d671e7c4297a4d33153162c137a","ranges":[{"kind":"range","marks":[],"text":""}]}]},{"kind":"text","key":"8d3814017ff64346bc6ad132633a6b91","ranges":[{"kind":"range","marks":[],"text":". The exploration result will be saved as a PNG picture to your local file system."}]}]},{"kind":"block","type":"heading-3","key":"e9574f4c2b924c1f94281697d7266adb","isVoid":false,"data":{"id":"TigerGraphGraphStudioUIGuide-ChangeSettings"},"nodes":[{"kind":"text","key":"c8d9a450de624b038dc5e9fb85973d67","ranges":[{"kind":"range","marks":[],"text":"Change Settings"}]}]},{"kind":"block","type":"paragraph","key":"f813249413ae46ca8f618a15ac4edcf9","isVoid":false,"data":{},"nodes":[{"kind":"text","key":"30641c49a08643a9ac3fdcc19ad05acf","ranges":[{"kind":"range","marks":[],"text":"To change graph exploration settings by clicking Settings button"}]},{"kind":"inline","type":"inline-image","key":"54481cf6ea924a639433b59bb2183ff1","isVoid":true,"data":{"assetID":"-LMF5F1yvyD8inWsvLg4","size":"original"},"nodes":[{"kind":"text","key":"41a8e9c9b51c4882a3f56e7ba665836e","ranges":[{"kind":"range","marks":[],"text":""}]}]},{"kind":"text","key":"0c3be33fe377472186c3bb9f787449a7","ranges":[{"kind":"range","marks":[],"text":". Currently you can select what attributes to show for each vertex type and edge type, and set whether to show an object's detailed information in a popup tooltip when the cursor hovers over it. Click Apply and the new settings will take effect."}]}]},{"kind":"block","type":"image","key":"d97b959ad17b4a78bd26b960b4c6c3c3","isVoid":true,"data":{"assetID":"-LMF5aUzLNaVk0vzBXnl","size":"line"},"nodes":[{"kind":"text","key":"7f5b025eeacd48efbfb7f3d3c6c19783","ranges":[{"kind":"range","marks":[],"text":""}]}]},{"kind":"block","type":"paragraph","key":"f61726940b9c4c1d9da073ba6663c184","isVoid":false,"data":{},"nodes":[{"kind":"text","key":"75205d8c16bb4729b40b6732b598b43a","ranges":[{"kind":"range","marks":[],"text":"In the example below, the ID and gender for Person vertices are shown.  The ID and the registered_capital attribute for Company vertices are shown.  "}]}]},{"kind":"block","type":"image","key":"5888a98d8fbb455f99f99770f944d730","isVoid":true,"data":{"assetID":"-LMF5o2-Ph-M30icAfKX","size":"line"},"nodes":[{"kind":"text","key":"0acd4c9f006a4fb8875876d210843b4d","ranges":[{"kind":"range","marks":[],"text":""}]}]},{"kind":"block","type":"paragraph","key":"0e0c809fffa9432e844e8b5e90ec355d","isVoid":false,"data":{},"nodes":[{"kind":"text","key":"f956e30eb6ad4eb9a27f5a338397f31a","ranges":[{"kind":"range","marks":[],"text":"You can also config the label size of vertices and edges."}]}]},{"kind":"block","type":"image","key":"e1b761399f824df890de0da75ab7cf61","isVoid":true,"data":{"assetID":"-LX0MMKZxx5IARVQcwKe","size":"line"},"nodes":[{"kind":"text","key":"bab6a8b0d96c42e68fbf90ab7729da6c","ranges":[{"kind":"range","marks":[],"text":""}]}]},{"kind":"block","type":"paragraph","key":"cf038294956d45e98302715eee5d57fb","isVoid":false,"data":{},"nodes":[{"kind":"text","key":"01e8e2f391754a8ea37b45e0bd0baf0e","ranges":[{"kind":"range","marks":[],"text":"Other than the above, you can also config vertex and edge size and color to augment the visualization in settings. It is so important that we will use next independent section to introduce. "}]}]},{"kind":"block","type":"heading-2","key":"e9cee3c8b680424d9d90d28485ca9e19","isVoid":false,"data":{"id":"augment-graph-vis-result"},"nodes":[{"kind":"text","key":"ffb3d57149534d38838d4ebb8e4f55fa","ranges":[{"kind":"range","marks":[],"text":"Augment Graph Visualization Result"}]}]},{"kind":"block","type":"heading-3","key":"d1772910d16546a3ad1ce5c1b0d571cd","isVoid":false,"data":{},"nodes":[{"kind":"text","key":"6e5f1dc4906d4efe98d540d26b7a3bfa","ranges":[{"kind":"range","marks":[],"text":"Set different colors according to attributes and accumulator values"}]}]},{"kind":"block","type":"paragraph","key":"5cb985aacad54eb79d2b8fce05f05e20","isVoid":false,"data":{},"nodes":[{"kind":"text","key":"32aecbcc51e7457b87a0baa593f5c22c","ranges":[{"kind":"range","marks":[],"text":"By default each vertex and edge is rendered as the color you selected in Schema Design page. However, if you want to emphasize some vertices and edges in your visualization result, you can config a different color for them by creating a set of conditions, and assign a different color for each condition. Then vertices and edges satisfying the conditions will be rendered as the newly assigned color. In the Color section of Settings panel, first choose the vertex or edge type you want to set colors, then click the add button"}]},{"kind":"inline","type":"inline-image","key":"e1401070a6f14d0183015f1924defc9e","isVoid":true,"data":{"assetID":"-LMJKSOtW4CbrgKg9ijl","size":"original"},"nodes":[{"kind":"text","key":"54261d9ce80f41c09134e9419b72efde","ranges":[{"kind":"range","marks":[],"text":""}]}]},{"kind":"text","key":"3910afb690ec4b169f2680491f4b0fae","ranges":[{"kind":"range","marks":[],"text":". A new color config entry appears: "}]}]},{"kind":"block","type":"image","key":"c643313d592742dcafee7908dd23aaa5","isVoid":true,"data":{"assetID":"-LMJKquMziQgxN98D391","size":"line"},"nodes":[{"kind":"text","key":"cc639eafe5ab4aec98d528eb3402b37c","ranges":[{"kind":"range","marks":[],"text":""}]}]},{"kind":"block","type":"paragraph","key":"ae2c8815574047d98a62ce9032cb67f8","isVoid":false,"data":{},"nodes":[{"kind":"text","key":"f49a168e80ad44e886ef5e9e1903ef49","ranges":[{"kind":"range","marks":[],"text":"Click the Edit color config button"}]},{"kind":"inline","type":"inline-image","key":"36b19e9d6a5e4ba7bcc5d77279110116","isVoid":true,"data":{"assetID":"-LM9jB-qwPTkf1oSJL8F","size":"original"},"nodes":[{"kind":"text","key":"1fe6bebb3f624d948f7bcd550d48e9e3","ranges":[{"kind":"range","marks":[],"text":""}]}]},{"kind":"text","key":"1ec8e3f3ddff4d1d975e5f7af011ac4d","ranges":[{"kind":"range","marks":[],"text":", in the pop up window choose red color, and build a condition specifying @PageRankScore >= 1.0:  "}]}]},{"kind":"block","type":"image","key":"56f1c9db51c043ddbc8a75296fa64f29","isVoid":true,"data":{"assetID":"-LMJZej-mSNbjYOuL1Bw","size":"line"},"nodes":[{"kind":"text","key":"fb736a2c76754d2bbaa2b804f934e26a","ranges":[{"kind":"range","marks":[],"text":""}]}]},{"kind":"block","type":"paragraph","key":"7d05bb0a6b764d73b97f20f9471d940b","isVoid":false,"data":{},"nodes":[{"kind":"text","key":"3c06293c523143c998da9820d21f703e","ranges":[{"kind":"range","marks":[],"text":"Click ADD, and the condition and updated color is shown in the Color settings section:   "}]}]},{"kind":"block","type":"image","key":"c62335627eee45b897e7e9566a7e3bb2","isVoid":true,"data":{"assetID":"-LMJ_HHkjP53NEdmaD4b","size":"line"},"nodes":[{"kind":"text","key":"bc1d67bbb4c8425988a46db19830f98c","ranges":[{"kind":"range","marks":[],"text":""}]}]},{"kind":"block","type":"paragraph","key":"805799d158bd403f8d54885d6023d166","isVoid":false,"data":{},"nodes":[{"kind":"text","key":"3363b5ffcfc7438ba769532a52db9fd9","ranges":[{"kind":"range","marks":[],"text":"Similarly, you can add another color config that @PageRankScore between [0.5, 1) will be green. The final Color settings section will look like:  "}]}]},{"kind":"block","type":"image","key":"b0f4be6459d3481686bf912f1a036593","isVoid":true,"data":{"assetID":"-LMJa1-scqM331pfXt7L","size":"line"},"nodes":[{"kind":"text","key":"7fb000e7af974367b7a81989f61e086b","ranges":[{"kind":"range","marks":[],"text":""}]}]},{"kind":"block","type":"paragraph","key":"8d78cb3610694f5d97185fee1ac4f3bd","isVoid":false,"data":{},"nodes":[{"kind":"text","key":"208603ae205f4dd8a3b12f2e08945450","ranges":[{"kind":"range","marks":[],"text":"Click the APPLY button, then the different vertices will be rendered as different colors based on their page rank score ranges:  "}]}]},{"kind":"block","type":"image","key":"e0b625f39fae4fb78e4e580f7ac57536","isVoid":true,"data":{"assetID":"-LMJaod7wVAHnU0x9-HA","size":"line"},"nodes":[{"kind":"text","key":"1d2b6e48577d4816bc640436c363373d","ranges":[{"kind":"range","marks":[],"text":""}]}]},{"kind":"block","type":"paragraph","key":"03b1d3b3522240f9acc566b85ebb74e8","isVoid":false,"data":{},"nodes":[{"kind":"text","key":"063cca59c26a4c0eb566775e46d8256c","ranges":[{"kind":"range","marks":[],"text":"Similarly, you can change color of edges."}]}]},{"kind":"block","type":"paragraph","key":"c9b6f4203eac454d9fc20640bf2c2f4f","isVoid":false,"data":{},"nodes":[{"kind":"text","key":"92d6e31dae9e47ffaf0d97049f1c7bd7","ranges":[{"kind":"range","marks":[],"text":"If you want to cancel one color configuration, just click the remove button"}]},{"kind":"inline","type":"inline-image","key":"7e5eef4afa5641cab3e6bd1ff2c0ff70","isVoid":true,"data":{"assetID":"-LMKKZ2Zxrc08tVtGJtK","size":"original"},"nodes":[{"kind":"text","key":"5d701d38f4df4bf5b8d4789834051fac","ranges":[{"kind":"range","marks":[],"text":""}]}]},{"kind":"text","key":"6e09986ca92541d2b3a0e8e0cd0e04cf","ranges":[{"kind":"range","marks":[],"text":"to the right side of that configuration."}]}]},{"kind":"block","type":"heading-3","key":"6f1d0e0226cc4af98a3d8103b5bd0d40","isVoid":false,"data":{},"nodes":[{"kind":"text","key":"6e46703dd4fc4654b93fa386b0bf66cc","ranges":[{"kind":"range","marks":[],"text":"Set different vertex radius and edge thickness according to attributes and accumulator values"}]}]},{"kind":"block","type":"paragraph","key":"99a89508ac744286801ccba0171a3616","isVoid":false,"data":{},"nodes":[{"kind":"text","key":"8e3ec1c45689466c938279bc0f9970c8","ranges":[{"kind":"range","marks":[],"text":"By default all vertices are of radius 40, and all edges are of thickness 2. You can config vertex radius and edge thickness according to their attributes or numeric accumulator values of GSQL query result. A classical example is page rank. You can set vertices radius proportional to their page rank values, then the importance of each vertex is visually apparent according to its size."}]}]},{"kind":"block","type":"paragraph","key":"859a42276bcb4c8dbdeed2f027c2ad35","isVoid":false,"data":{},"nodes":[{"kind":"text","key":"4657a87eac464702b4700f64285340d9","ranges":[{"kind":"range","marks":[],"text":"First choose the vertex type you want to config its radius, then click the Edit button"}]},{"kind":"inline","type":"inline-image","key":"6f0dd9ed05b94aa3951f6cf0c4e6dd5f","isVoid":true,"data":{"assetID":"-LM9jB-qwPTkf1oSJL8F","size":"original"},"nodes":[{"kind":"text","key":"c2fae68e257e4f469c094ff4aa2fbe3f","ranges":[{"kind":"range","marks":[],"text":""}]}]},{"kind":"text","key":"7a80706acc4d4511952dbee5b8594998","ranges":[{"kind":"range","marks":[],"text":"in Radius section. In the popup window you can create the radius expression:"}]}]},{"kind":"block","type":"image","key":"02f42adfc58a4014a65096037a362912","isVoid":true,"data":{"assetID":"-LMKJohdjk_4zp5tV15r","size":"line"},"nodes":[{"kind":"text","key":"80971552c7c04e92a92c8211bfd5d7cb","ranges":[{"kind":"range","marks":[],"text":""}]}]},{"kind":"block","type":"paragraph","key":"f2b05903dcf6407fab6ecda2443cccbd","isVoid":false,"data":{},"nodes":[{"kind":"text","key":"a3f6186b957043db8166a44fc5d7bad4","ranges":[{"kind":"range","marks":[],"text":"After click ADD button, the radius expression will be shown in Radius section:"}]}]},{"kind":"block","type":"image","key":"4f47db39acd742ecbec3d7b4ed9a0b86","isVoid":true,"data":{"assetID":"-LMJ6qaGB4cNtIiKAHJd","size":"line"},"nodes":[{"kind":"text","key":"c1f2388b5d924bc7a1a2d5f26831921f","ranges":[{"kind":"range","marks":[],"text":""}]}]},{"kind":"block","type":"paragraph","key":"c9916e3fef524f0ca6290ba396ab5d2b","isVoid":false,"data":{},"nodes":[{"kind":"text","key":"095adce53bd74316a1f04d6a29600ed7","ranges":[{"kind":"range","marks":[],"text":"After click APPLY button, the vertices will be rendered in different size according to the expression value:"}]}]},{"kind":"block","type":"image","key":"e5065468b0e549179750b21b6896162a","isVoid":true,"data":{"assetID":"-LMJ6u_Uwtp_bZhy6sxW","size":"line"},"nodes":[{"kind":"text","key":"20dbcf50fd0243188630d81ff29ad11f","ranges":[{"kind":"range","marks":[],"text":""}]}]},{"kind":"block","type":"paragraph","key":"5ca1a037d4a94814a798ba41d30a2f5d","isVoid":false,"data":{},"nodes":[{"kind":"text","key":"96cd506c94f74500bef36f0c4d12c331","ranges":[{"kind":"range","marks":[],"text":"Similarly, you can config different thickness for the edges."}]}]},{"kind":"block","type":"paragraph","key":"ad4aae40eda74f0b97725cdec5fcd412","isVoid":false,"data":{},"nodes":[{"kind":"text","key":"a51836ba37d443febcda40bad420e49b","ranges":[{"kind":"range","marks":[],"text":"If you want to cancel the vertex radius or edge thickness configuration, click Edit button in Radius or Thickness section, in the pop up window choose None in the top level expression dropdown list:  "}]}]},{"kind":"block","type":"image","key":"d221dd8f74594a3294caf774af5ceb55","isVoid":true,"data":{"assetID":"-LMOPxiwiOUGvBmcUWbh","size":"line"},"nodes":[{"kind":"text","key":"7df22f53fa7e4922a4b7c0fd86159ef5","ranges":[{"kind":"range","marks":[],"text":""}]}]},{"kind":"block","type":"paragraph","key":"989f5dcf01014f33b522c1733dc3928b","isVoid":false,"data":{},"nodes":[{"kind":"text","key":"8a92db1c034d432a830efb1fc75447ef","ranges":[{"kind":"range","marks":[],"text":"Click ADD, then click APPLY. The size will be changed back to uniform."}]}]},{"kind":"block","type":"paragraph","key":"5d7ba0bf33374e81a385a7d8d351dae5","isVoid":false,"data":{},"nodes":[{"kind":"text","key":"5e6be9a5dd854ae8acedb34cf1c5d2ce","ranges":[{"kind":"range","marks":[],"text":"The size and color can be configured at same time. Here is the effect of setting both color and size for page rank vertices:   "}]}]},{"kind":"block","type":"image","key":"cf74a70bce784e58ab9102cb4e9f3ede","isVoid":true,"data":{"assetID":"-LMOSKohWSyxz1Z7A76U","size":"line"},"nodes":[{"kind":"text","key":"e9c42bcfaab24f70ada5c63493db3090","ranges":[{"kind":"range","marks":[],"text":""}]}]},{"kind":"block","type":"image","key":"630bef955bcc4161a32bdf6becd2cb12","isVoid":true,"data":{"assetID":"-LMORlUMsHxaZ5xOzKwr","size":"line"},"nodes":[{"kind":"text","key":"479bc0e27040468dbab2d6af9c57a0be","ranges":[{"kind":"range","marks":[],"text":""}]}]},{"kind":"block","type":"paragraph","key":"8dac05007215414da0b7d2873fdbada4","isVoid":false,"data":{},"nodes":[{"kind":"text","key":"7ddb6e61a47245b5875a583436ae21d8","ranges":[{"kind":"range","marks":[],"text":""}]}]}]}}