{"format_version":1,"document":{"kind":"document","key":"3cfc6d06c6c643dcb53781427e311a6d","data":{"schema_version":5},"nodes":[{"kind":"block","type":"paragraph","key":"7ad4ad760734412e9f46a73aae17d50b","isVoid":false,"data":{},"nodes":[{"kind":"text","key":"bb5e9312b10a4713a6c0ec84b326726a","ranges":[{"kind":"range","marks":[],"text":"GraphStudio is not perfect, like any other software. The following issues are known and will be fixed in the future."}]}]},{"kind":"block","type":"heading-2","key":"4b38714ef1d8437d8c69d87d48494a5f","isVoid":false,"data":{},"nodes":[{"kind":"text","key":"85923009a28a4bdb85ce82ba90d80584","ranges":[{"kind":"range","marks":[],"text":"After upgrading to v2.4, data mappings created in earlier versions of GraphStudio will disappear."}]}]},{"kind":"block","type":"paragraph","key":"13630b7a00c24e56a6fa719594d7e7a2","isVoid":false,"data":{},"nodes":[{"kind":"text","key":"599c452013a6474a97b0b94c238ab377","ranges":[{"kind":"range","marks":[],"text":"GraphStudio v2.4 changes internal loading job generation. Older version data mappings are deprecated. Please contact TigerGraph support if you need to migrate them from an earlier version."}]}]},{"kind":"block","type":"heading-2","key":"a5e6c1963661407199c91b5b244d14a7","isVoid":false,"data":{},"nodes":[{"kind":"text","key":"a6b7a4a138c04853be930bf91c3ac0b2","ranges":[{"kind":"range","marks":[],"text":"Integers larger than 2^53 - 1 may lose precision."}]}]},{"kind":"block","type":"paragraph","key":"fab2683dfefa4e68bad7933339c21d7d","isVoid":false,"data":{},"nodes":[{"kind":"text","key":"af423559801248fe985a4ebc5241283a","ranges":[{"kind":"range","marks":[],"text":"Read more at "}]},{"kind":"inline","type":"link","key":"5639adb8b2d3447cb9e7e65d7e74e89a","isVoid":false,"data":{"href":"https://stackoverflow.com/questions/307179/what-is-javascripts-highest-integer-value-that-a-number-can-go-to-without-losin"},"nodes":[{"kind":"text","key":"fb3367646bea43d2baa2b8f5fd55f7e7","ranges":[{"kind":"range","marks":[],"text":"https://stackoverflow.com/questions/307179/what-is-javascripts-highest-integer-value-that-a-number-can-go-to-without-losin"}]}]},{"kind":"text","key":"483b5f08ef144a92a811db667057c76c","ranges":[{"kind":"range","marks":[],"text":"."}]}]},{"kind":"block","type":"paragraph","key":"385fa23925c5460ca375febaf55bbc99","isVoid":false,"data":{},"nodes":[{"kind":"text","key":"60ba7ac3910d40ed8e2d3be2bc732cb6","ranges":[{"kind":"range","marks":[],"text":"In the future, GraphStudio will use BigInt to solve this problem."}]}]},{"kind":"block","type":"heading-2","key":"d631cdafa6f9464ba01598df91dbc3a6","isVoid":false,"data":{"id":"TigerGraphGraphStudioUIGuide-GraphExplorationResultDisappears"},"nodes":[{"kind":"text","key":"0e41d5d1b73144eaacf2fdd47b76a1f6","ranges":[{"kind":"range","marks":[],"text":"Change Color From Gray To Another Color"}]}]},{"kind":"block","type":"paragraph","key":"7f03ba84ff264a008cfa5a448bfcdd36","isVoid":false,"data":{},"nodes":[{"kind":"text","key":"6b133bef374845a5a1bd4e9e0a051262","ranges":[{"kind":"range","marks":[],"text":"Since we upgraded the color picker library to new version, we find that if you set color to grey (left or bottom border of the color picker), then it will be locked to red as its pivot color. In this case when you try to change the pivot color, like this:"}]}]},{"kind":"block","type":"paragraph","key":"374302b4f3774216b6d2e269a76edb06","isVoid":false,"data":{},"nodes":[{"kind":"text","key":"1d6e85e60b1f447893010d8530b0d25c","ranges":[{"kind":"range","marks":[],"text":""}]},{"kind":"inline","type":"inline-image","key":"9aba606e3a254fc3a21e21a16342dc22","isVoid":true,"data":{"assetID":"-LMPk_JnMEVYeqiH_Gb4","size":"original"},"nodes":[{"kind":"text","key":"a74b13bbd2684a3f8f5fec001f8a1df7","ranges":[{"kind":"range","marks":[],"text":""}]}]},{"kind":"text","key":"a59bbb1d3c264ff28fc76d255eadfce1","ranges":[{"kind":"range","marks":[],"text":" "}]}]},{"kind":"block","type":"paragraph","key":"9fdf9a35296b4c1aa1830f7f54005d86","isVoid":false,"data":{},"nodes":[{"kind":"text","key":"21a48f2a560e487386d11ddc0d7d1808","ranges":[{"kind":"range","marks":[],"text":"When you release mouse, it will be back to red:"}]}]},{"kind":"block","type":"paragraph","key":"078d1e58257d4099817372a9b2b68e52","isVoid":false,"data":{},"nodes":[{"kind":"text","key":"6a826228df9144e8af3b580d17bde222","ranges":[{"kind":"range","marks":[],"text":""}]},{"kind":"inline","type":"inline-image","key":"1437a7e83d4d49e1b7dca0df0dcd96ed","isVoid":true,"data":{"assetID":"-LMPlHbL5BUdn6fQRAe4","size":"original"},"nodes":[{"kind":"text","key":"d18819fefef740128b25216b856ab0c3","ranges":[{"kind":"range","marks":[],"text":""}]}]},{"kind":"text","key":"9bbdee21135f46d1a3458d5986b5039c","ranges":[{"kind":"range","marks":[],"text":" "}]}]},{"kind":"block","type":"paragraph","key":"f7c0406a387e41caae2f9ab153dbdb0a","isVoid":false,"data":{},"nodes":[{"kind":"text","key":"4a066c9655314c88a9e6f0f2fcc0610c","ranges":[{"kind":"range","marks":[],"text":"You need first drag the indicator in the above panel to leave the border:"}]}]},{"kind":"block","type":"paragraph","key":"35bc30d3c351483d84940fadc381b807","isVoid":false,"data":{},"nodes":[{"kind":"text","key":"d2f51578a89342f4a79f9ce6480647f4","ranges":[{"kind":"range","marks":[],"text":""}]},{"kind":"inline","type":"inline-image","key":"be58c9928a534d1f96b34ccd129308fa","isVoid":true,"data":{"assetID":"-LMPuda2VYslAqUzZ11v","size":"original"},"nodes":[{"kind":"text","key":"bf61eddefe2442ac8d6212c21a27c2c5","ranges":[{"kind":"range","marks":[],"text":""}]}]},{"kind":"text","key":"c6bcd59435ef48f6ae623e5e50327a4b","ranges":[{"kind":"range","marks":[],"text":" "}]}]},{"kind":"block","type":"paragraph","key":"11dc8a018c9e4d07b008d0cca229e146","isVoid":false,"data":{},"nodes":[{"kind":"text","key":"c3e7ad20971c423ebeebc8a06b4a8af3","ranges":[{"kind":"range","marks":[],"text":"Then change the pivot color in the color stripe. Like this:"}]}]},{"kind":"block","type":"paragraph","key":"e7110af736224de8a52f009d0233d30f","isVoid":false,"data":{},"nodes":[{"kind":"text","key":"449367df148441ac81485b2e3b506be2","ranges":[{"kind":"range","marks":[],"text":""}]},{"kind":"inline","type":"inline-image","key":"6647cc7bbe2f4abfb6239253c7c59f71","isVoid":true,"data":{"assetID":"-LMPugHq2r4GaqYgD6wd","size":"original"},"nodes":[{"kind":"text","key":"70c11624d28e462983680605c884776e","ranges":[{"kind":"range","marks":[],"text":""}]}]},{"kind":"text","key":"37d89d95ac48481c8fb12586700602dc","ranges":[{"kind":"range","marks":[],"text":" "}]}]},{"kind":"block","type":"heading-2","key":"a62ff57df387483c9974a74dd894c096","isVoid":false,"data":{"id":"TigerGraphGraphStudioUIGuide-GraphExplorationResultDisappears"},"nodes":[{"kind":"text","key":"4ac7e4415d194f3ebb2a8779eeb08f3f","ranges":[{"kind":"range","marks":[],"text":"Graph Exploration Result Disappears"}]}]},{"kind":"block","type":"paragraph","key":"21c9bdb0d8644e1f9bb27dc69ce58182","isVoid":false,"data":{},"nodes":[{"kind":"text","key":"171b08f1a0c34f279292cad1530af1c6","ranges":[{"kind":"range","marks":[],"text":"Sometimes when you double-click a vertex, the graph exploration result disappears. This is only a front-end rendering issue. The data is still there. \n"},{"kind":"range","marks":[{"kind":"mark","data":{},"type":"bold"}],"text":"Workaround "},{"kind":"range","marks":[],"text":": click the change layout button"}]},{"kind":"inline","type":"inline-image","key":"90ff467b7c9f49548288c8d8ca42c9bd","isVoid":true,"data":{"assetID":"-LMF-tkdmh_ZF0a5-XPp","size":"original"},"nodes":[{"kind":"text","key":"3a3a0ddb2716416290a10ac96b2bd62b","ranges":[{"kind":"range","marks":[],"text":""}]}]},{"kind":"text","key":"ac36dcd3797b4f6e96aa0248e44f1d8e","ranges":[{"kind":"range","marks":[],"text":", and choose any layout. Everything will be rendered."}]}]},{"kind":"block","type":"heading-2","key":"b98daeb32c694e61a1d02c87aa6a64dc","isVoid":false,"data":{"id":"TigerGraphGraphStudioUIGuide-EdgeResponseAreaIsTooBig"},"nodes":[{"kind":"text","key":"0c111a01ce1b49f78861c67beb3e6c99","ranges":[{"kind":"range","marks":[],"text":"Edge Response Area Is Too Big"}]}]},{"kind":"block","type":"paragraph","key":"ebef3a98303b4502a9bc9aa9d5217426","isVoid":false,"data":{},"nodes":[{"kind":"text","key":"bfdc0095e048493c94097257b92ad08b","ranges":[{"kind":"range","marks":[],"text":"When there are edges very close to one another, their click response areas may overlap, making it hard to select the edge you want. This happens after zoom-in / zoom-out or connecting to another screen sometimes. \n"},{"kind":"range","marks":[{"kind":"mark","data":{},"type":"bold"}],"text":"Workaround"},{"kind":"range","marks":[],"text":": click a blank place in the working panel then zoom-in and zoom-out. The response area will back to normal."}]}]},{"kind":"block","type":"heading-2","key":"b7310a4e21e1421596d10e04dfbf51bc","isVoid":false,"data":{},"nodes":[{"kind":"text","key":"f4c38d3e5944442289989f6b94faeee0","ranges":[{"kind":"range","marks":[],"text":"You Cannot Use Fixed Binary Type Attributes"}]}]},{"kind":"block","type":"paragraph","key":"584c88acf2664a3dae44721079e173de","isVoid":false,"data":{},"nodes":[{"kind":"text","key":"5c115f035abb402d96a804f2ca7aba11","ranges":[{"kind":"range","marks":[],"text":"Currently GraphStudio doesn't support fixed binary type attributes in schema. If you create your graph schema from GSQL with such attributes, GraphStudio will refuse to work. We will support this feature in future releases."}]}]},{"kind":"block","type":"heading-2","key":"136b374f135f4e58bf4f1b9673b35901","isVoid":false,"data":{},"nodes":[{"kind":"text","key":"31434740f39947eb9194d102c5da4c07","ranges":[{"kind":"range","marks":[],"text":"Loading Jobs Created From GSQL Won't Be Shown"}]}]},{"kind":"block","type":"paragraph","key":"4bfd9b5db9214002869e61f90a93e8df","isVoid":false,"data":{},"nodes":[{"kind":"text","key":"27439ddc18f0416f8147fc6d02a917c0","ranges":[{"kind":"range","marks":[],"text":"GraphStudio can only recognize data mapping procedures created through GUI. If you create loading jobs from GSQL, they won't be shown in GraphStudio."}]}]},{"kind":"block","type":"heading-2","key":"cb013d5daf5a4847832f8d0021a4bd25","isVoid":false,"data":{},"nodes":[{"kind":"text","key":"42761ddb7850486782c02d144e03a315","ranges":[{"kind":"range","marks":[],"text":"You Cannot Map Data To Map and UDT Type Attributes"}]}]},{"kind":"block","type":"paragraph","key":"8814bb24c85244f09c45cc0856867a72","isVoid":false,"data":{},"nodes":[{"kind":"text","key":"b079f210fd3e4131adb359ef2069a397","ranges":[{"kind":"range","marks":[],"text":"Currently you cannot map data to map and UDT type attributes in GraphStudio. We will support this feature in future releases."}]}]},{"kind":"block","type":"heading-2","key":"a405e19a345c48ecac884c94a04e8243","isVoid":false,"data":{},"nodes":[{"kind":"text","key":"fdcc4a6aae1f419e825716413788e5d4","ranges":[{"kind":"range","marks":[],"text":"You Cannot Modify Schema In Multiple Graphs Scenario"}]}]},{"kind":"block","type":"paragraph","key":"99b4692ebfc446259af7fb7422a0a071","isVoid":false,"data":{},"nodes":[{"kind":"text","key":"6b5aa397805c4d08a12996e2387cbca8","ranges":[{"kind":"range","marks":[],"text":"Currently you cannot modify your schema in GraphStudio if there are more than one graph in TigerGraph system. "}]}]},{"kind":"block","type":"paragraph","key":"2d363df9662e4c588f74038c00e0ad5b","isVoid":false,"data":{},"nodes":[{"kind":"text","key":"f45e4d76fe48497c89343949e2faa14f","ranges":[{"kind":"range","marks":[{"kind":"mark","data":{},"type":"bold"}],"text":"Workaround"},{"kind":"range","marks":[],"text":": you can still change the schema in GSQL and GraphStudio will work smoothly with your modified schema."}]}]},{"kind":"block","type":"heading-2","key":"2b6d37b19ff245b0aa3a5bc7fb4c1655","isVoid":false,"data":{"id":"TigerGraphGraphStudioUIGuide-ReportBugsToUs"},"nodes":[{"kind":"text","key":"af681db401134139b35fccafd34c346b","ranges":[{"kind":"range","marks":[],"text":"Report Bugs To Us"}]}]},{"kind":"block","type":"paragraph","key":"3f42ff24f4f2457f9135484b27f937c5","isVoid":false,"data":{},"nodes":[{"kind":"text","key":"febff37e82f643d687ac354a4eb94b3a","ranges":[{"kind":"range","marks":[],"text":"If you find any bugs, please report them to "}]},{"kind":"inline","type":"link","key":"432291df14d845e1b5526a6ad087d60d","isVoid":false,"data":{"href":"mailto:support@tigergraph.com."},"nodes":[{"kind":"text","key":"7234cfb6c0d342be841f0763a3b86730","ranges":[{"kind":"range","marks":[],"text":"support@tigergraph.com. "}]}]},{"kind":"text","key":"9fb6c4a9a5c5426b87176cce4400d104","ranges":[{"kind":"range","marks":[],"text":"We really appreciate it!\n"}]}]}]}}