{"format_version":1,"document":{"kind":"document","key":"11f6cda15039439698c336fe9aae616a","data":{"schema_version":6},"nodes":[{"kind":"block","type":"paragraph","key":"c6c07c2d21e54350a2aef93f4f9b54ee","isVoid":false,"data":{},"nodes":[{"kind":"text","key":"392ad97a44474f0795c148cb79a60b29","ranges":[{"kind":"range","marks":[],"text":"After creating a graph schema, the next step is to load data into it. The task here is to instruct the GSQL loader how to associate (\"map\") the fields in a set of data files to the attributes in your vertex types and edge types of  the graph schema we just defined."}]}]},{"kind":"block","type":"paragraph","key":"c24c3f0cdea94763a3acef19e8952b9f","isVoid":false,"data":{},"nodes":[{"kind":"text","key":"e653c9cf8ea847f094694dde2a71c7d6","ranges":[{"kind":"range","marks":[],"text":"You should have the two data files person.csv and friendship.csv on your local disk. It's not necessary that they are in the same folder with you."}]}]},{"kind":"block","type":"paragraph","key":"4453c195e3b04515a60f062de77cf23a","isVoid":false,"data":{},"nodes":[{"kind":"text","key":"d8d7c1dbdd6e4373a18e36929c5b1511","ranges":[{"kind":"range","marks":[],"text":"If you need to exit the GSQL shell for any reason, you can do so by typing \"quit\" without the quotes.  Type gsql to enter again."}]}]},{"kind":"block","type":"heading-1","key":"e68c28fa208644ea9f0c867dcb142bbd","isVoid":false,"data":{},"nodes":[{"kind":"text","key":"feff4b4fb5e24633932d78f8d194ef42","ranges":[{"kind":"range","marks":[],"text":"Define a Loading Job"}]}]},{"kind":"block","type":"paragraph","key":"6a2c2f45b3de4eb388eacb139caa23f8","isVoid":false,"data":{},"nodes":[{"kind":"text","key":"85b1f46abe0d4524a284772cb4d24c2e","ranges":[{"kind":"range","marks":[],"text":"The loading job below assumes that your data files are in the folder "},{"kind":"range","marks":[{"kind":"mark","data":{},"type":"code"}],"text":"/home/tigergraph"},{"kind":"range","marks":[],"text":". If they are elsewhere, then in the loading job script below replace "},{"kind":"range","marks":[{"kind":"mark","data":{},"type":"code"}],"text":"/home/tigergraph/person.csv"},{"kind":"range","marks":[],"text":" and "},{"kind":"range","marks":[{"kind":"mark","data":{},"type":"code"}],"text":"/home/tigergraph/friendship.csv"},{"kind":"range","marks":[],"text":" with their corresponding file path respectively. Assuming you're (back) in the GSQL shell, enter the following set of commands."}]}]},{"kind":"block","type":"code","key":"44d9fb5c9eef49048e18d68cdbd82ec5","isVoid":false,"data":{"syntax":"sql","title":"GSQL commands to define a loading job"},"nodes":[{"kind":"block","type":"code-line","key":"f5493d8753894d19a69f192e7e042221","isVoid":false,"data":{},"nodes":[{"kind":"text","key":"bffbcbfd9fa24abc816754e870976b00","ranges":[{"kind":"range","marks":[],"text":"USE GRAPH social"}]}]},{"kind":"block","type":"code-line","key":"47b53c9fa91749ccab5ace74d9f502fb","isVoid":false,"data":{},"nodes":[{"kind":"text","key":"11cd2a01714c4624bd2e1e033d982085","ranges":[{"kind":"range","marks":[],"text":"BEGIN"}]}]},{"kind":"block","type":"code-line","key":"fcb61c3efd33460db9a0507794bc86ef","isVoid":false,"data":{},"nodes":[{"kind":"text","key":"7c5ba1b0ff4e4a4b8d5c3e5c83877e27","ranges":[{"kind":"range","marks":[],"text":"CREATE LOADING JOB load_social FOR GRAPH social {"}]}]},{"kind":"block","type":"code-line","key":"4b3d915faedf42adb653ae5062babe3e","isVoid":false,"data":{},"nodes":[{"kind":"text","key":"7d36e4aa164a4a65881cfb6d569469c7","ranges":[{"kind":"range","marks":[],"text":"   DEFINE FILENAME file1=\"/home/tigergraph/person.csv\";"}]}]},{"kind":"block","type":"code-line","key":"1bc0cfaca7584aa79e340b6aed82ac92","isVoid":false,"data":{},"nodes":[{"kind":"text","key":"9e99712e3a85403a932c9f5ed69574eb","ranges":[{"kind":"range","marks":[],"text":"   DEFINE FILENAME file2=\"/home/tigergraph/friendship.csv\";"}]}]},{"kind":"block","type":"code-line","key":"9e7ade32d53f4c76a2acbb35bd1dc975","isVoid":false,"data":{},"nodes":[{"kind":"text","key":"f26e9d3fa0e1407790e4f6e9394720f4","ranges":[{"kind":"range","marks":[],"text":""}]}]},{"kind":"block","type":"code-line","key":"72956f4b374e436eb3a4d5da40c03792","isVoid":false,"data":{},"nodes":[{"kind":"text","key":"a5ee70049da44ac598196aae7f68daa6","ranges":[{"kind":"range","marks":[],"text":"   LOAD file1 TO VERTEX person VALUES ($\"name\", $\"name\", $\"age\", $\"gender\", $\"state\") USING header=\"true\", separator=\",\";"}]}]},{"kind":"block","type":"code-line","key":"a9a47ddc13784d3e8a0c0a5485110170","isVoid":false,"data":{},"nodes":[{"kind":"text","key":"451a0b44623343fba46a67aba2ce720f","ranges":[{"kind":"range","marks":[],"text":"   LOAD file2 TO EDGE friendship VALUES ($0, $1, $2) USING header=\"true\", separator=\",\";"}]}]},{"kind":"block","type":"code-line","key":"babf43bf6ede4270a7b47d652c691ec3","isVoid":false,"data":{},"nodes":[{"kind":"text","key":"d3825c4629e749a3ae857f20b4294e56","ranges":[{"kind":"range","marks":[],"text":"}"}]}]},{"kind":"block","type":"code-line","key":"381f6a9fb6924a2180f95a108f7180fc","isVoid":false,"data":{},"nodes":[{"kind":"text","key":"6790e5e7ce3a4de195ecc74ba236f5c5","ranges":[{"kind":"range","marks":[],"text":"END"}]}]}]},{"kind":"block","type":"paragraph","key":"14ef2ff10f9c417faafd89461c27f9f0","isVoid":false,"data":{},"nodes":[{"kind":"text","key":"6ebf2077c4594a74943355ad713fa53d","ranges":[{"kind":"range","marks":[],"text":"Let's walk through the commands:"}]}]},{"kind":"block","type":"list-unordered","key":"5f4433dbab6343308ceed2c32d4580b6","isVoid":false,"data":{},"nodes":[{"kind":"block","type":"list-item","key":"0f374500a4db472ebdd9f01a31d8d89f","isVoid":false,"data":{},"nodes":[{"kind":"block","type":"paragraph","key":"62eea4ac146f419cb592e3813073724b","isVoid":false,"data":{},"nodes":[{"kind":"text","key":"1fb987343cc245f39f27db9221e8bc61","ranges":[{"kind":"range","marks":[{"kind":"mark","data":{},"type":"code"}],"text":"USE GRAPH social"},{"kind":"range","marks":[],"text":" : \nTells GSQL which graph you want to work with."}]}]}]},{"kind":"block","type":"list-item","key":"cff2f72ffd974e5b87702cf071b612e0","isVoid":false,"data":{},"nodes":[{"kind":"block","type":"paragraph","key":"adc41d5063654bb68778897994e0ed98","isVoid":false,"data":{},"nodes":[{"kind":"text","key":"634c23d419434235a101b4d9db4d75e0","ranges":[{"kind":"range","marks":[{"kind":"mark","data":{},"type":"code"}],"text":"BEGIN ... END"},{"kind":"range","marks":[],"text":": \nIndicates multiple-line mode.  The GSQL shell will treat everything between these markers as a single statement.  These is only needed for interactive mode.  If you run GSQL statements that are stored in a command file, the command interpreter will study your whole file, so it doesn't need the BEGIN and END hints."}]}]}]},{"kind":"block","type":"list-item","key":"da1dc5e298be444bb4923b083cbddbf7","isVoid":false,"data":{},"nodes":[{"kind":"block","type":"paragraph","key":"9bdd18a294434c469d4fcd3c2234e5e3","isVoid":false,"data":{},"nodes":[{"kind":"text","key":"317ffc224b13463f81e051b964f484cf","ranges":[{"kind":"range","marks":[{"kind":"mark","data":{},"type":"code"}],"text":"CREATE LOADING JOB"},{"kind":"range","marks":[],"text":": \nOne loading job can describe the mappings from multiple files to multiple graph objects. Each file must be assigned to a filename variable. The field labels can be either by name or by position. By-name labelling requires a header line in the source file. By-position labelling uses integers to indicate source column position 0, 1,... In the example above, the first LOAD statement refers to the source file columns by name, whereas the second LOAD statement refers to the source file columns by position. Note the following details:"}]}]},{"kind":"block","type":"list-unordered","key":"9da3edf56e89467787f575c1854815d6","isVoid":false,"data":{},"nodes":[{"kind":"block","type":"list-item","key":"2ea27daf42dd4d2c8a18129c5a257dca","isVoid":false,"data":{},"nodes":[{"kind":"block","type":"paragraph","key":"aa563752227a4007976d3dee69ed0813","isVoid":false,"data":{},"nodes":[{"kind":"text","key":"7b4cd5f6c31d430287a5094d9352c217","ranges":[{"kind":"range","marks":[],"text":"The column \"name\" in file1 gets mapped to two fields, both the PRIMARY_ID and the \"name\" attribute of the person vertex."}]}]}]},{"kind":"block","type":"list-item","key":"bce081e2aaef40239681003f42e7d010","isVoid":false,"data":{},"nodes":[{"kind":"block","type":"paragraph","key":"38ee2e32d76f4dacb3fab218a681085a","isVoid":false,"data":{},"nodes":[{"kind":"text","key":"a3d726d7f5804ffb8c84a6f60e6ab1c3","ranges":[{"kind":"range","marks":[],"text":"In file1, gender comes before age.  In the person vertex, gender comes after age. When loading, state your attributes in the order needed by the target object (in this case, the person vertex)."}]}]}]},{"kind":"block","type":"list-item","key":"6866cf4a72e44abe98a2d14a0702f1c2","isVoid":false,"data":{},"nodes":[{"kind":"block","type":"paragraph","key":"86848b76fc7d444cad10226cce3ae6a8","isVoid":false,"data":{},"nodes":[{"kind":"text","key":"e784f59c326c4d21b901a076beb3b3d0","ranges":[{"kind":"range","marks":[],"text":"Each LOAD statement has a USING clause.  Here it tells GSQL that both files contain a header (whether we choose to use the names or not, GSQL still needs to know whether to consider the first line as data or not). It also says the column separator is comma. GSQL can handle any single-character separator, not just commas."}]}]}]}]}]}]},{"kind":"block","type":"paragraph","key":"32a4301e0cac4b47b5c4dba90aabb302","isVoid":false,"data":{},"nodes":[{"kind":"text","key":"cb81d0b823094b3bba40ca4d84da3c82","ranges":[{"kind":"range","marks":[],"text":"When you run the CREATE LOADING JOB statement, GSQL checks for syntax errors and checks that you have data files in the locations specified. If it detects no errors, it compiles and saves your job."}]}]},{"kind":"block","type":"code","key":"d68de45359de476dbffa9c65cde46004","isVoid":false,"data":{"syntax":"coffeescript","title":"GSQL shell"},"nodes":[{"kind":"block","type":"code-line","key":"529a47e61acd44d290552184e882ca17","isVoid":false,"data":{},"nodes":[{"kind":"text","key":"ceb1102be4aa4f0d8f047b62f9253317","ranges":[{"kind":"range","marks":[],"text":"GSQL > USE GRAPH social"}]}]},{"kind":"block","type":"code-line","key":"4fdd5f2643d74bb4af6c7aca6ef88bcc","isVoid":false,"data":{},"nodes":[{"kind":"text","key":"db414605961943208ced1339631e258f","ranges":[{"kind":"range","marks":[],"text":"Using graph 'social'"}]}]},{"kind":"block","type":"code-line","key":"199c6437761b4c598d0f61daaad82cd4","isVoid":false,"data":{},"nodes":[{"kind":"text","key":"fa9b70380b374b51b63f5219db83d3b1","ranges":[{"kind":"range","marks":[],"text":"GSQL > BEGIN"}]}]},{"kind":"block","type":"code-line","key":"9e008b2400e54049af4759db4d707887","isVoid":false,"data":{},"nodes":[{"kind":"text","key":"4d85f0ef509b4738a4727e4218322905","ranges":[{"kind":"range","marks":[],"text":"GSQL > CREATE LOADING JOB load_social FOR GRAPH social {"}]}]},{"kind":"block","type":"code-line","key":"e1b887dea1b54ba69eee531dccea00dc","isVoid":false,"data":{},"nodes":[{"kind":"text","key":"14c66d396c68432b96238b1d072cd3e1","ranges":[{"kind":"range","marks":[],"text":"GSQL >    DEFINE FILENAME file1=\"/home/tigergraph/person.csv\";"}]}]},{"kind":"block","type":"code-line","key":"664318c5451943adb25f3e88751994aa","isVoid":false,"data":{},"nodes":[{"kind":"text","key":"70dcf8db50b841fda5cb56aacc611c33","ranges":[{"kind":"range","marks":[],"text":"GSQL >    DEFINE FILENAME file2=\"/home/tigergraph/friendship.csv\";"}]}]},{"kind":"block","type":"code-line","key":"70bd5127417746a5b20bc943582b2dad","isVoid":false,"data":{},"nodes":[{"kind":"text","key":"eb51c481895c4e6fae226ff529bc6ce4","ranges":[{"kind":"range","marks":[],"text":"GSQL >"}]}]},{"kind":"block","type":"code-line","key":"32ab1ec5824a470aa97973e353d3ef44","isVoid":false,"data":{},"nodes":[{"kind":"text","key":"3ee4e226014c4934ad41203fa0a7441a","ranges":[{"kind":"range","marks":[],"text":"GSQL >    LOAD file1 TO VERTEX person VALUES ($\"name\", $\"name\", $\"age\", $\"gender\", $\"state\") USING header=\"true\", separator=\",\";"}]}]},{"kind":"block","type":"code-line","key":"ad10690c7953469d8cbac9bfeff410d8","isVoid":false,"data":{},"nodes":[{"kind":"text","key":"72f1d1664d634af0abfbdfcf1973d2e9","ranges":[{"kind":"range","marks":[],"text":"GSQL >    LOAD file2 TO EDGE friendship VALUES ($0, $1, $2) USING header=\"true\", separator=\",\";"}]}]},{"kind":"block","type":"code-line","key":"0bebddc49c8a46f8b3896c3759c859b1","isVoid":false,"data":{},"nodes":[{"kind":"text","key":"38076df7ca204fd8a23419cde31e5e33","ranges":[{"kind":"range","marks":[],"text":"GSQL > }"}]}]},{"kind":"block","type":"code-line","key":"99aed7ced92443cc909beeab3eb7a6bf","isVoid":false,"data":{},"nodes":[{"kind":"text","key":"11dba6ccf4e24209ae3237b404cde058","ranges":[{"kind":"range","marks":[],"text":"GSQL > END"}]}]},{"kind":"block","type":"code-line","key":"c4340f39a0da40348ebad2562ec8620e","isVoid":false,"data":{},"nodes":[{"kind":"text","key":"c0dbc078aac541b59fe11abb5008c557","ranges":[{"kind":"range","marks":[],"text":"The job load_social is created."}]}]}]},{"kind":"block","type":"heading-1","key":"1b412b750be74b7cae7191c6321c58b3","isVoid":false,"data":{},"nodes":[{"kind":"text","key":"5fe45e03277141e4b4b0a46d5177e975","ranges":[{"kind":"range","marks":[],"text":"Run a Loading Job"}]}]},{"kind":"block","type":"paragraph","key":"5610f14e8a5643f6a2c52744de05bf1e","isVoid":false,"data":{},"nodes":[{"kind":"text","key":"f50ef6c5e9a94f39b48528f15c362ba5","ranges":[{"kind":"range","marks":[],"text":"You can now run your loading job to load data into your graph:"}]}]},{"kind":"block","type":"code","key":"81aaf4f5147e433b8a2ab21ec564fe5a","isVoid":false,"data":{"syntax":"coffeescript","title":"GSQL command"},"nodes":[{"kind":"block","type":"code-line","key":"4e2eeecbb6ae487c9a27cebc34628117","isVoid":false,"data":{},"nodes":[{"kind":"text","key":"e1c2a025c5a3430681142145fb43a528","ranges":[{"kind":"range","marks":[],"text":"RUN LOADING JOB load_social"}]}]}]},{"kind":"block","type":"paragraph","key":"fb2f2ca5a82046dfb55f148d2612ed8b","isVoid":false,"data":{},"nodes":[{"kind":"text","key":"28e44c9fb99c4af887b16304b8439663","ranges":[{"kind":"range","marks":[],"text":"The result is shown below."}]}]},{"kind":"block","type":"code","key":"27526e001de34438a8cbdb47d1ae08bc","isVoid":false,"data":{"syntax":"bash","title":"GSQL shell"},"nodes":[{"kind":"block","type":"code-line","key":"eee733ae08354203bcd06057380f413b","isVoid":false,"data":{},"nodes":[{"kind":"text","key":"6ceea0fb399f41b199e012ff9999eac8","ranges":[{"kind":"range","marks":[],"text":"GSQL > run loading job load_social"}]}]},{"kind":"block","type":"code-line","key":"221a20f27ef84e968ce0e714464247b4","isVoid":false,"data":{},"nodes":[{"kind":"text","key":"ebd8d03cacce4abf80ecd2f87754909b","ranges":[{"kind":"range","marks":[],"text":"[Tip: Use \"CTRL + C\" to stop displaying the loading status update, then use \"SHOW LOADING STATUS jobid\" to track the loading progress again]"}]}]},{"kind":"block","type":"code-line","key":"9f0076a9991540c192cd71ae88bce4e1","isVoid":false,"data":{},"nodes":[{"kind":"text","key":"ae8f13702807467383b54d3c5fad7be9","ranges":[{"kind":"range","marks":[],"text":"[Tip: Manage loading jobs with \"ABORT/RESUME LOADING JOB jobid\"]"}]}]},{"kind":"block","type":"code-line","key":"6b0da836e7624cc8af0ac78284ac10b8","isVoid":false,"data":{},"nodes":[{"kind":"text","key":"9947985ce44249978a9bf1ed16e0aa8b","ranges":[{"kind":"range","marks":[],"text":"Starting the following job, i.e."}]}]},{"kind":"block","type":"code-line","key":"4cb21f6b011449bbad7362ebd10498e6","isVoid":false,"data":{},"nodes":[{"kind":"text","key":"38b4513825714df6ad9c7abe1e4a8a1a","ranges":[{"kind":"range","marks":[],"text":"  JobName: load_social, jobid: social_m1.1528095850854"}]}]},{"kind":"block","type":"code-line","key":"093f95c426d649a49a517874a3e3ffde","isVoid":false,"data":{},"nodes":[{"kind":"text","key":"9e5235c6f3034c28a551194f30b20bf6","ranges":[{"kind":"range","marks":[],"text":"  Loading log: '/home/tigergraph/tigergraph/logs/restpp/restpp_loader_logs/social/social_m1.1528095850854.log'"}]}]},{"kind":"block","type":"code-line","key":"6a0ed59fabcd437ea4b11fbb1e5f6b1c","isVoid":false,"data":{},"nodes":[{"kind":"text","key":"40aefdfadb6848119aad1ad76233a772","ranges":[{"kind":"range","marks":[],"text":""}]}]},{"kind":"block","type":"code-line","key":"7ebd353bd98f46c6b4d17b6cbac7b79b","isVoid":false,"data":{},"nodes":[{"kind":"text","key":"1d435b4c7cae47be97e52fe620e05827","ranges":[{"kind":"range","marks":[],"text":"Job \"social_m1.1528095850854\" loading status"}]}]},{"kind":"block","type":"code-line","key":"65f338470e374e879b3c0ec322f67041","isVoid":false,"data":{},"nodes":[{"kind":"text","key":"57f2f58e3dc0429aabede6d02e53b85e","ranges":[{"kind":"range","marks":[],"text":"[FINISHED] m1 ( Finished: 2 / Total: 2 )"}]}]},{"kind":"block","type":"code-line","key":"b0520e6169044fe499c916c35deae70b","isVoid":false,"data":{},"nodes":[{"kind":"text","key":"8081407961514f1cac67b230c53ae0f5","ranges":[{"kind":"range","marks":[],"text":"  [LOADED]"}]}]},{"kind":"block","type":"code-line","key":"3c8007e8a1344ae3a3b73c74308c7709","isVoid":false,"data":{},"nodes":[{"kind":"text","key":"7914e79791a14662b95776417867a20a","ranges":[{"kind":"range","marks":[],"text":"  +---------------------------------------------------------------------------+"}]}]},{"kind":"block","type":"code-line","key":"e027b45f6b5244f0b88b7298332e64de","isVoid":false,"data":{},"nodes":[{"kind":"text","key":"7abc17723221418bb60dc3153e5f50da","ranges":[{"kind":"range","marks":[],"text":"  |                       FILENAME |   LOADED LINES |   AVG SPEED |   DURATION|"}]}]},{"kind":"block","type":"code-line","key":"08622dc956bb413f9fbed656734026a7","isVoid":false,"data":{},"nodes":[{"kind":"text","key":"edc01fd35f7e4d3e85a06fb7262d4846","ranges":[{"kind":"range","marks":[],"text":"  |/home/tigergraph/friendship.csv |              8 |       8 l/s |     1.00 s|"}]}]},{"kind":"block","type":"code-line","key":"ec9c13fe1d8e435cae20c257c5c542ac","isVoid":false,"data":{},"nodes":[{"kind":"text","key":"a0d707ccbec34f1dab6b2d5b59047615","ranges":[{"kind":"range","marks":[],"text":"  |    /home/tigergraph/person.csv |              8 |       7 l/s |     1.00 s|"}]}]},{"kind":"block","type":"code-line","key":"3a718b8807ad4e96952052b130b65a9c","isVoid":false,"data":{},"nodes":[{"kind":"text","key":"52022c5e7d3341a1bca9fa6d68499910","ranges":[{"kind":"range","marks":[],"text":"  +---------------------------------------------------------------------------+"}]}]}]},{"kind":"block","type":"paragraph","key":"b255e5b72a4a43bcbf67f953371ada50","isVoid":false,"data":{},"nodes":[{"kind":"text","key":"a57d6421418e4325bd585783d7d57f33","ranges":[{"kind":"range","marks":[],"text":"Notice the location of the loading log file.  The example assumes that you installed TigerGraph in the default location, "},{"kind":"range","marks":[{"kind":"mark","data":{},"type":"code"}],"text":"/home/tigergraph/"},{"kind":"range","marks":[],"text":". In your installation folder is the main product folder, tigergraph.  Within the tigergraph folder are several subfolders, such as logs, document, config, bin, and gstore. If you installed in a different location, say "},{"kind":"range","marks":[{"kind":"mark","data":{},"type":"code"}],"text":"/usr/local/"},{"kind":"range","marks":[],"text":", then you would find the product folder at "},{"kind":"range","marks":[{"kind":"mark","data":{},"type":"code"}],"text":"/usr/local/tigergraph"},{"kind":"range","marks":[],"text":".\n"}]}]}]}}