{"format_version":1,"document":{"kind":"document","key":"4","data":{"schema_version":6},"nodes":[{"kind":"block","type":"hint","key":"eaccc5005fa84b8aac8457245a167336","isVoid":false,"data":{"style":"warning"},"nodes":[{"kind":"block","type":"paragraph","key":"6285758f97f4421b8b472244d0bc68e9","isVoid":false,"data":{},"nodes":[{"kind":"text","key":"f0890cea5f0840e6bb86c234f43c6d32","ranges":[{"kind":"range","marks":[{"kind":"mark","data":{},"type":"bold"}],"text":"Deprecated Features scheduled to be Dropped in next Major Release:"}]}]},{"kind":"block","type":"paragraph","key":"8bcdff03e4504781b085041acd1a4afe","isVoid":false,"data":{},"nodes":[{"kind":"text","key":"e75450e0cd804fc48a3b4767edc97431","ranges":[{"kind":"range","marks":[],"text":"Some features which are currently in the Deprecated State are scheduled to be removed from the product in the next Major Release (e.g., 3.0). Please see the detailed list on the following page: "}]},{"kind":"inline","type":"link","key":"4c42564b8f6f4a2ebf5e9ee1be999bc5","isVoid":false,"data":{"pageID":"-M2KB-vOX_U-MGFbLitX"},"nodes":[{"kind":"text","key":"42c1af95d0054b5f841d129386094456","ranges":[{"kind":"range","marks":[],"text":"v3.0 Removal of Previously Deprecated Features"}]}]},{"kind":"text","key":"bc06d02e75114edeb7c65da51d968e88","ranges":[{"kind":"range","marks":[],"text":""}]}]}]},{"kind":"block","type":"hint","key":"f1c9c7f8f1e84a058f8ca6b0ccf1d871","isVoid":false,"data":{"style":"warning"},"nodes":[{"kind":"block","type":"paragraph","key":"a6f4fb87023e471aa60a42b82c88d263","isVoid":false,"data":{},"nodes":[{"kind":"text","key":"70a5684f6cb2440389ff9e6d2db0ae64","ranges":[{"kind":"range","marks":[{"kind":"mark","data":{},"type":"bold"}],"text":"Problem with Microsoft Internet Explorer and Edge browsers."}]}]},{"kind":"block","type":"paragraph","key":"a1c41ac4322c430480e6114504d54505","isVoid":false,"data":{},"nodes":[{"kind":"text","key":"684ab3dad88f4686bdb48ee3521e9d6d","ranges":[{"kind":"range","marks":[],"text":"The ID and Edge browsers are not displaying the tables on several of our our documentation web pages."}]}]},{"kind":"block","type":"paragraph","key":"1aa7661074584f3eaecaadfbc4b91fc7","isVoid":false,"data":{},"nodes":[{"kind":"text","key":"bd07cfa94f8e4d28aaf02c3d8589f7c3","ranges":[{"kind":"range","marks":[],"text":"The Google Chrome, Mozilla Firefox, and Apple Safari browsers have been validated."}]}]}]},{"kind":"block","type":"paragraph","key":"9ad8ca935b984d2199ea72fdb42aa988","isVoid":false,"data":{},"nodes":[{"kind":"text","key":"8b4c8e8193eb443f9a81d3aea50bde61","ranges":[{"kind":"range","marks":[],"text":"To switch to a different version, select the version you want at the top of the menu on the left. For documentation of TigerGraph versions prior to 2.2, please see "}]},{"kind":"inline","type":"link","key":"140a937c27454d03a81be0a735227ea1","isVoid":false,"data":{"href":"https://doc-archive.tigergraph.com/"},"nodes":[{"kind":"text","key":"be2619c6013e410e84949735553afee4","ranges":[{"kind":"range","marks":[],"text":"doc-archive.tigergraph.com"}]}]},{"kind":"text","key":"db4ca4236cdc462ba4db2292ca380a46","ranges":[{"kind":"range","marks":[],"text":"."}]}]},{"kind":"block","type":"heading-1","key":"4fe43743e43140feb313188b78fea07e","isVoid":false,"data":{},"nodes":[{"kind":"text","key":"85cd5b3555504256b98d680cf3903def","ranges":[{"kind":"range","marks":[],"text":"Introducing: TigerGraph Distributed Cloud "}]}]},{"kind":"block","type":"list-unordered","key":"939f96e3e9fd4bc49a18151006ed6843","isVoid":false,"data":{},"nodes":[{"kind":"block","type":"list-item","key":"45e1ca58abf241a0b829cfabfb4b9199","isVoid":false,"data":{},"nodes":[{"kind":"block","type":"paragraph","key":"ffc694683ed84c45b3a8ca089584305d","isVoid":false,"data":{},"nodes":[{"kind":"text","key":"ae9b49794bfc4473afb6494c20783a61","ranges":[{"kind":"range","marks":[],"text":"Learn more and sign up: "}]},{"kind":"inline","type":"link","key":"52194472299646f88d4069526f6f1bf5","isVoid":false,"data":{"href":"http://www.tigergraph.com/cloud"},"nodes":[{"kind":"text","key":"1adbab0968cf48c3bc2fec38de753d77","ranges":[{"kind":"range","marks":[],"text":"www.tigergraph.com/cloud"}]}]},{"kind":"text","key":"323e4146f52640189d96e98d95576fe6","ranges":[{"kind":"range","marks":[],"text":""}]}]}]},{"kind":"block","type":"list-item","key":"0e01915ee44c49149e3830c03d02ea74","isVoid":false,"data":{},"nodes":[{"kind":"block","type":"paragraph","key":"65690703f216412983342720cbb8c769","isVoid":false,"data":{},"nodes":[{"kind":"text","key":"a9aebb881ca948ad9bf3749e4d4a6d0c","ranges":[{"kind":"range","marks":[],"text":"Documentation: "}]},{"kind":"inline","type":"link","key":"bc93d5ac701948f591f42c0bd46bab06","isVoid":false,"data":{"pageID":"-LnIL1wI-2RGrBpw40XM"},"nodes":[{"kind":"text","key":"ebed02be658c4b109cdd17ec1d103859","ranges":[{"kind":"range","marks":[],"text":"TigerGraph Cloud"}]}]},{"kind":"text","key":"da21d144767d43819fd8a06d60685746","ranges":[{"kind":"range","marks":[],"text":""}]}]}]},{"kind":"block","type":"list-item","key":"fbaaa5208ba04ce997f420f56553cd23","isVoid":false,"data":{},"nodes":[{"kind":"block","type":"paragraph","key":"7a9f86b584db43de9bf95a2e223042dd","isVoid":false,"data":{},"nodes":[{"kind":"text","key":"8a3d0fc96aa94137b565eb8f10374322","ranges":[{"kind":"range","marks":[],"text":"Watch "}]},{"kind":"inline","type":"link","key":"5dfd74730e1a46a6b9e6321953f22899","isVoid":false,"data":{"href":"https://youtu.be/JARd9ULRP_I"},"nodes":[{"kind":"text","key":"b066c29132e34ec3919476ba6e3c769f","ranges":[{"kind":"range","marks":[],"text":"Quick Start Video"}]}]},{"kind":"text","key":"484cc1636b9c4c71ac8aa12a151414a8","ranges":[{"kind":"range","marks":[],"text":" and Start Your TigerGraph Cloud Solutions in 5 Minutes!"}]}]}]}]},{"kind":"block","type":"heading-1","key":"6a09ebfffb0c4215a97d1322b624917f","isVoid":false,"data":{},"nodes":[{"kind":"text","key":"1e441d0c5bf243328acc6c22cf75d257","ranges":[{"kind":"range","marks":[],"text":"TigerGraph Server 2.5"}]}]},{"kind":"block","type":"table","key":"a9097326775041549bfadc2da54ccbcd","isVoid":false,"data":{"aligns":["left","left","left"]},"nodes":[{"kind":"block","type":"table-row","key":"48a7db5899dc4ab38d9b30836410b0b6","isVoid":false,"data":{},"nodes":[{"kind":"block","type":"table-cell","key":"bef9c58716d34c27843b2e8ba2c2f541","isVoid":false,"data":{},"nodes":[{"kind":"block","type":"paragraph","key":"db4b581a40b1479dbc2f731237940542","isVoid":false,"data":{},"nodes":[{"kind":"text","key":"85ec632d98e34ac6953441927374d272","ranges":[{"kind":"range","marks":[],"text":"Major Sections"}]}]}]},{"kind":"block","type":"table-cell","key":"4634b2f9b17e41dea640edd14fe10436","isVoid":false,"data":{},"nodes":[{"kind":"block","type":"paragraph","key":"e43574ff42ce46e7a15c4c42802d56bd","isVoid":false,"data":{},"nodes":[{"kind":"text","key":"7c0dfad3e04f4161a5761e220564c986","ranges":[{"kind":"range","marks":[],"text":"Quick Links"}]}]}]},{"kind":"block","type":"table-cell","key":"9faeb19692cc494b86d34a11f3c9d390","isVoid":false,"data":{},"nodes":[{"kind":"block","type":"paragraph","key":"895ca651fe174961b68e1aba461fdfe5","isVoid":false,"data":{},"nodes":[{"kind":"text","key":"6251a8279c0142c8b2ec9c9a7a650784","ranges":[{"kind":"range","marks":[],"text":""}]}]}]}]},{"kind":"block","type":"table-row","key":"9978a9f5ab6246cc9ace3b1796aab544","isVoid":false,"data":{},"nodes":[{"kind":"block","type":"table-cell","key":"817972c796c541e0a5acf9c9f00e7ab6","isVoid":false,"data":{},"nodes":[{"kind":"block","type":"paragraph","key":"b8c2fe5543cf4dab930c172a793cfa6d","isVoid":false,"data":{},"nodes":[{"kind":"text","key":"e198a60c27c34b7ab11a24a18cf1bd81","ranges":[{"kind":"range","marks":[],"text":"Portal"}]}]}]},{"kind":"block","type":"table-cell","key":"4f859b99380f4e11b91a10b79118b1ab","isVoid":false,"data":{},"nodes":[{"kind":"block","type":"paragraph","key":"0cd40d6f26424c658bc827820588896e","isVoid":false,"data":{},"nodes":[{"kind":"text","key":"c4b3ce5972794bde9d43bda028a93823","ranges":[{"kind":"range","marks":[],"text":""}]},{"kind":"inline","type":"link","key":"9ac6e8fde6be44d9aa0a0ffa6ee1839e","isVoid":false,"data":{"href":"https://www.tigergraph.com/developers/"},"nodes":[{"kind":"text","key":"71f341e38db94f18b0eeff27446b67ed","ranges":[{"kind":"range","marks":[],"text":"Developer Portal"}]}]},{"kind":"text","key":"afd151d45bd24b33ba5ce08f31da851f","ranges":[{"kind":"range","marks":[],"text":""}]}]}]},{"kind":"block","type":"table-cell","key":"272389cc5fb1430291bf9bf9684c83ba","isVoid":false,"data":{},"nodes":[{"kind":"block","type":"paragraph","key":"5fbda1cde5e84fcb90812720a7780f69","isVoid":false,"data":{},"nodes":[{"kind":"text","key":"eddfe2f5d3f54fc09e8ab08122293027","ranges":[{"kind":"range","marks":[],"text":""}]}]}]}]},{"kind":"block","type":"table-row","key":"ea99c747e973493ab5fb027d8ad336a7","isVoid":false,"data":{},"nodes":[{"kind":"block","type":"table-cell","key":"7336d402904543af96109c469fb60e27","isVoid":false,"data":{},"nodes":[{"kind":"block","type":"paragraph","key":"eadc02caf5e747feb350da3d46bc5c2a","isVoid":false,"data":{},"nodes":[{"kind":"text","key":"5c9343c3d56340d59f476a9e4ee2bc23","ranges":[{"kind":"range","marks":[],"text":"Algorithm Library"}]}]}]},{"kind":"block","type":"table-cell","key":"b170f4da366a40208c5144876fac3e2d","isVoid":false,"data":{},"nodes":[{"kind":"block","type":"paragraph","key":"6470d7affaa24d07a4f34f5bcdc84dd2","isVoid":false,"data":{},"nodes":[{"kind":"text","key":"9de52542475c4634b67d553c4f7e226f","ranges":[{"kind":"range","marks":[],"text":""}]},{"kind":"inline","type":"link","key":"f1bc4ae9a70c47c9bdc89f75f44168b3","isVoid":false,"data":{"pageID":"-LP39D2tgkcceY92ogOu"},"nodes":[{"kind":"text","key":"ca3937187e124a058a6871cc17b78321","ranges":[{"kind":"range","marks":[],"text":"GSQL Graph Algorithm Library"}]}]},{"kind":"text","key":"639850ad7aae4a3198ef18a54d73a8d1","ranges":[{"kind":"range","marks":[],"text":""}]}]}]},{"kind":"block","type":"table-cell","key":"dd6e809352954dbe95eedc88b936436d","isVoid":false,"data":{},"nodes":[{"kind":"block","type":"paragraph","key":"75e85e2520d74b78beb03ac956d2707d","isVoid":false,"data":{},"nodes":[{"kind":"text","key":"2a26f5b0500e42239fc89f712ec9563a","ranges":[{"kind":"range","marks":[],"text":""}]}]}]}]},{"kind":"block","type":"table-row","key":"beedc95292a04b70950caeed2a37b442","isVoid":false,"data":{},"nodes":[{"kind":"block","type":"table-cell","key":"0d7e00801f044668825ce1d864733cd8","isVoid":false,"data":{},"nodes":[{"kind":"block","type":"paragraph","key":"07ae7dd79a96434ab42baeb7e8960866","isVoid":false,"data":{},"nodes":[{"kind":"text","key":"712e61cfa9fb45338bd8ae08f620e001","ranges":[{"kind":"range","marks":[],"text":"Release Notes"}]}]}]},{"kind":"block","type":"table-cell","key":"cb5eff345f614cc6989d2a2b6538e60d","isVoid":false,"data":{},"nodes":[{"kind":"block","type":"paragraph","key":"77eab1b4bc2e4ed2b52507311a6a3a3f","isVoid":false,"data":{},"nodes":[{"kind":"text","key":"a0c84426838540ff8da164519a4b24ea","ranges":[{"kind":"range","marks":[],"text":""}]},{"kind":"inline","type":"link","key":"1250cec0b83143a4993e8d49be9c7af8","isVoid":false,"data":{"pageID":"-LkdM4S9KG66xSONDUFe"},"nodes":[{"kind":"text","key":"384d9cbeda4442bc9ee341f27cc98c6a","ranges":[{"kind":"range","marks":[],"text":"Release Notes-TigerGraph 2.5"}]}]},{"kind":"text","key":"c5dbc58d2a5a40759111084b224c6473","ranges":[{"kind":"range","marks":[],"text":""}]}]}]},{"kind":"block","type":"table-cell","key":"e0f256669a54412ea27bc23fa9ffb527","isVoid":false,"data":{},"nodes":[{"kind":"block","type":"paragraph","key":"fcabccb81fa749be8694c275aba3b357","isVoid":false,"data":{},"nodes":[{"kind":"text","key":"50b22e1ae7a64df787a68809acad1e12","ranges":[{"kind":"range","marks":[],"text":""}]}]}]}]},{"kind":"block","type":"table-row","key":"7f906ba2e3264284b1202fdd44a612be","isVoid":false,"data":{},"nodes":[{"kind":"block","type":"table-cell","key":"c2805fb7bb104a81b0dbcb052f1dba74","isVoid":false,"data":{},"nodes":[{"kind":"block","type":"paragraph","key":"2ea733f9e039400d9e8f751b4cbe6d20","isVoid":false,"data":{},"nodes":[{"kind":"text","key":"631d6eb0e10d479cb3cb9b504cf046a2","ranges":[{"kind":"range","marks":[],"text":""}]},{"kind":"inline","type":"link","key":"bb63c87f8f0047998a5e403c4af60f45","isVoid":false,"data":{"pageID":"-LM5HfXM0Tj-AIQ81gvv"},"nodes":[{"kind":"text","key":"708396cd474b4403958ae95dd8f729cf","ranges":[{"kind":"range","marks":[],"text":"Get Started"}]}]},{"kind":"text","key":"5b0df943b0a842c09e27afe100efaf49","ranges":[{"kind":"range","marks":[],"text":""}]}]}]},{"kind":"block","type":"table-cell","key":"5c8846af01664b5fbdc51418153b3f29","isVoid":false,"data":{},"nodes":[{"kind":"block","type":"paragraph","key":"3bb89046eb1a4548996730d702c6ad96","isVoid":false,"data":{},"nodes":[{"kind":"text","key":"006aed10d9a44d0e8dfad15aaceb1eb6","ranges":[{"kind":"range","marks":[],"text":""}]},{"kind":"inline","type":"link","key":"28a23a215ca446178950f09900be5725","isVoid":false,"data":{"pageID":"-LMVTXm5Mbz7GZsV4sQC"},"nodes":[{"kind":"text","key":"4dc7c082d4704fbc93ca875ab6b28c47","ranges":[{"kind":"range","marks":[],"text":"HW & SW Requirements"}]}]},{"kind":"text","key":"12b4172c9d48498a8547ce54a5e7924b","ranges":[{"kind":"range","marks":[],"text":"\n"}]},{"kind":"inline","type":"link","key":"97e730c13417488a8a787821370fd905","isVoid":false,"data":{"pageID":"-LMWPaoI70BQ1EKTAMiK"},"nodes":[{"kind":"text","key":"0552783b413d4cfe89578e6ebe0ae114","ranges":[{"kind":"range","marks":[],"text":"Platform Installation"}]}]},{"kind":"text","key":"4bc2c8ce93fc45eba585b5a45750eb2f","ranges":[{"kind":"range","marks":[],"text":""}]}]},{"kind":"block","type":"paragraph","key":"619638e62ab94af58ab0db5bc44cac28","isVoid":false,"data":{},"nodes":[{"kind":"text","key":"53166abe01ba4842bbd5fc19a3ad08f6","ranges":[{"kind":"range","marks":[],"text":""}]},{"kind":"inline","type":"link","key":"f780258b7a6d4c9d8ebc177d7e7a5f65","isVoid":false,"data":{"pageID":"-LMBDIdsCSyS1HbsgYaX"},"nodes":[{"kind":"text","key":"eb59a64a159c4dc288189d10766045e7","ranges":[{"kind":"range","marks":[],"text":"GSQL 101"}]}]},{"kind":"text","key":"2a539e1bd7fe421ca0130273be025949","ranges":[{"kind":"range","marks":[],"text":" , "}]},{"kind":"inline","type":"link","key":"69d3402533fb4b409805da9b70456a0e","isVoid":false,"data":{"pageID":"-LemClXmHqjOHfIx-AvX"},"nodes":[{"kind":"text","key":"a6b2f8ab969e4f879c3326a6b856b5ae","ranges":[{"kind":"range","marks":[],"text":"GSQL 102"}]}]},{"kind":"text","key":"d4f7e9f4f51245fca7acff572b222581","ranges":[{"kind":"range","marks":[],"text":" , "}]},{"kind":"inline","type":"link","key":"db2251e6d3fd48f490e83b632ddabd73","isVoid":false,"data":{"pageID":"-Ljrp8cmG3kIz5h8kZCT"},"nodes":[{"kind":"text","key":"8ec9bf6f0ee147d7bae03fd3c607550c","ranges":[{"kind":"range","marks":[],"text":"Accumulators"}]}]},{"kind":"text","key":"2a00cbade1d44b65b47dba93f5436494","ranges":[{"kind":"range","marks":[],"text":""}]}]}]},{"kind":"block","type":"table-cell","key":"dbb658d8ec964badb3e2069c34e86fcf","isVoid":false,"data":{},"nodes":[{"kind":"block","type":"paragraph","key":"f03164fd5ed543a38a4873ad783eab31","isVoid":false,"data":{},"nodes":[{"kind":"text","key":"73a8be3ec76f415db9d0bfb5909813ce","ranges":[{"kind":"range","marks":[],"text":""}]}]}]}]},{"kind":"block","type":"table-row","key":"731e381480f04493b99ccfa685c6fb6a","isVoid":false,"data":{},"nodes":[{"kind":"block","type":"table-cell","key":"7985b9e24e5049aa9ea243e49ea1b707","isVoid":false,"data":{},"nodes":[{"kind":"block","type":"paragraph","key":"a25ce302d9294556bc618282ec5bf836","isVoid":false,"data":{},"nodes":[{"kind":"text","key":"73bc373f928749bc994bef10ff490a77","ranges":[{"kind":"range","marks":[],"text":"FAQs & Cheatsheets"}]}]}]},{"kind":"block","type":"table-cell","key":"3d162c20e80f4baeb42d00f10a00d2c6","isVoid":false,"data":{},"nodes":[{"kind":"block","type":"paragraph","key":"caa956ed945e4c79b511a1faf0712269","isVoid":false,"data":{},"nodes":[{"kind":"text","key":"f1b78a24697747f7b5f059b0dba0f0de","ranges":[{"kind":"range","marks":[],"text":""}]},{"kind":"inline","type":"link","key":"f837291b558e413cae25cd48284827d7","isVoid":false,"data":{"pageID":"-LMW83p8IWENIdLPqmBG"},"nodes":[{"kind":"text","key":"45a43bdb11414fab9e4fa11e352a1ab4","ranges":[{"kind":"range","marks":[],"text":"Knowledge Base and FAQs"}]}]},{"kind":"text","key":"3094846939d74375bfb9b098a19df534","ranges":[{"kind":"range","marks":[],"text":""}]}]},{"kind":"block","type":"paragraph","key":"0de15f489ebf49c6a1d53661764c5c44","isVoid":false,"data":{},"nodes":[{"kind":"text","key":"1828570f675b455ab53792e4b812a955","ranges":[{"kind":"range","marks":[],"text":""}]},{"kind":"inline","type":"link","key":"8406458716c143019e3397bc4b7f1dc2","isVoid":false,"data":{"pageID":"-LMYYpvqZuAjqwVxY4C7"},"nodes":[{"kind":"text","key":"a8968bf5bd8b4765b6f942083049c308","ranges":[{"kind":"range","marks":[],"text":"GSQL Cheatsheets"}]}]},{"kind":"text","key":"c75de61ff0364be3bb8d9057e0e4586d","ranges":[{"kind":"range","marks":[],"text":""}]}]},{"kind":"block","type":"paragraph","key":"c4f79452e5e44b5f8e2a311c089e8c10","isVoid":false,"data":{},"nodes":[{"kind":"text","key":"14de851782d94c05990d9dc534a3c9eb","ranges":[{"kind":"range","marks":[],"text":""}]},{"kind":"inline","type":"link","key":"dc83e25d33824d7ea968b555c38e92a9","isVoid":false,"data":{"pageID":"-LMBCCkejGrkzWaAoEz9"},"nodes":[{"kind":"text","key":"785d5d0cfc7647558b25282ce08e3fe5","ranges":[{"kind":"range","marks":[],"text":"Comparing TigerGraph Editions"}]}]},{"kind":"text","key":"3d90892e45b24e8d940eb8c1bcf60c9f","ranges":[{"kind":"range","marks":[],"text":""}]}]}]},{"kind":"block","type":"table-cell","key":"d2a55d0e380b4e60bd1ee0a253466a7e","isVoid":false,"data":{},"nodes":[{"kind":"block","type":"paragraph","key":"edfb9e78d95b4b8290bef9b1e2720765","isVoid":false,"data":{},"nodes":[{"kind":"text","key":"61fdcbc8e85946bb986f8b051c60eb0a","ranges":[{"kind":"range","marks":[],"text":""}]}]}]}]},{"kind":"block","type":"table-row","key":"a2967cf6100645ddb0ccc5aad5e76bd2","isVoid":false,"data":{},"nodes":[{"kind":"block","type":"table-cell","key":"19456bfebbeb4e70a914ba81d102a155","isVoid":false,"data":{},"nodes":[{"kind":"block","type":"paragraph","key":"75575795689843a0ab37544ea9f4176d","isVoid":false,"data":{},"nodes":[{"kind":"text","key":"bd8de64862c246038e56692f67773874","ranges":[{"kind":"range","marks":[],"text":"GSQL"}]}]}]},{"kind":"block","type":"table-cell","key":"d60ea93d0bfe442393212f3b81dac304","isVoid":false,"data":{},"nodes":[{"kind":"block","type":"paragraph","key":"5c002745e8ec4d638be843038fee2877","isVoid":false,"data":{},"nodes":[{"kind":"text","key":"fc8352b6f11f4c1f9cc964faa680576f","ranges":[{"kind":"range","marks":[],"text":""}]},{"kind":"inline","type":"link","key":"2b0019b17d264e1a9c624b119e893dc2","isVoid":false,"data":{"pageID":"-LMBDIdsCSyS1HbsgYaX"},"nodes":[{"kind":"text","key":"99ccab2d0ace451bb17734abc44ba3bc","ranges":[{"kind":"range","marks":[],"text":"GSQL 101"}]}]},{"kind":"text","key":"4a7ddefbe6bd4f1dab7e4361184dda2e","ranges":[{"kind":"range","marks":[],"text":""}]}]},{"kind":"block","type":"paragraph","key":"094e6bb1cf974a25ad9784870ef84d4e","isVoid":false,"data":{},"nodes":[{"kind":"text","key":"af029e7d21a84c2d9e0d36b3a600b828","ranges":[{"kind":"range","marks":[],"text":""}]},{"kind":"inline","type":"link","key":"808085a50cea47c48c8aeba6be7b7061","isVoid":false,"data":{"pageID":"-LemClXmHqjOHfIx-AvX"},"nodes":[{"kind":"text","key":"7180da747d314d5a8ee4b3db3f8deff1","ranges":[{"kind":"range","marks":[],"text":"GSQL 102 Pattern Matching"}]}]},{"kind":"text","key":"0e111effc8b847458a7fac6b7b3ceb14","ranges":[{"kind":"range","marks":[],"text":""}]}]},{"kind":"block","type":"paragraph","key":"610dd2397d114e81bb0527fc67f940e5","isVoid":false,"data":{},"nodes":[{"kind":"text","key":"68f69239a3944996826965bf1419b771","ranges":[{"kind":"range","marks":[],"text":""}]},{"kind":"inline","type":"link","key":"b6e864e74f1e4dfba9eaafe23d47d12f","isVoid":false,"data":{"pageID":"-Ljrp8cmG3kIz5h8kZCT"},"nodes":[{"kind":"text","key":"f4eda55ab0224c00ad1aeae59f32e121","ranges":[{"kind":"range","marks":[],"text":"Accumulators Tutorial"}]}]},{"kind":"text","key":"94d4ab21bad74462a19778a4eda17ea1","ranges":[{"kind":"range","marks":[],"text":"\n"}]},{"kind":"inline","type":"link","key":"8e8e126379374b61b76a90c0e9034906","isVoid":false,"data":{"pageID":"-LMW7CYYbjUAl5oAuhK3"},"nodes":[{"kind":"text","key":"b74071cd87574152a800814284fae69e","ranges":[{"kind":"range","marks":[],"text":"GSQL Demo Examples"}]}]},{"kind":"text","key":"a4b7128708334af4bc0eadcc06849cad","ranges":[{"kind":"range","marks":[],"text":""}]}]},{"kind":"block","type":"paragraph","key":"875d23faa2a646b9b2220c4ac5bcb292","isVoid":false,"data":{},"nodes":[{"kind":"text","key":"0292715e1a084d9b9f941872535ca996","ranges":[{"kind":"range","marks":[],"text":""}]},{"kind":"inline","type":"link","key":"ee8df34b79024900ae0ea2d954727947","isVoid":false,"data":{"pageID":"-LMVWRzDFoeoIh2fS-j3"},"nodes":[{"kind":"text","key":"74e741f48fe243799ffc8bec9f565503","ranges":[{"kind":"range","marks":[],"text":"GSQL Spec - Data Definition & Loading"}]}]},{"kind":"text","key":"8007376d154a4a6ab274a7df7eacb90a","ranges":[{"kind":"range","marks":[],"text":""}]}]},{"kind":"block","type":"paragraph","key":"60e15fe8729f43cda1697282057c994c","isVoid":false,"data":{},"nodes":[{"kind":"text","key":"b9949f9fd194431990651a438043a4e4","ranges":[{"kind":"range","marks":[],"text":""}]},{"kind":"inline","type":"link","key":"16aeb53aea6c46dca726cf5406e67963","isVoid":false,"data":{"pageID":"-LMVWjjmykauDll542SC"},"nodes":[{"kind":"text","key":"a54c9010c27b41e391f12d2d269d7c61","ranges":[{"kind":"range","marks":[],"text":"GSQL Spec - Querying"}]}]},{"kind":"text","key":"a4363a513a1d4eaca005932056caf4de","ranges":[{"kind":"range","marks":[],"text":""}]}]},{"kind":"block","type":"paragraph","key":"33ff325152a84a2e8a91831eba1078dc","isVoid":false,"data":{},"nodes":[{"kind":"text","key":"0bde517346b940599c10990a69c62109","ranges":[{"kind":"range","marks":[],"text":""}]},{"kind":"inline","type":"link","key":"5e9c16c84b0b4b2191345de0de2ff438","isVoid":false,"data":{"pageID":"-LMWTCXw4yhiR7aEJaMR"},"nodes":[{"kind":"text","key":"697357a290004aa09a65d9b661daec78","ranges":[{"kind":"range","marks":[],"text":"Interpreted GSQL"}]}]},{"kind":"text","key":"48382973ef3c473a939a0c779fdfcaa4","ranges":[{"kind":"range","marks":[],"text":""}]}]}]},{"kind":"block","type":"table-cell","key":"89ece3f62cfe48a3b75ead0c0386e7b1","isVoid":false,"data":{},"nodes":[{"kind":"block","type":"paragraph","key":"468f17715d084ba4b9d9e9ca40151647","isVoid":false,"data":{},"nodes":[{"kind":"text","key":"1e47b9addd3b4cae82e106f326b3e6bf","ranges":[{"kind":"range","marks":[],"text":""}]}]}]}]},{"kind":"block","type":"table-row","key":"573ca9dc67d547bfbea45a1c67db2e93","isVoid":false,"data":{},"nodes":[{"kind":"block","type":"table-cell","key":"422cc6445e2645ec93024df3dfab22da","isVoid":false,"data":{},"nodes":[{"kind":"block","type":"paragraph","key":"5240fb008ae94894a9b9a89e04384ac9","isVoid":false,"data":{},"nodes":[{"kind":"text","key":"dfb49783868a4950a2b008fb49599033","ranges":[{"kind":"range","marks":[],"text":"GraphStudio"}]}]}]},{"kind":"block","type":"table-cell","key":"6afc3f7517e04fc7957eea642c991ffa","isVoid":false,"data":{},"nodes":[{"kind":"block","type":"paragraph","key":"5822bb845ac34f33a57e343bf20cdd07","isVoid":false,"data":{},"nodes":[{"kind":"text","key":"64863f4df1aa4cecb00deeefd6da7654","ranges":[{"kind":"range","marks":[],"text":""}]},{"kind":"inline","type":"link","key":"2aa1092e87a44e5fad418525258a9dc1","isVoid":false,"data":{"pageID":"-LMVRMLP728FyJXRhxVo"},"nodes":[{"kind":"text","key":"4d2b176c37a64f56889741b6545a790d","ranges":[{"kind":"range","marks":[],"text":"GraphStudio UI Guide"}]}]},{"kind":"text","key":"279edac671b943d688656dc16f7faf82","ranges":[{"kind":"range","marks":[],"text":""}]}]}]},{"kind":"block","type":"table-cell","key":"df876fac53d3425eab2c3531af2807ff","isVoid":false,"data":{},"nodes":[{"kind":"block","type":"paragraph","key":"40e7723100bd48a8a101a4a9ea1ecc7a","isVoid":false,"data":{},"nodes":[{"kind":"text","key":"b96e2624eda14d43905d4ddc6201ba1a","ranges":[{"kind":"range","marks":[],"text":""}]}]}]}]},{"kind":"block","type":"table-row","key":"48756cf1ccc04b80addc41525bcdfbb8","isVoid":false,"data":{},"nodes":[{"kind":"block","type":"table-cell","key":"6afaeda285a44466beb0520fc5aa098e","isVoid":false,"data":{},"nodes":[{"kind":"block","type":"paragraph","key":"cdfe55667198415195eae022b500708f","isVoid":false,"data":{},"nodes":[{"kind":"text","key":"effec0f0b5054790a995a63703ebe7b2","ranges":[{"kind":"range","marks":[],"text":"Connectors and APIs"}]}]}]},{"kind":"block","type":"table-cell","key":"9a1e445878db43e3a5a738d2d08cd2df","isVoid":false,"data":{},"nodes":[{"kind":"block","type":"paragraph","key":"09152046b1494ac58f868e4ba68ed45f","isVoid":false,"data":{},"nodes":[{"kind":"text","key":"89b1e1050efe4e4f94b361e781b9a04d","ranges":[{"kind":"range","marks":[],"text":""}]},{"kind":"inline","type":"link","key":"aedcc89ff5e24222aa73ca9a328fef4d","isVoid":false,"data":{"pageID":"-LMWBznWhrYPkUWYhBiG"},"nodes":[{"kind":"text","key":"8d87580db61749779abc2351895f75fb","ranges":[{"kind":"range","marks":[],"text":"RESTPP API User Guide"}]}]},{"kind":"text","key":"37a49837900b4926895ce67907b080f5","ranges":[{"kind":"range","marks":[],"text":""}]}]},{"kind":"block","type":"paragraph","key":"b6d997d424a54f559003b2a3c4b12e0e","isVoid":false,"data":{},"nodes":[{"kind":"text","key":"f461b08259174641b2963f411b573f2c","ranges":[{"kind":"range","marks":[],"text":""}]},{"kind":"inline","type":"link","key":"582edade785c4b9191ee37731c9e6be2","isVoid":false,"data":{"pageID":"-L_94dd46t1O_2itSs8L"},"nodes":[{"kind":"text","key":"0114e11da2824f91932e300afdb7e070","ranges":[{"kind":"range","marks":[],"text":"Kafka Loader User Guide"}]}]},{"kind":"text","key":"e082794381be4061afedf9cb3e5c7b3b","ranges":[{"kind":"range","marks":[],"text":""}]}]},{"kind":"block","type":"paragraph","key":"2a8adf63066042c0a0b0c6e53a3232a5","isVoid":false,"data":{},"nodes":[{"kind":"text","key":"244c627df3ec45b8baab964b6c2294e7","ranges":[{"kind":"range","marks":[],"text":""}]},{"kind":"inline","type":"link","key":"1584478cd05c4cb1a1039145e68b344c","isVoid":false,"data":{"pageID":"-LfQhmD_-As85OQq9vCY"},"nodes":[{"kind":"text","key":"90a0c530fe724a0a83fffc0648bad6a7","ranges":[{"kind":"range","marks":[],"text":"S3 Loader User Guide"}]}]},{"kind":"text","key":"8818827793254fdfb0fc29759e2e2205","ranges":[{"kind":"range","marks":[],"text":""}]}]},{"kind":"block","type":"paragraph","key":"7a5a147571f544ad953bd8113799f353","isVoid":false,"data":{},"nodes":[{"kind":"text","key":"b7adb6ff9fcc4d3ca6ebd697f17f13b9","ranges":[{"kind":"range","marks":[],"text":""}]},{"kind":"inline","type":"link","key":"2a92051208934ce88c5a9ca736675b01","isVoid":false,"data":{"pageID":"-Low361eVphrmJhuBk_m"},"nodes":[{"kind":"text","key":"5e2f02b357db402d9ab37640b244384c","ranges":[{"kind":"range","marks":[],"text":"Spark Connection Via JDBC Driver"}]}]},{"kind":"text","key":"5bc4f3781a384c5784353c1babbfb1b9","ranges":[{"kind":"range","marks":[],"text":""}]}]},{"kind":"block","type":"paragraph","key":"3812b9380d5b4d44aeb8bbae96931e9a","isVoid":false,"data":{},"nodes":[{"kind":"text","key":"0d1792d742e04f07afa9410a706b02ff","ranges":[{"kind":"range","marks":[],"text":""}]},{"kind":"inline","type":"link","key":"3cf21e9a992d487abd52729cea5ed813","isVoid":false,"data":{"pageID":"-LMWTdNhSb2LroiZtG1U"},"nodes":[{"kind":"text","key":"b664ac616f8943a5bd56e546cef3f68c","ranges":[{"kind":"range","marks":[],"text":"GSQL JSON Output Spec"}]}]},{"kind":"text","key":"18002ed4996c44b28e828d81139d7bdc","ranges":[{"kind":"range","marks":[],"text":""}]}]},{"kind":"block","type":"paragraph","key":"9b789ecf3c1d452990cd1478bb3e1a3b","isVoid":false,"data":{},"nodes":[{"kind":"text","key":"2e0d0414cc5e430a8345999a30863b73","ranges":[{"kind":"range","marks":[],"text":""}]},{"kind":"inline","type":"link","key":"efcff20d9d6445f8b8a6fe85a08a944e","isVoid":false,"data":{"href":"https://github.com/tigergraph/ecosys/tree/master/etl"},"nodes":[{"kind":"text","key":"7a7ed3c06d334d84ac0cf257cfe309fe","ranges":[{"kind":"range","marks":[],"text":"Connector Ecosystem"}]}]},{"kind":"text","key":"e39e081e26014b3ba1a28e7ec9b569b3","ranges":[{"kind":"range","marks":[],"text":""}]}]}]},{"kind":"block","type":"table-cell","key":"67443ef2095e477e96e37e73e787d0bd","isVoid":false,"data":{},"nodes":[{"kind":"block","type":"paragraph","key":"0bfab144bd634a848f1a2b4fd1d0c5cb","isVoid":false,"data":{},"nodes":[{"kind":"text","key":"a90872313df64452b050a11f42a39531","ranges":[{"kind":"range","marks":[],"text":""}]}]}]}]},{"kind":"block","type":"table-row","key":"541e4747fe424664ba42cfa20f4e72af","isVoid":false,"data":{},"nodes":[{"kind":"block","type":"table-cell","key":"791bda2d8400409d917d90907ec0805b","isVoid":false,"data":{},"nodes":[{"kind":"block","type":"paragraph","key":"e36caeb9f7654957914b98451dc2f325","isVoid":false,"data":{},"nodes":[{"kind":"text","key":"3ea8b12acd5d45f5b649d5241fa0b94c","ranges":[{"kind":"range","marks":[],"text":""}]},{"kind":"inline","type":"link","key":"c11f50c77a5c4ca6b79bec5ae755ac2b","isVoid":false,"data":{"pageID":"-LMW933Z39CNaKNA0faK"},"nodes":[{"kind":"text","key":"371d24372a314966aeb0882f3fd0a2b2","ranges":[{"kind":"range","marks":[],"text":"Sys Mgmt and Admin"}]}]},{"kind":"text","key":"3e7c725eaa824dff863dfb8e1cedd565","ranges":[{"kind":"range","marks":[],"text":""}]}]}]},{"kind":"block","type":"table-cell","key":"e33846cb277648f8a4c1d524f9471677","isVoid":false,"data":{},"nodes":[{"kind":"block","type":"paragraph","key":"8b795611bfc0430593c380b8c1dd3240","isVoid":false,"data":{},"nodes":[{"kind":"text","key":"e004bb03e3904d4abae4bc843fabc500","ranges":[{"kind":"range","marks":[],"text":""}]},{"kind":"inline","type":"link","key":"606054b77af0417f97ddc7f3b682ff17","isVoid":false,"data":{"pageID":"-LMW8Xgf8AbCYADHGz2g"},"nodes":[{"kind":"text","key":"a429038567b34c1dae3ea1cca0a1e788","ranges":[{"kind":"range","marks":[],"text":"HA Cluster Configuration"}]}]},{"kind":"text","key":"ce86b21192bf4464a53218f90fd5b345","ranges":[{"kind":"range","marks":[],"text":" and "}]},{"kind":"inline","type":"link","key":"a40450778547428ea0c921788dc302fb","isVoid":false,"data":{"pageID":"-LNIDuQlnGpHxBuPy3px"},"nodes":[{"kind":"text","key":"cb825da5ebdc488692137a5555d35d1b","ranges":[{"kind":"range","marks":[],"text":"Cluster Expansion"}]}]},{"kind":"text","key":"9c54ff97e749451fa2e490f2a1915b50","ranges":[{"kind":"range","marks":[],"text":""}]}]},{"kind":"block","type":"paragraph","key":"6e8336c032914216aea892fe31dbde61","isVoid":false,"data":{},"nodes":[{"kind":"text","key":"cc02e8577725468cbca0054adf2df833","ranges":[{"kind":"range","marks":[],"text":""}]},{"kind":"inline","type":"link","key":"7e0b867718d6463c955828c6af8bf735","isVoid":false,"data":{"pageID":"-LNht5rXah_lphPJIUxx"},"nodes":[{"kind":"text","key":"8abd728f53fc4f20a739816ab98e8578","ranges":[{"kind":"range","marks":[],"text":"User Privileges and Authentication"}]}]},{"kind":"text","key":"61fa1042bd6c43beab04aad3fe3b4fcf","ranges":[{"kind":"range","marks":[],"text":""}]}]},{"kind":"block","type":"paragraph","key":"920b62bbc3b54618a9ee7d71078b8daa","isVoid":false,"data":{},"nodes":[{"kind":"text","key":"6cf292a1e0e142c4b7d57c6feec814dd","ranges":[{"kind":"range","marks":[],"text":""}]},{"kind":"inline","type":"link","key":"1cb996650715470aa9ae3d3579078b0f","isVoid":false,"data":{"pageID":"-LMW8I9jq_E_giuRv0Bu"},"nodes":[{"kind":"text","key":"017628af237941f0a61aacd6dc98e80d","ranges":[{"kind":"range","marks":[],"text":"MultiGraph"}]}]},{"kind":"text","key":"5a886da6aaa3497fa15ffd2aac53b3a4","ranges":[{"kind":"range","marks":[],"text":""}]}]},{"kind":"block","type":"paragraph","key":"96887c2ea10240928cce251466b5ef8d","isVoid":false,"data":{},"nodes":[{"kind":"text","key":"aae9d4b49296476ab5e672769d7ee809","ranges":[{"kind":"range","marks":[],"text":""}]},{"kind":"inline","type":"link","key":"1291eb550c1346f7b67441ba63693262","isVoid":false,"data":{"pageID":"-LNhrjRbcLiwYViqvPPx"},"nodes":[{"kind":"text","key":"cdacd21398fa4387bc8ca0479393adac","ranges":[{"kind":"range","marks":[],"text":"LDAP"}]}]},{"kind":"text","key":"e99414eebc90490abdc41965058a1c59","ranges":[{"kind":"range","marks":[],"text":" and "}]},{"kind":"inline","type":"link","key":"bc9c155d8359481c8616e124a8f89030","isVoid":false,"data":{"pageID":"-LNhto21QqYjDCRaeSZQ"},"nodes":[{"kind":"text","key":"ae3e9118223c49369f353e4fc05957c0","ranges":[{"kind":"range","marks":[],"text":"Single Sign-On"}]}]},{"kind":"text","key":"517452e973aa45d6a177be8f9615f36c","ranges":[{"kind":"range","marks":[],"text":""}]}]},{"kind":"block","type":"paragraph","key":"dbc776ea5e81470fa7bec73d0816b053","isVoid":false,"data":{},"nodes":[{"kind":"text","key":"2e7bb37feb5f46c1a50f887a109744c6","ranges":[{"kind":"range","marks":[],"text":""}]},{"kind":"inline","type":"link","key":"7e0bb32a2b7b4d96aa0bf4548bfb0ad2","isVoid":false,"data":{"pageID":"-LMWPv_eAV8uSxs6-lCx"},"nodes":[{"kind":"text","key":"15b09fce524647f7bf65e414a92e7687","ranges":[{"kind":"range","marks":[],"text":"Data Encryption"}]}]},{"kind":"text","key":"d50f9d3022ae4ac8a1686299fd230c29","ranges":[{"kind":"range","marks":[],"text":""}]}]},{"kind":"block","type":"paragraph","key":"7ec48529f822422b94cb8d79c8b6cd21","isVoid":false,"data":{},"nodes":[{"kind":"text","key":"69920debcfba44fca72d0763217d01a7","ranges":[{"kind":"range","marks":[],"text":""}]},{"kind":"inline","type":"link","key":"ac51be5d9d9b4c17b5a8174badd6be21","isVoid":false,"data":{"pageID":"-LMW9Qjr3bU2ZVmF03p1"},"nodes":[{"kind":"text","key":"580f9e18d6c94a0fb0c90eed7da4e70d","ranges":[{"kind":"range","marks":[],"text":"Admin Portal"}]}]},{"kind":"text","key":"5fbf5cbff93d4e3bbd0ef6bd913581e4","ranges":[{"kind":"range","marks":[],"text":""}]}]},{"kind":"block","type":"paragraph","key":"2cf43e202e064fd8b735df4dc9dc2e7b","isVoid":false,"data":{},"nodes":[{"kind":"text","key":"1bf9630e18e34bfc9a8ca92043149e14","ranges":[{"kind":"range","marks":[],"text":""}]},{"kind":"inline","type":"link","key":"f7e71e8e5c2043fda93292d2e06562f1","isVoid":false,"data":{"pageID":"-LMWA2GskCSxbLCmO2uH"},"nodes":[{"kind":"text","key":"898213d206344204b798340e8aca3822","ranges":[{"kind":"range","marks":[],"text":"Backup and Restore"}]}]},{"kind":"text","key":"631b46fe46594a5bb55997da319a264f","ranges":[{"kind":"range","marks":[],"text":""}]}]}]},{"kind":"block","type":"table-cell","key":"73ce368c72fa4a84bdb691cf51992109","isVoid":false,"data":{},"nodes":[{"kind":"block","type":"paragraph","key":"8aac378bbb484efaac6ebef0ea572c94","isVoid":false,"data":{},"nodes":[{"kind":"text","key":"0d0ac27d8e074a7c921d9a232214f675","ranges":[{"kind":"range","marks":[],"text":""}]}]}]}]}]},{"kind":"block","type":"paragraph","key":"86c3744d3f1d49e081d6f645f73d2bef","isVoid":false,"data":{},"nodes":[{"kind":"text","key":"bfffc835ac6c4c8595aae9cc225eed87","ranges":[{"kind":"range","marks":[],"text":""}]}]}]}}