{"uid":"-M6DF_Bl2I_NqAicP3U7","message":"","createdAt":"2020-05-01T10:27:58.997Z","createdBy":"flattbFn0kPgWMoZA8hax1iMYWk1","parents":["-M6DF9qOf2pwmlPM3xnl"],"versions":{"master":{"ref":"master","title":"1.0.0","page":{"uid":"-M5KQ7eQiJjPIMNk5Aj1","title":"Initial page","kind":"document","description":"样式测试","path":"master","href":null,"documentURL":"https://firebasestorage.googleapis.com/v0/b/gitbook-28427.appspot.com/o/documents%2F-M5KPzYngbqUazKg6Cbm%2F-M6DF_Bl2I_NqAicP3U7%2Fmaster%2F-M5KQ7eQiJjPIMNk5Aj1%2Fdocument.json?alt=media&token=55c16405-e84e-479b-b687-499798e57f8c","createdAt":"2020-04-20T02:30:50.780Z","pages":[{"uid":"-M5QAMN0fvpH4HhfiwBN","title":"link page","kind":"document","description":"link page","path":"link-page","href":null,"documentURL":"https://firebasestorage.googleapis.com/v0/b/gitbook-28427.appspot.com/o/documents%2F-M5KPzYngbqUazKg6Cbm%2F-M5QALS5Dg77EwNQrNQX%2Fmaster%2F-M5QAMN0fvpH4HhfiwBN%2Fdocument.json?alt=media&token=7ed48368-5c6e-4a0e-9378-f8b1f946cebe","createdAt":"2020-04-21T05:19:40.034Z","pages":[],"github":null,"isPathUntouched":false,"stats":{"words":4,"images":0,"codeLines":0,"revisions":0},"edits":{"contributions":{"flattbFn0kPgWMoZA8hax1iMYWk1":{"createdAt":"2020-04-21T05:28:01.481Z","updatedAt":"2020-04-21T05:28:01.481Z","count":1}}}}],"github":null,"isPathUntouched":false,"stats":{"words":198,"images":1,"codeLines":5,"revisions":0},"edits":{"contributions":{"flattbFn0kPgWMoZA8hax1iMYWk1":{"createdAt":"2020-04-20T02:34:50.033Z","updatedAt":"2020-05-01T10:27:55.132Z","count":12}}}},"github":null,"locale":null}},"primaryVersionID":"master","assets":{"-M5Q9B2crYznyX5yghuy":{"uid":"-M5Q9B2crYznyX5yghuy","name":"烤心管 (2).jpg","downloadURL":"https://firebasestorage.googleapis.com/v0/b/gitbook-28427.appspot.com/o/assets%2F-M5KPzYngbqUazKg6Cbm%2F-M5Q0fHhWom6BNrhIxhz%2F-M5Q9B2crYznyX5yghuy%2F%E7%83%A4%E5%BF%83%E7%AE%A1%20(2).jpg?alt=media&token=ebb366a0-ce49-422f-a158-958eff791f5e","blobSize":145112,"createdAt":"2020-04-21T05:14:33.111Z","edits":{"contributions":{"flattbFn0kPgWMoZA8hax1iMYWk1":{"createdAt":"2020-04-21T05:14:34.036Z","updatedAt":"2020-04-21T05:14:34.036Z","count":1}}},"github":null,"contentType":"image/jpeg"}},"github":[],"rollbackOf":null}