{"uid":"-M5KPzYngbqUazKg6Cbm","name":"gitbook transform","baseName":"gitbook-transform","ownerID":"flattbFn0kPgWMoZA8hax1iMYWk1","isPrivate":false,"isUnlisted":false,"secretToken":null,"createdAt":"2020-04-20T02:30:13.491Z","createdBy":"flattbFn0kPgWMoZA8hax1iMYWk1","logoURL":null,"fullLogoURL":null,"emoji":"1f4d2","colorPrimary":"#FFD139","headerTheme":"none","font":null,"locale":"zh","primaryRevision":"-M5QALS5Dg77EwNQrNQX","algoliaAPIKey":"Yzk1Yzc1ZDZkYzZhYjMyM2Q0MzliYmYwNjQ1NDQ5NDUxMjk0MTM3YzY3OTQ1NDJhMWYxNjEwOGZhM2M5NTFlZWZpbHRlcnM9LU01S1B6WW5nYnFVYXpLZzZDYm0=","customDomain":null,"links":[],"hasGitHubSync":false,"editOnGitHub":null,"googleAnalyticsID":null,"intercomID":null,"hasPageRating":true,"hasPDFExport":false,"edits":{"contributions":{"flattbFn0kPgWMoZA8hax1iMYWk1":{"createdAt":"2020-04-20T02:30:13.491Z","updatedAt":"2020-04-21T05:28:04.773Z","count":10}}},"indexedRevision":"-M5QALS5Dg77EwNQrNQX"}