{"format_version":1,"document":{"kind":"document","key":"2f29f654f99a4179a68e6f866fe50746","data":{"schema_version":6},"nodes":[{"kind":"block","type":"heading-1","key":"b6db12a46d6443e1a398e5a66b3256f7","isVoid":false,"data":{},"nodes":[{"kind":"text","key":"c0e608045558428092ee860e77ac057b","ranges":[{"kind":"range","marks":[],"text":"Introduction"}]}]},{"kind":"block","type":"paragraph","key":"584f267259b742f7a3c4da0ea3afd98e","isVoid":false,"data":{},"nodes":[{"kind":"text","key":"6e41a7338f7b4264a22c518bb5b72fd9","ranges":[{"kind":"range","marks":[],"text":"GSQL is a Turing complete Graph Database query language. Comparing to other graph query languages, the biggest advantages is its support of accumulators -- global or vertex local. "}]}]},{"kind":"block","type":"paragraph","key":"b6f36cae41b0468f8505264184f44b85","isVoid":false,"data":{},"nodes":[{"kind":"text","key":"1918efd1dee84c7fac32771cbdac6517","ranges":[{"kind":"range","marks":[],"text":"In addition to provide the classic "}]},{"kind":"inline","type":"link","key":"f0cfe2cd9c9645df8870246bcf7c4734","isVoid":false,"data":{"pageID":"-LemClXmHqjOHfIx-AvX"},"nodes":[{"kind":"text","key":"c33baa46000744dfb1eef3d600b59c1b","ranges":[{"kind":"range","marks":[],"text":"pattern match"}]}]},{"kind":"text","key":"1df288df84a0465d9f3013e132b448c3","ranges":[{"kind":"range","marks":[],"text":" syntax, which is easy to master, GSQL supports powerful run-time vertex attributes (a.k.a local accumulators) and  global state variables (a.k.a global accumulators). "}]}]},{"kind":"block","type":"paragraph","key":"dc18b34130174a018a64320faaeffa55","isVoid":false,"data":{},"nodes":[{"kind":"text","key":"a4d997f639264542b03826aea80aaae3","ranges":[{"kind":"range","marks":[],"text":"This short tutorial aims to shorten the learning curve of accumulator. Supposedly, after reading this article, everyone can master the essence of accumulator by heart, and start solving real-life graph problems with this handy language feature."}]}]},{"kind":"block","type":"heading-1","key":"2a9ecd2306f7414796a955f186f8d9d3","isVoid":false,"data":{},"nodes":[{"kind":"text","key":"a5998821e7654da3b336b1911c08eb56","ranges":[{"kind":"range","marks":[{"kind":"mark","data":{},"type":"bold"}],"text":"What is an Accumulator?"}]}]},{"kind":"block","type":"image","key":"2fff3ddaba15490e8756d5854860eb31","isVoid":true,"data":{"src":"https://lh3.googleusercontent.com/TZfcbUMlXsHvCYVO_ex9QqjlK823ybyrX7aQhv38j35fghJVpsJEtdFBjcjMj1x2pHfHbNUraTgbySriMRttCuNv359iOwnRHDVcRgPyAj9tQLappYXe6ManjmRS27eunYMc2rjG","caption":"Figure 1. The left box is a GSQL query with different accumulators being accumulated to. The right box shows the accumulator variables' final results."},"nodes":[{"kind":"text","key":"34f2c43bc33c4255819fe3c9b7082c54","ranges":[{"kind":"range","marks":[],"text":""}]}]},{"kind":"block","type":"paragraph","key":"96c29da2695c4a6692716a523a47ac54","isVoid":false,"data":{},"nodes":[{"kind":"text","key":"c7aeaa3cf2c647ce8bdb61cddb22fe9f","ranges":[{"kind":"range","marks":[],"text":"An accumulator is a state variable in GSQL. Its state is mutable throughout the life cycle of a query. It has an initial value, and users can keep accumulating (using its \"+=\" built-in operator) new values into it. Each accumulator variable has a type. The type decides what semantics the declared accumulator will use to interpret the \"+=\" operation."}]}]},{"kind":"block","type":"paragraph","key":"e662d116c99642e7a834c9d0b943834a","isVoid":false,"data":{},"nodes":[{"kind":"text","key":"310443b5a78f435b94de9ccf88dfa6e7","ranges":[{"kind":"range","marks":[],"text":"In Figure 1's left box, from line 3 to line 8, six different accumulator variables (those with prefix @@) are declared, each with a unique type. Below we explain the semantic and usage of them. "}]}]},{"kind":"block","type":"list-unordered","key":"856a7740156f4ebd96666e74913b1c7b","isVoid":false,"data":{},"nodes":[{"kind":"block","type":"list-item","key":"7e88ffc48ce1467986784e777524f357","isVoid":false,"data":{},"nodes":[{"kind":"block","type":"paragraph","key":"8427d8c21f60439db3adaa7ea43911e0","isVoid":false,"data":{},"nodes":[{"kind":"text","key":"221ff57778b54a1d951966e22fbc3daf","ranges":[{"kind":"range","marks":[{"kind":"mark","data":{},"type":"bold"}],"text":"SumAccum<INT>"},{"kind":"range","marks":[],"text":"  allows user to keep adding INT values into its internal state variable. As the line 10 and 11 have shown, we added 1 and 2 to the accumulator,  and end up with the value 3 (shown on line 3 in the right box). "}]}]}]},{"kind":"block","type":"list-item","key":"0b2b8e87dfdc4536a9e9ae30f507203d","isVoid":false,"data":{},"nodes":[{"kind":"block","type":"paragraph","key":"a51fa73d2a1b4c819cf90e9cb15fcf3a","isVoid":false,"data":{},"nodes":[{"kind":"text","key":"16ae31c94d074df3962fe3ecf7ca4158","ranges":[{"kind":"range","marks":[{"kind":"mark","data":{},"type":"bold"}],"text":"MinAccum<INT>"},{"kind":"range","marks":[],"text":"  keeps the smallest INT number it has seen. As the line 14 and 15 have shown,  we accumulated 1 and 2 to the MinAccum accumulator, and end up with the value 1 (shown on line 6 in the right box)."}]}]}]},{"kind":"block","type":"list-item","key":"39f689bfc2bc4ddc8d80f2d2577117d1","isVoid":false,"data":{},"nodes":[{"kind":"block","type":"paragraph","key":"7993ac1ac94e493da0e61d0320c87248","isVoid":false,"data":{},"nodes":[{"kind":"text","key":"8a14bccb79714f488a8f99e93fc22a76","ranges":[{"kind":"range","marks":[{"kind":"mark","data":{},"type":"bold"}],"text":"MaxAccum<INT>"},{"kind":"range","marks":[],"text":" is symmetric to MinAccum. It returns the MAX INT value it has seen. Lines 18 and 19 show that we send 1 and 2 into it, and end up with the value 2 (shown on line 9 in the right box)."}]}]}]},{"kind":"block","type":"list-item","key":"bfc33c563bee47108ba6f05c710eb78a","isVoid":false,"data":{},"nodes":[{"kind":"block","type":"paragraph","key":"6284c117df60425398f8809430b50c00","isVoid":false,"data":{},"nodes":[{"kind":"text","key":"0d7823a4479e4dcf9f371b90c6ad7a7b","ranges":[{"kind":"range","marks":[{"kind":"mark","data":{},"type":"bold"}],"text":"OrAccum"},{"kind":"range","marks":[],"text":" keeps OR-ing the internal boolean state variable with new boolean variables that accumulate to it. The initial default value is FALSE. Lines 22 and 23 show that we send TRUE and FALSE into it, and end up with the TRUE value (shown on line 12 in the right box). "}]}]}]},{"kind":"block","type":"list-item","key":"20c81489ddff4f66bb5f498535f6c201","isVoid":false,"data":{},"nodes":[{"kind":"block","type":"paragraph","key":"fcc31333e7e94803bb792e4a2d7cd379","isVoid":false,"data":{},"nodes":[{"kind":"text","key":"0e221e7f747b4ef19f9680449761859f","ranges":[{"kind":"range","marks":[{"kind":"mark","data":{},"type":"bold"}],"text":"AndAccum"},{"kind":"range","marks":[],"text":" is symmetric to OrAccum. Instead of using OR, it uses the AND accumulation semantics. Line 26 and 27 show that we accumulate TRUE and FALSE into it, and end up with the FALSE value (shown on line 15 in the right box)."}]}]}]},{"kind":"block","type":"list-item","key":"077eb0e683a741dfb10e94053ae158c3","isVoid":false,"data":{},"nodes":[{"kind":"block","type":"paragraph","key":"186388655e5149358b8f11fb27c7acfe","isVoid":false,"data":{},"nodes":[{"kind":"text","key":"6a011cf9197c43de86e73858cf6c3ffb","ranges":[{"kind":"range","marks":[{"kind":"mark","data":{},"type":"bold"}],"text":"ListAccum<INT>"},{"kind":"range","marks":[],"text":" keeps appending new integer(s) into its internal list variable. Line 30 - 32 show that we append 1, 2, and [3,4] to the accumulator, and end up with [1,2,3,4] (shown on lines 19-22 in the right box). "}]}]}]}]},{"kind":"block","type":"heading-1","key":"822a24ba8f684fa68f253748328c0706","isVoid":false,"data":{},"nodes":[{"kind":"text","key":"5b2d5fefb2244799b932274351f76c4d","ranges":[{"kind":"range","marks":[{"kind":"mark","data":{},"type":"bold"}],"text":"Global vs. Vertex-attached Accumulator"}]}]},{"kind":"block","type":"paragraph","key":"29f0deb60957440b802f9c68fc19ce2e","isVoid":false,"data":{},"nodes":[{"kind":"text","key":"b0ca3ad28c6d4d9fb07ff899d45fbc25","ranges":[{"kind":"range","marks":[],"text":"At this point, we have seen that accumulators are special typed variable in GSQL language. We are ready to explain their global and local scopes."}]}]},{"kind":"block","type":"paragraph","key":"712007e846b74da49d5304f432baa25a","isVoid":false,"data":{},"nodes":[{"kind":"text","key":"32fbce48790b4813a4e1ed04d001efe0","ranges":[{"kind":"range","marks":[],"text":"Global accumulator belongs to the entire query. Anywhere in a query, a statement can update its value. Local accumulator belongs to each vertex.  It can only be updated when its owning vertex is accessible. To differentiate them, we use special prefixes in the identifier when we declare them."}]}]},{"kind":"block","type":"list-unordered","key":"4dc59cb225a34b28a9dd210fe09dadd4","isVoid":false,"data":{},"nodes":[{"kind":"block","type":"list-item","key":"37543ca68ff449b4afd4e5dda0703c60","isVoid":false,"data":{},"nodes":[{"kind":"block","type":"paragraph","key":"be6e3f31cea64c6b9b78059afa25bc25","isVoid":false,"data":{},"nodes":[{"kind":"text","key":"96570d0178ae456eb549f508530c26c2","ranges":[{"kind":"range","marks":[{"kind":"mark","data":{},"type":"bold"}],"text":"@@"},{"kind":"range","marks":[],"text":" prefix is used for declaring global accumulator variable. It is always used stand-alone. E.g "},{"kind":"range","marks":[{"kind":"mark","data":{},"type":"bold"}],"text":"\n"},{"kind":"range","marks":[{"kind":"mark","data":{},"type":"code"}],"text":"@@cnt +=1"}]}]}]},{"kind":"block","type":"list-item","key":"b30812b2dcb642f89d80d42761e3b6d1","isVoid":false,"data":{},"nodes":[{"kind":"block","type":"paragraph","key":"a2397e40921d48b6ac580e8a98aa3496","isVoid":false,"data":{},"nodes":[{"kind":"text","key":"55c8f5843de54f9cb7c31d9648fa9727","ranges":[{"kind":"range","marks":[{"kind":"mark","data":{},"type":"bold"}],"text":"@ "},{"kind":"range","marks":[],"text":"prefix is used for declaring local accumulator variable. It must be used with a vertex alias in a query block. E.g. "},{"kind":"range","marks":[{"kind":"mark","data":{},"type":"code"}],"text":"v.@cnt += 1,"},{"kind":"range","marks":[],"text":" where v is a vertex alias specified in a FROM clause of a SELECT-FROM-WHERE query block. "}]}]}]}]},{"kind":"block","type":"image","key":"7d03cc68a9f34ba39cd1e6f14867977e","isVoid":true,"data":{"src":"https://lh6.googleusercontent.com/zBXxBe-6iSKX2RJZ9ITyC1wLf-gcbuJbzHlqnGCFV6uwjkYHrTYXtW56HzAn2uA-YYw4TQNt2-MFe-nbGXDnNml0K1sRYVdAKlc3SxMYZ5UsRnlWTb4R-fHIcXJillIGsyffAO2H","caption":"Figure 2. A social graph with 7 person vertices and 7 friendship edges connecting them."},"nodes":[{"kind":"text","key":"2df19e90ef5c4caa923a7bf5b01ab483","ranges":[{"kind":"range","marks":[],"text":""}]}]},{"kind":"block","type":"paragraph","key":"590b57868d2e4b99b2bcb93cc9dd0153","isVoid":false,"data":{},"nodes":[{"kind":"text","key":"b6a5e63f96da4c439f3f43ceda96bb65","ranges":[{"kind":"range","marks":[],"text":"Consider a toy social graph modeled by a person vertex type and a person-to-person friendship edge type shown in Figure 2. Below we write a query, which accepts a person, and does a 1-hop traversal from the input person to its neighbors. We use the @@global_edge_cnt accumulator to accumulate the total number of edges we traverse. And we use @vertex_cnt to write to the input person's each friend vertex an integer 1.\n"}]}]},{"kind":"block","type":"image","key":"eef6e909139447a59cf6c563889e11bd","isVoid":true,"data":{"src":"https://lh5.googleusercontent.com/6PVg2z_7N7SqnLUeZOP2mdh52KQqB_GCZC-x5A6edcAagOWqBKWRPixykP-wS-tnAAqPYBWZbEBQOTHqV1GghvlsObYEW5tLkZ-Nn0lIc0EsAk8_RZRP_-vZQnsNn2Wy-j4sB-e4","caption":""},"nodes":[{"kind":"text","key":"6703ab3e28f446ef900fa7cfe7487e82","ranges":[{"kind":"range","marks":[],"text":""}]}]},{"kind":"block","type":"image","key":"98aeb83916b14e91a7799f9c16fffbb7","isVoid":true,"data":{"src":"https://lh4.googleusercontent.com/P8rs2ukMPxoFJKk1x74FNkEa38PTg-KNcC9uJ_BN4ZRcYh5nhDTcjYD4_ajvgBe047-hLRaUbHfMXdEnn2nLzFQXGkRHRBbVb4lY399yZ_7If25HKtCAO0Hymn35Zm5fxdux_YtV","caption":"Figure 3. The top box shows a query that given a person, accumulate the edge count into @@global_edge_cnt. The bottom box shows that for each friend of the input person, we accumulate 1 into its @vertex_cnt.  "},"nodes":[{"kind":"text","key":"6c02f458a74045dd8bf50ce134ad8c47","ranges":[{"kind":"range","marks":[],"text":""}]}]},{"kind":"block","type":"paragraph","key":"ee2b85ba803c41d0a94b43605f996660","isVoid":false,"data":{},"nodes":[{"kind":"text","key":"e0421aa6b86441aaadf372741af84336","ranges":[{"kind":"range","marks":[],"text":"As Figure 2 shows, Dan has 4 direct friends -- Tom, Kevin, Jenny, and Nancy, each of which holds a local accumulator @vertex_cnt. And the @@global_edge_cnt has value 4, reflecting the fact that for each edge, we have accumulated 1 into it."}]}]},{"kind":"block","type":"heading-1","key":"3288d6635ec6410abf234b869eb9a805","isVoid":false,"data":{},"nodes":[{"kind":"text","key":"284233cbc0a74fdc97b197aa4dc06ec4","ranges":[{"kind":"range","marks":[{"kind":"mark","data":{},"type":"bold"}],"text":"ACCUM vs. POST-ACCUM"}]}]},{"kind":"block","type":"paragraph","key":"f8783b5b060e4b13a6b0ac94992f26b5","isVoid":false,"data":{},"nodes":[{"kind":"text","key":"e10f89eff6874009ad107765dccaf615","ranges":[{"kind":"range","marks":[],"text":"ACCUM and POST-ACCUM clauses are computed in stages, where-in a SELECT-FROM-WHERE query block, ACCUM is executed first, followed by the POST-ACCUM clause."}]}]},{"kind":"block","type":"list-unordered","key":"73c8e3036afa41a081cd6e336d9d2fc7","isVoid":false,"data":{},"nodes":[{"kind":"block","type":"list-item","key":"bffa417a341a4ad5af48be12b273b02a","isVoid":false,"data":{},"nodes":[{"kind":"block","type":"paragraph","key":"3e4a7cda5eac4ad49c981be9ced0cb05","isVoid":false,"data":{},"nodes":[{"kind":"text","key":"d8368ea0c2314341855686723d137ced","ranges":[{"kind":"range","marks":[{"kind":"mark","data":{},"type":"bold"}],"text":"ACCUM "},{"kind":"range","marks":[],"text":"executes its statement(s) once for each matched edge (or path) of the FROM clause pattern. Further, ACCUM parallelly executes its statements for all the matches. "}]}]}]},{"kind":"block","type":"list-item","key":"458acf0d95364301af93f92f44dab783","isVoid":false,"data":{},"nodes":[{"kind":"block","type":"paragraph","key":"ae1196f2fa744e9eb912fddc65711b3a","isVoid":false,"data":{},"nodes":[{"kind":"text","key":"3c2edbda1a2742a080693024daa4e735","ranges":[{"kind":"range","marks":[{"kind":"mark","data":{},"type":"bold"}],"text":"POST-ACCUM "},{"kind":"range","marks":[],"text":"executes its statement(s) once for each involved vertex. Note that each statement within the POST-ACCUM clause can refer to either source vertices or target vertices but not both."}]}]}]}]},{"kind":"block","type":"heading-1","key":"045017cffa9b4c5ca202810244aa121d","isVoid":false,"data":{},"nodes":[{"kind":"text","key":"b348e763cc5543b7b4ada506d2145fde","ranges":[{"kind":"range","marks":[{"kind":"mark","data":{},"type":"bold"}],"text":"Conclusion"}]}]},{"kind":"block","type":"paragraph","key":"93cec88721c547709569391d00691392","isVoid":false,"data":{},"nodes":[{"kind":"text","key":"7f404472517c4c42bdbc48fce7f3a7e5","ranges":[{"kind":"range","marks":[],"text":"We have explained the mechanism of accumulators, their types, and the two different scopes--global and local. We also elaborate the ACCUM and POST-ACCUM clause semantics. Once you master the basics, the rest is to practice more. We have made available 46 queries based on the "}]},{"kind":"inline","type":"link","key":"ea77f3dac0084a08846d9689df0feb4f","isVoid":false,"data":{"href":"http://ldbc.github.io/ldbc_snb_docs/ldbc-snb-specification.pdf"},"nodes":[{"kind":"text","key":"5a681900a9c944b4993366ebee50896b","ranges":[{"kind":"range","marks":[],"text":"LDBC"}]}]},{"kind":"text","key":"a09c6121a9bf4963a6bb72e26b4350b7","ranges":[{"kind":"range","marks":[],"text":" schema. These 46 queries are divided into three groups. "}]}]},{"kind":"block","type":"list-unordered","key":"cef35e8ad4204686ad60ef8d650bab60","isVoid":false,"data":{},"nodes":[{"kind":"block","type":"list-item","key":"deaa13474a8a40a9906a1343b5bad500","isVoid":false,"data":{},"nodes":[{"kind":"block","type":"paragraph","key":"48908546b69c4070bee30076138616e1","isVoid":false,"data":{},"nodes":[{"kind":"text","key":"bd728e1d44bc4d76b32f62695f7e7b4f","ranges":[{"kind":"range","marks":[{"kind":"mark","data":{},"type":"bold"}],"text":"IS: "}]},{"kind":"inline","type":"link","key":"25245aedaf9148d7ad56c950783189d5","isVoid":false,"data":{"href":"https://github.com/tigergraph/ecosys/tree/ldbc/ldbc_benchmark/tigergraph/queries_pattern_match/interactive_short"},"nodes":[{"kind":"text","key":"c9d54913a8ed45e18ee9e4754ab75685","ranges":[{"kind":"range","marks":[{"kind":"mark","data":{},"type":"bold"}],"text":"https://github.com/tigergraph/ecosys/tree/ldbc/ldbc_benchmark/tigergraph/queries_pattern_match/interactive_short"}]}]},{"kind":"text","key":"3b6ee02933fe4d3da5fc384730a9129e","ranges":[{"kind":"range","marks":[],"text":""}]}]}]},{"kind":"block","type":"list-item","key":"13fc8a0b16504ab083520f608ffec0ce","isVoid":false,"data":{},"nodes":[{"kind":"block","type":"paragraph","key":"0a22b0400f9d4ef986ef4e74316972b8","isVoid":false,"data":{},"nodes":[{"kind":"text","key":"68a6efc2ca8e45a486e9f9609302e25f","ranges":[{"kind":"range","marks":[{"kind":"mark","data":{},"type":"bold"}],"text":"IC: "}]},{"kind":"inline","type":"link","key":"d2dff56652294e1fbb893ac589392ce1","isVoid":false,"data":{"href":"https://github.com/tigergraph/ecosys/tree/ldbc/ldbc_benchmark/tigergraph/queries_pattern_match/interactive_complex"},"nodes":[{"kind":"text","key":"f689b974240a40e69e09263c79d00b2b","ranges":[{"kind":"range","marks":[{"kind":"mark","data":{},"type":"bold"}],"text":"https://github.com/tigergraph/ecosys/tree/ldbc/ldbc_benchmark/tigergraph/queries_pattern_match/interactive_complex"}]}]},{"kind":"text","key":"dfcaf0d6135349d1ba8dde06b788f6b8","ranges":[{"kind":"range","marks":[],"text":""}]}]}]},{"kind":"block","type":"list-item","key":"cea8f234a7ec4c75b21d95b221dba349","isVoid":false,"data":{},"nodes":[{"kind":"block","type":"paragraph","key":"4715d1f9476f4d85b29b7fbb22c643dc","isVoid":false,"data":{},"nodes":[{"kind":"text","key":"d1eeba4363d842478953884de6321915","ranges":[{"kind":"range","marks":[{"kind":"mark","data":{},"type":"bold"}],"text":"BI: "}]},{"kind":"inline","type":"link","key":"4db502e10abb48d7b692177a49e7a871","isVoid":false,"data":{"href":"https://github.com/tigergraph/ecosys/tree/ldbc/ldbc_benchmark/tigergraph/queries_pattern_match/business_intelligence"},"nodes":[{"kind":"text","key":"eabc9723f33a4395b2a2d98814fd5a5a","ranges":[{"kind":"range","marks":[{"kind":"mark","data":{},"type":"bold"}],"text":"https://github.com/tigergraph/ecosys/tree/ldbc/ldbc_benchmark/tigergraph/queries_pattern_match/business_intelligence"}]}]},{"kind":"text","key":"3291308962b0420fa97f63cd583cee00","ranges":[{"kind":"range","marks":[],"text":""}]}]}]}]},{"kind":"block","type":"paragraph","key":"3289d3716e36469594446594b5b98985","isVoid":false,"data":{},"nodes":[{"kind":"text","key":"5e899f3539d94a1fac1e26b61ba3eb8f","ranges":[{"kind":"range","marks":[],"text":"You can follow GSQL 102 to setup the environment. You can also post your feedback and questions on the "}]},{"kind":"inline","type":"link","key":"5c8ae55cf6f54d10929d6944b54649ad","isVoid":false,"data":{"href":"https://groups.google.com/a/opengsql.org/forum/#!forum/gsql-users"},"nodes":[{"kind":"text","key":"2cd4f95730f84e5bb6d64821b0a7978e","ranges":[{"kind":"range","marks":[],"text":"GSQL community forum"}]}]},{"kind":"text","key":"9346e33b0a564d5d87ae741984e78401","ranges":[{"kind":"range","marks":[],"text":". Our community members and developers love to hear any feedback from your graph journey of using GSQL and are ready to help clarifying any doubts. "}]}]}]}}