{"format_version":1,"document":{"kind":"document","key":"4","data":{"schema_version":6},"nodes":[{"kind":"block","type":"heading-1","key":"afefda48e1884742913d3ff6081668a8","isVoid":false,"data":{},"nodes":[{"kind":"text","key":"af5df9305c78482484c9f9b877d7dfff","ranges":[{"kind":"range","marks":[],"text":"Data Set"}]}]},{"kind":"block","type":"paragraph","key":"72a2ed0b43e446878d55ceb9d9906afc","isVoid":false,"data":{},"nodes":[{"kind":"text","key":"50a3156ec60d400da21e44d0c06c9761","ranges":[{"kind":"range","marks":[],"text":"We will use the "}]},{"kind":"inline","type":"link","key":"3c22578d15274dedbcfed7dfade88697","isVoid":false,"data":{"href":"http://ldbcouncil.org/developer/snb"},"nodes":[{"kind":"text","key":"4bb29ad2d03f494495419ed1d4a07702","ranges":[{"kind":"range","marks":[],"text":"LDBC Social Network Benchmark"}]}]},{"kind":"text","key":"cc184977150240d99f78954325e15276","ranges":[{"kind":"range","marks":[],"text":" (LDBC SNB) data set. This data set models a typical social forum, where communities of persons can post messages on a forum to discuss a topic.  It comes with a data generator, which allows you to generate data at different scale factors. Scale factor 1 generates roughly 1GB raw data, scale factor 10 generates roughly 10GB raw data, etc. "}]}]},{"kind":"block","type":"image","key":"b05452de2c9f437c99daa345dc51837c","isVoid":true,"data":{"assetID":"-LexxRgZ1XapakZA1gdh","caption":"Figure 1. LDBC SNB Schema"},"nodes":[{"kind":"text","key":"6164a6afdc7c4eb9bb049f620cf48918","ranges":[{"kind":"range","marks":[],"text":""}]}]},{"kind":"block","type":"paragraph","key":"dcab7ac094764a0b8f7304f09feaa273","isVoid":false,"data":{},"nodes":[{"kind":"text","key":"8c86af525082450f9302ec421860fae3","ranges":[{"kind":"range","marks":[],"text":"Figure 1 shows the schema (from the "}]},{"kind":"inline","type":"link","key":"b1d2b599aae7400c824820d4144adebe","isVoid":false,"data":{"href":"http://ldbc.github.io/ldbc_snb_docs/ldbc-snb-specification.pdf"},"nodes":[{"kind":"text","key":"bff53c50eb184821be67dfeebc14fe66","ranges":[{"kind":"range","marks":[],"text":"LDBC SNB specification"}]}]},{"kind":"text","key":"1ae75dbc0ea74ae1b3b28683e7c315ea","ranges":[{"kind":"range","marks":[],"text":"). It models the activities and relationships of social forum participants. For example, a forum Member can publish Posts on a Forum, and other Members of the Forum can make a Comment on the Post or on someone else's Comment. A Person's home location is a hierarchy (Continent>Country>City), and a person can be affiliated with a University or a Company. Tags can be used to classify a Forum and a Person's interests.  Tags can further be classified by TagClass. The relationships between entities are modeled as directed edges, except person KNOWS person is modeled as an undirected edge. For example, Person connects to Tag by the hasInterest edge. Forum connects to Person by two different edges, hasMember and hasModerator."}]}]},{"kind":"block","type":"hint","key":"246b0a91d6644833ad891d51c54c317c","isVoid":false,"data":{"style":"warning"},"nodes":[{"kind":"block","type":"paragraph","key":"690d243087b04628b0fbd37178509020","isVoid":false,"data":{},"nodes":[{"kind":"text","key":"dba3f37ef434440896c864f6d68f463e","ranges":[{"kind":"range","marks":[],"text":"LDBC SNB schema uses "},{"kind":"range","marks":[{"kind":"mark","data":{},"type":"bold"}],"text":"inheritance"},{"kind":"range","marks":[],"text":" to model certain entity type relationships:"}]}]},{"kind":"block","type":"list-unordered","key":"15984c9bb6db4f40be3416ab10289fe8","isVoid":false,"data":{},"nodes":[{"kind":"block","type":"list-item","key":"d608e3a47467495084a8243e8ac4d245","isVoid":false,"data":{},"nodes":[{"kind":"block","type":"paragraph","key":"cea9bb28412b4c2a89ce16a9b18f926a","isVoid":false,"data":{},"nodes":[{"kind":"text","key":"a5b10352c9fb4551b6a4350baeb2add3","ranges":[{"kind":"range","marks":[{"kind":"mark","data":{},"type":"bold"}],"text":"Message"},{"kind":"range","marks":[],"text":" is the superclass of Post and Comment."}]}]}]},{"kind":"block","type":"list-item","key":"810a90c931554eb2b1d9f724e13af289","isVoid":false,"data":{},"nodes":[{"kind":"block","type":"paragraph","key":"da0e2e71ba3a4eec9b35cc3d467a07b2","isVoid":false,"data":{},"nodes":[{"kind":"text","key":"9bf4c07e70f74ee2afd59e1855041acf","ranges":[{"kind":"range","marks":[{"kind":"mark","data":{},"type":"bold"}],"text":"Place"},{"kind":"range","marks":[],"text":" is the superclass of City, Country, and Continent."}]}]}]},{"kind":"block","type":"list-item","key":"bd6dc623f3b54cc8a012941519d931cc","isVoid":false,"data":{},"nodes":[{"kind":"block","type":"paragraph","key":"ca1e778c69764261979a51eeb9f0530e","isVoid":false,"data":{},"nodes":[{"kind":"text","key":"ee59f976b7e5444bb035d3d018e4ee8a","ranges":[{"kind":"range","marks":[{"kind":"mark","data":{},"type":"bold"}],"text":"Organization"},{"kind":"range","marks":[],"text":" is the superclass of University and Company."}]}]}]}]},{"kind":"block","type":"paragraph","key":"2530d9909e5f41e4bca234a772e55404","isVoid":false,"data":{},"nodes":[{"kind":"text","key":"efeb0952521b4b17889b1251b1d9ecbb","ranges":[{"kind":"range","marks":[],"text":"We do not use the superclasses in our graph model. When there is an edge type connecting an entity to a superclass, we instead create an edge type from the entity to each of the subclasses of the superclass. For example, Message has an "},{"kind":"range","marks":[{"kind":"mark","data":{},"type":"italic"}],"text":"isLocatedIn"},{"kind":"range","marks":[],"text":" relationship to Country. Since Message has two subclasses, Post and Comment, both connected with Country by the isLocatedIn edge, we create an edge type IS_LOCATED_IN, connecting both vertex type pairs using the disjunctive edge DDL syntax available from TigerGraph 3.0."}]}]},{"kind":"block","type":"list-unordered","key":"6b36d9aa488c4863adb6013ae14fd84c","isVoid":false,"data":{},"nodes":[{"kind":"block","type":"list-item","key":"e46c7795e2d24e51bd9cc3e7ea10feb8","isVoid":false,"data":{},"nodes":[{"kind":"block","type":"paragraph","key":"658c80e0e3404e98bb9c0f9f3795266b","isVoid":false,"data":{},"nodes":[{"kind":"text","key":"e9937bf1baf94013b0a305408bd96e58","ranges":[{"kind":"range","marks":[{"kind":"mark","data":{},"type":"bold"}],"text":"CREATE"},{"kind":"range","marks":[],"text":" "},{"kind":"range","marks":[{"kind":"mark","data":{},"type":"bold"}],"text":"DIRECTED"},{"kind":"range","marks":[],"text":" "},{"kind":"range","marks":[{"kind":"mark","data":{},"type":"bold"}],"text":"EDGE"},{"kind":"range","marks":[],"text":" IS_LOCATED_IN ("},{"kind":"range","marks":[{"kind":"mark","data":{},"type":"bold"}],"text":"FROM"},{"kind":"range","marks":[],"text":" Comment, "},{"kind":"range","marks":[{"kind":"mark","data":{},"type":"bold"}],"text":"TO"},{"kind":"range","marks":[],"text":" Country | "},{"kind":"range","marks":[{"kind":"mark","data":{},"type":"bold"}],"text":"FROM"},{"kind":"range","marks":[],"text":" Post, "},{"kind":"range","marks":[{"kind":"mark","data":{},"type":"bold"}],"text":"TO"},{"kind":"range","marks":[],"text":" Country) "},{"kind":"range","marks":[{"kind":"mark","data":{},"type":"bold"}],"text":"WITH"},{"kind":"range","marks":[],"text":" "},{"kind":"range","marks":[{"kind":"mark","data":{},"type":"bold"}],"text":"REVERSE_EDGE"},{"kind":"range","marks":[],"text":"=\"IS_LOCATED_IN_REVERSE\""}]}]}]}]},{"kind":"block","type":"paragraph","key":"c85b7d7289d44d138379741be8778ad5","isVoid":false,"data":{},"nodes":[{"kind":"text","key":"7c8fb63e814b41269e30a69459aa6e04","ranges":[{"kind":"range","marks":[],"text":"This new edge DDL syntax allows a general edge type to be defined over multiple applicable vertex pairs. Since there are many edge types in the LDBC schema that connect an non-geo entity with a geo-entity, we can put them in the same category as IS_LOCATED_IN. The result is a more succinct graph modeling and less GSQL code in expressing pattern matching queries.  "}]}]},{"kind":"block","type":"list-unordered","key":"74ba6fa1d95b4f4383d540ef5bfcaae3","isVoid":false,"data":{},"nodes":[{"kind":"block","type":"list-item","key":"9dd00a1346324452a8a245ba0d146196","isVoid":false,"data":{},"nodes":[{"kind":"block","type":"paragraph","key":"942aa0a741244977b1d4385f7f4c160a","isVoid":false,"data":{},"nodes":[{"kind":"text","key":"f73a60faef624167bafe684b61d80384","ranges":[{"kind":"range","marks":[{"kind":"mark","data":{},"type":"bold"}],"text":"CREATE"},{"kind":"range","marks":[],"text":" "},{"kind":"range","marks":[{"kind":"mark","data":{},"type":"bold"}],"text":"DIRECTED"},{"kind":"range","marks":[],"text":" "},{"kind":"range","marks":[{"kind":"mark","data":{},"type":"bold"}],"text":"EDGE"},{"kind":"range","marks":[],"text":" IS_LOCATED_IN ("},{"kind":"range","marks":[{"kind":"mark","data":{},"type":"bold"}],"text":"FROM"},{"kind":"range","marks":[],"text":" Comment, "},{"kind":"range","marks":[{"kind":"mark","data":{},"type":"bold"}],"text":"TO"},{"kind":"range","marks":[],"text":" Country | "},{"kind":"range","marks":[{"kind":"mark","data":{},"type":"bold"}],"text":"FROM"},{"kind":"range","marks":[],"text":" Post, "},{"kind":"range","marks":[{"kind":"mark","data":{},"type":"bold"}],"text":"TO"},{"kind":"range","marks":[],"text":" Country | "},{"kind":"range","marks":[{"kind":"mark","data":{},"type":"bold"}],"text":"FROM"},{"kind":"range","marks":[],"text":" Company, "},{"kind":"range","marks":[{"kind":"mark","data":{},"type":"bold"}],"text":"TO"},{"kind":"range","marks":[],"text":" Country | "},{"kind":"range","marks":[{"kind":"mark","data":{},"type":"bold"}],"text":"FROM"},{"kind":"range","marks":[],"text":" Person, "},{"kind":"range","marks":[{"kind":"mark","data":{},"type":"bold"}],"text":"TO"},{"kind":"range","marks":[],"text":" City | "},{"kind":"range","marks":[{"kind":"mark","data":{},"type":"bold"}],"text":"FROM"},{"kind":"range","marks":[],"text":" University, "},{"kind":"range","marks":[{"kind":"mark","data":{},"type":"bold"}],"text":"TO"},{"kind":"range","marks":[],"text":" City) "},{"kind":"range","marks":[{"kind":"mark","data":{},"type":"bold"}],"text":"WITH"},{"kind":"range","marks":[],"text":" "},{"kind":"range","marks":[{"kind":"mark","data":{},"type":"bold"}],"text":"REVERSE_EDGE"},{"kind":"range","marks":[],"text":"=\"IS_LOCATED_IN_REVERSE\""}]}]}]}]}]},{"kind":"block","type":"heading-1","key":"2749423801944d1db4928b284152dfff","isVoid":false,"data":{},"nodes":[{"kind":"text","key":"8d2f6436d2f24358a282209c2d64e207","ranges":[{"kind":"range","marks":[],"text":"Schema Naming Conventions"}]}]},{"kind":"block","type":"hint","key":"d86ddcce309343ecbda9ee32a7cfb687","isVoid":false,"data":{"style":"success"},"nodes":[{"kind":"block","type":"paragraph","key":"d02264b463754656abde107509ac1b03","isVoid":false,"data":{},"nodes":[{"kind":"text","key":"61cf892906274c4ba4d8806008e4386b","ranges":[{"kind":"range","marks":[{"kind":"mark","data":{},"type":"bold"}],"text":"Vertex Type"}]}]},{"kind":"block","type":"paragraph","key":"3d48b870f15d44a685e9ae2ee08428d3","isVoid":false,"data":{},"nodes":[{"kind":"text","key":"c26788283aaa4c4b8d63ece997b6bd8a","ranges":[{"kind":"range","marks":[],"text":"For each entity in Figure 1 (the rectangular boxes), we create a vertex type with the entity's name in UpperCamelCase."}]}]},{"kind":"block","type":"list-unordered","key":"a2c37d75cbfd42e39d9751e4aecc50d0","isVoid":false,"data":{},"nodes":[{"kind":"block","type":"list-item","key":"164e56a736c84018808b3443a292b076","isVoid":false,"data":{},"nodes":[{"kind":"block","type":"paragraph","key":"50a04d5cb2b740a9adb459ee2d22fb08","isVoid":false,"data":{},"nodes":[{"kind":"text","key":"cd3892c5b40a4ec79fb1562dc1df29b5","ranges":[{"kind":"range","marks":[{"kind":"mark","data":{},"type":"bold"}],"text":"Person"},{"kind":"range","marks":[],"text":" is a person who participates in a forum."}]}]}]},{"kind":"block","type":"list-item","key":"43f3cfc94ebb4fed878b039732384385","isVoid":false,"data":{},"nodes":[{"kind":"block","type":"paragraph","key":"eeaa2804bd374e7fa262c5fbc78e3f54","isVoid":false,"data":{},"nodes":[{"kind":"text","key":"9b7551f429604845863396ac4769fc26","ranges":[{"kind":"range","marks":[{"kind":"mark","data":{},"type":"bold"}],"text":"Forum"},{"kind":"range","marks":[],"text":" is a place where persons discuss topics."}]}]}]},{"kind":"block","type":"list-item","key":"26031054953d4ea3b2b86ae01b665af8","isVoid":false,"data":{},"nodes":[{"kind":"block","type":"paragraph","key":"1b2982159df14e0796dcd0a924c1204b","isVoid":false,"data":{},"nodes":[{"kind":"text","key":"6bbce7794119445599ef022752591335","ranges":[{"kind":"range","marks":[{"kind":"mark","data":{},"type":"bold"}],"text":"City, Country"},{"kind":"range","marks":[],"text":", and "},{"kind":"range","marks":[{"kind":"mark","data":{},"type":"bold"}],"text":"Continent"},{"kind":"range","marks":[],"text":" are geographic locations of other entities."}]}]}]},{"kind":"block","type":"list-item","key":"86243d7ffe5b4cf592cf40d8d269a680","isVoid":false,"data":{},"nodes":[{"kind":"block","type":"paragraph","key":"26efb40146184f81aa00a5f4d72eb8ee","isVoid":false,"data":{},"nodes":[{"kind":"text","key":"20941e086fc248bbb6192a2f98d01375","ranges":[{"kind":"range","marks":[{"kind":"mark","data":{},"type":"bold"}],"text":"Company"},{"kind":"range","marks":[],"text":" and "},{"kind":"range","marks":[{"kind":"mark","data":{},"type":"bold"}],"text":"University "},{"kind":"range","marks":[],"text":"are organizations related to a person's affiliation."}]}]}]},{"kind":"block","type":"list-item","key":"a0e960569a744d8fab6c1b212c0d9c02","isVoid":false,"data":{},"nodes":[{"kind":"block","type":"paragraph","key":"b3f49ce0c78e4f1fa89a0f645253c528","isVoid":false,"data":{},"nodes":[{"kind":"text","key":"89b90d4e4b7f44e7aa7b715f15d68baa","ranges":[{"kind":"range","marks":[{"kind":"mark","data":{},"type":"bold"}],"text":"Comment"},{"kind":"range","marks":[],"text":" and "},{"kind":"range","marks":[{"kind":"mark","data":{},"type":"bold"}],"text":"Post"},{"kind":"range","marks":[],"text":" are the interaction messages created by persons in a forum."}]}]}]},{"kind":"block","type":"list-item","key":"6c1ba2edd7b84add876c46fb8d08ca56","isVoid":false,"data":{},"nodes":[{"kind":"block","type":"paragraph","key":"0e556a410fca4b6baebc51ca10370e6e","isVoid":false,"data":{},"nodes":[{"kind":"text","key":"b0df98dc401348cbaa0735dec15ec00a","ranges":[{"kind":"range","marks":[{"kind":"mark","data":{},"type":"bold"}],"text":"Tag"},{"kind":"range","marks":[],"text":" is a topic or a concept."}]}]}]},{"kind":"block","type":"list-item","key":"c40aa4b359ba4045b87ab9dd53d5e3b5","isVoid":false,"data":{},"nodes":[{"kind":"block","type":"paragraph","key":"cdc0050171b24354b5c0f45aba59b7a8","isVoid":false,"data":{},"nodes":[{"kind":"text","key":"b3d6f989cb254550bd8630c0f0929ba8","ranges":[{"kind":"range","marks":[{"kind":"mark","data":{},"type":"bold"}],"text":"TagClass"},{"kind":"range","marks":[],"text":" is a class or a category. TagClass can form a hierarchy of tags."}]}]}]}]}]},{"kind":"block","type":"hint","key":"3ac35a38dda7492cbafbba02b7157f28","isVoid":false,"data":{"style":"success"},"nodes":[{"kind":"block","type":"paragraph","key":"6b86d2e95a8b440e99ef8fbbacf90d43","isVoid":false,"data":{},"nodes":[{"kind":"text","key":"81323a385d5946138bfec1e58c23c228","ranges":[{"kind":"range","marks":[{"kind":"mark","data":{},"type":"bold"}],"text":"Edge Type"}]}]},{"kind":"block","type":"paragraph","key":"d79c0b70139f43dfae60386305918779","isVoid":false,"data":{},"nodes":[{"kind":"text","key":"ca76f857fbb7493ab03ddd318d0674e5","ranges":[{"kind":"range","marks":[],"text":"For each relationship that "},{"kind":"range","marks":[{"kind":"mark","data":{},"type":"italic"}],"text":"cannot be generalized "},{"kind":"range","marks":[],"text":"in Figure 1, we create an edge type with the relationship name "},{"kind":"range","marks":[{"kind":"mark","data":{},"type":"bold"}],"text":"(all capitalized and words are separated by an  underscore)."},{"kind":"range","marks":[],"text":" For example, "}]}]},{"kind":"block","type":"list-unordered","key":"cd75dadfb89d4788b709e73d0445bbeb","isVoid":false,"data":{},"nodes":[{"kind":"block","type":"list-item","key":"81f6008fe3074b9a8774b33cac701121","isVoid":false,"data":{},"nodes":[{"kind":"block","type":"paragraph","key":"625a01094f67449c9163c4427ddd4073","isVoid":false,"data":{},"nodes":[{"kind":"text","key":"b980c3e6c360499387ac698c43e385d3","ranges":[{"kind":"range","marks":[{"kind":"mark","data":{},"type":"bold"}],"text":"CONTAINER_OF"},{"kind":"range","marks":[],"text":": Forum is the container of posts."}]}]}]},{"kind":"block","type":"list-item","key":"d52b4c3e00844097bab4a959b682e7f3","isVoid":false,"data":{},"nodes":[{"kind":"block","type":"paragraph","key":"a27d1668653e4d628ec6efe7c6083c81","isVoid":false,"data":{},"nodes":[{"kind":"text","key":"bbe6ac16766c431aa9b322bad36f6e6b","ranges":[{"kind":"range","marks":[{"kind":"mark","data":{},"type":"bold"}],"text":"HAS_INTERESTS"},{"kind":"range","marks":[],"text":": Person has interest in tag(s).  "},{"kind":"range","marks":[{"kind":"mark","data":{},"type":"bold"}],"text":" "}]}]}]},{"kind":"block","type":"list-item","key":"45428942dd1740b1a6e6621ddc24a528","isVoid":false,"data":{},"nodes":[{"kind":"block","type":"paragraph","key":"262b88ef632e440e8519528d9af36769","isVoid":false,"data":{},"nodes":[{"kind":"text","key":"878b004e235a4b23b871e23a55faed83","ranges":[{"kind":"range","marks":[{"kind":"mark","data":{},"type":"bold"}],"text":"IS_SUBCLASS_OF: "},{"kind":"range","marks":[],"text":"Tag is a subclass of another Tag. "}]}]}]}]},{"kind":"block","type":"paragraph","key":"ea957e0f302140b3b1cc9d0efb6f2e57","isVoid":false,"data":{},"nodes":[{"kind":"text","key":"89e481c24c2d4902a92faf4ad8c71e91","ranges":[{"kind":"range","marks":[],"text":"When multiple relationships share the same semantics in Figure 1, we use the the disjunctive edge type DDL syntax to combine them. For example:"}]}]},{"kind":"block","type":"list-unordered","key":"c2a899ea015f4e4da41573c6aa1c2d15","isVoid":false,"data":{},"nodes":[{"kind":"block","type":"list-item","key":"12e9938450cc40d399c05969e599d50c","isVoid":false,"data":{},"nodes":[{"kind":"block","type":"paragraph","key":"236789bccdae4e64a47e47ab46c873b3","isVoid":false,"data":{},"nodes":[{"kind":"text","key":"41ef77637e9c4dfea9c9e91849ab6e6f","ranges":[{"kind":"range","marks":[{"kind":"mark","data":{},"type":"bold"}],"text":"HAS_TYPE: "},{"kind":"range","marks":[],"text":"Tag is the source entity name, TagClass is the target entity name, and hasType is the edge name (which is written as HAS_TYPE).  "}]}]}]},{"kind":"block","type":"list-item","key":"9daf1f7081454b498c784225775dcad8","isVoid":false,"data":{},"nodes":[{"kind":"block","type":"paragraph","key":"e266a6fe8e8142368a12e1d9ac5896d0","isVoid":false,"data":{},"nodes":[{"kind":"text","key":"d67786113ec24bcfb8bd5d4b3a1d95c8","ranges":[{"kind":"range","marks":[{"kind":"mark","data":{},"type":"bold"}],"text":"HAS_MODERATOR: "},{"kind":"range","marks":[],"text":"Forum is the source entity name,  Person is the target entity name, and hasModerator is the edge name (which is written as HAS_MODERATOR)."}]}]}]}]}]},{"kind":"block","type":"heading-1","key":"4f4b9635812c42f193d1fac68ffb7d86","isVoid":false,"data":{},"nodes":[{"kind":"text","key":"33afbffa00ff41179bb72fbabcf9d388","ranges":[{"kind":"range","marks":[],"text":"GSQL Schema DDL"}]}]},{"kind":"block","type":"paragraph","key":"3b4b0cc920e242fa8da8b7164f0a474f","isVoid":false,"data":{},"nodes":[{"kind":"text","key":"0f44de39d0f34bcb8e4c0a3bbc123b1f","ranges":[{"kind":"range","marks":[],"text":"The GSQL script below can be downloaded from this "}]},{"kind":"inline","type":"link","key":"619e41b7488646f5b297362db60fbc99","isVoid":false,"data":{"href":"https://raw.githubusercontent.com/tigergraph/ecosys/ldbc/ldbc_benchmark/tigergraph/gsql_102/setup_schema.gsql"},"nodes":[{"kind":"text","key":"895557fb13514b809ce39a476996a9a9","ranges":[{"kind":"range","marks":[],"text":"link"}]}]},{"kind":"text","key":"f40714cc306c43459e4ce6d14173f43a","ranges":[{"kind":"range","marks":[],"text":". "}]}]},{"kind":"block","type":"code","key":"7c767ad240eb4023bfdb90055596a065","isVoid":false,"data":{"syntax":"sql","title":"GSQL script"},"nodes":[{"kind":"block","type":"code-line","key":"c88c7ddf741440b3b2003c59aaec8409","isVoid":false,"data":{},"nodes":[{"kind":"text","key":"16a358ba36df4f3699b8a3792e707325","ranges":[{"kind":"range","marks":[],"text":"//clear the current catalog. "}]}]},{"kind":"block","type":"code-line","key":"a543edfcda014b71ae9e477421c76d5b","isVoid":false,"data":{},"nodes":[{"kind":"text","key":"512ced9f78cb4131ad105b45217021b2","ranges":[{"kind":"range","marks":[],"text":"// It may take a while since it restarts the subsystem services. "}]}]},{"kind":"block","type":"code-line","key":"d21bdcd2b292485f81627f863b7185ee","isVoid":false,"data":{},"nodes":[{"kind":"text","key":"3044c677593446cd8619c1ebd42cc0fb","ranges":[{"kind":"range","marks":[],"text":"DROP ALL"}]}]},{"kind":"block","type":"code-line","key":"a8425baf7d764e34822fe3997690aa11","isVoid":false,"data":{},"nodes":[{"kind":"text","key":"ba266ea1e8a146a1a99703d1119fbcc2","ranges":[{"kind":"range","marks":[],"text":""}]}]},{"kind":"block","type":"code-line","key":"36f1a2e6e2604153831c9c65495d8b51","isVoid":false,"data":{},"nodes":[{"kind":"text","key":"6d1a9bfbcacc49bd85de424f2796b27a","ranges":[{"kind":"range","marks":[],"text":"//create vertex types"}]}]},{"kind":"block","type":"code-line","key":"5e79c8f1d86644519209f6e385f18a64","isVoid":false,"data":{},"nodes":[{"kind":"text","key":"ce8b805037a147f789c0941fd5eaa608","ranges":[{"kind":"range","marks":[],"text":""}]}]},{"kind":"block","type":"code-line","key":"c6e97a6155294cb9ac2a93547d254eaa","isVoid":false,"data":{},"nodes":[{"kind":"text","key":"bb5cb6600f154af58e87bc11590435b1","ranges":[{"kind":"range","marks":[],"text":"## Post and Comment"}]}]},{"kind":"block","type":"code-line","key":"5991e442fae444d690f6bf26df8a2d29","isVoid":false,"data":{},"nodes":[{"kind":"text","key":"85f0ba988ad845ecbf78a910cee0a4ea","ranges":[{"kind":"range","marks":[],"text":"CREATE VERTEX Comment (PRIMARY_ID id UINT, creationDate DATETIME, locationIP STRING, browserUsed STRING, content STRING, length UINT) WITH primary_id_as_attribute=\"TRUE\""}]}]},{"kind":"block","type":"code-line","key":"5f71aad0bc57441e971bdf254aab290b","isVoid":false,"data":{},"nodes":[{"kind":"text","key":"0e0cc8564ac84547998949db6002b30a","ranges":[{"kind":"range","marks":[],"text":"CREATE VERTEX Post (PRIMARY_ID id UINT, imageFile STRING, creationDate DATETIME, locationIP STRING, browserUsed STRING, lang STRING, content STRING, length UINT) WITH primary_id_as_attribute=\"TRUE\""}]}]},{"kind":"block","type":"code-line","key":"682030fb3e844748b1c0cb5ba7921324","isVoid":false,"data":{},"nodes":[{"kind":"text","key":"79f9258108c9440993ae957e982711b4","ranges":[{"kind":"range","marks":[],"text":"## organisation"}]}]},{"kind":"block","type":"code-line","key":"20965bc523f943bbbf4eaa19accbdc3d","isVoid":false,"data":{},"nodes":[{"kind":"text","key":"39fa7a268689453f8d88c50c728000b0","ranges":[{"kind":"range","marks":[],"text":"CREATE VERTEX Company (PRIMARY_ID id UINT, name STRING, url STRING) WITH primary_id_as_attribute=\"TRUE\""}]}]},{"kind":"block","type":"code-line","key":"d9c988d811ee4b9e8592c8a7927f7148","isVoid":false,"data":{},"nodes":[{"kind":"text","key":"eb9bf4c68a3546ada67fab19612fbdd4","ranges":[{"kind":"range","marks":[],"text":"CREATE VERTEX University (PRIMARY_ID id UINT, name STRING, url STRING) WITH primary_id_as_attribute=\"TRUE\""}]}]},{"kind":"block","type":"code-line","key":"4929602d4c534c66bf45ecdca8992164","isVoid":false,"data":{},"nodes":[{"kind":"text","key":"deefe94f11ac408983bf6568d361fe0d","ranges":[{"kind":"range","marks":[],"text":"## place"}]}]},{"kind":"block","type":"code-line","key":"4bdfa4d9702a4231b693ce08a674fbd2","isVoid":false,"data":{},"nodes":[{"kind":"text","key":"115b45f921424565b12825cf98df199a","ranges":[{"kind":"range","marks":[],"text":"CREATE VERTEX City (PRIMARY_ID id UINT, name STRING, url STRING) WITH primary_id_as_attribute=\"TRUE\""}]}]},{"kind":"block","type":"code-line","key":"3d7fb5fea2c545dc9121e318f8736fd2","isVoid":false,"data":{},"nodes":[{"kind":"text","key":"396ea9fe96c94b28b946d2f656934601","ranges":[{"kind":"range","marks":[],"text":"CREATE VERTEX Country (PRIMARY_ID id UINT, name STRING, url STRING) WITH primary_id_as_attribute=\"TRUE\""}]}]},{"kind":"block","type":"code-line","key":"eb5b14ada24047a1a0a47f2ce763823d","isVoid":false,"data":{},"nodes":[{"kind":"text","key":"c1a962dbe233475998dfc4cfc53bc836","ranges":[{"kind":"range","marks":[],"text":"CREATE VERTEX Continent (PRIMARY_ID id UINT, name STRING, url STRING) WITH primary_id_as_attribute=\"TRUE\""}]}]},{"kind":"block","type":"code-line","key":"b853afecb7b84edb9bc50ba1bb9ed23c","isVoid":false,"data":{},"nodes":[{"kind":"text","key":"8efed82422254f138a9f1dba01d4f8bd","ranges":[{"kind":"range","marks":[],"text":"## etc"}]}]},{"kind":"block","type":"code-line","key":"dc866a82e7514f5bad9dd73a282291e9","isVoid":false,"data":{},"nodes":[{"kind":"text","key":"aad8995892ea480f9a762aa770c275d8","ranges":[{"kind":"range","marks":[],"text":"CREATE VERTEX Forum (PRIMARY_ID id UINT, title STRING, creationDate DATETIME) WITH primary_id_as_attribute=\"TRUE\""}]}]},{"kind":"block","type":"code-line","key":"8ed58f695998404dad1d68df58f71e94","isVoid":false,"data":{},"nodes":[{"kind":"text","key":"446b1bcd5d4f4aea8d2117b995131080","ranges":[{"kind":"range","marks":[],"text":"CREATE VERTEX Person (PRIMARY_ID id UINT, firstName STRING, lastName STRING, gender STRING, birthday DATETIME, creationDate DATETIME, locationIP STRING, browserUsed STRING, speaks set<STRING>, email set<STRING>) WITH primary_id_as_attribute=\"TRUE\""}]}]},{"kind":"block","type":"code-line","key":"8a5c5bb9c0ef4068b56f9431ee1abfab","isVoid":false,"data":{},"nodes":[{"kind":"text","key":"5be7ef9c50bd44fe9f1f25109385aa33","ranges":[{"kind":"range","marks":[],"text":"CREATE VERTEX Tag (PRIMARY_ID id UINT, name STRING, url STRING) WITH primary_id_as_attribute=\"TRUE\""}]}]},{"kind":"block","type":"code-line","key":"bbdd5b0ecb2b4f4db2f086544ca1a55d","isVoid":false,"data":{},"nodes":[{"kind":"text","key":"b78d0dac57404e6687bba8cb863f1be8","ranges":[{"kind":"range","marks":[],"text":"CREATE VERTEX TagClass (PRIMARY_ID id UINT, name STRING, url STRING) WITH primary_id_as_attribute=\"TRUE\""}]}]},{"kind":"block","type":"code-line","key":"d31fc673b992402abc581db108630405","isVoid":false,"data":{},"nodes":[{"kind":"text","key":"9417cb49e211449c99d1e1d837806615","ranges":[{"kind":"range","marks":[],"text":""}]}]},{"kind":"block","type":"code-line","key":"7481e772b8e442a385bf1f09482e0b81","isVoid":false,"data":{},"nodes":[{"kind":"text","key":"99fac433466644e9b287f15fcfc352bd","ranges":[{"kind":"range","marks":[],"text":"// create edge types"}]}]},{"kind":"block","type":"code-line","key":"fd7e62c69ab544ee9be7d48d0cc58fb7","isVoid":false,"data":{},"nodes":[{"kind":"text","key":"94d494a2d88b46a4b8ab7f3c42529133","ranges":[{"kind":"range","marks":[],"text":"CREATE DIRECTED EDGE CONTAINER_OF (FROM Forum, TO Post) WITH REVERSE_EDGE=\"CONTAINER_OF_REVERSE\""}]}]},{"kind":"block","type":"code-line","key":"edb1d92f5f974ed79402d188907862ef","isVoid":false,"data":{},"nodes":[{"kind":"text","key":"c70021578bd947a2b55d5fd810f6789e","ranges":[{"kind":"range","marks":[],"text":"CREATE DIRECTED EDGE HAS_CREATOR (FROM Comment|Post, TO Person) WITH REVERSE_EDGE=\"HAS_CREATOR_REVERSE\""}]}]},{"kind":"block","type":"code-line","key":"c788f9b03b974eb8b51c2f2f4d6e14fe","isVoid":false,"data":{},"nodes":[{"kind":"text","key":"4fcef5b150284b698fbef1b26082e7f4","ranges":[{"kind":"range","marks":[],"text":"CREATE DIRECTED EDGE HAS_INTEREST (FROM Person, TO Tag) WITH REVERSE_EDGE=\"HAS_INTEREST_REVERSE\""}]}]},{"kind":"block","type":"code-line","key":"74312e1b0279415f906dd3683a9f63d0","isVoid":false,"data":{},"nodes":[{"kind":"text","key":"fabe227ad3234fb39a1b4c55c8d4b130","ranges":[{"kind":"range","marks":[],"text":"CREATE DIRECTED EDGE HAS_MEMBER (FROM Forum, TO Person, joinDate DATETIME) WITH REVERSE_EDGE=\"HAS_MEMBER_REVERSE\""}]}]},{"kind":"block","type":"code-line","key":"8d8bddd4187b4db28c779d6858a74f0c","isVoid":false,"data":{},"nodes":[{"kind":"text","key":"449f46b02c3d49e5bba62e17b9b2e7f8","ranges":[{"kind":"range","marks":[],"text":"CREATE DIRECTED EDGE HAS_MODERATOR (FROM Forum, TO Person) WITH REVERSE_EDGE=\"HAS_MODERATOR_REVERSE\""}]}]},{"kind":"block","type":"code-line","key":"fc6780521c634e56b6b29adcd1a3a535","isVoid":false,"data":{},"nodes":[{"kind":"text","key":"e75c38877fd04d26821a412597319b97","ranges":[{"kind":"range","marks":[],"text":"CREATE DIRECTED EDGE HAS_TAG (FROM Comment|Post|Forum, TO Tag) WITH REVERSE_EDGE=\"HAS_TAG_REVERSE\""}]}]},{"kind":"block","type":"code-line","key":"d2a8045cbc044bdd9b4981faf5874f13","isVoid":false,"data":{},"nodes":[{"kind":"text","key":"77119b9c35f9475aa14207217b43e3bc","ranges":[{"kind":"range","marks":[],"text":"CREATE DIRECTED EDGE HAS_TYPE (FROM Tag, TO TagClass) WITH REVERSE_EDGE=\"HAS_TYPE_REVERSE\""}]}]},{"kind":"block","type":"code-line","key":"20abf3239db8483e846adcb69aadad85","isVoid":false,"data":{},"nodes":[{"kind":"text","key":"5bba8aad94164651bfb303a121b9d8ca","ranges":[{"kind":"range","marks":[],"text":"CREATE DIRECTED EDGE IS_LOCATED_IN (FROM Comment, TO Country | FROM Post, TO Country | FROM Company, TO Country | FROM Person, TO City | FROM University, TO City) WITH REVERSE_EDGE=\"IS_LOCATED_IN_REVERSE\""}]}]},{"kind":"block","type":"code-line","key":"dddc40f2607443e5a1fcd3cbd49a1cf2","isVoid":false,"data":{},"nodes":[{"kind":"text","key":"8e04c16288aa4eab894918a53f646351","ranges":[{"kind":"range","marks":[],"text":"CREATE DIRECTED EDGE IS_PART_OF (FROM City, TO Country | FROM Country, TO Continent) WITH REVERSE_EDGE=\"IS_PART_OF_REVERSE\""}]}]},{"kind":"block","type":"code-line","key":"fb41f54ee0184548998e5ade806a3b7a","isVoid":false,"data":{},"nodes":[{"kind":"text","key":"54898308bf154fed818bbcb2b32979dd","ranges":[{"kind":"range","marks":[],"text":"CREATE DIRECTED EDGE IS_SUBCLASS_OF (FROM TagClass, TO TagClass) WITH REVERSE_EDGE=\"IS_SUBCLASS_OF_REVERSE\""}]}]},{"kind":"block","type":"code-line","key":"b989d64f85a441bd8b5739bf480543c1","isVoid":false,"data":{},"nodes":[{"kind":"text","key":"cb782a70691e49dda0e6a7444fb3d171","ranges":[{"kind":"range","marks":[],"text":"CREATE UNDIRECTED EDGE KNOWS (FROM Person, TO Person, creationDate DATETIME)"}]}]},{"kind":"block","type":"code-line","key":"0e85df52fd044da5b75e7cc11857e442","isVoid":false,"data":{},"nodes":[{"kind":"text","key":"8e84fd596a274ddea02d1083e697ef05","ranges":[{"kind":"range","marks":[],"text":"CREATE DIRECTED EDGE LIKES (FROM Person, TO Comment|Post, creationDate DATETIME) WITH REVERSE_EDGE=\"LIKES_REVERSE\""}]}]},{"kind":"block","type":"code-line","key":"73c15f0163104e0fbbcfd8d88eba0fd7","isVoid":false,"data":{},"nodes":[{"kind":"text","key":"73df15b88151456d987d63d8b799a171","ranges":[{"kind":"range","marks":[],"text":"CREATE DIRECTED EDGE REPLY_OF (FROM Comment, TO Comment|Post) WITH REVERSE_EDGE=\"REPLY_OF_REVERSE\""}]}]},{"kind":"block","type":"code-line","key":"db958591cb4741029e206f7a30acf7aa","isVoid":false,"data":{},"nodes":[{"kind":"text","key":"aafde38d8e3147cfaa7f855fbc4b0ede","ranges":[{"kind":"range","marks":[],"text":"CREATE DIRECTED EDGE STUDY_AT (FROM Person, TO University, classYear INT) WITH REVERSE_EDGE=\"STUDY_AT_REVERSE\""}]}]},{"kind":"block","type":"code-line","key":"83d847ccfde54c1cb74996b39c925b50","isVoid":false,"data":{},"nodes":[{"kind":"text","key":"ceeda36be5584a3bb12ba1aa5bf1e6d2","ranges":[{"kind":"range","marks":[],"text":"CREATE DIRECTED EDGE WORK_AT (FROM Person, TO Company, workFrom INT) WITH REVERSE_EDGE=\"WORK_AT_REVERSE\""}]}]},{"kind":"block","type":"code-line","key":"9c1264e8c4ca4e1a88564baecee869d0","isVoid":false,"data":{},"nodes":[{"kind":"text","key":"d7360d46a078430e8ed101272718daa9","ranges":[{"kind":"range","marks":[],"text":""}]}]},{"kind":"block","type":"code-line","key":"bdf340106c334342a90169b508e72b56","isVoid":false,"data":{},"nodes":[{"kind":"text","key":"5246e0097ab94547b87692df60a8d9e8","ranges":[{"kind":"range","marks":[],"text":"//create graph type"}]}]},{"kind":"block","type":"code-line","key":"feb3740c9ebf4bcaa3cd509c0e5b9304","isVoid":false,"data":{},"nodes":[{"kind":"text","key":"55271b4f97454e79bd65d397223a709a","ranges":[{"kind":"range","marks":[],"text":"CREATE GRAPH ldbc_snb (*)"}]}]},{"kind":"block","type":"code-line","key":"3c79f58df48a44e6af26d8727b5c8481","isVoid":false,"data":{},"nodes":[{"kind":"text","key":"e28f27ddb5774047b3a5220f7c86cbf5","ranges":[{"kind":"range","marks":[],"text":" "}]}]}]},{"kind":"block","type":"paragraph","key":"a387dab8284342adbc80f8422faa15a0","isVoid":false,"data":{},"nodes":[{"kind":"text","key":"ae55a92d353d430bb79a3cb0f1714551","ranges":[{"kind":"range","marks":[],"text":" "}]}]},{"kind":"block","type":"paragraph","key":"86a45a8c207441b0840d5dfcd220384f","isVoid":false,"data":{},"nodes":[{"kind":"text","key":"babbe7a7308a439bb29224cdaf3dccae","ranges":[{"kind":"range","marks":[],"text":""}]}]},{"kind":"block","type":"paragraph","key":"f5ad4aca4cf54f4fa9792a583d2d08aa","isVoid":false,"data":{},"nodes":[{"kind":"text","key":"925b07541f1c4abab1f41dc63af2c376","ranges":[{"kind":"range","marks":[],"text":""}]}]}]}}