{"format_version":1,"document":{"kind":"document","key":"965bdcbf38864b22bac31acd609c728f","data":{"schema_version":5},"nodes":[{"kind":"block","type":"paragraph","key":"cd51f02f86634e83afc4b23e72a3031e","isVoid":false,"data":{},"nodes":[{"kind":"text","key":"5145294b6fa84b1ea274bf3cdbbf5549","ranges":[{"kind":"range","marks":[],"text":"The figures below illustrates the sequence of steps and the dependencies to progress from no graph to a loaded graph and a query result, for TigerGraph platform version 0.8 and higher.  Note that online and offline follow the same flow."}]}]},{"kind":"block","type":"image","key":"4fa9450c0ca4466f900ec97f21871923","isVoid":true,"data":{"assetID":"-LNQlJRH-nXe-UUdXzXL","caption":"Figure B1: Complete GSQL Workflow"},"nodes":[{"kind":"text","key":"81a5a80467884e20b55930f91c79de36","ranges":[{"kind":"range","marks":[],"text":""}]}]},{"kind":"block","type":"paragraph","key":"920845b1b130424f96973742deb0feef","isVoid":false,"data":{},"nodes":[{"kind":"text","key":"58be806a2c494103bd079e10f9354aef","ranges":[{"kind":"range","marks":[],"text":""}]}]}]}}