{"format_version":1,"document":{"kind":"document","key":"191bad56d855452cb54997558f3aac77","data":{"schema_version":5},"nodes":[{"kind":"block","type":"paragraph","key":"89de18de37ac42d79fab5335e8c8112e","isVoid":false,"data":{},"nodes":[{"kind":"text","key":"f565a961517948b383098e8b7e08a82d","ranges":[{"kind":"range","marks":[],"text":"The request"}]}]},{"kind":"block","type":"code","key":"9adc7cc544fa45f2b76e64e644a26872","isVoid":false,"data":{},"nodes":[{"kind":"block","type":"code-tab","key":"a255cec27bfc4725a5bebecd8c54e1b8","isVoid":false,"data":{"syntax":"bash"},"nodes":[{"kind":"block","type":"code-line","key":"303a0925280a4df0a35840027f83cc0f","isVoid":false,"data":{},"nodes":[{"kind":"text","key":"5d9d0af98cfd44ddadacfe37ad10bf5a","ranges":[{"kind":"range","marks":[],"text":"curl -X GET \"http://server_ip:9000/endpoints?builtin=true\""}]}]}]}]},{"kind":"block","type":"paragraph","key":"3c4cd55d5da64f3aa92e4f3da738fe26","isVoid":false,"data":{},"nodes":[{"kind":"text","key":"be8a9597e71e4c16bc21c8fda7ca2847","ranges":[{"kind":"range","marks":[],"text":"generates the following output, appropriately 400 lines long when formatted. In addition to listing each endpoint, the JSON output also lists all the required and optional parameters for each endpoint.  In turn, each parameter is described by some or all of these attributes:"}]}]},{"kind":"block","type":"list-unordered","key":"a56a0e5415774a179590e7a4d0275d8b","isVoid":false,"data":{},"nodes":[{"kind":"block","type":"list-item","key":"8408c64e55704fa28a748ed146fbdef9","isVoid":false,"data":{},"nodes":[{"kind":"block","type":"paragraph","key":"ea5e61b450e94fdc8073cc8735a96426","isVoid":false,"data":{},"nodes":[{"kind":"text","key":"96b2362203b14c84a05e2ec5afc478a3","ranges":[{"kind":"range","marks":[],"text":"default"}]}]}]},{"kind":"block","type":"list-item","key":"a4e935d9a90343cdbf3a82d644b58f0e","isVoid":false,"data":{},"nodes":[{"kind":"block","type":"paragraph","key":"0807bacd87e74c4c8892517df4c2a6d7","isVoid":false,"data":{},"nodes":[{"kind":"text","key":"5c50123b4d00400a942ac78a86d3b0ed","ranges":[{"kind":"range","marks":[],"text":"max_count"}]}]}]},{"kind":"block","type":"list-item","key":"5190bb1b59844b3985fd41d1ffc085e6","isVoid":false,"data":{},"nodes":[{"kind":"block","type":"paragraph","key":"eb722330ffbc4bd88122cde9630263ea","isVoid":false,"data":{},"nodes":[{"kind":"text","key":"9cafaeecb8ef4e61adc6dad52f24d093","ranges":[{"kind":"range","marks":[],"text":"min_count"}]}]}]},{"kind":"block","type":"list-item","key":"b9373819f3714b75ba5ecfbeab8fbbe7","isVoid":false,"data":{},"nodes":[{"kind":"block","type":"paragraph","key":"7a364481d8e44bdab7575e570fcebcf8","isVoid":false,"data":{},"nodes":[{"kind":"text","key":"5b0918f59ddd4761a9acf99fad2d6850","ranges":[{"kind":"range","marks":[],"text":"type"}]}]}]},{"kind":"block","type":"list-item","key":"fcaa202ea51a499192b9f7fb2ea5f20a","isVoid":false,"data":{},"nodes":[{"kind":"block","type":"paragraph","key":"c5f5b8bebada4ed4a1f6b56a7809b1b8","isVoid":false,"data":{},"nodes":[{"kind":"text","key":"0bd82f8f225f4a08b42d5c27a7bad1d3","ranges":[{"kind":"range","marks":[],"text":"max_length"}]}]}]},{"kind":"block","type":"list-item","key":"807d2797929e4b838a53d95a2d52d6d0","isVoid":false,"data":{},"nodes":[{"kind":"block","type":"paragraph","key":"fac883e8023b4cc28337927759d3e413","isVoid":false,"data":{},"nodes":[{"kind":"text","key":"a57abb14bc8e488e82b6e27fe9edbd6e","ranges":[{"kind":"range","marks":[],"text":"is_id"}]}]}]},{"kind":"block","type":"list-item","key":"ededa38aa42c4af4a18f3bf67de9f313","isVoid":false,"data":{},"nodes":[{"kind":"block","type":"paragraph","key":"64783b0f8e6b4c72b241e8c615044152","isVoid":false,"data":{},"nodes":[{"kind":"text","key":"ca176d3a2ad74b898a365a065952ef71","ranges":[{"kind":"range","marks":[],"text":"id_type"}]}]}]}]},{"kind":"block","type":"paragraph","key":"8932a64ff40c44328e8403a13ac268ff","isVoid":false,"data":{},"nodes":[{"kind":"text","key":"ecbca259bce744469a4d09b4c6b0824d","ranges":[{"kind":"range","marks":[],"text":"While this information alone is not sufficient for a full understanding of each endpoint, the descriptive names of parameters and the attribute values go a long way towards this goal."}]}]},{"kind":"block","type":"code","key":"f79a71a937474d78886c7ed4ba043d12","isVoid":false,"data":{},"nodes":[{"kind":"block","type":"code-tab","key":"3168f28aa65c4555b3435da2cd5bdea5","isVoid":false,"data":{"syntax":"bash"},"nodes":[{"kind":"block","type":"code-line","key":"1c9fdc63f68d44f8b9f51bc1649b907d","isVoid":false,"data":{},"nodes":[{"kind":"text","key":"9b92e8e2310c4a5a81a6e43fc51b2b69","ranges":[{"kind":"range","marks":[],"text":"{"}]}]},{"kind":"block","type":"code-line","key":"2ec64b28bd7b4a218eeea457fba30316","isVoid":false,"data":{},"nodes":[{"kind":"text","key":"72d2872a11184f44854e41cfa829ee58","ranges":[{"kind":"range","marks":[],"text":"   \"DELETE /graph/{graph_name}/delete_by_type/vertices/{vertex_type}\" : {"}]}]},{"kind":"block","type":"code-line","key":"1d1ae162cc11499293895d7f7f074a28","isVoid":false,"data":{},"nodes":[{"kind":"text","key":"9e790073b2674f74983b691020b56a52","ranges":[{"kind":"range","marks":[],"text":"      \"parameters\" : {"}]}]},{"kind":"block","type":"code-line","key":"71cd48887e364ebb99356429c2a628e1","isVoid":false,"data":{},"nodes":[{"kind":"text","key":"44af64e905c740e7885e8a5244d5ad08","ranges":[{"kind":"range","marks":[],"text":"         \"ack\" : {"}]}]},{"kind":"block","type":"code-line","key":"7fa9a9a3062140f5bd096c4ad0f6515c","isVoid":false,"data":{},"nodes":[{"kind":"text","key":"8590b18c56ef4f1cb67060ab2edd0c0c","ranges":[{"kind":"range","marks":[],"text":"            \"default\" : \"all\","}]}]},{"kind":"block","type":"code-line","key":"1614d2895a9b4eb885f306342e85a302","isVoid":false,"data":{},"nodes":[{"kind":"text","key":"53fb63af288e449299ab7207d2181657","ranges":[{"kind":"range","marks":[],"text":"            \"max_count\" : 1,"}]}]},{"kind":"block","type":"code-line","key":"c1c527b9628e44eb81d5e274128883e6","isVoid":false,"data":{},"nodes":[{"kind":"text","key":"f4ead18f10714e749090425f478eeb57","ranges":[{"kind":"range","marks":[],"text":"            \"min_count\" : 1,"}]}]},{"kind":"block","type":"code-line","key":"e898b378d00240a98c7d7296d8e785fe","isVoid":false,"data":{},"nodes":[{"kind":"text","key":"b011f48b85284ebe986679051d50d1c1","ranges":[{"kind":"range","marks":[],"text":"            \"options\" : [ \"all\", \"none\" ],"}]}]},{"kind":"block","type":"code-line","key":"86267c547b12474cab81a992f284d0d5","isVoid":false,"data":{},"nodes":[{"kind":"text","key":"5117af54db714946ab8482526db7cc34","ranges":[{"kind":"range","marks":[],"text":"            \"type\" : \"STRING\""}]}]},{"kind":"block","type":"code-line","key":"e6cce566fa164100b98798e110ef152e","isVoid":false,"data":{},"nodes":[{"kind":"text","key":"d0d55c55b72e4025b339601c80f33a1c","ranges":[{"kind":"range","marks":[],"text":"         },"}]}]},{"kind":"block","type":"code-line","key":"63f15e1f75bc4a03aa1b1dfff8f819d6","isVoid":false,"data":{},"nodes":[{"kind":"text","key":"c2d6a40936aa4e8db6ddddfa4a832b9c","ranges":[{"kind":"range","marks":[],"text":"         \"permanent\" : {"}]}]},{"kind":"block","type":"code-line","key":"7e1b91513def433bad6cdc774c5a95b7","isVoid":false,"data":{},"nodes":[{"kind":"text","key":"a9125152acf64abf93aee1939cf07825","ranges":[{"kind":"range","marks":[],"text":"            \"default\" : \"false\","}]}]},{"kind":"block","type":"code-line","key":"c3acf6db4bb241c7984350816d8a4f65","isVoid":false,"data":{},"nodes":[{"kind":"text","key":"1bdd486b8bac4b1783320dabf12606f7","ranges":[{"kind":"range","marks":[],"text":"            \"max_count\" : 1,"}]}]},{"kind":"block","type":"code-line","key":"d26d23fbe2b948ce8503dcdff3fe856c","isVoid":false,"data":{},"nodes":[{"kind":"text","key":"b146b67e993147f48688ca0ce58b1802","ranges":[{"kind":"range","marks":[],"text":"            \"min_count\" : 1,"}]}]},{"kind":"block","type":"code-line","key":"46de15f0f5614169a63d35e1f1d77f3a","isVoid":false,"data":{},"nodes":[{"kind":"text","key":"f9cd628713ed41b2921ec16be29afda1","ranges":[{"kind":"range","marks":[],"text":"            \"type\" : \"BOOL\""}]}]},{"kind":"block","type":"code-line","key":"73a2779509fa44dea0f596ae7ea1ad7f","isVoid":false,"data":{},"nodes":[{"kind":"text","key":"8d22104e1e95497f92ad70ccdd282e82","ranges":[{"kind":"range","marks":[],"text":"         },"}]}]},{"kind":"block","type":"code-line","key":"aa3f6beee48944ea9069d2b0766b60f1","isVoid":false,"data":{},"nodes":[{"kind":"text","key":"6030ab5ae900497c8198ba2f8ccb6d1b","ranges":[{"kind":"range","marks":[],"text":"         \"vertex_type\" : {"}]}]},{"kind":"block","type":"code-line","key":"bf5c19a8f6ea4e8f9d5719091331eb5e","isVoid":false,"data":{},"nodes":[{"kind":"text","key":"1e15b04e29ee4439baf0e452e4fcc8ed","ranges":[{"kind":"range","marks":[],"text":"            \"type\" : \"TYPENAME\""}]}]},{"kind":"block","type":"code-line","key":"a6a1bc7f98eb4b63bb44d25fda6d9cec","isVoid":false,"data":{},"nodes":[{"kind":"text","key":"2a4feb9dd5ef4491b6662d1ce9041f6c","ranges":[{"kind":"range","marks":[],"text":"         }"}]}]},{"kind":"block","type":"code-line","key":"a69004ef5fe0469aa2b772aaca31394b","isVoid":false,"data":{},"nodes":[{"kind":"text","key":"d513115ec50942da9f606d88cc47d93d","ranges":[{"kind":"range","marks":[],"text":"      }"}]}]},{"kind":"block","type":"code-line","key":"bee752d9be4e4db5abcda47274b095fd","isVoid":false,"data":{},"nodes":[{"kind":"text","key":"0c271254d4eb46f3875f4ba1597307c3","ranges":[{"kind":"range","marks":[],"text":"   },"}]}]},{"kind":"block","type":"code-line","key":"cd3a54680e0845a7a382cd6f5d3b2b30","isVoid":false,"data":{},"nodes":[{"kind":"text","key":"0aa32223cdca4c92be4e1de15ede0008","ranges":[{"kind":"range","marks":[],"text":"   \"DELETE /graph/{graph_name}/edges/{source_vertex_type}/{source_vertex_id}/{edge_type}/{target_vertex_type}/{target_vertex_id}\" : {"}]}]},{"kind":"block","type":"code-line","key":"6ca11a26bcf04177828d554e15a811ae","isVoid":false,"data":{},"nodes":[{"kind":"text","key":"b6dc37b15f7441a8be7f356bce2d686d","ranges":[{"kind":"range","marks":[],"text":"      \"parameters\" : {"}]}]},{"kind":"block","type":"code-line","key":"31ffd52350604ea0b74df5a3fd10d386","isVoid":false,"data":{},"nodes":[{"kind":"text","key":"81bf0b9c67b5494bbc088fef3fa1b5fb","ranges":[{"kind":"range","marks":[],"text":"         \"edge_type\" : {"}]}]},{"kind":"block","type":"code-line","key":"5c4c5fd567ed4c4c9e2c758aef4aae97","isVoid":false,"data":{},"nodes":[{"kind":"text","key":"6b02762e10d6475ea18a7977ec0e19d3","ranges":[{"kind":"range","marks":[],"text":"            \"max_count\" : 1,"}]}]},{"kind":"block","type":"code-line","key":"b5bffff00f5b4af8942e49ae8877bb52","isVoid":false,"data":{},"nodes":[{"kind":"text","key":"2588a4b2275040449f8611c4fcf77aa1","ranges":[{"kind":"range","marks":[],"text":"            \"min_count\" : 0,"}]}]},{"kind":"block","type":"code-line","key":"e15686b26e4c4f10b38bcedc46f85f20","isVoid":false,"data":{},"nodes":[{"kind":"text","key":"6e2175ecaa2c4357b8d760e1b927d3d6","ranges":[{"kind":"range","marks":[],"text":"            \"type\" : \"STRING\""}]}]},{"kind":"block","type":"code-line","key":"8963bbcd5bca461fac96f9f83ce1f204","isVoid":false,"data":{},"nodes":[{"kind":"text","key":"1d771196c92d4090af5005561828efd9","ranges":[{"kind":"range","marks":[],"text":"         },"}]}]},{"kind":"block","type":"code-line","key":"62dd722fa596425885e9482ed1aea81f","isVoid":false,"data":{},"nodes":[{"kind":"text","key":"3960e0dba487493fa283deffc55016a8","ranges":[{"kind":"range","marks":[],"text":"         \"filter\" : {"}]}]},{"kind":"block","type":"code-line","key":"84297f7457b243458473fb1c32b25999","isVoid":false,"data":{},"nodes":[{"kind":"text","key":"822dba22794d450ab76531bfc569e59f","ranges":[{"kind":"range","marks":[],"text":"            \"max_count\" : 1,"}]}]},{"kind":"block","type":"code-line","key":"5a8bbe797e764f109aa73d7e377ff94a","isVoid":false,"data":{},"nodes":[{"kind":"text","key":"5c010a2bdff34b72b3c85f4cf37c5200","ranges":[{"kind":"range","marks":[],"text":"            \"max_length\" : 2560,"}]}]},{"kind":"block","type":"code-line","key":"d7bffa29dc844821b468be48a7c89723","isVoid":false,"data":{},"nodes":[{"kind":"text","key":"32b7bd237a6944a79996a44b686c57fc","ranges":[{"kind":"range","marks":[],"text":"            \"min_count\" : 0,"}]}]},{"kind":"block","type":"code-line","key":"0c8eb073fd7b431a9d6ac59f27b2da29","isVoid":false,"data":{},"nodes":[{"kind":"text","key":"244dd738d59a43c2956ad53d79655db0","ranges":[{"kind":"range","marks":[],"text":"            \"type\" : \"STRING\""}]}]},{"kind":"block","type":"code-line","key":"ec7de38671914fa686936b6c6e759f7d","isVoid":false,"data":{},"nodes":[{"kind":"text","key":"1a1d154460ff4c4d8ccfc006af2747bc","ranges":[{"kind":"range","marks":[],"text":"         },"}]}]},{"kind":"block","type":"code-line","key":"da8dd2bd88c74aae8a14f8ec8bba9a12","isVoid":false,"data":{},"nodes":[{"kind":"text","key":"0f50c671b4e5462097bb5c097d58c7fd","ranges":[{"kind":"range","marks":[],"text":"         \"limit\" : {"}]}]},{"kind":"block","type":"code-line","key":"783cea7152e648c8b36fe5f1bbe703f2","isVoid":false,"data":{},"nodes":[{"kind":"text","key":"b4dcdc927bed46258b7c1bfacaee3c56","ranges":[{"kind":"range","marks":[],"text":"            \"max_count\" : 1,"}]}]},{"kind":"block","type":"code-line","key":"f00c39d7562241d180da858043905e9e","isVoid":false,"data":{},"nodes":[{"kind":"text","key":"47c1ce49a78e44d19d569539f5e7596e","ranges":[{"kind":"range","marks":[],"text":"            \"min_count\" : 0,"}]}]},{"kind":"block","type":"code-line","key":"e289cba0902c4e888b3716b032210b48","isVoid":false,"data":{},"nodes":[{"kind":"text","key":"a31473a943764d28b9d7f6e8a2159fcc","ranges":[{"kind":"range","marks":[],"text":"            \"type\" : \"UINT64\""}]}]},{"kind":"block","type":"code-line","key":"e686695c9bef458b89f8bb3d463c64c5","isVoid":false,"data":{},"nodes":[{"kind":"text","key":"cefa7e76228d4995b9e86560850dca0b","ranges":[{"kind":"range","marks":[],"text":"         },"}]}]},{"kind":"block","type":"code-line","key":"6871020b349846d7a0c97bd2f4c23318","isVoid":false,"data":{},"nodes":[{"kind":"text","key":"e884ae6cbf0348afae6883cbcbd5fcda","ranges":[{"kind":"range","marks":[],"text":"         \"not_wildcard\" : {"}]}]},{"kind":"block","type":"code-line","key":"5305b5ae63c147919ba3ad2f46581a50","isVoid":false,"data":{},"nodes":[{"kind":"text","key":"4d0a5220c7c74efcaba50bfa2b37b4ed","ranges":[{"kind":"range","marks":[],"text":"            \"max_count\" : 1,"}]}]},{"kind":"block","type":"code-line","key":"74eb4bbddbbe4876ab5a17bacc11b5c1","isVoid":false,"data":{},"nodes":[{"kind":"text","key":"6391032316b7468a949b6d8f29b9d11b","ranges":[{"kind":"range","marks":[],"text":"            \"min_count\" : 0,"}]}]},{"kind":"block","type":"code-line","key":"7f23e7c9a6274c729ae90558f6e6c690","isVoid":false,"data":{},"nodes":[{"kind":"text","key":"9c3bec3479334804842e37050a1939af","ranges":[{"kind":"range","marks":[],"text":"            \"type\" : \"BOOL\""}]}]},{"kind":"block","type":"code-line","key":"1d92b0ec4a9b4fbbb83da9e31e77500c","isVoid":false,"data":{},"nodes":[{"kind":"text","key":"6cbca29f37e144c383492cd52b3d0c89","ranges":[{"kind":"range","marks":[],"text":"         },"}]}]},{"kind":"block","type":"code-line","key":"76903fae62464ffcafa8340a795b0548","isVoid":false,"data":{},"nodes":[{"kind":"text","key":"b1b5b7d7172f4e76893082a465858154","ranges":[{"kind":"range","marks":[],"text":"         \"permanent\" : {"}]}]},{"kind":"block","type":"code-line","key":"b85ecee221d546bfa1571aaeec9a4ece","isVoid":false,"data":{},"nodes":[{"kind":"text","key":"b98ab5a031354d7ca545596eff3c1a10","ranges":[{"kind":"range","marks":[],"text":"            \"default\" : \"false\","}]}]},{"kind":"block","type":"code-line","key":"624a2947e2e04dfb8787963088df3a9a","isVoid":false,"data":{},"nodes":[{"kind":"text","key":"397ebea33db5428fa3eda7c09d8bf49c","ranges":[{"kind":"range","marks":[],"text":"            \"max_count\" : 1,"}]}]},{"kind":"block","type":"code-line","key":"92ddb74c5602417d8bc05460be91e69d","isVoid":false,"data":{},"nodes":[{"kind":"text","key":"c4ebec6fca9d40048b2128e002bddf1b","ranges":[{"kind":"range","marks":[],"text":"            \"min_count\" : 1,"}]}]},{"kind":"block","type":"code-line","key":"1a102e6df5d941ed8f319f920ec216a5","isVoid":false,"data":{},"nodes":[{"kind":"text","key":"b4752bc0459b43588f99709eb561f9c6","ranges":[{"kind":"range","marks":[],"text":"            \"type\" : \"BOOL\""}]}]},{"kind":"block","type":"code-line","key":"d6493417d33242e982d612f51796c3b7","isVoid":false,"data":{},"nodes":[{"kind":"text","key":"3b9182f442834481a792ea7abca93f14","ranges":[{"kind":"range","marks":[],"text":"         },"}]}]},{"kind":"block","type":"code-line","key":"fe756c5dac474476bc2db0ce17affccb","isVoid":false,"data":{},"nodes":[{"kind":"text","key":"e3b3534d07b34c77b23003d338f40754","ranges":[{"kind":"range","marks":[],"text":"         \"select\" : {"}]}]},{"kind":"block","type":"code-line","key":"83c7a4e623174835a18bce6d1d36537e","isVoid":false,"data":{},"nodes":[{"kind":"text","key":"d775d3649c6a4394aa01f3ffa6169611","ranges":[{"kind":"range","marks":[],"text":"            \"max_count\" : 1,"}]}]},{"kind":"block","type":"code-line","key":"5157c7edd03b46b688317846a5605969","isVoid":false,"data":{},"nodes":[{"kind":"text","key":"9a4698780a134701a01ce498655f41b0","ranges":[{"kind":"range","marks":[],"text":"            \"max_length\" : 2560,"}]}]},{"kind":"block","type":"code-line","key":"c004f0e9606e470ca80493fef8435f8f","isVoid":false,"data":{},"nodes":[{"kind":"text","key":"a677f4bd03784c57a556528c8e18df27","ranges":[{"kind":"range","marks":[],"text":"            \"min_count\" : 0,"}]}]},{"kind":"block","type":"code-line","key":"c06d03d163b348feb914f5b874730f3e","isVoid":false,"data":{},"nodes":[{"kind":"text","key":"d1ff0fb2031f4a75b4a423f5cdcdbab8","ranges":[{"kind":"range","marks":[],"text":"            \"type\" : \"STRING\""}]}]},{"kind":"block","type":"code-line","key":"44ddd2f168aa4155af131c5de10b6e29","isVoid":false,"data":{},"nodes":[{"kind":"text","key":"3753fe72f32a4a4abeac751b64115b86","ranges":[{"kind":"range","marks":[],"text":"         },"}]}]},{"kind":"block","type":"code-line","key":"93df554898794db483836aca8e7cafe7","isVoid":false,"data":{},"nodes":[{"kind":"text","key":"ec29fa1882b0462a9e52aba3decd087e","ranges":[{"kind":"range","marks":[],"text":"         \"sort\" : {"}]}]},{"kind":"block","type":"code-line","key":"5b251ba015d14d76bfe3b42defea4bd6","isVoid":false,"data":{},"nodes":[{"kind":"text","key":"24df73c8a7f04957ad2c4f381bc12aa8","ranges":[{"kind":"range","marks":[],"text":"            \"max_count\" : 1,"}]}]},{"kind":"block","type":"code-line","key":"686ffe057cdd497baabe99f5242c60a7","isVoid":false,"data":{},"nodes":[{"kind":"text","key":"66bd3ac7a3e34477a9857710ecc9e138","ranges":[{"kind":"range","marks":[],"text":"            \"max_length\" : 2560,"}]}]},{"kind":"block","type":"code-line","key":"6f7d3c218eb64f15b693690bb7eea15f","isVoid":false,"data":{},"nodes":[{"kind":"text","key":"acf628986e6044c5a3937d0630293c3a","ranges":[{"kind":"range","marks":[],"text":"            \"min_count\" : 0,"}]}]},{"kind":"block","type":"code-line","key":"0d577e93db224830a5616359f70faa0e","isVoid":false,"data":{},"nodes":[{"kind":"text","key":"e25930ea09fe4796b0b2dcfe65b8cb3e","ranges":[{"kind":"range","marks":[],"text":"            \"type\" : \"STRING\""}]}]},{"kind":"block","type":"code-line","key":"35d636ed12c54ae4a7c7ff01d5bb2c74","isVoid":false,"data":{},"nodes":[{"kind":"text","key":"908fdfd9bff040a594363c307da67d37","ranges":[{"kind":"range","marks":[],"text":"         },"}]}]},{"kind":"block","type":"code-line","key":"480a079dd9c844c09bcaf242137653f1","isVoid":false,"data":{},"nodes":[{"kind":"text","key":"49f37dc6be744bc9b388eeb3d08d6b9b","ranges":[{"kind":"range","marks":[],"text":"         \"source_vertex_id\" : {"}]}]},{"kind":"block","type":"code-line","key":"2d19d31795e849879fb1f98ced59a657","isVoid":false,"data":{},"nodes":[{"kind":"text","key":"217d2b5ac6c94daa9ed11d507a601253","ranges":[{"kind":"range","marks":[],"text":"            \"id_type\" : \"$source_vertex_type\","}]}]},{"kind":"block","type":"code-line","key":"fa6884fdafe4417c90d2164373cdd008","isVoid":false,"data":{},"nodes":[{"kind":"text","key":"6925c3ba21914de4ba688634270ad9d0","ranges":[{"kind":"range","marks":[],"text":"            \"is_id\" : true,"}]}]},{"kind":"block","type":"code-line","key":"b970454400cc4820afb7e0988c6b16e9","isVoid":false,"data":{},"nodes":[{"kind":"text","key":"5bbd9892f8a945f481fece0f5df8ad1b","ranges":[{"kind":"range","marks":[],"text":"            \"max_count\" : 1,"}]}]},{"kind":"block","type":"code-line","key":"f487805e4d114c6b8e697c66b422d7f8","isVoid":false,"data":{},"nodes":[{"kind":"text","key":"b2cd9add75694b4b8347e2ff6c878ecc","ranges":[{"kind":"range","marks":[],"text":"            \"max_length\" : 256,"}]}]},{"kind":"block","type":"code-line","key":"0165dceaac164915ba04bafcce3a861b","isVoid":false,"data":{},"nodes":[{"kind":"text","key":"913d22da42a04e74a82f4eb05e7c2296","ranges":[{"kind":"range","marks":[],"text":"            \"min_count\" : 1,"}]}]},{"kind":"block","type":"code-line","key":"33e694bf96b2465597c6841b17fff2af","isVoid":false,"data":{},"nodes":[{"kind":"text","key":"090ee164e7ca452b94ac7c906456b363","ranges":[{"kind":"range","marks":[],"text":"            \"type\" : \"STRING\""}]}]},{"kind":"block","type":"code-line","key":"e213993646164472b7d2db7066b728d3","isVoid":false,"data":{},"nodes":[{"kind":"text","key":"f1947cb8a69644e8a70af0691dc5c053","ranges":[{"kind":"range","marks":[],"text":"         },"}]}]},{"kind":"block","type":"code-line","key":"6e291a15f42044b9ace7b71a2cbcd673","isVoid":false,"data":{},"nodes":[{"kind":"text","key":"9f3b12f3f71d48dd99461768e75eff8c","ranges":[{"kind":"range","marks":[],"text":"         \"source_vertex_type\" : {"}]}]},{"kind":"block","type":"code-line","key":"c8af09989d07491dac88baed3cec29dc","isVoid":false,"data":{},"nodes":[{"kind":"text","key":"4325caa324af4db892fadd3f830471ea","ranges":[{"kind":"range","marks":[],"text":"            \"max_count\" : 1,"}]}]},{"kind":"block","type":"code-line","key":"02628b79f59340839516c8ecf6b856ed","isVoid":false,"data":{},"nodes":[{"kind":"text","key":"42d6cf0f7ed94832b0b3a7492baaafcb","ranges":[{"kind":"range","marks":[],"text":"            \"min_count\" : 1,"}]}]},{"kind":"block","type":"code-line","key":"1ba04a0a4cf044a181944712d160bb0a","isVoid":false,"data":{},"nodes":[{"kind":"text","key":"445930990ea84a4aacce5487b89986eb","ranges":[{"kind":"range","marks":[],"text":"            \"type\" : \"TYPENAME\""}]}]},{"kind":"block","type":"code-line","key":"32ed00f8e9db45a185acdd51a6e01bc3","isVoid":false,"data":{},"nodes":[{"kind":"text","key":"72164bde26864b5c9ce31b27caed33fd","ranges":[{"kind":"range","marks":[],"text":"         },"}]}]},{"kind":"block","type":"code-line","key":"7b46fd2ff691467eafc7e66c99e582c3","isVoid":false,"data":{},"nodes":[{"kind":"text","key":"1860102dc4374f2dac6760cc8adfe7f2","ranges":[{"kind":"range","marks":[],"text":"         \"target_vertex_id\" : {"}]}]},{"kind":"block","type":"code-line","key":"8f824c4497ea497fbf2498ce464f2f1a","isVoid":false,"data":{},"nodes":[{"kind":"text","key":"6cf9269a8b6241ab8df2cd2e36f729c9","ranges":[{"kind":"range","marks":[],"text":"            \"id_type\" : \"$target_vertex_type\","}]}]},{"kind":"block","type":"code-line","key":"74d9bf50401948d1b7fc8574bddda2ff","isVoid":false,"data":{},"nodes":[{"kind":"text","key":"985b4fad963e4913b9f3f5259a1c19ed","ranges":[{"kind":"range","marks":[],"text":"            \"is_id\" : true,"}]}]},{"kind":"block","type":"code-line","key":"8803cffd451a44548b4ed4dac656c09e","isVoid":false,"data":{},"nodes":[{"kind":"text","key":"9fdc971c5ca8474f8c7bd3554dcf1cec","ranges":[{"kind":"range","marks":[],"text":"            \"max_count\" : 1,"}]}]},{"kind":"block","type":"code-line","key":"18074514b3464b35a9a70d7b53588252","isVoid":false,"data":{},"nodes":[{"kind":"text","key":"a80af4eac6b047e2983b901642ebd101","ranges":[{"kind":"range","marks":[],"text":"            \"max_length\" : 256,"}]}]},{"kind":"block","type":"code-line","key":"37fcd93c380941fe97e052482766d3d8","isVoid":false,"data":{},"nodes":[{"kind":"text","key":"b68831f012f248d69e0e2412fc87623d","ranges":[{"kind":"range","marks":[],"text":"            \"min_count\" : 0,"}]}]},{"kind":"block","type":"code-line","key":"1fcdab7ed0404998ba4170acb12ae123","isVoid":false,"data":{},"nodes":[{"kind":"text","key":"5604545626624fa7b1e9cd92e795f27c","ranges":[{"kind":"range","marks":[],"text":"            \"type\" : \"STRING\""}]}]},{"kind":"block","type":"code-line","key":"e0ca92ecc5cc4b35bbedf26a68d34e3c","isVoid":false,"data":{},"nodes":[{"kind":"text","key":"3f106b8474f44bb3bda23d6381a1131d","ranges":[{"kind":"range","marks":[],"text":"         },"}]}]},{"kind":"block","type":"code-line","key":"038bd5399c52433c887566130a689a4b","isVoid":false,"data":{},"nodes":[{"kind":"text","key":"7faec311a6174072a6dafeacc92e4202","ranges":[{"kind":"range","marks":[],"text":"         \"target_vertex_type\" : {"}]}]},{"kind":"block","type":"code-line","key":"f811f8970b654db98d4aaa09071561fb","isVoid":false,"data":{},"nodes":[{"kind":"text","key":"f4779f430f0742bea613d70b290f5914","ranges":[{"kind":"range","marks":[],"text":"            \"max_count\" : 1,"}]}]},{"kind":"block","type":"code-line","key":"9f51a23613c34b818c30721f16ac29d9","isVoid":false,"data":{},"nodes":[{"kind":"text","key":"9209a10528c24460a09e1c60551f81b3","ranges":[{"kind":"range","marks":[],"text":"            \"min_count\" : 0,"}]}]},{"kind":"block","type":"code-line","key":"8c032ea57f264c89bd85365ca2711890","isVoid":false,"data":{},"nodes":[{"kind":"text","key":"a852ee9d0da848a89e85788874acd7ac","ranges":[{"kind":"range","marks":[],"text":"            \"type\" : \"TYPENAME\""}]}]},{"kind":"block","type":"code-line","key":"29497b4145b9456e8c79397d3cf40890","isVoid":false,"data":{},"nodes":[{"kind":"text","key":"2d81761834d841e29c023b503de38306","ranges":[{"kind":"range","marks":[],"text":"         },"}]}]},{"kind":"block","type":"code-line","key":"f983f524c17d44878ab2cda212643e86","isVoid":false,"data":{},"nodes":[{"kind":"text","key":"5e7ceca3edf94651b186f59fbb4e3f31","ranges":[{"kind":"range","marks":[],"text":"         \"timeout\" : {"}]}]},{"kind":"block","type":"code-line","key":"5d74b57888b247d1bd8a62394ce0936b","isVoid":false,"data":{},"nodes":[{"kind":"text","key":"b4a89ec4465044239c77724360d351ad","ranges":[{"kind":"range","marks":[],"text":"            \"default\" : \"0\","}]}]},{"kind":"block","type":"code-line","key":"96b7f3ffda1d43468fd1cad0094706bd","isVoid":false,"data":{},"nodes":[{"kind":"text","key":"0d36c332f6564abbb5785f3089de77f1","ranges":[{"kind":"range","marks":[],"text":"            \"max_count\" : 1,"}]}]},{"kind":"block","type":"code-line","key":"e9b204df498e438abe411c04ce82e837","isVoid":false,"data":{},"nodes":[{"kind":"text","key":"d69994009cbe4ab08a8d2c916de50e7d","ranges":[{"kind":"range","marks":[],"text":"            \"min_count\" : 0,"}]}]},{"kind":"block","type":"code-line","key":"d41a48792ad544129b8e471c211433d2","isVoid":false,"data":{},"nodes":[{"kind":"text","key":"89ca05763e164935a4d1b05407700229","ranges":[{"kind":"range","marks":[],"text":"            \"type\" : \"UINT32\""}]}]},{"kind":"block","type":"code-line","key":"c9e199ff02f84f5c9481d2ba97c9d121","isVoid":false,"data":{},"nodes":[{"kind":"text","key":"ee7100f63f744ab4bf40a31ae9d3f531","ranges":[{"kind":"range","marks":[],"text":"         }"}]}]},{"kind":"block","type":"code-line","key":"b8ee1b27bf504f26874a22b1af7acc83","isVoid":false,"data":{},"nodes":[{"kind":"text","key":"08f7074b6f66446781a4ec6bcc1f8907","ranges":[{"kind":"range","marks":[],"text":"      }"}]}]},{"kind":"block","type":"code-line","key":"e6e8b2b44db449f1a349d118ad0ea0fa","isVoid":false,"data":{},"nodes":[{"kind":"text","key":"f49099b686094c48b2b976dbbc10d628","ranges":[{"kind":"range","marks":[],"text":"   },"}]}]},{"kind":"block","type":"code-line","key":"72633d1310184ad1a03e9ef64d7f010c","isVoid":false,"data":{},"nodes":[{"kind":"text","key":"4f2c9d91ea10428690ad06a8a4b6c7f1","ranges":[{"kind":"range","marks":[],"text":"   \"DELETE /graph/{graph_name}/vertices/{vertex_type}/{vertex_id}\" : {"}]}]},{"kind":"block","type":"code-line","key":"46d58b27ac9f4098b77b166b42504830","isVoid":false,"data":{},"nodes":[{"kind":"text","key":"d5aaf917a9de405fbd069fcbe9e378f5","ranges":[{"kind":"range","marks":[],"text":"      \"parameters\" : {"}]}]},{"kind":"block","type":"code-line","key":"8749dd25eff94fff94e59226efd1a605","isVoid":false,"data":{},"nodes":[{"kind":"text","key":"f2847352929643c7b385b72c0dac4009","ranges":[{"kind":"range","marks":[],"text":"         \"filter\" : {"}]}]},{"kind":"block","type":"code-line","key":"70cb68ba27f74986be0d2c3758ad31d5","isVoid":false,"data":{},"nodes":[{"kind":"text","key":"4d57319f7b7b44c2a627d498eccd59b1","ranges":[{"kind":"range","marks":[],"text":"            \"max_count\" : 1,"}]}]},{"kind":"block","type":"code-line","key":"b90c33bef0d04622961bb44a1a9683cd","isVoid":false,"data":{},"nodes":[{"kind":"text","key":"5af3018520e3464baa40eeff263f9798","ranges":[{"kind":"range","marks":[],"text":"            \"max_length\" : 2560,"}]}]},{"kind":"block","type":"code-line","key":"165898e0a55e4e11b79f0696ef267bb3","isVoid":false,"data":{},"nodes":[{"kind":"text","key":"e594efa616344a0b925df9afa656d1a6","ranges":[{"kind":"range","marks":[],"text":"            \"min_count\" : 0,"}]}]},{"kind":"block","type":"code-line","key":"1fc45fd7e74f462ea796fc206be009f9","isVoid":false,"data":{},"nodes":[{"kind":"text","key":"2aa27c4567674941b97f194228bcdb3d","ranges":[{"kind":"range","marks":[],"text":"            \"type\" : \"STRING\""}]}]},{"kind":"block","type":"code-line","key":"9bdf5ebeaddb4b899ddc09d1cab76f67","isVoid":false,"data":{},"nodes":[{"kind":"text","key":"58443f589836465ab3fb5b0ae9cddd8e","ranges":[{"kind":"range","marks":[],"text":"         },"}]}]},{"kind":"block","type":"code-line","key":"a4790c4fdc1640d490a204ac9a47e520","isVoid":false,"data":{},"nodes":[{"kind":"text","key":"fc6fa23c87ad46d18e90d3a9d6deec49","ranges":[{"kind":"range","marks":[],"text":"         \"limit\" : {"}]}]},{"kind":"block","type":"code-line","key":"07ba438a292b4eeebbd6ce05b18922c0","isVoid":false,"data":{},"nodes":[{"kind":"text","key":"adc9f0ae8e824459af33a80717d8f219","ranges":[{"kind":"range","marks":[],"text":"            \"max_count\" : 1,"}]}]},{"kind":"block","type":"code-line","key":"f52dd3c1686a4e8ea97b357d436d1614","isVoid":false,"data":{},"nodes":[{"kind":"text","key":"b620900b938140e58b67d2ecd10819a5","ranges":[{"kind":"range","marks":[],"text":"            \"min_count\" : 0,"}]}]},{"kind":"block","type":"code-line","key":"e0e472e3f0514d81aa7dba8eb444f970","isVoid":false,"data":{},"nodes":[{"kind":"text","key":"150136be3db74bb58e622c879fd3957f","ranges":[{"kind":"range","marks":[],"text":"            \"type\" : \"UINT64\""}]}]},{"kind":"block","type":"code-line","key":"db165552d32f438586a068712e321bc0","isVoid":false,"data":{},"nodes":[{"kind":"text","key":"98a083348cc14817b054024441a718ca","ranges":[{"kind":"range","marks":[],"text":"         },"}]}]},{"kind":"block","type":"code-line","key":"1e1c8fb976ee4eeba79e05dcfae3743a","isVoid":false,"data":{},"nodes":[{"kind":"text","key":"23d0e70ab3d14676aa3da12464975dfc","ranges":[{"kind":"range","marks":[],"text":"         \"permanent\" : {"}]}]},{"kind":"block","type":"code-line","key":"3f0815c9d18b442d8b14159c7b51e428","isVoid":false,"data":{},"nodes":[{"kind":"text","key":"3b8e12d1e92e4170aa548645e457cb69","ranges":[{"kind":"range","marks":[],"text":"            \"default\" : \"false\","}]}]},{"kind":"block","type":"code-line","key":"8b2d474ee16d4a448c64d4b226ba5da9","isVoid":false,"data":{},"nodes":[{"kind":"text","key":"eebbb33dec7641799432f6d451ec794d","ranges":[{"kind":"range","marks":[],"text":"            \"max_count\" : 1,"}]}]},{"kind":"block","type":"code-line","key":"7447012b7713482da5eef568ebb7261d","isVoid":false,"data":{},"nodes":[{"kind":"text","key":"781ad84a8dc44ae480aaec4450f4cdf3","ranges":[{"kind":"range","marks":[],"text":"            \"min_count\" : 1,"}]}]},{"kind":"block","type":"code-line","key":"8bb8b41b20c746ea8bcb920e6502db18","isVoid":false,"data":{},"nodes":[{"kind":"text","key":"cf83cc85e76247beb8a0deb1c6f9509a","ranges":[{"kind":"range","marks":[],"text":"            \"type\" : \"BOOL\""}]}]},{"kind":"block","type":"code-line","key":"0fd9fed4d33f4f3d8bf31d642958fffc","isVoid":false,"data":{},"nodes":[{"kind":"text","key":"f73cfcabd34a4b7a92247fc79cb7379a","ranges":[{"kind":"range","marks":[],"text":"         },"}]}]},{"kind":"block","type":"code-line","key":"69fc05fd0dc84edb84d0b2ef8dbf6498","isVoid":false,"data":{},"nodes":[{"kind":"text","key":"209df7771b794198bd544faca5c964a1","ranges":[{"kind":"range","marks":[],"text":"         \"sort\" : {"}]}]},{"kind":"block","type":"code-line","key":"927f612fff9d4cbc906afdb0c932ea5b","isVoid":false,"data":{},"nodes":[{"kind":"text","key":"efb4f30d2d9742f193f726ca5a66b60d","ranges":[{"kind":"range","marks":[],"text":"            \"max_count\" : 1,"}]}]},{"kind":"block","type":"code-line","key":"5b504508ee6b47128e9053e4265d0419","isVoid":false,"data":{},"nodes":[{"kind":"text","key":"53151b0505484fda9d8921b986d1dd57","ranges":[{"kind":"range","marks":[],"text":"            \"max_length\" : 2560,"}]}]},{"kind":"block","type":"code-line","key":"2e84e62221434c79999c592ff5ce2673","isVoid":false,"data":{},"nodes":[{"kind":"text","key":"642e17ce28ac40f68ad49330e60cee22","ranges":[{"kind":"range","marks":[],"text":"            \"min_count\" : 0,"}]}]},{"kind":"block","type":"code-line","key":"6ea4719876b5490fb0dc58fbf6fd139e","isVoid":false,"data":{},"nodes":[{"kind":"text","key":"b496361285004074821674a16432f7e6","ranges":[{"kind":"range","marks":[],"text":"            \"type\" : \"STRING\""}]}]},{"kind":"block","type":"code-line","key":"4208b5eb7500410aa57d443f7992dc66","isVoid":false,"data":{},"nodes":[{"kind":"text","key":"6ab511a47cf8480097283a65965bb277","ranges":[{"kind":"range","marks":[],"text":"         },"}]}]},{"kind":"block","type":"code-line","key":"2c26badb494c415f96fee1401fb06f91","isVoid":false,"data":{},"nodes":[{"kind":"text","key":"068d0a9a6f574c11a8c56ce08b27bfad","ranges":[{"kind":"range","marks":[],"text":"         \"timeout\" : {"}]}]},{"kind":"block","type":"code-line","key":"cceb2312982640d18e239a285bc9a6fa","isVoid":false,"data":{},"nodes":[{"kind":"text","key":"4c3ad073fdbf453d9fed557c3b81d023","ranges":[{"kind":"range","marks":[],"text":"            \"default\" : \"0\","}]}]},{"kind":"block","type":"code-line","key":"a16254b3b26e440391eff02cd04464d1","isVoid":false,"data":{},"nodes":[{"kind":"text","key":"3256a963b07546c3aeccd9b86c3e9584","ranges":[{"kind":"range","marks":[],"text":"            \"max_count\" : 1,"}]}]},{"kind":"block","type":"code-line","key":"281f2d83daa6443c9289e15ae4feea55","isVoid":false,"data":{},"nodes":[{"kind":"text","key":"6dd76d04d6b747e8931a728e0c5265d2","ranges":[{"kind":"range","marks":[],"text":"            \"min_count\" : 0,"}]}]},{"kind":"block","type":"code-line","key":"dc3c093643bd40b380c268c060db6321","isVoid":false,"data":{},"nodes":[{"kind":"text","key":"e963745fdeb84af0b9eec9299bc7a350","ranges":[{"kind":"range","marks":[],"text":"            \"type\" : \"UINT32\""}]}]},{"kind":"block","type":"code-line","key":"764c6eb342a0417095a0816e27048665","isVoid":false,"data":{},"nodes":[{"kind":"text","key":"a77205f56f044c9d8d3b5c28a6088393","ranges":[{"kind":"range","marks":[],"text":"         },"}]}]},{"kind":"block","type":"code-line","key":"2b213e9dd7f142d1bd6549e62842c27a","isVoid":false,"data":{},"nodes":[{"kind":"text","key":"0e29d75c82584bf9a4d5108d68f536e3","ranges":[{"kind":"range","marks":[],"text":"         \"vertex_id\" : {"}]}]},{"kind":"block","type":"code-line","key":"705bbd980ffb4cf2a9a05c27bbbe45c5","isVoid":false,"data":{},"nodes":[{"kind":"text","key":"efe28265e11f4e3fa486aff12978262e","ranges":[{"kind":"range","marks":[],"text":"            \"id_type\" : \"$vertex_type\","}]}]},{"kind":"block","type":"code-line","key":"2d89d250a5c644b2888985f5d9a83daa","isVoid":false,"data":{},"nodes":[{"kind":"text","key":"ecca82cde5034a01953af288ea8388be","ranges":[{"kind":"range","marks":[],"text":"            \"is_id\" : true,"}]}]},{"kind":"block","type":"code-line","key":"a7b0e183308e47e8ad3a7a622cb2be2a","isVoid":false,"data":{},"nodes":[{"kind":"text","key":"e592dd6726c244219a62fe229e351592","ranges":[{"kind":"range","marks":[],"text":"            \"max_count\" : 1,"}]}]},{"kind":"block","type":"code-line","key":"eaa7fe779a934e8cade7487e34f00438","isVoid":false,"data":{},"nodes":[{"kind":"text","key":"6aa01486254f417ea4b20013baf847fe","ranges":[{"kind":"range","marks":[],"text":"            \"max_length\" : 2560,"}]}]},{"kind":"block","type":"code-line","key":"86d27d265934454f966b796b44fd1373","isVoid":false,"data":{},"nodes":[{"kind":"text","key":"013a16453f4a42be9d57ffd69d7105a8","ranges":[{"kind":"range","marks":[],"text":"            \"min_count\" : 0,"}]}]},{"kind":"block","type":"code-line","key":"765532844c5144919f0fd385611411f7","isVoid":false,"data":{},"nodes":[{"kind":"text","key":"bac8ea0636a04c7da961198082f31d27","ranges":[{"kind":"range","marks":[],"text":"            \"type\" : \"STRING\""}]}]},{"kind":"block","type":"code-line","key":"1f9d7785a9b7490fa19d904057e97fc4","isVoid":false,"data":{},"nodes":[{"kind":"text","key":"d88f65a612ab4ca58e51b1468b18765d","ranges":[{"kind":"range","marks":[],"text":"         },"}]}]},{"kind":"block","type":"code-line","key":"021d2ea3269d4d0ba6a38bd408e24a72","isVoid":false,"data":{},"nodes":[{"kind":"text","key":"e0c3cd3600f84df5934f257b15571e27","ranges":[{"kind":"range","marks":[],"text":"         \"vertex_type\" : {"}]}]},{"kind":"block","type":"code-line","key":"31044898a65440a9b772ccaa77ae6f6b","isVoid":false,"data":{},"nodes":[{"kind":"text","key":"f77fcbeeb9dc4fe29691cd16ec0d7f0e","ranges":[{"kind":"range","marks":[],"text":"            \"type\" : \"TYPENAME\""}]}]},{"kind":"block","type":"code-line","key":"a74bce01dc304b09a90234211f53471b","isVoid":false,"data":{},"nodes":[{"kind":"text","key":"a4dbe13bd97b413f93964b5d60265e97","ranges":[{"kind":"range","marks":[],"text":"         }"}]}]},{"kind":"block","type":"code-line","key":"5830d1d47a3341a69ea183c24c8b07d1","isVoid":false,"data":{},"nodes":[{"kind":"text","key":"1a74434e3bb740809065459490ae2f2a","ranges":[{"kind":"range","marks":[],"text":"      }"}]}]},{"kind":"block","type":"code-line","key":"ddfb236307ba45e0a05974d4eefc41fd","isVoid":false,"data":{},"nodes":[{"kind":"text","key":"5842e7edbca1480a84ed2149938e863f","ranges":[{"kind":"range","marks":[],"text":"   },"}]}]},{"kind":"block","type":"code-line","key":"6dca9c3d4ccd4abc8c0a48465aa03d60","isVoid":false,"data":{},"nodes":[{"kind":"text","key":"66457eb67a4f4964b66c8767fc35291a","ranges":[{"kind":"range","marks":[],"text":"   \"GET /echo\" : {"}]}]},{"kind":"block","type":"code-line","key":"ef3fee5290a1438784759da58b43fccf","isVoid":false,"data":{},"nodes":[{"kind":"text","key":"de39d66aa3a74ebdbc530796d0c01971","ranges":[{"kind":"range","marks":[],"text":"      \"parameters\" : {"}]}]},{"kind":"block","type":"code-line","key":"c48d91852db141c6879c5b3fa4760fcc","isVoid":false,"data":{},"nodes":[{"kind":"text","key":"d3046fb11a874e3a9ee2453765d381f7","ranges":[{"kind":"range","marks":[],"text":"         \"sleep\" : {"}]}]},{"kind":"block","type":"code-line","key":"75d9e2d0505c4f609b8149a621d04043","isVoid":false,"data":{},"nodes":[{"kind":"text","key":"5be7520c4f504850b870cf2f02648ad3","ranges":[{"kind":"range","marks":[],"text":"            \"default\" : \"0\","}]}]},{"kind":"block","type":"code-line","key":"f468cddb27f84e8ebc205faf76692de4","isVoid":false,"data":{},"nodes":[{"kind":"text","key":"e27acbff65f0450cb9c3dbbbc76fc2ce","ranges":[{"kind":"range","marks":[],"text":"            \"type\" : \"INT32\""}]}]},{"kind":"block","type":"code-line","key":"470536ebbcb54193998e8843f192d095","isVoid":false,"data":{},"nodes":[{"kind":"text","key":"df42a4dfa0dd482d960dbec4fb9c1ff6","ranges":[{"kind":"range","marks":[],"text":"         }"}]}]},{"kind":"block","type":"code-line","key":"83486be10efc4a5190697402b1c16fe6","isVoid":false,"data":{},"nodes":[{"kind":"text","key":"a0501538ad344d44a911cc7004ff981e","ranges":[{"kind":"range","marks":[],"text":"      }"}]}]},{"kind":"block","type":"code-line","key":"e1825ba5315e42d3967c20dc4507def3","isVoid":false,"data":{},"nodes":[{"kind":"text","key":"762f9ba21a85436d8488c45bc571e113","ranges":[{"kind":"range","marks":[],"text":"   },"}]}]},{"kind":"block","type":"code-line","key":"9e9b78bdc6e245c6a0230926c94afa1c","isVoid":false,"data":{},"nodes":[{"kind":"text","key":"a90cde61354649c0ad0d4bed49dcc3d9","ranges":[{"kind":"range","marks":[],"text":"   \"GET /endpoints\" : {"}]}]},{"kind":"block","type":"code-line","key":"f8a2d81c4dd64642b403cb0104b975b9","isVoid":false,"data":{},"nodes":[{"kind":"text","key":"8b40c65ff8984c7f847f2aa4d2a0b253","ranges":[{"kind":"range","marks":[],"text":"      \"parameters\" : {"}]}]},{"kind":"block","type":"code-line","key":"f315e5183bb944a4b6553329de2f3181","isVoid":false,"data":{},"nodes":[{"kind":"text","key":"106de28020e14aa89c9f50f347222992","ranges":[{"kind":"range","marks":[],"text":"         \"builtin\" : {"}]}]},{"kind":"block","type":"code-line","key":"08b8f27e25e24853b83f99730d08c860","isVoid":false,"data":{},"nodes":[{"kind":"text","key":"667d9b6186854a8589822dd07b48b060","ranges":[{"kind":"range","marks":[],"text":"            \"default\" : \"false\","}]}]},{"kind":"block","type":"code-line","key":"82b0384592eb4e65a36691e9d4a7f56d","isVoid":false,"data":{},"nodes":[{"kind":"text","key":"e7252253bb9f4f7dbc11ae6d49e3d24c","ranges":[{"kind":"range","marks":[],"text":"            \"max_count\" : 1,"}]}]},{"kind":"block","type":"code-line","key":"5e68eb678c4849a59192a526c0e600cd","isVoid":false,"data":{},"nodes":[{"kind":"text","key":"7bd404a3feb64f5dba474c44e78c6610","ranges":[{"kind":"range","marks":[],"text":"            \"min_count\" : 0,"}]}]},{"kind":"block","type":"code-line","key":"22e6004ae3e749dca7555a0e8d023fe6","isVoid":false,"data":{},"nodes":[{"kind":"text","key":"a4c31a20b1a143cd8c3b7b2962dab751","ranges":[{"kind":"range","marks":[],"text":"            \"type\" : \"BOOL\""}]}]},{"kind":"block","type":"code-line","key":"08e8508f4f3445a58bd5c86f29fa6514","isVoid":false,"data":{},"nodes":[{"kind":"text","key":"834fc4f46d3244e3a549262b9bbe9c66","ranges":[{"kind":"range","marks":[],"text":"         },"}]}]},{"kind":"block","type":"code-line","key":"18edc5b2c3934adc8c0059a956363184","isVoid":false,"data":{},"nodes":[{"kind":"text","key":"e2671ec71e2a4a9f978a6432da5758ba","ranges":[{"kind":"range","marks":[],"text":"         \"dynamic\" : {"}]}]},{"kind":"block","type":"code-line","key":"3dc87ada4558471bbb5f3aad1dadfee2","isVoid":false,"data":{},"nodes":[{"kind":"text","key":"ebe798c38b194f318790ecccf08ab591","ranges":[{"kind":"range","marks":[],"text":"            \"default\" : \"false\","}]}]},{"kind":"block","type":"code-line","key":"346c776ce0cd4bb0a227dc276eb9d75e","isVoid":false,"data":{},"nodes":[{"kind":"text","key":"16a291cf8cc24ecd9a81a1f64cf69be0","ranges":[{"kind":"range","marks":[],"text":"            \"max_count\" : 1,"}]}]},{"kind":"block","type":"code-line","key":"0666cc4eb2e84990b3d3c396613b3c20","isVoid":false,"data":{},"nodes":[{"kind":"text","key":"b20e690dfff04bc79a1b8659b22c7c0a","ranges":[{"kind":"range","marks":[],"text":"            \"min_count\" : 0,"}]}]},{"kind":"block","type":"code-line","key":"fcb6041e8f9e48c1ac4e2203800af999","isVoid":false,"data":{},"nodes":[{"kind":"text","key":"0abdeb0bbd53488685b331dea4db752c","ranges":[{"kind":"range","marks":[],"text":"            \"type\" : \"BOOL\""}]}]},{"kind":"block","type":"code-line","key":"aec0a7d83f5c49b7befb8d8754dab016","isVoid":false,"data":{},"nodes":[{"kind":"text","key":"ffb829ac310b4889b74c98d9cc16c3a4","ranges":[{"kind":"range","marks":[],"text":"         },"}]}]},{"kind":"block","type":"code-line","key":"699fe12e71ac43feb4affab43ed597bc","isVoid":false,"data":{},"nodes":[{"kind":"text","key":"e28e2520c8924584bda717bdf1f9b5a6","ranges":[{"kind":"range","marks":[],"text":"         \"static\" : {"}]}]},{"kind":"block","type":"code-line","key":"be635c3c8e7641c9ba6d93866f0e75db","isVoid":false,"data":{},"nodes":[{"kind":"text","key":"02ffca6b43ce4e9daf72f434497eb34b","ranges":[{"kind":"range","marks":[],"text":"            \"default\" : \"false\","}]}]},{"kind":"block","type":"code-line","key":"9faaa94d0b0740a5b553b91ae99ba71a","isVoid":false,"data":{},"nodes":[{"kind":"text","key":"c299f8d6b1b94a39b6dc63e91f277389","ranges":[{"kind":"range","marks":[],"text":"            \"max_count\" : 1,"}]}]},{"kind":"block","type":"code-line","key":"c5dd0756030640f5929f15b568a5f317","isVoid":false,"data":{},"nodes":[{"kind":"text","key":"de6499fb70eb46a6963d02140f95d952","ranges":[{"kind":"range","marks":[],"text":"            \"min_count\" : 0,"}]}]},{"kind":"block","type":"code-line","key":"bee888a8ca204f2c9d987a983e7c55f0","isVoid":false,"data":{},"nodes":[{"kind":"text","key":"4d455768379348129c93db01c4f39eb0","ranges":[{"kind":"range","marks":[],"text":"            \"type\" : \"BOOL\""}]}]},{"kind":"block","type":"code-line","key":"82c74bf43e3c45499b063cf4a1d0e381","isVoid":false,"data":{},"nodes":[{"kind":"text","key":"f653f4dd910f45c28f52790464b7dded","ranges":[{"kind":"range","marks":[],"text":"         }"}]}]},{"kind":"block","type":"code-line","key":"4f7e6bcd2bf648a38a87bada02a663f1","isVoid":false,"data":{},"nodes":[{"kind":"text","key":"713e4f991c4c403bb81c9833a0ed8ac3","ranges":[{"kind":"range","marks":[],"text":"      }"}]}]},{"kind":"block","type":"code-line","key":"d3522b0cfce04e7a9f0d61a6abe39fbf","isVoid":false,"data":{},"nodes":[{"kind":"text","key":"5f204a460e2b41dda8b9f37041e06634","ranges":[{"kind":"range","marks":[],"text":"   },"}]}]},{"kind":"block","type":"code-line","key":"5ab0a53701a74c3791e81a3e2dd0d6d7","isVoid":false,"data":{},"nodes":[{"kind":"text","key":"ed8bf62667f24283b5a5d75068a18a3b","ranges":[{"kind":"range","marks":[],"text":"  \"GET /graph/{graph_name}/edges/{source_vertex_type}/{source_vertex_id}/{edge_type}/{target_vertex_type}/{target_vertex_id}\" : {"}]}]},{"kind":"block","type":"code-line","key":"8cccae1e13d2498eb4a8815a28ed9f93","isVoid":false,"data":{},"nodes":[{"kind":"text","key":"c462305f70e54eeb98b7c673a9e722f7","ranges":[{"kind":"range","marks":[],"text":"      \"parameters\" : {"}]}]},{"kind":"block","type":"code-line","key":"b799b83f852d44a29631dd4d744c1f19","isVoid":false,"data":{},"nodes":[{"kind":"text","key":"2165c94d266647ec8c445c9fdb30e6b5","ranges":[{"kind":"range","marks":[],"text":"         \"count_only\" : {"}]}]},{"kind":"block","type":"code-line","key":"d6be021aa26f4993892a7ff3d5cdedc9","isVoid":false,"data":{},"nodes":[{"kind":"text","key":"205f60ccee2946da9edcd18859e02471","ranges":[{"kind":"range","marks":[],"text":"            \"default\" : \"false\","}]}]},{"kind":"block","type":"code-line","key":"9e9709190bb24c32a9150b78717ebeab","isVoid":false,"data":{},"nodes":[{"kind":"text","key":"8020d30f472849d1948f9c6c406d9e03","ranges":[{"kind":"range","marks":[],"text":"            \"max_count\" : 1,"}]}]},{"kind":"block","type":"code-line","key":"59ed01f69c7b4a9bbff721fcf39491ec","isVoid":false,"data":{},"nodes":[{"kind":"text","key":"94837700967a4bd18bc31c987a98014b","ranges":[{"kind":"range","marks":[],"text":"            \"min_count\" : 0,"}]}]},{"kind":"block","type":"code-line","key":"5be1a449322b41a8ab875c6206ebc496","isVoid":false,"data":{},"nodes":[{"kind":"text","key":"0bdde9e371e8406d94e72b1d8859a5a9","ranges":[{"kind":"range","marks":[],"text":"            \"type\" : \"BOOL\""}]}]},{"kind":"block","type":"code-line","key":"0ce327b807214308b0c4dd90c9a186f0","isVoid":false,"data":{},"nodes":[{"kind":"text","key":"ad7c3f372f094018a152eee03db11250","ranges":[{"kind":"range","marks":[],"text":"         },"}]}]},{"kind":"block","type":"code-line","key":"99613eece0c84810b303a4a84e4b7544","isVoid":false,"data":{},"nodes":[{"kind":"text","key":"00db7a2b9b6e4a5fa98185d1def4b429","ranges":[{"kind":"range","marks":[],"text":"         \"edge_type\" : {"}]}]},{"kind":"block","type":"code-line","key":"f90901ecb95443c4bf23fb93723b4ffd","isVoid":false,"data":{},"nodes":[{"kind":"text","key":"818a2d095a2e40569d920fa1953b72de","ranges":[{"kind":"range","marks":[],"text":"            \"max_count\" : 1,"}]}]},{"kind":"block","type":"code-line","key":"bc89180388984265814b23046b44807f","isVoid":false,"data":{},"nodes":[{"kind":"text","key":"92d41d5fde6e4882a44ce0479ec43d8a","ranges":[{"kind":"range","marks":[],"text":"            \"min_count\" : 0,"}]}]},{"kind":"block","type":"code-line","key":"c454202605994c729b2d3aefbb83875f","isVoid":false,"data":{},"nodes":[{"kind":"text","key":"51eb5585bc4d4c7cb982178c67db31a5","ranges":[{"kind":"range","marks":[],"text":"            \"type\" : \"STRING\""}]}]},{"kind":"block","type":"code-line","key":"dfc81631090244108da0b4ddb40e9059","isVoid":false,"data":{},"nodes":[{"kind":"text","key":"5ccb13ed4fe447a58d11bed4859e791e","ranges":[{"kind":"range","marks":[],"text":"         },"}]}]},{"kind":"block","type":"code-line","key":"120cba58259e41c9820cfd4d0aa89ccf","isVoid":false,"data":{},"nodes":[{"kind":"text","key":"ebae6cdf92cc421d8d1338b6c99feae9","ranges":[{"kind":"range","marks":[],"text":"         \"filter\" : {"}]}]},{"kind":"block","type":"code-line","key":"875cdf92a7564b66a813bd8b1d25b894","isVoid":false,"data":{},"nodes":[{"kind":"text","key":"efdc3803e47347598787e501f3a9c320","ranges":[{"kind":"range","marks":[],"text":"            \"max_count\" : 1,"}]}]},{"kind":"block","type":"code-line","key":"923afe3241194a3e82f1f80d41caa8bd","isVoid":false,"data":{},"nodes":[{"kind":"text","key":"90b376f8bee647aea3a23d401bce4656","ranges":[{"kind":"range","marks":[],"text":"            \"max_length\" : 2560,"}]}]},{"kind":"block","type":"code-line","key":"ef136e125ebe48cf9f4e5982b2e329b6","isVoid":false,"data":{},"nodes":[{"kind":"text","key":"99d5c6b5009f4c0db0d6514ba3607506","ranges":[{"kind":"range","marks":[],"text":"            \"min_count\" : 0,"}]}]},{"kind":"block","type":"code-line","key":"b9f516ee56704af8a67cb5e8bda84f22","isVoid":false,"data":{},"nodes":[{"kind":"text","key":"b90964133b994e3b80f4d74d84d7b5c7","ranges":[{"kind":"range","marks":[],"text":"            \"type\" : \"STRING\""}]}]},{"kind":"block","type":"code-line","key":"1f13033cbbf244e28e051b311d7b5244","isVoid":false,"data":{},"nodes":[{"kind":"text","key":"17cbf6e2637047d0b41f9c40b7bd9864","ranges":[{"kind":"range","marks":[],"text":"         },"}]}]},{"kind":"block","type":"code-line","key":"e6714411a33344c9b8630eae7dce0c3c","isVoid":false,"data":{},"nodes":[{"kind":"text","key":"fda425cc1cfc46139e0b443d5df54d69","ranges":[{"kind":"range","marks":[],"text":"         \"limit\" : {"}]}]},{"kind":"block","type":"code-line","key":"f17762e5a71f479e8621ae02b50cfa86","isVoid":false,"data":{},"nodes":[{"kind":"text","key":"c5bd2ec42a4b4ab19677764908194df5","ranges":[{"kind":"range","marks":[],"text":"            \"max_count\" : 1,"}]}]},{"kind":"block","type":"code-line","key":"9ee0a408a358494ba44c51b9a7c40b5f","isVoid":false,"data":{},"nodes":[{"kind":"text","key":"e6f5a73ec0b94a9198ab35687d858d9a","ranges":[{"kind":"range","marks":[],"text":"            \"min_count\" : 0,"}]}]},{"kind":"block","type":"code-line","key":"e5e32ebd200c44b9b55ba4ee9d048aa6","isVoid":false,"data":{},"nodes":[{"kind":"text","key":"f77892415d7d4690b54e5c53cefe47fd","ranges":[{"kind":"range","marks":[],"text":"            \"type\" : \"UINT64\""}]}]},{"kind":"block","type":"code-line","key":"fd49d3d2e40f40b5af4a21b3a7b865e3","isVoid":false,"data":{},"nodes":[{"kind":"text","key":"8ccd99e7d4ef490f90b5ed27723c2d6f","ranges":[{"kind":"range","marks":[],"text":"         },"}]}]},{"kind":"block","type":"code-line","key":"e7c40485b4ff45148b96f6a642ead443","isVoid":false,"data":{},"nodes":[{"kind":"text","key":"cfe897bd9bb3485583503ecdedc3d425","ranges":[{"kind":"range","marks":[],"text":"         \"not_wildcard\" : {"}]}]},{"kind":"block","type":"code-line","key":"c1eed9a73d594256807c2ed9aff8e48f","isVoid":false,"data":{},"nodes":[{"kind":"text","key":"6a91238fd8a14716b4c128f8d454e2f9","ranges":[{"kind":"range","marks":[],"text":"            \"max_count\" : 1,"}]}]},{"kind":"block","type":"code-line","key":"896927ec96bb4404a2ca0ae034e1b32b","isVoid":false,"data":{},"nodes":[{"kind":"text","key":"3c93de74862a4b2c85212b6425d1cadd","ranges":[{"kind":"range","marks":[],"text":"            \"min_count\" : 0,"}]}]},{"kind":"block","type":"code-line","key":"6f9c832ea319453686d61800441ec760","isVoid":false,"data":{},"nodes":[{"kind":"text","key":"627b3b2a089d494bb2a96bcf94b08f48","ranges":[{"kind":"range","marks":[],"text":"            \"type\" : \"BOOL\""}]}]},{"kind":"block","type":"code-line","key":"20b940d6323c4d14b583da65f8eff1a8","isVoid":false,"data":{},"nodes":[{"kind":"text","key":"c333d2fe36f64f7685c9154a1d783eff","ranges":[{"kind":"range","marks":[],"text":"         },"}]}]},{"kind":"block","type":"code-line","key":"9be9752024974e3e80347d61b2bd9764","isVoid":false,"data":{},"nodes":[{"kind":"text","key":"0ce40039dead4dee895e9f3a9457676f","ranges":[{"kind":"range","marks":[],"text":"         \"select\" : {"}]}]},{"kind":"block","type":"code-line","key":"102fe8b4d74b4ed3ac0cf4d35c1391bf","isVoid":false,"data":{},"nodes":[{"kind":"text","key":"9ee8ab74cf2443cca4c6d6d6827958af","ranges":[{"kind":"range","marks":[],"text":"            \"max_count\" : 1,"}]}]},{"kind":"block","type":"code-line","key":"e79a12e209da41628693f14fad1d8876","isVoid":false,"data":{},"nodes":[{"kind":"text","key":"6fc37a3a757b427eaa2063056b7e2d98","ranges":[{"kind":"range","marks":[],"text":"            \"max_length\" : 2560,"}]}]},{"kind":"block","type":"code-line","key":"3c9de397cf2a4a7689057d3a3d2d75de","isVoid":false,"data":{},"nodes":[{"kind":"text","key":"62778449be2b46099f20a67cf5f66ff1","ranges":[{"kind":"range","marks":[],"text":"            \"min_count\" : 0,"}]}]},{"kind":"block","type":"code-line","key":"bdf84c30610946acbe09b482b4f7ebd9","isVoid":false,"data":{},"nodes":[{"kind":"text","key":"fdfb37f977264641a3040636c0029be1","ranges":[{"kind":"range","marks":[],"text":"            \"type\" : \"STRING\""}]}]},{"kind":"block","type":"code-line","key":"8820a2e119824e46a82e6985addb2dcc","isVoid":false,"data":{},"nodes":[{"kind":"text","key":"2da34fc9a96941a594b6e784aa5b3ac3","ranges":[{"kind":"range","marks":[],"text":"         },"}]}]},{"kind":"block","type":"code-line","key":"a2ca3febf6384d8baacdca704647c577","isVoid":false,"data":{},"nodes":[{"kind":"text","key":"f10fb7d82ad24b35979a30b6587367f6","ranges":[{"kind":"range","marks":[],"text":"         \"sort\" : {"}]}]},{"kind":"block","type":"code-line","key":"cb71f8b12e3d403dba2ec39b4dd045ad","isVoid":false,"data":{},"nodes":[{"kind":"text","key":"cf493e7eeeb84ab394c64f09401b93f0","ranges":[{"kind":"range","marks":[],"text":"            \"max_count\" : 1,"}]}]},{"kind":"block","type":"code-line","key":"936b09a82881468caf07ea8d4cdcfe09","isVoid":false,"data":{},"nodes":[{"kind":"text","key":"e0902c7af5f1413c93e956b516288d1b","ranges":[{"kind":"range","marks":[],"text":"            \"max_length\" : 2560,"}]}]},{"kind":"block","type":"code-line","key":"8ba3f9c0726c443f8905420711afe485","isVoid":false,"data":{},"nodes":[{"kind":"text","key":"efc2eddbdb924435aeeed2e49a24ad3b","ranges":[{"kind":"range","marks":[],"text":"            \"min_count\" : 0,"}]}]},{"kind":"block","type":"code-line","key":"75183e50029b44d7844707568fbf704f","isVoid":false,"data":{},"nodes":[{"kind":"text","key":"032595552d3845d1abb1896540a85f6b","ranges":[{"kind":"range","marks":[],"text":"            \"type\" : \"STRING\""}]}]},{"kind":"block","type":"code-line","key":"ab17b155e15d4770a4d5402e00a4020e","isVoid":false,"data":{},"nodes":[{"kind":"text","key":"a81791af1a09470a9e94a9de063fcf36","ranges":[{"kind":"range","marks":[],"text":"         },"}]}]},{"kind":"block","type":"code-line","key":"370481161c114f46ae0ea7f0f2dce106","isVoid":false,"data":{},"nodes":[{"kind":"text","key":"33b9aff83f434e10b752dc1c86600bbb","ranges":[{"kind":"range","marks":[],"text":"         \"source_vertex_id\" : {"}]}]},{"kind":"block","type":"code-line","key":"cfa576719433439a8495b64718b8c528","isVoid":false,"data":{},"nodes":[{"kind":"text","key":"93256666e7a844c09b3341b39b877c9a","ranges":[{"kind":"range","marks":[],"text":"            \"id_type\" : \"$source_vertex_type\","}]}]},{"kind":"block","type":"code-line","key":"ec6f083eac334e4ca515907497c037c6","isVoid":false,"data":{},"nodes":[{"kind":"text","key":"97d16813bc124521abdb17f8ff58f014","ranges":[{"kind":"range","marks":[],"text":"            \"is_id\" : true,"}]}]},{"kind":"block","type":"code-line","key":"0b031d9979b544c9adf1c4b455805d38","isVoid":false,"data":{},"nodes":[{"kind":"text","key":"89483d73a2ac43b481b4b1f48b512b82","ranges":[{"kind":"range","marks":[],"text":"            \"max_count\" : 1,"}]}]},{"kind":"block","type":"code-line","key":"08e83f649b09439b953c7e946974e0d3","isVoid":false,"data":{},"nodes":[{"kind":"text","key":"59a3c2c8305948e7aeda1480c7fd19f7","ranges":[{"kind":"range","marks":[],"text":"            \"max_length\" : 256,"}]}]},{"kind":"block","type":"code-line","key":"a57b7f5f931e4c6b91ac53aca3bea7b5","isVoid":false,"data":{},"nodes":[{"kind":"text","key":"dc28a7ff5c6b4144a5cf57710508dd6b","ranges":[{"kind":"range","marks":[],"text":"            \"min_count\" : 1,"}]}]},{"kind":"block","type":"code-line","key":"d8cff74da3c9441f99e6266d2acf75e0","isVoid":false,"data":{},"nodes":[{"kind":"text","key":"67754e997d0742b1993845aed403de66","ranges":[{"kind":"range","marks":[],"text":"            \"type\" : \"STRING\""}]}]},{"kind":"block","type":"code-line","key":"7fd7a368e76b46a8a771a18b90bbed23","isVoid":false,"data":{},"nodes":[{"kind":"text","key":"05c32ab9c0154202905fd7f392eead48","ranges":[{"kind":"range","marks":[],"text":"         },"}]}]},{"kind":"block","type":"code-line","key":"9ff7609845324d6896bcdb080d64f973","isVoid":false,"data":{},"nodes":[{"kind":"text","key":"0eff845e4516456783c19bea7589ee11","ranges":[{"kind":"range","marks":[],"text":"         \"source_vertex_type\" : {"}]}]},{"kind":"block","type":"code-line","key":"d7902afcb6e84e698c37fb990431a45b","isVoid":false,"data":{},"nodes":[{"kind":"text","key":"45de3c5a657a4c93b13663b003bb7682","ranges":[{"kind":"range","marks":[],"text":"            \"max_count\" : 1,"}]}]},{"kind":"block","type":"code-line","key":"4ece146022f6439e975a66b3716ca863","isVoid":false,"data":{},"nodes":[{"kind":"text","key":"5ea8ef5d82574a8380a7f1f2d18a72d5","ranges":[{"kind":"range","marks":[],"text":"            \"min_count\" : 1,"}]}]},{"kind":"block","type":"code-line","key":"31db78f7747448b3bbee8757c6b01e31","isVoid":false,"data":{},"nodes":[{"kind":"text","key":"b338e931fc3445e983586d8f0444ea88","ranges":[{"kind":"range","marks":[],"text":"            \"type\" : \"TYPENAME\""}]}]},{"kind":"block","type":"code-line","key":"9b0bd1460b51476eafaace98b5a5fb60","isVoid":false,"data":{},"nodes":[{"kind":"text","key":"adeed89fd491455d8eecf6691d8bf45e","ranges":[{"kind":"range","marks":[],"text":"         },"}]}]},{"kind":"block","type":"code-line","key":"b641cf465aca4e8d931f884be7f080ab","isVoid":false,"data":{},"nodes":[{"kind":"text","key":"c0f194bb0cd14ba497cc11fcc424112c","ranges":[{"kind":"range","marks":[],"text":"         \"target_vertex_id\" : {"}]}]},{"kind":"block","type":"code-line","key":"ac0a670730364f0c984a9081d019528b","isVoid":false,"data":{},"nodes":[{"kind":"text","key":"7f746d52d20a428ba94d8ded53bd1420","ranges":[{"kind":"range","marks":[],"text":"            \"id_type\" : \"$target_vertex_type\","}]}]},{"kind":"block","type":"code-line","key":"a6f2ca0e6fe44c6481ede4775afbb886","isVoid":false,"data":{},"nodes":[{"kind":"text","key":"1e92bf93ea594840b5c3aa850217ed9f","ranges":[{"kind":"range","marks":[],"text":"            \"is_id\" : true,"}]}]},{"kind":"block","type":"code-line","key":"1350494a728a4d57aad92ee3bac05df8","isVoid":false,"data":{},"nodes":[{"kind":"text","key":"f5e13d7813684720a81237e72f0724ed","ranges":[{"kind":"range","marks":[],"text":"            \"max_count\" : 1,"}]}]},{"kind":"block","type":"code-line","key":"196bfd4a95354248b37d9b763b15b6ca","isVoid":false,"data":{},"nodes":[{"kind":"text","key":"f5f075def3cb41d98cdaf81a94cf5ba8","ranges":[{"kind":"range","marks":[],"text":"            \"max_length\" : 256,"}]}]},{"kind":"block","type":"code-line","key":"4f7ac6f123e8496b98919fee61743527","isVoid":false,"data":{},"nodes":[{"kind":"text","key":"c2157a0e1115453fb1832dd3febfd370","ranges":[{"kind":"range","marks":[],"text":"            \"min_count\" : 0,"}]}]},{"kind":"block","type":"code-line","key":"36d8e180c7864d618bcd8ec950b5c9d6","isVoid":false,"data":{},"nodes":[{"kind":"text","key":"638df4ca6aef4e6f88841b567fd5273e","ranges":[{"kind":"range","marks":[],"text":"            \"type\" : \"STRING\""}]}]},{"kind":"block","type":"code-line","key":"f539470089424d5da9c22aa4fef8f53f","isVoid":false,"data":{},"nodes":[{"kind":"text","key":"0a10724061a14f1fba0823ede10ade36","ranges":[{"kind":"range","marks":[],"text":"         },"}]}]},{"kind":"block","type":"code-line","key":"f0828768a60d43dda5cbcc2e48293043","isVoid":false,"data":{},"nodes":[{"kind":"text","key":"729d68bee4c748a8916399d1df94a6ae","ranges":[{"kind":"range","marks":[],"text":"         \"target_vertex_type\" : {"}]}]},{"kind":"block","type":"code-line","key":"d7f1b08e076c462895d4fdf2edb898ef","isVoid":false,"data":{},"nodes":[{"kind":"text","key":"6914c052e13b440785b491957c5cf5f8","ranges":[{"kind":"range","marks":[],"text":"            \"max_count\" : 1,"}]}]},{"kind":"block","type":"code-line","key":"ee146d2ddccc4734a094c6b0330dc325","isVoid":false,"data":{},"nodes":[{"kind":"text","key":"340ddbf997954783a1496c76bba61851","ranges":[{"kind":"range","marks":[],"text":"            \"min_count\" : 0,"}]}]},{"kind":"block","type":"code-line","key":"aefa889e53e14a45814d4718ac01608e","isVoid":false,"data":{},"nodes":[{"kind":"text","key":"987a39dd185f4876aeb24b77c26d97f1","ranges":[{"kind":"range","marks":[],"text":"            \"type\" : \"TYPENAME\""}]}]},{"kind":"block","type":"code-line","key":"ac5d14039fbb4d5ba852014726e84162","isVoid":false,"data":{},"nodes":[{"kind":"text","key":"636fbc90a12a48c19dd903d294d96bd7","ranges":[{"kind":"range","marks":[],"text":"         },"}]}]},{"kind":"block","type":"code-line","key":"87efb095f538454490f1544087ade636","isVoid":false,"data":{},"nodes":[{"kind":"text","key":"9d895b2a56b0442bab79752fdd0e0333","ranges":[{"kind":"range","marks":[],"text":"         \"timeout\" : {"}]}]},{"kind":"block","type":"code-line","key":"0f39a276d6c14c77b73f66490cd1524d","isVoid":false,"data":{},"nodes":[{"kind":"text","key":"e593e86ad5e74feeb7f3435fdcb175a5","ranges":[{"kind":"range","marks":[],"text":"            \"default\" : \"0\","}]}]},{"kind":"block","type":"code-line","key":"75eb981fedb946009f5320e2cbba8d25","isVoid":false,"data":{},"nodes":[{"kind":"text","key":"45134106997e4abdb1d36ecbea592d78","ranges":[{"kind":"range","marks":[],"text":"            \"max_count\" : 1,"}]}]},{"kind":"block","type":"code-line","key":"1bf8bef92a6c43dca02bb88b1e0745d2","isVoid":false,"data":{},"nodes":[{"kind":"text","key":"39a3b969662f4d8b9eae09896300ad7f","ranges":[{"kind":"range","marks":[],"text":"            \"min_count\" : 0,"}]}]},{"kind":"block","type":"code-line","key":"f0567897bf85433eb4759363a93b00f7","isVoid":false,"data":{},"nodes":[{"kind":"text","key":"d8f4a6a361394e4dbf80901332da0b7a","ranges":[{"kind":"range","marks":[],"text":"            \"type\" : \"UINT32\""}]}]},{"kind":"block","type":"code-line","key":"176dc123e3da4e6bbab104b9de644ce7","isVoid":false,"data":{},"nodes":[{"kind":"text","key":"c953f13c16284f09a1a7bd73a9c69a01","ranges":[{"kind":"range","marks":[],"text":"         }"}]}]},{"kind":"block","type":"code-line","key":"9b13b79a984d4dc2a833f0cef289d734","isVoid":false,"data":{},"nodes":[{"kind":"text","key":"ae300b95f3dd485294eaa2ffd31fe9f6","ranges":[{"kind":"range","marks":[],"text":"      }"}]}]},{"kind":"block","type":"code-line","key":"82eaffa585b142f59f30c085a6aa2042","isVoid":false,"data":{},"nodes":[{"kind":"text","key":"1af9af850be9486b962f460a7ac852e3","ranges":[{"kind":"range","marks":[],"text":"   },"}]}]},{"kind":"block","type":"code-line","key":"38d7e899be61437c9f3cf7f58a319fcb","isVoid":false,"data":{},"nodes":[{"kind":"text","key":"408d98da464747578fa1e781a05c41fd","ranges":[{"kind":"range","marks":[],"text":"   \"GET /graph/{graph_name}/vertices/{vertex_type}/{vertex_id}\" : {"}]}]},{"kind":"block","type":"code-line","key":"f5fbd4179e204f37901d0ea04d56536c","isVoid":false,"data":{},"nodes":[{"kind":"text","key":"2ef1ce3379c54de4aa839244fedbcfb7","ranges":[{"kind":"range","marks":[],"text":"      \"parameters\" : {"}]}]},{"kind":"block","type":"code-line","key":"2fd03805dfa844348e321cbf84916b39","isVoid":false,"data":{},"nodes":[{"kind":"text","key":"75602769a01643039ebc153571211ff7","ranges":[{"kind":"range","marks":[],"text":"         \"count_only\" : {"}]}]},{"kind":"block","type":"code-line","key":"3e40dcd5e8c645fda6f0e92bd1cfde58","isVoid":false,"data":{},"nodes":[{"kind":"text","key":"d19d1a3ec9f842aba92808646a9d04fe","ranges":[{"kind":"range","marks":[],"text":"            \"default\" : \"false\","}]}]},{"kind":"block","type":"code-line","key":"d40c2d74ab204a5693ed08e34207fc0a","isVoid":false,"data":{},"nodes":[{"kind":"text","key":"81afaa9f45564f949747dccbf230ff10","ranges":[{"kind":"range","marks":[],"text":"            \"max_count\" : 1,"}]}]},{"kind":"block","type":"code-line","key":"cd5c5da680b747558d1899a89aacf410","isVoid":false,"data":{},"nodes":[{"kind":"text","key":"a8d5174360004bb9b7d9ed6e3c872505","ranges":[{"kind":"range","marks":[],"text":"            \"min_count\" : 0,"}]}]},{"kind":"block","type":"code-line","key":"a56d4dc4cfa742b0aca687661bf37057","isVoid":false,"data":{},"nodes":[{"kind":"text","key":"e28eca16048249e6ab1a60595a5f9e48","ranges":[{"kind":"range","marks":[],"text":"            \"type\" : \"BOOL\""}]}]},{"kind":"block","type":"code-line","key":"729ef642da2e476ba172b3a8a4b09898","isVoid":false,"data":{},"nodes":[{"kind":"text","key":"8e08fcc312cb440b9abaa474e9676a72","ranges":[{"kind":"range","marks":[],"text":"         },"}]}]},{"kind":"block","type":"code-line","key":"5578aebae13549baa35047b3a8f0fc18","isVoid":false,"data":{},"nodes":[{"kind":"text","key":"45662a9ee8804c0291a1de89a3869409","ranges":[{"kind":"range","marks":[],"text":"         \"filter\" : {"}]}]},{"kind":"block","type":"code-line","key":"02a30857bb484b0cb807f46ec071650b","isVoid":false,"data":{},"nodes":[{"kind":"text","key":"05981a20dd034bbf8be45f3de404d79c","ranges":[{"kind":"range","marks":[],"text":"            \"max_count\" : 1,"}]}]},{"kind":"block","type":"code-line","key":"3898d1fa42dd426598f1d735751ae3cc","isVoid":false,"data":{},"nodes":[{"kind":"text","key":"954c154062c54150b5033591770bf46d","ranges":[{"kind":"range","marks":[],"text":"            \"max_length\" : 2560,"}]}]},{"kind":"block","type":"code-line","key":"9a83a19be6f24eb182a33a0d2c0029d2","isVoid":false,"data":{},"nodes":[{"kind":"text","key":"0d91100732594df49bac785366ec5ace","ranges":[{"kind":"range","marks":[],"text":"            \"min_count\" : 0,"}]}]},{"kind":"block","type":"code-line","key":"e20b71d162a94e4f9e3f4c277fa81d5e","isVoid":false,"data":{},"nodes":[{"kind":"text","key":"0dcc26c178594169a4a079e12d2b39a3","ranges":[{"kind":"range","marks":[],"text":"            \"type\" : \"STRING\""}]}]},{"kind":"block","type":"code-line","key":"128424c44ec44f909615b231cd370573","isVoid":false,"data":{},"nodes":[{"kind":"text","key":"740cfd691fee4df3b9d9490c37250538","ranges":[{"kind":"range","marks":[],"text":"         },"}]}]},{"kind":"block","type":"code-line","key":"3cbe7a88c73a4f5bb477636e44a55270","isVoid":false,"data":{},"nodes":[{"kind":"text","key":"802a66100e7b46888df8ea6537c5b741","ranges":[{"kind":"range","marks":[],"text":"         \"limit\" : {"}]}]},{"kind":"block","type":"code-line","key":"200d0075a3f84c4480c82281f1545b1a","isVoid":false,"data":{},"nodes":[{"kind":"text","key":"38e9199ea1594a169ba07d293d196756","ranges":[{"kind":"range","marks":[],"text":"            \"max_count\" : 1,"}]}]},{"kind":"block","type":"code-line","key":"58d992f9433e4adfb4b73e92981ae696","isVoid":false,"data":{},"nodes":[{"kind":"text","key":"13704fe901424bb38f0b333c4799bb38","ranges":[{"kind":"range","marks":[],"text":"            \"min_count\" : 0,"}]}]},{"kind":"block","type":"code-line","key":"c646eb28d1ce4b9a80c10c404c2617fc","isVoid":false,"data":{},"nodes":[{"kind":"text","key":"8ad4049ebe8a4c728c15ae3d8844cca4","ranges":[{"kind":"range","marks":[],"text":"            \"type\" : \"UINT64\""}]}]},{"kind":"block","type":"code-line","key":"9f40f70df0df45f7bf199ddf5b93a2cd","isVoid":false,"data":{},"nodes":[{"kind":"text","key":"1719ce7b21824df6ae4dd6e6e0a9d655","ranges":[{"kind":"range","marks":[],"text":"         },"}]}]},{"kind":"block","type":"code-line","key":"b804b9025cb044f0ab8d0eecc80b3d49","isVoid":false,"data":{},"nodes":[{"kind":"text","key":"1c5768874a6f4b03b182fb9dd6e16758","ranges":[{"kind":"range","marks":[],"text":"         \"select\" : {"}]}]},{"kind":"block","type":"code-line","key":"6a677d64373b4bbd8b9ecaffae9dea1d","isVoid":false,"data":{},"nodes":[{"kind":"text","key":"19ddefd61f2a4b119230cc4be301d335","ranges":[{"kind":"range","marks":[],"text":"            \"max_count\" : 1,"}]}]},{"kind":"block","type":"code-line","key":"f7ab3f4be87f434ca37de23e373cdad0","isVoid":false,"data":{},"nodes":[{"kind":"text","key":"e2e8564209bb41c0a4850a461af46943","ranges":[{"kind":"range","marks":[],"text":"            \"max_length\" : 2560,"}]}]},{"kind":"block","type":"code-line","key":"243ad83246704340b4c2e4d37d7f3f88","isVoid":false,"data":{},"nodes":[{"kind":"text","key":"a9ca194318e040a4b5f7fb7f4e56cdc3","ranges":[{"kind":"range","marks":[],"text":"            \"min_count\" : 0,"}]}]},{"kind":"block","type":"code-line","key":"8e4e0df7cbfc4262b349278151b230f2","isVoid":false,"data":{},"nodes":[{"kind":"text","key":"fc3aaeaaac5f4668804b58cafdfa30b2","ranges":[{"kind":"range","marks":[],"text":"            \"type\" : \"STRING\""}]}]},{"kind":"block","type":"code-line","key":"7d6dbd5d8c7c4d0fb193d9817c406433","isVoid":false,"data":{},"nodes":[{"kind":"text","key":"d59f3b2b4bca47928db2b945cbdc9b15","ranges":[{"kind":"range","marks":[],"text":"         },"}]}]},{"kind":"block","type":"code-line","key":"c03ea80374424969badeb93023461c61","isVoid":false,"data":{},"nodes":[{"kind":"text","key":"447ac6396fcc419085f66d7518674cc7","ranges":[{"kind":"range","marks":[],"text":"         \"sort\" : {"}]}]},{"kind":"block","type":"code-line","key":"99d8ef58bdac4f058c9c7497cac14a43","isVoid":false,"data":{},"nodes":[{"kind":"text","key":"f7a1bd106f30497b91f065ff1a37bb3a","ranges":[{"kind":"range","marks":[],"text":"            \"max_count\" : 1,"}]}]},{"kind":"block","type":"code-line","key":"d36b1961d7f04e768ea1efb72771159e","isVoid":false,"data":{},"nodes":[{"kind":"text","key":"312f00730b084f94ade393a61a53c5e8","ranges":[{"kind":"range","marks":[],"text":"            \"max_length\" : 2560,"}]}]},{"kind":"block","type":"code-line","key":"632a1d38dc494aa79f0385581156e979","isVoid":false,"data":{},"nodes":[{"kind":"text","key":"e6b0250cf8c24b3d933596e62619b61c","ranges":[{"kind":"range","marks":[],"text":"            \"min_count\" : 0,"}]}]},{"kind":"block","type":"code-line","key":"15d481e0aa074f31b03c362f432e2918","isVoid":false,"data":{},"nodes":[{"kind":"text","key":"238591984036422aac4c00f20fbba6e6","ranges":[{"kind":"range","marks":[],"text":"            \"type\" : \"STRING\""}]}]},{"kind":"block","type":"code-line","key":"9d52d19d60184e4bbb60ccd983923f56","isVoid":false,"data":{},"nodes":[{"kind":"text","key":"71489f0215fa425eb68245299b4bb7cf","ranges":[{"kind":"range","marks":[],"text":"         },"}]}]},{"kind":"block","type":"code-line","key":"8cc2ae06619b480888a00ad406e5e4ae","isVoid":false,"data":{},"nodes":[{"kind":"text","key":"e848547fa91e4d139f02e109238e1aac","ranges":[{"kind":"range","marks":[],"text":"         \"timeout\" : {"}]}]},{"kind":"block","type":"code-line","key":"44370b3a705d410194528e289ecc4eba","isVoid":false,"data":{},"nodes":[{"kind":"text","key":"4d2f09abd7e04859b56884373ebc7fd5","ranges":[{"kind":"range","marks":[],"text":"            \"default\" : \"0\","}]}]},{"kind":"block","type":"code-line","key":"3bf665d88cdb43fc837d840d5516a7ad","isVoid":false,"data":{},"nodes":[{"kind":"text","key":"80a88a5543e34c0ea316672ae827f348","ranges":[{"kind":"range","marks":[],"text":"            \"max_count\" : 1,"}]}]},{"kind":"block","type":"code-line","key":"fc80d15bfaa347449f806a0512cc7ffa","isVoid":false,"data":{},"nodes":[{"kind":"text","key":"f1dee81d006046d28b90dca6c95fb794","ranges":[{"kind":"range","marks":[],"text":"            \"min_count\" : 0,"}]}]},{"kind":"block","type":"code-line","key":"73e09b974cbe4933bf685811e3f9afe9","isVoid":false,"data":{},"nodes":[{"kind":"text","key":"0126330bfe6f41d982c9a5971bc15b75","ranges":[{"kind":"range","marks":[],"text":"            \"type\" : \"UINT32\""}]}]},{"kind":"block","type":"code-line","key":"b79267f53a334f1c9351d3d0e99610b2","isVoid":false,"data":{},"nodes":[{"kind":"text","key":"299ed6f2b4bf41499088d2eef4cb1ce5","ranges":[{"kind":"range","marks":[],"text":"         },"}]}]},{"kind":"block","type":"code-line","key":"927fe7edd1014e3f9eda00afaa84a807","isVoid":false,"data":{},"nodes":[{"kind":"text","key":"9a7e0168f34342928785ece328882a29","ranges":[{"kind":"range","marks":[],"text":"         \"vertex_id\" : {"}]}]},{"kind":"block","type":"code-line","key":"f2b78513abdb42789dacf9a97711fd3d","isVoid":false,"data":{},"nodes":[{"kind":"text","key":"7863ca54f7ba4383bf1755750e588a22","ranges":[{"kind":"range","marks":[],"text":"            \"id_type\" : \"$vertex_type\","}]}]},{"kind":"block","type":"code-line","key":"2ebd36b412844b92b643609e8a5a7d5d","isVoid":false,"data":{},"nodes":[{"kind":"text","key":"3119941f468f47a3b63834230570ff9b","ranges":[{"kind":"range","marks":[],"text":"            \"is_id\" : true,"}]}]},{"kind":"block","type":"code-line","key":"4894cedae1ee4a98ba94adb9bc7f550b","isVoid":false,"data":{},"nodes":[{"kind":"text","key":"565636cb9a6447e8acb3496723ecad5f","ranges":[{"kind":"range","marks":[],"text":"            \"max_count\" : 1,"}]}]},{"kind":"block","type":"code-line","key":"bf052fbd73d74bf7872211c2dc9b2c17","isVoid":false,"data":{},"nodes":[{"kind":"text","key":"27c206c8df994efcba14ef778169abe9","ranges":[{"kind":"range","marks":[],"text":"            \"max_length\" : 2560,"}]}]},{"kind":"block","type":"code-line","key":"caca74b881a24648bcbb67e18e2f6468","isVoid":false,"data":{},"nodes":[{"kind":"text","key":"5d40da464f02431ea4884f7db431d490","ranges":[{"kind":"range","marks":[],"text":"            \"min_count\" : 0,"}]}]},{"kind":"block","type":"code-line","key":"2bcbbd9d17a74dcfaf207f7b7a01e277","isVoid":false,"data":{},"nodes":[{"kind":"text","key":"7e09f27b53484f5e8ba50adb80ea9df6","ranges":[{"kind":"range","marks":[],"text":"            \"type\" : \"STRING\""}]}]},{"kind":"block","type":"code-line","key":"3c6215b2173442cc98c4a9b5e85308da","isVoid":false,"data":{},"nodes":[{"kind":"text","key":"b94695507c334ac586d0c90deb82d2a5","ranges":[{"kind":"range","marks":[],"text":"         },"}]}]},{"kind":"block","type":"code-line","key":"423dc296a1494eb58792a98646ee66d3","isVoid":false,"data":{},"nodes":[{"kind":"text","key":"f678a359d40c44d196d68dc15f0d0f0c","ranges":[{"kind":"range","marks":[],"text":"         \"vertex_type\" : {"}]}]},{"kind":"block","type":"code-line","key":"0e6d8bcad14d4c838f148d2251836a93","isVoid":false,"data":{},"nodes":[{"kind":"text","key":"9d70168750dd44fb8ad8147d648aec70","ranges":[{"kind":"range","marks":[],"text":"            \"type\" : \"TYPENAME\""}]}]},{"kind":"block","type":"code-line","key":"3d579239ed9b4ec8a1a03129c60ed03c","isVoid":false,"data":{},"nodes":[{"kind":"text","key":"976facf791b54e76b3e25fda11e7be7c","ranges":[{"kind":"range","marks":[],"text":"         }"}]}]},{"kind":"block","type":"code-line","key":"c69fefcd6e324eaeae257fbc29f35d2a","isVoid":false,"data":{},"nodes":[{"kind":"text","key":"7df0a9e9d328456282c526b5d168bc3a","ranges":[{"kind":"range","marks":[],"text":"      }"}]}]},{"kind":"block","type":"code-line","key":"d7830b61cf5c4dc191535d6872c45800","isVoid":false,"data":{},"nodes":[{"kind":"text","key":"02a6736a4a464c1da313079e4ccfd995","ranges":[{"kind":"range","marks":[],"text":"   },"}]}]},{"kind":"block","type":"code-line","key":"0b9fed22e0a94794823dd7025a8ce6bb","isVoid":false,"data":{},"nodes":[{"kind":"text","key":"9d7010877a044e81823a19f11c214873","ranges":[{"kind":"range","marks":[],"text":"   \"GET /statistics\" : {"}]}]},{"kind":"block","type":"code-line","key":"129dc29c09324700b67181f0e3fc9bdb","isVoid":false,"data":{},"nodes":[{"kind":"text","key":"64df9585e68847df84fcc15ee1324a60","ranges":[{"kind":"range","marks":[],"text":"      \"parameters\" : {"}]}]},{"kind":"block","type":"code-line","key":"657f0473326f4093b70b014618223e94","isVoid":false,"data":{},"nodes":[{"kind":"text","key":"03afcb81b35f48fbb84db5115fdb0fda","ranges":[{"kind":"range","marks":[],"text":"         \"seconds\" : {"}]}]},{"kind":"block","type":"code-line","key":"647749c905c84647b9cba36921ea479c","isVoid":false,"data":{},"nodes":[{"kind":"text","key":"5ce906dec5ca41b0919571fa1bf29d97","ranges":[{"kind":"range","marks":[],"text":"            \"default\" : \"10\","}]}]},{"kind":"block","type":"code-line","key":"55e9d3de829d4e0d920c6bcb32f62e9d","isVoid":false,"data":{},"nodes":[{"kind":"text","key":"23b4d1d4bef84ab1b0b47039651937c0","ranges":[{"kind":"range","marks":[],"text":"            \"type\" : \"UINT32\""}]}]},{"kind":"block","type":"code-line","key":"8a5676fefa4c4dd2b63394ee5d8ba9d6","isVoid":false,"data":{},"nodes":[{"kind":"text","key":"a0bc8c5938bb4998888785c9d73a2abf","ranges":[{"kind":"range","marks":[],"text":"         },"}]}]},{"kind":"block","type":"code-line","key":"c6e0843ac8404a1ba176e311f427b179","isVoid":false,"data":{},"nodes":[{"kind":"text","key":"39798d0a6c4441e195f190d003c36f26","ranges":[{"kind":"range","marks":[],"text":"         \"segments\" : {"}]}]},{"kind":"block","type":"code-line","key":"d65d14244f5e4d1fbdef42363ff4720b","isVoid":false,"data":{},"nodes":[{"kind":"text","key":"e3b4925815c345469b99b950da20cca7","ranges":[{"kind":"range","marks":[],"text":"            \"default\" : \"10\","}]}]},{"kind":"block","type":"code-line","key":"89f7ce40af8049a084adb5e84214ef9c","isVoid":false,"data":{},"nodes":[{"kind":"text","key":"f15d482082af429eb77faa8ec4045082","ranges":[{"kind":"range","marks":[],"text":"            \"max\" : \"100\","}]}]},{"kind":"block","type":"code-line","key":"bd426a3776384b00a47bb0564e30e144","isVoid":false,"data":{},"nodes":[{"kind":"text","key":"77570e785cbc4d14a0a3346c0264ddc6","ranges":[{"kind":"range","marks":[],"text":"            \"min\" : \"1\","}]}]},{"kind":"block","type":"code-line","key":"2f0ded65ff6c47e098587f7372f92dd4","isVoid":false,"data":{},"nodes":[{"kind":"text","key":"2716524cb6c940bd98af87af2627e613","ranges":[{"kind":"range","marks":[],"text":"            \"type\" : \"UINT32\""}]}]},{"kind":"block","type":"code-line","key":"7edb866d5635455394f80a1eaae16688","isVoid":false,"data":{},"nodes":[{"kind":"text","key":"586a5e609b1c4c689d7df413befceeda","ranges":[{"kind":"range","marks":[],"text":"         }"}]}]},{"kind":"block","type":"code-line","key":"9431a60a9fa744439bf694e545f47be7","isVoid":false,"data":{},"nodes":[{"kind":"text","key":"03adb6931524428ead6b3c8e4ab746dd","ranges":[{"kind":"range","marks":[],"text":"      }"}]}]},{"kind":"block","type":"code-line","key":"d8b66382d0264d2a912e169c17c193c0","isVoid":false,"data":{},"nodes":[{"kind":"text","key":"889024f01c774f2eb2a5adaf7cee65ba","ranges":[{"kind":"range","marks":[],"text":"   },"}]}]},{"kind":"block","type":"code-line","key":"60c0bdfeb14c47c7afde3454c763c28b","isVoid":false,"data":{},"nodes":[{"kind":"text","key":"993801108e8d47dfa2c51eefd7bb4e73","ranges":[{"kind":"range","marks":[],"text":"   \"GET /version\" : null,"}]}]},{"kind":"block","type":"code-line","key":"b21466fbab614946bd30f836fe137c0d","isVoid":false,"data":{},"nodes":[{"kind":"text","key":"8666660d99ee488baeeb7dd1f96858f8","ranges":[{"kind":"range","marks":[],"text":"   \"POST /builtins\" : null,"}]}]},{"kind":"block","type":"code-line","key":"2a9fc6bdcbde41219fe8dbbe5fbb82e4","isVoid":false,"data":{},"nodes":[{"kind":"text","key":"1ef49a9c02db443089c5290f7e0da2c9","ranges":[{"kind":"range","marks":[],"text":"   \"POST /echo\" : {"}]}]},{"kind":"block","type":"code-line","key":"03be9507dc7f401e93f41681154548f8","isVoid":false,"data":{},"nodes":[{"kind":"text","key":"644763b98ee242bdb637ffc2239c7543","ranges":[{"kind":"range","marks":[],"text":"      \"parameters\" : {"}]}]},{"kind":"block","type":"code-line","key":"a2416b28396c4665889e5e85f6ff2004","isVoid":false,"data":{},"nodes":[{"kind":"text","key":"7ba9c60e35b74788a05b9c4cf246326f","ranges":[{"kind":"range","marks":[],"text":"         \"sleep\" : {"}]}]},{"kind":"block","type":"code-line","key":"fd529b766bea4016ad5a32c18ed62ded","isVoid":false,"data":{},"nodes":[{"kind":"text","key":"85c8c2886aab472bad05981d603e4a7d","ranges":[{"kind":"range","marks":[],"text":"            \"default\" : \"0\","}]}]},{"kind":"block","type":"code-line","key":"33cb4d00bc864bab9a8cd6acd6073ee9","isVoid":false,"data":{},"nodes":[{"kind":"text","key":"5fabac6aed4b4046b334a2c6be20a3f3","ranges":[{"kind":"range","marks":[],"text":"            \"type\" : \"INT32\""}]}]},{"kind":"block","type":"code-line","key":"aeefae146fde49bc958e46467b75af33","isVoid":false,"data":{},"nodes":[{"kind":"text","key":"d53b9edd7759497eb84775efb5821a6f","ranges":[{"kind":"range","marks":[],"text":"         }"}]}]},{"kind":"block","type":"code-line","key":"7f5343a2909048b4bb11c74bdb35c008","isVoid":false,"data":{},"nodes":[{"kind":"text","key":"03e433bbbd734e3fb35d7db55d864893","ranges":[{"kind":"range","marks":[],"text":"      }"}]}]},{"kind":"block","type":"code-line","key":"526b1823a2594dc29fca04fcaf76e557","isVoid":false,"data":{},"nodes":[{"kind":"text","key":"a054dcc41c2247259a9e8f84aafe6155","ranges":[{"kind":"range","marks":[],"text":"   },"}]}]},{"kind":"block","type":"code-line","key":"471afde58e734cd0afe20a33763182ef","isVoid":false,"data":{},"nodes":[{"kind":"text","key":"0e6dbbfd68bf48ba9f6666dc2ad306f1","ranges":[{"kind":"range","marks":[],"text":"   \"POST /graph/{graph_name}\" : {"}]}]},{"kind":"block","type":"code-line","key":"da62c6e2607f428db203944db9cb8879","isVoid":false,"data":{},"nodes":[{"kind":"text","key":"3e4df2d836d047a49b6e6c88267ccf2f","ranges":[{"kind":"range","marks":[],"text":"      \"parameters\" : {"}]}]},{"kind":"block","type":"code-line","key":"679b97e2e8dd4413aba18a9199e60558","isVoid":false,"data":{},"nodes":[{"kind":"text","key":"b5c71485b17f42b2b52449a349c4087b","ranges":[{"kind":"range","marks":[],"text":"         \"ack\" : {"}]}]},{"kind":"block","type":"code-line","key":"e85b3e7e2ba1465f91536d2723faf264","isVoid":false,"data":{},"nodes":[{"kind":"text","key":"b37273ce47ff4286bcc5b07a1bc0b748","ranges":[{"kind":"range","marks":[],"text":"            \"default\" : \"all\","}]}]},{"kind":"block","type":"code-line","key":"d1208bc6df7e419f84f801a974d121ea","isVoid":false,"data":{},"nodes":[{"kind":"text","key":"a5b9a1edcc9741d18bdad64fcfee063f","ranges":[{"kind":"range","marks":[],"text":"            \"max_count\" : 1,"}]}]},{"kind":"block","type":"code-line","key":"f3081a93ade74c0ba876e8c94d5adea3","isVoid":false,"data":{},"nodes":[{"kind":"text","key":"132e194bd78d462088538863be84613c","ranges":[{"kind":"range","marks":[],"text":"            \"min_count\" : 1,"}]}]},{"kind":"block","type":"code-line","key":"e56da0ff22544cb9a4008a2f13ae0cba","isVoid":false,"data":{},"nodes":[{"kind":"text","key":"433030ca5a2948378cf190b1f95e5e64","ranges":[{"kind":"range","marks":[],"text":"            \"options\" : [ \"all\", \"none\" ],"}]}]},{"kind":"block","type":"code-line","key":"a56f64fe0d5c4d8ca19c84255e95c2e3","isVoid":false,"data":{},"nodes":[{"kind":"text","key":"c76705b588474225bf194d84e4bbbdc6","ranges":[{"kind":"range","marks":[],"text":"            \"type\" : \"STRING\""}]}]},{"kind":"block","type":"code-line","key":"adc2580b39194a02840a018ed1614dfd","isVoid":false,"data":{},"nodes":[{"kind":"text","key":"e59fbcff658d44d3bce5c3523d10e0b2","ranges":[{"kind":"range","marks":[],"text":"         }"}]}]},{"kind":"block","type":"code-line","key":"6c659856473348578efd0beb857d4c27","isVoid":false,"data":{},"nodes":[{"kind":"text","key":"5bf9e93fb9904a54a27acc70aed7ebcc","ranges":[{"kind":"range","marks":[],"text":"      }"}]}]},{"kind":"block","type":"code-line","key":"e1f3a9fd50224ca289bcf87908ca2ad8","isVoid":false,"data":{},"nodes":[{"kind":"text","key":"5215f9d25baf42cea3ca8301cd5bafe8","ranges":[{"kind":"range","marks":[],"text":"   }"}]}]},{"kind":"block","type":"code-line","key":"017c33bd7ecf49b5b9ec33a36f505cb6","isVoid":false,"data":{},"nodes":[{"kind":"text","key":"f939b862d0e44494af78ed494e4ef31c","ranges":[{"kind":"range","marks":[],"text":"}"}]}]}]}]}]}}