{"format_version":1,"document":{"kind":"document","key":"965bdcbf38864b22bac31acd609c728f","data":{"schema_version":5},"nodes":[{"kind":"block","type":"paragraph","key":"8d03347d6f9a4fb8a179c0ad3adb26cc","isVoid":false,"data":{},"nodes":[{"kind":"text","key":"d17dcbced6fd4f1593ec0d2f2f0425a8","ranges":[{"kind":"range","marks":[],"text":"The following words are reserved for use by the Data Definition Language.  That is, a graph schema or loading job may not use any of these words for a user-defined identifier, for the name of a vertex type, edge type, graph, or attribute. \nA separate list of reserved keywords exists for the Query language "}]},{"kind":"inline","type":"link","key":"fb5d037c32734bb7a27a22e9de2575e3","isVoid":false,"data":{"pageID":"-LMWTvG5G5VpgLcy3gsn"},"nodes":[{"kind":"text","key":"adc1714c844248038073863a452b8916","ranges":[{"kind":"range","marks":[],"text":"here"}]}]},{"kind":"text","key":"32f028f0d11c4411a219ccaf0f56f5a0","ranges":[{"kind":"range","marks":[],"text":".\nThe compiler will reject the use of a Reserved Word as a user-defined identifier."}]}]},{"kind":"block","type":"code","key":"f72e4584dc7b493cbeb298ac8cad11eb","isVoid":false,"data":{},"nodes":[{"kind":"block","type":"code-tab","key":"e368f69833ad4e64bb415a98d0a5e8f3","isVoid":false,"data":{"syntax":"text"},"nodes":[{"kind":"block","type":"code-line","key":"08241b518f044eb7b36ef5558a6a03e2","isVoid":false,"data":{},"nodes":[{"kind":"text","key":"b513ae9106964a14a5183be66fb2ce02","ranges":[{"kind":"range","marks":[],"text":"_SUBSTRING         ABORT              ACCESS             ADD                "}]}]},{"kind":"block","type":"code-line","key":"9ccc1990dbf94f5a8c9074093cd281c1","isVoid":false,"data":{},"nodes":[{"kind":"text","key":"2f97b09aeb7049139e8e3f44edac6aef","ranges":[{"kind":"range","marks":[],"text":"ADMIN              AFTER              ALL                ALLOCATE           "}]}]},{"kind":"block","type":"code-line","key":"22c39263b5154bedba41a49e36a48465","isVoid":false,"data":{},"nodes":[{"kind":"text","key":"4c949ae78db64f7da32721c1c8a2bb0e","ranges":[{"kind":"range","marks":[],"text":"ALTER              ANALYZE            AND                ANY                "}]}]},{"kind":"block","type":"code-line","key":"2d8f14a3e1a64fdfbd66ede0e7c1e604","isVoid":false,"data":{},"nodes":[{"kind":"text","key":"3973358eb6f04e2f83b62ac922de8200","ranges":[{"kind":"range","marks":[],"text":"APPROX_COUNT       ARCHIVE            ARE                ARRANGE            "}]}]},{"kind":"block","type":"code-line","key":"5d9019da38d34ef5855a96d0f8faa316","isVoid":false,"data":{},"nodes":[{"kind":"text","key":"23ea9b39762b42aa8a85f8b9e059761e","ranges":[{"kind":"range","marks":[],"text":"ARRAY              AS                 ASC                ASENSITIVE         "}]}]},{"kind":"block","type":"code-line","key":"76fd9e204721429f967ef97d6c60217a","isVoid":false,"data":{},"nodes":[{"kind":"text","key":"ae083e3b69c440b4a4dd45e4f92002b1","ranges":[{"kind":"range","marks":[],"text":"ASYMMETRIC         AT                 ATOMIC             ATTRIBUTE          "}]}]},{"kind":"block","type":"code-line","key":"4bb5d65e345c46f3bb741474853e6f3b","isVoid":false,"data":{},"nodes":[{"kind":"text","key":"a0c38517572a408bbea083ffceed1727","ranges":[{"kind":"range","marks":[],"text":"AUTHORIZATION      AV                 AVG                BAG                "}]}]},{"kind":"block","type":"code-line","key":"34312754eb014abfbf95bb55e0bdf432","isVoid":false,"data":{},"nodes":[{"kind":"text","key":"aa7453cb61dd4467aad32b1c66f15b88","ranges":[{"kind":"range","marks":[],"text":"BEFORE             BEGIN              BETWEEN            BIGINT             "}]}]},{"kind":"block","type":"code-line","key":"c8304d1a559f4aeb8a810888ed4ac52c","isVoid":false,"data":{},"nodes":[{"kind":"text","key":"d8ca1df619ef4548bde65fbcbda31dbd","ranges":[{"kind":"range","marks":[],"text":"BINARY             BINSTORAGE         BLOB               BOOL               "}]}]},{"kind":"block","type":"code-line","key":"6e3fc71d10d547f8a4387d37a15ffe4d","isVoid":false,"data":{},"nodes":[{"kind":"text","key":"2fb1b73606eb4b12baf2336e0bda9a1f","ranges":[{"kind":"range","marks":[],"text":"BOOLEAN            BOTH               BUCKET             BUCKETS            "}]}]},{"kind":"block","type":"code-line","key":"386a709be1b143998f7275f567ed7d94","isVoid":false,"data":{},"nodes":[{"kind":"text","key":"c73e7c6c0ac04e69bc27e29eb44fea19","ranges":[{"kind":"range","marks":[],"text":"BY                 BYTEARRAY          CACHE              CALL               "}]}]},{"kind":"block","type":"code-line","key":"94ad129d2be1453182306af2f8068891","isVoid":false,"data":{},"nodes":[{"kind":"text","key":"96d9ec0fd7e24f0c9ee0a2914ebd5b4c","ranges":[{"kind":"range","marks":[],"text":"CALLED             CASCADE            CASCADED           CASE               "}]}]},{"kind":"block","type":"code-line","key":"5d88090bbe6a433082673f587267e5ec","isVoid":false,"data":{},"nodes":[{"kind":"text","key":"d2784d95112e4b7e97584fd57e470b24","ranges":[{"kind":"range","marks":[],"text":"CAST               CAT                CD                 CHANGE             "}]}]},{"kind":"block","type":"code-line","key":"20dfcec3fa38495a831bf80fec9792f5","isVoid":false,"data":{},"nodes":[{"kind":"text","key":"e62b7e15f5754d0db1d116de98002946","ranges":[{"kind":"range","marks":[],"text":"CHAR               CHARACTER          CHARARRAY          CHECK              "}]}]},{"kind":"block","type":"code-line","key":"a5035f9356314baeaaa2fb719637c6a4","isVoid":false,"data":{},"nodes":[{"kind":"text","key":"2e6aff08d063490181c26e68c8b28549","ranges":[{"kind":"range","marks":[],"text":"CLEAR              CLOB               CLOSE              CLUSTER            "}]}]},{"kind":"block","type":"code-line","key":"d183f7176b7a4c90bde6b532c42b9059","isVoid":false,"data":{},"nodes":[{"kind":"text","key":"6fb6f798d4bc40fb91815312133bb018","ranges":[{"kind":"range","marks":[],"text":"CLUSTERED          CLUSTERSTATUS      COGROUP            COLLATE            "}]}]},{"kind":"block","type":"code-line","key":"0a2fad282915492d8ed941ba9ba3d2f2","isVoid":false,"data":{},"nodes":[{"kind":"text","key":"806a2f423fdc4364b87353cab2524069","ranges":[{"kind":"range","marks":[],"text":"COLLECTION         COLUMN             COLUMNS            COMMIT             "}]}]},{"kind":"block","type":"code-line","key":"99b860f18d8f43539420f0b0e5b0f8c6","isVoid":false,"data":{},"nodes":[{"kind":"text","key":"e3a10a8c8afb4d94bf93fde950633e26","ranges":[{"kind":"range","marks":[],"text":"COMPACT            COMPACTIONS        COMPRESS           COMPUTE            "}]}]},{"kind":"block","type":"code-line","key":"234e0501ea074d4aaea164fbdda508c7","isVoid":false,"data":{},"nodes":[{"kind":"text","key":"6e369542e79348b3945f48d30d95c466","ranges":[{"kind":"range","marks":[],"text":"CONCAT             CONCATENATE                           CONF               "}]}]},{"kind":"block","type":"code-line","key":"1b3ed87f92be4282b7fb95bb5610a530","isVoid":false,"data":{},"nodes":[{"kind":"text","key":"2ac3fb5e7d9d4ef78fde4d6c62b082ee","ranges":[{"kind":"range","marks":[],"text":"CONNECT            CONST              CONSTRAINT         CONTINUE           "}]}]},{"kind":"block","type":"code-line","key":"a4f0063b83554d09a7798ab30d15cfbd","isVoid":false,"data":{},"nodes":[{"kind":"text","key":"6859f146f38a4ae98c1f43813b3ef7d6","ranges":[{"kind":"range","marks":[],"text":"COPYFROMLOCAL      COPYTOLOCAL        CORRESPONDING      COUNT              "}]}]},{"kind":"block","type":"code-line","key":"50dcd23257ad42138ef058b7cbefeede","isVoid":false,"data":{},"nodes":[{"kind":"text","key":"103ab7b99e43420c94a936cc3b90a712","ranges":[{"kind":"range","marks":[],"text":"CP                 CREATE             CROSS              CUBE               "}]}]},{"kind":"block","type":"code-line","key":"21a78fd9b9d14615aa483ab1f0e171a3","isVoid":false,"data":{},"nodes":[{"kind":"text","key":"413faf6af415409f8b8c126055fd92fb","ranges":[{"kind":"range","marks":[],"text":"CURRENT            CURRENT_DATE       CURRENT_PATH       CURRENT_ROLE       "}]}]},{"kind":"block","type":"code-line","key":"de78bfd2e81e4b80b18f770086db0ea3","isVoid":false,"data":{},"nodes":[{"kind":"text","key":"15db068aa86c4d73bd3d7e6936ca6e5f","ranges":[{"kind":"range","marks":[],"text":"CURRENT_TIME       CURRENT_TIMESTAMP  CURRENT_USER       CURSOR             "}]}]},{"kind":"block","type":"code-line","key":"6e1ff789406b41fd9196fb24ed135e3d","isVoid":false,"data":{},"nodes":[{"kind":"text","key":"8f600b4c7c92415baafe86f0363abb25","ranges":[{"kind":"range","marks":[],"text":"CYCLE              DATA               DATA_SOURCE        DATABASE           "}]}]},{"kind":"block","type":"code-line","key":"df87ccf03b08454ba136fa49f7fdff05","isVoid":false,"data":{},"nodes":[{"kind":"text","key":"8be24b857a3742adad47dbd9dfcbfef4","ranges":[{"kind":"range","marks":[],"text":"DATABASES          DATE               DATETIME           DAY                "}]}]},{"kind":"block","type":"code-line","key":"f2a456091d5f48f9b952f0b018081a96","isVoid":false,"data":{},"nodes":[{"kind":"text","key":"42cecaa05c1848319b61f9cb84a96fb0","ranges":[{"kind":"range","marks":[],"text":"DBPROPERTIES       DD                 DEALLOCATE         DEC                "}]}]},{"kind":"block","type":"code-line","key":"042e26e9ce2d45bdb9bf901fbc7028ac","isVoid":false,"data":{},"nodes":[{"kind":"text","key":"3d5cd319d21a448c85e21ed21890d339","ranges":[{"kind":"range","marks":[],"text":"DECIMAL            DECLARE            DECRYPT            DEFAULT            "}]}]},{"kind":"block","type":"code-line","key":"94e076fdb67243eea75c32694eb90c8f","isVoid":false,"data":{},"nodes":[{"kind":"text","key":"4747efbfbbdc41b998d3bf27db1e5800","ranges":[{"kind":"range","marks":[],"text":"DEFERRED           DEFINE             DEFINED            DELETE             "}]}]},{"kind":"block","type":"code-line","key":"dd046b24d60847a9b3a5ce991e56d48f","isVoid":false,"data":{},"nodes":[{"kind":"text","key":"df34fab83360435cb01d1a4c4759dfeb","ranges":[{"kind":"range","marks":[],"text":"DELIMITED          DEPENDENCY         DEREF              DESC               "}]}]},{"kind":"block","type":"code-line","key":"6960994efc4b4290a2e677b358a81052","isVoid":false,"data":{},"nodes":[{"kind":"text","key":"798304f5c77a427693685062c4372b1f","ranges":[{"kind":"range","marks":[],"text":"DESCRIBE           DETERMINISTIC      DIFF               DIRECTED           "}]}]},{"kind":"block","type":"code-line","key":"5d84a5d826144332a86adef540781ae7","isVoid":false,"data":{},"nodes":[{"kind":"text","key":"994b4d593493482985316f78d44bf7d3","ranges":[{"kind":"range","marks":[],"text":"DIRECTORIES        DIRECTORY          DISABLE            DISCONNECT         "}]}]},{"kind":"block","type":"code-line","key":"fe915ab4d04849578fe1d56537e66fc8","isVoid":false,"data":{},"nodes":[{"kind":"text","key":"6104e6afc3844f3fb45ffd133594144d","ranges":[{"kind":"range","marks":[],"text":"DISTINCT           DISTRIBUTE         DISTRIBUTED        DM                 "}]}]},{"kind":"block","type":"code-line","key":"9782ec76cff4421ab98272ecfa4e39b0","isVoid":false,"data":{},"nodes":[{"kind":"text","key":"a8e703a600144210be88807bef957171","ranges":[{"kind":"range","marks":[],"text":"DO                 DOUBLE             DROP               DRYRUN             "}]}]},{"kind":"block","type":"code-line","key":"470b6111b564430f8a7da5c1e185b850","isVoid":false,"data":{},"nodes":[{"kind":"text","key":"7f811fb2d2314ccc9b58b9b21d6fbe61","ranges":[{"kind":"range","marks":[],"text":"DU                 DUMP               DYNAMIC            EACH               "}]}]},{"kind":"block","type":"code-line","key":"664a27522eb244f199a80ac0ffae05f0","isVoid":false,"data":{},"nodes":[{"kind":"text","key":"836f2392f4114e039ef0277381e2520d","ranges":[{"kind":"range","marks":[],"text":"EDGE               ELEMENT            ELEM_TYPE          ELSE               "}]}]},{"kind":"block","type":"code-line","key":"aeacb0836cf843ec901d568027dc3ea7","isVoid":false,"data":{},"nodes":[{"kind":"text","key":"56702b75331f48d8b3738fd89b9e8f3c","ranges":[{"kind":"range","marks":[],"text":"ELSEIF             EMPTY              ENABLE             END                "}]}]},{"kind":"block","type":"code-line","key":"bfb2a6bc9f1945fc89d925d978e853ed","isVoid":false,"data":{},"nodes":[{"kind":"text","key":"502eec9f2df0467dabd94580b3c76fb9","ranges":[{"kind":"range","marks":[],"text":"EOL                ESCAPE             ESCAPED            EVAL               "}]}]},{"kind":"block","type":"code-line","key":"1709ffc4da8a4499886597353757413e","isVoid":false,"data":{},"nodes":[{"kind":"text","key":"ea14bbdfa09c474886135608c55f931e","ranges":[{"kind":"range","marks":[],"text":"EXCEPT             EXCHANGE           EXCLUSIVE          EXEC               "}]}]},{"kind":"block","type":"code-line","key":"83c2cec7fb204f86a3a2cb652c26854f","isVoid":false,"data":{},"nodes":[{"kind":"text","key":"845a07a3024a480d928c748f69ae3265","ranges":[{"kind":"range","marks":[],"text":"EXECUTE            EXISTS             EXIT               EXPLAIN            "}]}]},{"kind":"block","type":"code-line","key":"ceed27af038a411f9c6474e22772f6c9","isVoid":false,"data":{},"nodes":[{"kind":"text","key":"471c681b92fe4df7b9bb5386f3e6a752","ranges":[{"kind":"range","marks":[],"text":"EXPORT             EXTENDED           EXTERN             EXTERNAL           "}]}]},{"kind":"block","type":"code-line","key":"15f5941a538e47abb9a488c97fa2607a","isVoid":false,"data":{},"nodes":[{"kind":"text","key":"8c758840228240c996464693199c8215","ranges":[{"kind":"range","marks":[],"text":"FALSE              FETCH              FIELDS             FILE               "}]}]},{"kind":"block","type":"code-line","key":"9929780629934e1091f0d67990ab47af","isVoid":false,"data":{},"nodes":[{"kind":"text","key":"f2e04758da8046938dee7be5e6fc8b91","ranges":[{"kind":"range","marks":[],"text":"FILEFORMAT         FILENAME           FILTER             FIRST              "}]}]},{"kind":"block","type":"code-line","key":"aa1b4336a7ba457690e067867bfe7897","isVoid":false,"data":{},"nodes":[{"kind":"text","key":"8f4b4a78c92f4af384de4b44a53f1097","ranges":[{"kind":"range","marks":[],"text":"FIXED_BINARY       FLATTEN            FLATTEN_JSON_ARRAY FLOAT              "}]}]},{"kind":"block","type":"code-line","key":"18f89e0adf1943c0a7dfa4460eb87630","isVoid":false,"data":{},"nodes":[{"kind":"text","key":"67a536529d124f81aace767f09c4485e","ranges":[{"kind":"range","marks":[],"text":"FOLLOWING          FOR                FOREACH            FOREIGN            "}]}]},{"kind":"block","type":"code-line","key":"36e8c28b8dbe458b9cc4ca0beea14930","isVoid":false,"data":{},"nodes":[{"kind":"text","key":"4faf76f8d7f0404b9d4ccf76a0a12508","ranges":[{"kind":"range","marks":[],"text":"FORMAT             FORMATTED          FREE               FROM               "}]}]},{"kind":"block","type":"code-line","key":"c085b968890a4b4990b8a72c9a44bdce","isVoid":false,"data":{},"nodes":[{"kind":"text","key":"39b3ddcd6ac348778f8524c1dfdc947d","ranges":[{"kind":"range","marks":[],"text":"FULL               FUNCTION           FUNCTIONS          GENERATE           "}]}]},{"kind":"block","type":"code-line","key":"d3ab98083d1840518dde0cc90a9d48d9","isVoid":false,"data":{},"nodes":[{"kind":"text","key":"21b1c576ae044ee98a8b9f61ae1e529e","ranges":[{"kind":"range","marks":[],"text":"GET                GLOBAL             GPATH              GPATH_QUERY        "}]}]},{"kind":"block","type":"code-line","key":"d2cccce6f39d44e280ae0ddee79972df","isVoid":false,"data":{},"nodes":[{"kind":"text","key":"b960fafe52ce4f6eb1c17f38b34bbbc1","ranges":[{"kind":"range","marks":[],"text":"GQL                GQUERY             GRANT              GRAPH              "}]}]},{"kind":"block","type":"code-line","key":"856b2c063b6f4911ab2bb8be1f9846d6","isVoid":false,"data":{},"nodes":[{"kind":"text","key":"fe9a292f5c4448a9a9904ace657b9e12","ranges":[{"kind":"range","marks":[],"text":"GROUP              GROUPING           GSHELL             HANDLER            "}]}]},{"kind":"block","type":"code-line","key":"9973b5d85ed94250806bc0b4fb98e866","isVoid":false,"data":{},"nodes":[{"kind":"text","key":"e534d29468d34eab9597c6b7790d902d","ranges":[{"kind":"range","marks":[],"text":"HARD               HASH_PARTITION     HAVING             HEADER             "}]}]},{"kind":"block","type":"code-line","key":"5f28672440254153a26889e02ac352f4","isVoid":false,"data":{},"nodes":[{"kind":"text","key":"c59d6fce14e7457a938149663d3505b5","ranges":[{"kind":"range","marks":[],"text":"HELP               HOLD               HOLD_DDLTIME       HOST_GRAPH         "}]}]},{"kind":"block","type":"code-line","key":"abfba2680d5340508816913ce2ebcf26","isVoid":false,"data":{},"nodes":[{"kind":"text","key":"0c3e86ba550749198d31190ba0dc2d52","ranges":[{"kind":"range","marks":[],"text":"HOUR               ICON               IDENTIFIED         IDENTITY           "}]}]},{"kind":"block","type":"code-line","key":"773ed505ab844a4ca463b8c712ad8099","isVoid":false,"data":{},"nodes":[{"kind":"text","key":"03a8c4ab4ebb4e4db511aa2a3f085007","ranges":[{"kind":"range","marks":[],"text":"IDXPROPERTIES      IF                 IGNORE             ILLUSTRATE         "}]}]},{"kind":"block","type":"code-line","key":"a834ae2ddf1c40eeb09dc118f8a1e2fc","isVoid":false,"data":{},"nodes":[{"kind":"text","key":"c9184879f1094b92aebc33055572f91a","ranges":[{"kind":"range","marks":[],"text":"IMMEDIATE          IMPORT             IN                 INCREMENTAL        "}]}]},{"kind":"block","type":"code-line","key":"a0364a7903024fb4b42fe59f64f30fe2","isVoid":false,"data":{},"nodes":[{"kind":"text","key":"7398151cd52e427497e145105f8a7cc9","ranges":[{"kind":"range","marks":[],"text":"INDEX              INDEXES            INDICATOR          INIT               "}]}]},{"kind":"block","type":"code-line","key":"43edefd3b49e4190807d7d8421f3dadb","isVoid":false,"data":{},"nodes":[{"kind":"text","key":"9683933413784852b95f5ae4b63349b8","ranges":[{"kind":"range","marks":[],"text":"INNER              INOUT              INPATH             INPUT              "}]}]},{"kind":"block","type":"code-line","key":"fc687c5d4ccc4d40a96f7981948673aa","isVoid":false,"data":{},"nodes":[{"kind":"text","key":"83ec29953ac148e5be961e827d9829ae","ranges":[{"kind":"range","marks":[],"text":"INPUTDRIVER        INPUTFORMAT        INPUT_LINE_FILTER  INSENSITIVE        "}]}]},{"kind":"block","type":"code-line","key":"181eaf5df92e419f9f21b19ae1b69397","isVoid":false,"data":{},"nodes":[{"kind":"text","key":"09470895f90f40fe9689fee349c5f3a6","ranges":[{"kind":"range","marks":[],"text":"INSERT             INSTALL            INT                INT16              "}]}]},{"kind":"block","type":"code-line","key":"6ad67ba0b36e48b988e6d3e1ab16b695","isVoid":false,"data":{},"nodes":[{"kind":"text","key":"0c46741f4fb64ffb8d881c47b4cb7eb9","ranges":[{"kind":"range","marks":[],"text":"INT32              INT32_T            INT64_T            INT8               "}]}]},{"kind":"block","type":"code-line","key":"b57fcea61aa94342a4d95445e5e88350","isVoid":false,"data":{},"nodes":[{"kind":"text","key":"7c69bf3edb9340e6af06843bb8d094a7","ranges":[{"kind":"range","marks":[],"text":"INTEGER            INTERPRET          INTERSECT          INTERVAL           "}]}]},{"kind":"block","type":"code-line","key":"d29b72e4ef3543e890903bae84c0603b","isVoid":false,"data":{},"nodes":[{"kind":"text","key":"2356f85ebe4e447586f8a0586f93ed76","ranges":[{"kind":"range","marks":[],"text":"INTO               INT_LIST           INT_SET            IS                 "}]}]},{"kind":"block","type":"code-line","key":"d5b5bc31bdd0417a98bea70f62e7aa32","isVoid":false,"data":{},"nodes":[{"kind":"text","key":"66b6c243ea5b49c0bdefbeacf336c3fe","ranges":[{"kind":"range","marks":[],"text":"ITEMS              ITERATE            JAR                JOB                "}]}]},{"kind":"block","type":"code-line","key":"ea674cbc0cef4fc3adc0fea32cad57b0","isVoid":false,"data":{},"nodes":[{"kind":"text","key":"34abb8eb80fe4499aef570a345549250","ranges":[{"kind":"range","marks":[],"text":"JOIN               JSON               KAFKA              KEY                "}]}]},{"kind":"block","type":"code-line","key":"a949da3c52f348b89f3cc7f8016b7bbe","isVoid":false,"data":{},"nodes":[{"kind":"text","key":"77181abd56e94725802d442b3668ae36","ranges":[{"kind":"range","marks":[],"text":"KEYS               KEY_TYPE           KILL               LANGUAGE           "}]}]},{"kind":"block","type":"code-line","key":"720780ef4c084efc9e66858dc3874e70","isVoid":false,"data":{},"nodes":[{"kind":"text","key":"f94d521728eb4125a5e84a94bc2514b1","ranges":[{"kind":"range","marks":[],"text":"LARGE              LATERAL            LEADING            LEAVE              "}]}]},{"kind":"block","type":"code-line","key":"8012948c79d144aba598106e8c3b205b","isVoid":false,"data":{},"nodes":[{"kind":"text","key":"28d46521a0d74c6b882b1dd9a406eba3","ranges":[{"kind":"range","marks":[],"text":"LEFT               LESS               LIKE               LIMIT              "}]}]},{"kind":"block","type":"code-line","key":"4c153f758f5b4a6da916381278d32c3a","isVoid":false,"data":{},"nodes":[{"kind":"text","key":"e033fa74b9c34c9da391d5b189e2c810","ranges":[{"kind":"range","marks":[],"text":"LINES              LISTLOAD           LOADING            LOCAL              "}]}]},{"kind":"block","type":"code-line","key":"16df66f300dc48deb1b717db40fa8da2","isVoid":false,"data":{},"nodes":[{"kind":"text","key":"de9bcb61c87343c0be35051992145888","ranges":[{"kind":"range","marks":[],"text":"LOCALTIME          LOCALTIMESTAMP                        LOCK               "}]}]},{"kind":"block","type":"code-line","key":"cdcaae81c7c64b3c95827a402c372488","isVoid":false,"data":{},"nodes":[{"kind":"text","key":"b10b7a2578164311a93d5d32ac3c796a","ranges":[{"kind":"range","marks":[],"text":"LOCKS              LOGICAL            LONG               LOOP               "}]}]},{"kind":"block","type":"code-line","key":"3248c2885b2d4323a18c544627435563","isVoid":false,"data":{},"nodes":[{"kind":"text","key":"2904918b5ada4366beda1831d133fda2","ranges":[{"kind":"range","marks":[],"text":"LS                 MACRO              MAP                MAPJOIN           "}]}]},{"kind":"block","type":"code-line","key":"e7ef65ba821c4cfcbc1164f50dc2db05","isVoid":false,"data":{},"nodes":[{"kind":"text","key":"0e8e18467f1c442c87cb805b8b23c308","ranges":[{"kind":"range","marks":[],"text":"MATCH              MATCHES            MATERIALIZED       MAX                "}]}]},{"kind":"block","type":"code-line","key":"3ec1c0c495644777b9c0f36e09d3d328","isVoid":false,"data":{},"nodes":[{"kind":"text","key":"4f2b2602d7a244318636c819a513fd28","ranges":[{"kind":"range","marks":[],"text":"MEMBER             MERGE              METHOD             MIN                "}]}]},{"kind":"block","type":"code-line","key":"c9a8e291a2b94cdbbc97b1e1cee4e841","isVoid":false,"data":{},"nodes":[{"kind":"text","key":"8ddc119c0bdf4de8859a935ecf8e644f","ranges":[{"kind":"range","marks":[],"text":"MINUS              MINUTE             MKDIR              MODIFIES           "}]}]},{"kind":"block","type":"code-line","key":"986dd4f743914bae81f48d5b84b37d1a","isVoid":false,"data":{},"nodes":[{"kind":"text","key":"31e805489f324a778e3600e45410a066","ranges":[{"kind":"range","marks":[],"text":"MODULE             MONTH              MSCK               MULTISET           "}]}]},{"kind":"block","type":"code-line","key":"c7d40f90c1ed4b16b93129a525bc0e79","isVoid":false,"data":{},"nodes":[{"kind":"text","key":"dec310b6c48e43a3b43b46909077d644","ranges":[{"kind":"range","marks":[],"text":"MV                 NATIONAL           NATURAL            NCHAR              "}]}]},{"kind":"block","type":"code-line","key":"1a78582ad0ac4921a96d339245082d9c","isVoid":false,"data":{},"nodes":[{"kind":"text","key":"85493dbdf37e43e0a755ed2d96d2d226","ranges":[{"kind":"range","marks":[],"text":"NCLOB              NEW                NO                 NOPRINT                 "}]}]},{"kind":"block","type":"code-line","key":"58e7a61b847f48f79017fdc6ebab0d92","isVoid":false,"data":{},"nodes":[{"kind":"text","key":"33834df32ee74128a2e2e0676d84eece","ranges":[{"kind":"range","marks":[],"text":"NONE               NOSCAN             NOT                NO_DROP            "}]}]},{"kind":"block","type":"code-line","key":"67628b293882477787360b8b90bd51be","isVoid":false,"data":{},"nodes":[{"kind":"text","key":"82650b52544e43f6a37de4ca90de01db","ranges":[{"kind":"range","marks":[],"text":"NULL               NUMERIC            OF                 OFFLINE"}]}]},{"kind":"block","type":"code-line","key":"5da7aaf6df274f90a93ec9f189ef7466","isVoid":false,"data":{},"nodes":[{"kind":"text","key":"e9e3947324ed405188b49b8648036c32","ranges":[{"kind":"range","marks":[],"text":"OFFLINE2ONLINE     OLD                ON                 ONLINE_POST        "}]}]},{"kind":"block","type":"code-line","key":"4eb9f39ef595429da8d524eff73b76be","isVoid":false,"data":{},"nodes":[{"kind":"text","key":"5ac904a9283a46d5aa1b09a1e06245c3","ranges":[{"kind":"range","marks":[],"text":"ONLY               ONSCHEMA           OPEN               OPTIMIZE           "}]}]},{"kind":"block","type":"code-line","key":"688fa864d73443dbb5543079477b369d","isVoid":false,"data":{},"nodes":[{"kind":"text","key":"75fb41e90aec4f4b9f8a0109644e9179","ranges":[{"kind":"range","marks":[],"text":"OPTION             OR                 ORDER              OUT                "}]}]},{"kind":"block","type":"code-line","key":"3d041d8bc1c446789644de3fc34d45be","isVoid":false,"data":{},"nodes":[{"kind":"text","key":"3a64578adc2d4665acb4ad293ee560d8","ranges":[{"kind":"range","marks":[],"text":"OUTER              OUTPUT             OUTPUTDRIVER       OUTPUTFORMAT       "}]}]},{"kind":"block","type":"code-line","key":"12ad8027580543aebc954952f6d85c12","isVoid":false,"data":{},"nodes":[{"kind":"text","key":"42a5769ca0164ea18980b78fb3a86a14","ranges":[{"kind":"range","marks":[],"text":"OVER               OVERLAPS           OVERWRITE          OWNER              "}]}]},{"kind":"block","type":"code-line","key":"bf21460f992e461aa41d750932b5eda4","isVoid":false,"data":{},"nodes":[{"kind":"text","key":"68b1e3870f154ab8bbe8cc8190557f6d","ranges":[{"kind":"range","marks":[],"text":"PARALLEL           PARAMETER          PARTIALSCAN        PARTITION          "}]}]},{"kind":"block","type":"code-line","key":"3ac95080ff9542dd8f23622f719e4c92","isVoid":false,"data":{},"nodes":[{"kind":"text","key":"55d34731083e4f3ba57e1f70e5453d7b","ranges":[{"kind":"range","marks":[],"text":"PARTITIONED        PARTITIONS         PASSWORD           PERCENT            "}]}]},{"kind":"block","type":"code-line","key":"ce7d792ad81343aca8690f134ae5d8f2","isVoid":false,"data":{},"nodes":[{"kind":"text","key":"cd2962610da54e458102fd817b081658","ranges":[{"kind":"range","marks":[],"text":"PIG                PIGDUMP            PIGSTORAGE         PLUS               "}]}]},{"kind":"block","type":"code-line","key":"80caeac5eedd4c46b5f448c4b579ec5e","isVoid":false,"data":{},"nodes":[{"kind":"text","key":"e3eebc089b6a44b9b8b62d2a9ed9f20e","ranges":[{"kind":"range","marks":[],"text":"PRECEDING          PRECISION          PREPARE            PRESERVE           "}]}]},{"kind":"block","type":"code-line","key":"70b13cc105bd48a1bd5101896219a9fe","isVoid":false,"data":{},"nodes":[{"kind":"text","key":"e4483541076d4ac18c2af88d9e2bd9f7","ranges":[{"kind":"range","marks":[],"text":"PRETTY             PRIMARY            PRIMARY_ID         PRINCIPALS         "}]}]},{"kind":"block","type":"code-line","key":"1e9ab5a25dae4a81a29e6af02f8da675","isVoid":false,"data":{},"nodes":[{"kind":"text","key":"f3d9a214f7e2414e8cee5b035c9a248c","ranges":[{"kind":"range","marks":[],"text":"PROCEDURE          PROTECTION         PROXY              PURGE              "}]}]},{"kind":"block","type":"code-line","key":"8a0a635341694239b2f0f1d493c7d8b3","isVoid":false,"data":{},"nodes":[{"kind":"text","key":"2d819784fd99408fb884311bef596f12","ranges":[{"kind":"range","marks":[],"text":"PWD                QUERY              QUIT               QUOTE              "}]}]},{"kind":"block","type":"code-line","key":"65abe95b39bc41ee8bc42fa759e64a95","isVoid":false,"data":{},"nodes":[{"kind":"text","key":"44917437de854eb59e5b4c5144620c3e","ranges":[{"kind":"range","marks":[],"text":"RANGE              RANGE_PARTITION    READ               READONLY           "}]}]},{"kind":"block","type":"code-line","key":"a9d87e7eb17d40febdea59ede39b51f5","isVoid":false,"data":{},"nodes":[{"kind":"text","key":"dac533830dd54a2082133d838735c5e6","ranges":[{"kind":"range","marks":[],"text":"READS              REAL               REBUILD            RECOMPILE            "}]}]},{"kind":"block","type":"code-line","key":"1a54012a356043c5b6faf5885306afda","isVoid":false,"data":{},"nodes":[{"kind":"text","key":"a8581eb8db0b40b686754ea02bdef14d","ranges":[{"kind":"range","marks":[],"text":"RECORDREADER       RECORDWRITER       RECURSIVE          REDUCE             "}]}]},{"kind":"block","type":"code-line","key":"03f1049e4f1546829de96d72a0e0ec09","isVoid":false,"data":{},"nodes":[{"kind":"text","key":"ee1ed427b1914f38a07d3d8a26598eae","ranges":[{"kind":"range","marks":[],"text":"REF                REFERENCES         REFERENCING        REFRESH            "}]}]},{"kind":"block","type":"code-line","key":"9bb17e58c36742b7841363b8f35cedef","isVoid":false,"data":{},"nodes":[{"kind":"text","key":"8a08e0c150994848b8fa264900b6fa78","ranges":[{"kind":"range","marks":[],"text":"REGEXP             REGISTER           RELEASE            RENAME             "}]}]},{"kind":"block","type":"code-line","key":"89ad32f805354f4584ccae30a2788fdb","isVoid":false,"data":{},"nodes":[{"kind":"text","key":"2e9e498b354741a997e22c8b7fc58749","ranges":[{"kind":"range","marks":[],"text":"REPAIR             REPEAT             REPLACE            RESIGNAL           "}]}]},{"kind":"block","type":"code-line","key":"2338365a839249bab93431906e243d7d","isVoid":false,"data":{},"nodes":[{"kind":"text","key":"6b293d8e05544047a403cd3e7f95eb1c","ranges":[{"kind":"range","marks":[],"text":"RESTRICT           RESULT             RESUME             RETURN             "}]}]},{"kind":"block","type":"code-line","key":"a01e65b26f3a4c308a6b4213c92f08d6","isVoid":false,"data":{},"nodes":[{"kind":"text","key":"07987ff545f14a99a8b5fd257c90f1c5","ranges":[{"kind":"range","marks":[],"text":"RETURNS            REVERSE_EDGE       REVOKE             REWRITE            "}]}]},{"kind":"block","type":"code-line","key":"c060ee67feb1475193ac02d49ad20645","isVoid":false,"data":{},"nodes":[{"kind":"text","key":"39e3976103af4888a5cca11a2f601e6c","ranges":[{"kind":"range","marks":[],"text":"RIGHT              RLIKE              RM                 RMF                "}]}]},{"kind":"block","type":"code-line","key":"a8aec2fff75a4dbbaefed4617f5c8e38","isVoid":false,"data":{},"nodes":[{"kind":"text","key":"da0ec5b4437c4e9da46af693eb1845ea","ranges":[{"kind":"range","marks":[],"text":"ROLE               ROLES              ROLLBACK           ROLLUP             "}]}]},{"kind":"block","type":"code-line","key":"9d8a6e8613b14f91980b3be49665abee","isVoid":false,"data":{},"nodes":[{"kind":"text","key":"0686cbfac0784d0d8b60cbbd6499d202","ranges":[{"kind":"range","marks":[],"text":"ROW                ROWS               RUN                S3                 "}]}]},{"kind":"block","type":"code-line","key":"075cb40f60ed44d7bfbe2ba936522917","isVoid":false,"data":{},"nodes":[{"kind":"text","key":"ff6c1625fdff4707a7b2ce2b559acd87","ranges":[{"kind":"range","marks":[],"text":"SAMPLE             SAVEPOINT          SCHEMA             SCHEMAS            "}]}]},{"kind":"block","type":"code-line","key":"b1dd0bf64b6942178d2da424f19ab71e","isVoid":false,"data":{},"nodes":[{"kind":"text","key":"7c933c2c9c1f40969a27acb1f2cd9b30","ranges":[{"kind":"range","marks":[],"text":"SCHEMA_CHANGE      SCOPE              SCROLL             SEARCH             "}]}]},{"kind":"block","type":"code-line","key":"f4d33c8041e1433fb6158ef29a13e443","isVoid":false,"data":{},"nodes":[{"kind":"text","key":"eadea6f64d254d9d8ff41bd669a0ef4c","ranges":[{"kind":"range","marks":[],"text":"SECOND             SECONDARY_ID       SECRET             SELECT             "}]}]},{"kind":"block","type":"code-line","key":"182c6a34b37d44a08b9184ccfc491330","isVoid":false,"data":{},"nodes":[{"kind":"text","key":"f4c802be51ba4f56869297a198a39ddd","ranges":[{"kind":"range","marks":[],"text":"SEMI               SENSITIVE          SEPARATOR          SERDE              "}]}]},{"kind":"block","type":"code-line","key":"458d0b0dad7f409aa2059a9a28a47da0","isVoid":false,"data":{},"nodes":[{"kind":"text","key":"3690d5982a57400b8a7d263f71244578","ranges":[{"kind":"range","marks":[],"text":"SERDEPROPERTIES    SERVER             SESSION_USER       SET                "}]}]},{"kind":"block","type":"code-line","key":"ee943ba2af4841089a18b55c7e27ec70","isVoid":false,"data":{},"nodes":[{"kind":"text","key":"43cf21e442f941f1bd445cbca3a8c225","ranges":[{"kind":"range","marks":[],"text":"SETS               SHARED             SHIP               SHOW               "}]}]},{"kind":"block","type":"code-line","key":"99897eb6502a4527a110b190dc33c7ce","isVoid":false,"data":{},"nodes":[{"kind":"text","key":"ae86bf0cb9964222a1a825ae4b74520f","ranges":[{"kind":"range","marks":[],"text":"SHOW_DATABASE      SIGNAL             SIMILAR            SIZE               "}]}]},{"kind":"block","type":"code-line","key":"3951b38ec7b64d959711ce599712d2f5","isVoid":false,"data":{},"nodes":[{"kind":"text","key":"c9e62c05fd6e4593a1a4233bf7411fef","ranges":[{"kind":"range","marks":[],"text":"SKEWED             SMALLINT           SOME               SORT               "}]}]},{"kind":"block","type":"code-line","key":"fd3a6f47baf149e59a1b30cead29f024","isVoid":false,"data":{},"nodes":[{"kind":"text","key":"5e07f249855843459bd417ba040e0be6","ranges":[{"kind":"range","marks":[],"text":"SORTED             SPECIFIC           SPECIFICTYPE       SPLIT              "}]}]},{"kind":"block","type":"code-line","key":"c5b14a8e5eb54c5ea48aea7f32446e3d","isVoid":false,"data":{},"nodes":[{"kind":"text","key":"6ab853d22e38404e9852628f7001de3b","ranges":[{"kind":"range","marks":[],"text":"SQL                SQLEXCEPTION       SQLSTATE           SQLWARNING         "}]}]},{"kind":"block","type":"code-line","key":"e0a8cfde306c48eebb440f9b1e2d9df2","isVoid":false,"data":{},"nodes":[{"kind":"text","key":"4a8df95275324971861c77770b8af9a0","ranges":[{"kind":"range","marks":[],"text":"SSL                START              START_ID           STATIC             "}]}]},{"kind":"block","type":"code-line","key":"a7996cb9c03f440e9780f2faff2e5fe6","isVoid":false,"data":{},"nodes":[{"kind":"text","key":"da322f261cb8411eb3b6286807b50afe","ranges":[{"kind":"range","marks":[],"text":"STATISTICS         STATUS             STATS              STDERR             "}]}]},{"kind":"block","type":"code-line","key":"0dfb0a709870453ea8ec5670a2815338","isVoid":false,"data":{},"nodes":[{"kind":"text","key":"31b4fa7322d745b7a6587fec74412e05","ranges":[{"kind":"range","marks":[],"text":"STDIN              STDOUT             STORE              STORED             "}]}]},{"kind":"block","type":"code-line","key":"b16d32dc0ffe4bb6b72ddfb353e48bf2","isVoid":false,"data":{},"nodes":[{"kind":"text","key":"67dc9aa110674b7695995bf90572ff8c","ranges":[{"kind":"range","marks":[],"text":"STREAM             STREAMTABLE        STRING             STRING_LIST        "}]}]},{"kind":"block","type":"code-line","key":"9565eeb809dd485096afbefdea11a1bf","isVoid":false,"data":{},"nodes":[{"kind":"text","key":"40e61d0f4d7f43f3b1c91ac7545fb5b6","ranges":[{"kind":"range","marks":[],"text":"STRING_SET         STRUCT             SUBMULTISET        SUM                "}]}]},{"kind":"block","type":"code-line","key":"e7402099fcb7436a96884f16e5395479","isVoid":false,"data":{},"nodes":[{"kind":"text","key":"1fdf1c00398f4e708bc6869b3a34404e","ranges":[{"kind":"range","marks":[],"text":"SYMMETRIC          SYSTEM             SYSTEM_USER        SYS.FILE_NAME"}]}]},{"kind":"block","type":"code-line","key":"dd32fcce37e9457896ee68f9844d85bc","isVoid":false,"data":{},"nodes":[{"kind":"text","key":"1fc1ef22fa3e4a35ab80c72caa8a04fe","ranges":[{"kind":"range","marks":[],"text":"SYS.INTERNAL_ID    TABLE              TABLES             TABLESAMPLE        "}]}]},{"kind":"block","type":"code-line","key":"9aa9c604d970429b91aca4aa9ad0b36b","isVoid":false,"data":{},"nodes":[{"kind":"text","key":"7edca67a761b47c3956ba80a36d76ec5","ranges":[{"kind":"range","marks":[],"text":"TBLPROPERTIES      TEMPORARY          TEMP_TABLE         TERMINATED         "}]}]},{"kind":"block","type":"code-line","key":"06f587d988f842a885284801b4a8556e","isVoid":false,"data":{},"nodes":[{"kind":"text","key":"68f0095966f94a0aa8753bc7b52c52f5","ranges":[{"kind":"range","marks":[],"text":"TEXTLOADER         THEN               THROUGH            TIME               "}]}]},{"kind":"block","type":"code-line","key":"018dc449460a4396b043452348d1ebfe","isVoid":false,"data":{},"nodes":[{"kind":"text","key":"ed397a331958426c8cbca65b357be869","ranges":[{"kind":"range","marks":[],"text":"TIMESTAMP          TIMEZONE_HOUR      TIMEZONE_MINUTE    TINYINT            "}]}]},{"kind":"block","type":"code-line","key":"41b2c08e59214816ac1f48a89ede4a1a","isVoid":false,"data":{},"nodes":[{"kind":"text","key":"60f9a1b4aaa1400e9c65b9afac76382f","ranges":[{"kind":"range","marks":[],"text":"TO                 TOKEN              TOKENIZE           TOKEN_LEN          "}]}]},{"kind":"block","type":"code-line","key":"8f1669c53b4d481c9fb8103971b24a84","isVoid":false,"data":{},"nodes":[{"kind":"text","key":"02762eac59d34ef7ace7d957f44190ae","ranges":[{"kind":"range","marks":[],"text":"TOUCH              TO_FLOAT           TO_INT             TRAILING           "}]}]},{"kind":"block","type":"code-line","key":"3140cdd151dd4e7db6d1a3b5d3ae9cfb","isVoid":false,"data":{},"nodes":[{"kind":"text","key":"caf5fe0967a946d3917d9ca90ab72b19","ranges":[{"kind":"range","marks":[],"text":"TRANSACTION        TRANSACTIONS       TRANSFORM          TRANSLATION        "}]}]},{"kind":"block","type":"code-line","key":"86fe23733d6a4637a65c21370ade853e","isVoid":false,"data":{},"nodes":[{"kind":"text","key":"63184595811f430fb26af0f8d37c78ae","ranges":[{"kind":"range","marks":[],"text":"TREAT              TRIGGER            TRUE               TRUNCATE           "}]}]},{"kind":"block","type":"code-line","key":"97368d3b8b6042ecb2bcdaa782ab771f","isVoid":false,"data":{},"nodes":[{"kind":"text","key":"8b316cc6fc7c4000984e5235beddccae","ranges":[{"kind":"range","marks":[],"text":"TUPLE              TYPE               TYPEDEF            UDF_PARTITION      "}]}]},{"kind":"block","type":"code-line","key":"c0cd027088ad450483d468fd59683d18","isVoid":false,"data":{},"nodes":[{"kind":"text","key":"8a7a851a37b74dffa7d379af63ae00b6","ranges":[{"kind":"range","marks":[],"text":"UINT               UINT16             UINT32             UINT32_T           "}]}]},{"kind":"block","type":"code-line","key":"7b555b342c4e49b9bac094c50569cd87","isVoid":false,"data":{},"nodes":[{"kind":"text","key":"3f8a01bb3b3f4fc2a6b4e1bd39352d91","ranges":[{"kind":"range","marks":[],"text":"UINT64_T           UINT8              UINT8_T            UINT_SET           "}]}]},{"kind":"block","type":"code-line","key":"969525ae2ced4d6f89377b980f5e7dcc","isVoid":false,"data":{},"nodes":[{"kind":"text","key":"1751731ff548444b99ae941d90ed4859","ranges":[{"kind":"range","marks":[],"text":"UNARCHIVE          UNBOUNDED          UNDIRECTED         UNDO               "}]}]},{"kind":"block","type":"code-line","key":"41b17b89b4f84743ad723e28ef8d92b4","isVoid":false,"data":{},"nodes":[{"kind":"text","key":"68de8e0a50a14dcabb8ad95882819ab4","ranges":[{"kind":"range","marks":[],"text":"UNION              UNIONTYPE          UNIQUE             UNIQUEJOIN         "}]}]},{"kind":"block","type":"code-line","key":"70cc75ca4de44a0ca462c3ac661ed344","isVoid":false,"data":{},"nodes":[{"kind":"text","key":"192456fac92e4216826dec95d03c50af","ranges":[{"kind":"range","marks":[],"text":"UNKNOWN            UNLOCK             UNNEST             UNSET              "}]}]},{"kind":"block","type":"code-line","key":"fa90c278cf524dd9a0e85dfbe615b1d9","isVoid":false,"data":{},"nodes":[{"kind":"text","key":"7ef8d63eec5b40a385551922be894a30","ranges":[{"kind":"range","marks":[],"text":"UNSIGNED           UNTIL              UPDATE             UPSERT             "}]}]},{"kind":"block","type":"code-line","key":"86972f9619b64eb59b2d23a592527cc2","isVoid":false,"data":{},"nodes":[{"kind":"text","key":"002dbe1706d0485ca7debb4a88f40561","ranges":[{"kind":"range","marks":[],"text":"URI                USE                USER               USING              "}]}]},{"kind":"block","type":"code-line","key":"2f084a9ee3024593b9330df1365aa910","isVoid":false,"data":{},"nodes":[{"kind":"text","key":"370b9c89e2b4488cad892093638fbb41","ranges":[{"kind":"range","marks":[],"text":"UTC                UTCTIMESTAMP       VAL                VALUE              "}]}]},{"kind":"block","type":"code-line","key":"fb84504f256347ecb8541a4752feb92f","isVoid":false,"data":{},"nodes":[{"kind":"text","key":"0be02a981e774fc0a9c2adb164112358","ranges":[{"kind":"range","marks":[],"text":"VALUES             VALUE_TYPE         VARCHAR            VARYING            "}]}]},{"kind":"block","type":"code-line","key":"5a3afe3a0c114907873284348e507846","isVoid":false,"data":{},"nodes":[{"kind":"text","key":"965026fd75be479fb2e4057d3f05744c","ranges":[{"kind":"range","marks":[],"text":"VECTOR             VERSION            VERTEX             VIEW               "}]}]},{"kind":"block","type":"code-line","key":"c77f2320d89644948a5d194048157483","isVoid":false,"data":{},"nodes":[{"kind":"text","key":"c31b4e0e9ea34af0b0afaacd8d4de6ef","ranges":[{"kind":"range","marks":[],"text":"VOID               WHEN               WHENEVER           WHERE              "}]}]},{"kind":"block","type":"code-line","key":"2e90c4de9ed84379a70a7062504e60de","isVoid":false,"data":{},"nodes":[{"kind":"text","key":"6e76f759c8824b31b5a5430b36d8715e","ranges":[{"kind":"range","marks":[],"text":"WHILE              WINDOW             WITH               WITHIN             "}]}]},{"kind":"block","type":"code-line","key":"5cef2885588f490891c0edeb4fe1bac2","isVoid":false,"data":{},"nodes":[{"kind":"text","key":"4946394e8a9343119ea782fa1c5ea6b1","ranges":[{"kind":"range","marks":[],"text":"WITHOUT            YEAR               CURRENT_DEFAULT_TRANSFORM_GROUP       "}]}]},{"kind":"block","type":"code-line","key":"16de9c7d0ea0415196b845c04f344f69","isVoid":false,"data":{},"nodes":[{"kind":"text","key":"c00d0b6085054971b532c6815e8b5b1f","ranges":[{"kind":"range","marks":[],"text":"CURRENT_TRANSFORM_GROUP_FOR_TYPE      INT32_INT32_KV_LIST                   "}]}]},{"kind":"block","type":"code-line","key":"6437d50ae18e4780a965326551ad5e07","isVoid":false,"data":{},"nodes":[{"kind":"text","key":"d36ca6755e4d4f08b6c22665d97519c8","ranges":[{"kind":"range","marks":[],"text":"UINT32_UDT_KV_LIST                    UINT32_UINT32_KV_LIST    "}]}]}]}]}]}}