{"format_version":1,"document":{"kind":"document","key":"4","data":{"schema_version":6},"nodes":[{"kind":"block","type":"heading-1","key":"d4798e210c694585a1589c989c599a27","isVoid":false,"data":{"id":"TigerGraphAdminPortalUIGuide-ConfigurationPageconfiguration"},"nodes":[{"kind":"text","key":"8c07146837d7424ebcd02734725ef2b0","ranges":[{"kind":"range","marks":[],"text":"License Page"}]}]},{"kind":"block","type":"paragraph","key":"54aac5ce6b4d40b3bbee5250e833db88","isVoid":false,"data":{},"nodes":[{"kind":"text","key":"1b38ddf01c8d4746877efb0fea26a4f0","ranges":[{"kind":"range","marks":[],"text":"You can go to License page to update TigerGraph license key. If no TigerGraph license key is provided during TigerGraph installation time, the license page will look like this:"}]}]},{"kind":"block","type":"image","key":"10d1abd82f93466da3168a2a838e05d7","isVoid":true,"data":{"assetID":"-LvUB4QKLs46z5cfbA0y"},"nodes":[{"kind":"text","key":"ab4cf154b06344d1a3d37d04e5e0a134","ranges":[{"kind":"range","marks":[],"text":""}]}]},{"kind":"block","type":"paragraph","key":"76766ac58c3f49ff95d1767650493dc5","isVoid":false,"data":{},"nodes":[{"kind":"text","key":"6f6df78465974e6a9bb5d25760470235","ranges":[{"kind":"range","marks":[],"text":"Click the SELECT FILE button and choose the license text file, then click UPDATE button. The license detail will be loaded like below:"}]}]},{"kind":"block","type":"image","key":"be6d4fb5c8534ecb986a776a35b0a8f8","isVoid":true,"data":{"assetID":"-LvUBT6xPFMxHd6U4Wss"},"nodes":[{"kind":"text","key":"760371c68a174ce489719056b538e6ab","ranges":[{"kind":"range","marks":[],"text":""}]}]},{"kind":"block","type":"paragraph","key":"5dd7d46db0704cdd824eef1c5e80b502","isVoid":false,"data":{},"nodes":[{"kind":"text","key":"81dc4966f17a49d6b2a67c9fd7c01e55","ranges":[{"kind":"range","marks":[],"text":"Please note that the GraphStudio item under Applications section needs to be lightened like above. If it looks like "}]},{"kind":"inline","type":"inline-image","key":"77d86010db3748598795465e0080485d","isVoid":true,"data":{"assetID":"-LvUBYCiHlJmRxTpXhJ5","size":"original"},"nodes":[{"kind":"text","key":"c1a307d7161a41cfba66fd75727e809d","ranges":[{"kind":"range","marks":[],"text":""}]}]},{"kind":"text","key":"875818bc0811462581e7df6ad96c8d10","ranges":[{"kind":"range","marks":[],"text":", it means GraphStudio is not enabled in the provided license, and you won't be able to use GraphStudio in this case. You can upgrade your license to enable GraphStudio access, contact sales@tigergraph.com for more information."}]}]},{"kind":"block","type":"paragraph","key":"46adc192df5940d79a082fb72b533553","isVoid":false,"data":{},"nodes":[{"kind":"text","key":"d328ff68c66641a5afe50b9a60c01942","ranges":[{"kind":"range","marks":[],"text":"You can click more details to show more information about the license:"}]}]},{"kind":"block","type":"image","key":"b1cb74f76b394ed991bbe9e962598bcf","isVoid":true,"data":{"assetID":"-LvUCAsLkC49SVO5QZqz"},"nodes":[{"kind":"text","key":"55db1c0b671a4d1f9661684d8478a849","ranges":[{"kind":"range","marks":[],"text":""}]}]}]}}