{"format_version":1,"document":{"kind":"document","key":"3cfc6d06c6c643dcb53781427e311a6d","data":{"schema_version":6},"nodes":[{"kind":"block","type":"heading-1","key":"c02b03e8cbea40c4aeade51fbc614130","isVoid":false,"data":{"id":"TigerGraphGraphStudioUIGuide-MapDataToGraph"},"nodes":[{"kind":"text","key":"35261c5d941545169e21ccc1adf38b5f","ranges":[{"kind":"range","marks":[],"text":"Map Data To Graph"}]}]},{"kind":"block","type":"paragraph","key":"15a32a02c1154aa58b7bcd93813f0428","isVoid":false,"data":{},"nodes":[{"kind":"text","key":"cd9082aef06c44c59b3112fcadc33c8a","ranges":[{"kind":"range","marks":[],"text":"After you have created a graph schema, the next major step is to map your data to the schema. Click \"Map Data To Graph\" on the left side menu bar. The working panel is split into a left panel and a right panel. Initially when there is no data mapping yet, the left panel will display only the graph schema."}]}]},{"kind":"block","type":"image","key":"cdf7891636e345f59b503564953bd908","isVoid":true,"data":{"assetID":"-Lz9lfUHn3hqtwqzz_AC"},"nodes":[{"kind":"text","key":"1866d3c4464c4eb9a524506ad63fa1e8","ranges":[{"kind":"range","marks":[],"text":""}]}]},{"kind":"block","type":"paragraph","key":"f6c9909982674eaf85addcfdeeeab641","isVoid":false,"data":{},"nodes":[{"kind":"text","key":"6a240d44ebbe4106979d05ba14504582","ranges":[{"kind":"range","marks":[],"text":"The main steps are"}]}]},{"kind":"block","type":"list-ordered","key":"47e7a8ffe86d4c4f853e79203986e647","isVoid":false,"data":{},"nodes":[{"kind":"block","type":"list-item","key":"99b14e54f39840678250a8921b02cf0a","isVoid":false,"data":{},"nodes":[{"kind":"block","type":"paragraph","key":"aad257c919014e208c78c35ca5ba8449","isVoid":false,"data":{},"nodes":[{"kind":"text","key":"ad613800527a41aea047f6ec0aa179b6","ranges":[{"kind":"range","marks":[],"text":"Select a data source."}]}]}]},{"kind":"block","type":"list-item","key":"7d8c1c99813e4d8dac9b92d842db5a49","isVoid":false,"data":{},"nodes":[{"kind":"block","type":"paragraph","key":"54f87908e3664fa09b918acf6f72b177","isVoid":false,"data":{},"nodes":[{"kind":"text","key":"c3db29934b64423aba7021a180a984cc","ranges":[{"kind":"range","marks":[],"text":"Add data file(s)"}]}]}]},{"kind":"block","type":"list-item","key":"3e556afa54a2418f904136ebbbd08c66","isVoid":false,"data":{},"nodes":[{"kind":"block","type":"paragraph","key":"aa55e83f3eb4449f939e5f60335c7851","isVoid":false,"data":{},"nodes":[{"kind":"text","key":"9b175841726b42e082a664e68880ed0a","ranges":[{"kind":"range","marks":[],"text":"Map data file(s) to vertex/edge types"}]}]}]},{"kind":"block","type":"list-item","key":"a7980ee163184835b8d8a629c0b83f49","isVoid":false,"data":{},"nodes":[{"kind":"block","type":"paragraph","key":"a08d4303a792487389309d23e435e73d","isVoid":false,"data":{},"nodes":[{"kind":"text","key":"cff67d993a1c4136ad58c19406339c2d","ranges":[{"kind":"range","marks":[],"text":"Map data file columns to vertex/edge fields"}]}]}]},{"kind":"block","type":"list-item","key":"dbda447076e94a4cb51844cbf0417803","isVoid":false,"data":{},"nodes":[{"kind":"block","type":"paragraph","key":"f856ec4cb5c74b168185f74d61f15b35","isVoid":false,"data":{},"nodes":[{"kind":"text","key":"c0e9c88ca9874d6b974d68b984576b81","ranges":[{"kind":"range","marks":[],"text":"Publish data mapping"}]}]}]}]},{"kind":"block","type":"heading-1","key":"5707d4595c97413995b1a32f2c484a89","isVoid":false,"data":{},"nodes":[{"kind":"text","key":"083672d6ab7e4c34b88d8b55899edf8f","ranges":[{"kind":"range","marks":[],"text":"1 Select a Data Source"}]}]},{"kind":"block","type":"paragraph","key":"8879c7a479a244d18510208f6a3927e5","isVoid":false,"data":{},"nodes":[{"kind":"text","key":"f748c5670f7640c2b87cacf82a9ff679","ranges":[{"kind":"range","marks":[],"text":"Beginning with v2.4, GraphStudio supports loading data from either local files on the TigerGraph server or files stored on Amazon S3. In future releases, GraphStudio will support loading from other data sources."}]}]},{"kind":"block","type":"paragraph","key":"b485fb4201004ad99830087fa06e90b9","isVoid":false,"data":{},"nodes":[{"kind":"text","key":"3589516a260a47de96c273c025fafbcb","ranges":[{"kind":"range","marks":[],"text":"Click the data file type selector button on the banner of Add Data File window, and choose either File or S3 from the list:"}]}]},{"kind":"block","type":"image","key":"8ae12233250047eeb6fa50a57af6a231","isVoid":true,"data":{"assetID":"-LznN8M9awiCbXG9QPjR","align":"left"},"nodes":[{"kind":"text","key":"0fd6b73249e349b5b8916e2e0dbd5477","ranges":[{"kind":"range","marks":[],"text":""}]}]},{"kind":"block","type":"list-unordered","key":"042215d6a2cd44ae9f8e69b4160a3b14","isVoid":false,"data":{},"nodes":[{"kind":"block","type":"list-item","key":"a2c1a2677edd4c22bd53008eabcbc17e","isVoid":false,"data":{},"nodes":[{"kind":"block","type":"paragraph","key":"141751c6309f4f2a94c9fe6d35f8ddb2","isVoid":false,"data":{},"nodes":[{"kind":"text","key":"a23ac94e305d4219a4a5d99d5f4b3e59","ranges":[{"kind":"range","marks":[],"text":"If you select "},{"kind":"range","marks":[{"kind":"mark","data":{},"type":"bold"}],"text":"File"},{"kind":"range","marks":[],"text":", no more configuration is needed. Skip the sections for external sources and go to  "}]},{"kind":"inline","type":"link","key":"5cfb786f2da5462fb47d038e11e037dd","isVoid":false,"data":{"pageID":"-LMEa4gKVJ3ewbxiUkwv","anchor":"TigerGraphGraphStudioUIGuide-map_source_to_typeMapDataSourceToVertexTypeOrEdgeType"},"nodes":[{"kind":"text","key":"9482321c816e40d0b7de8e58385c81a2","ranges":[{"kind":"range","marks":[],"text":"Map Data To Graph"}]}]},{"kind":"text","key":"ff42fe06e93c46b0aa8eb7b510ea277c","ranges":[{"kind":"range","marks":[],"text":"."}]}]}]},{"kind":"block","type":"list-item","key":"3d4c67375f8e44a1a6c5e1b6f8dab655","isVoid":false,"data":{},"nodes":[{"kind":"block","type":"paragraph","key":"af2fee4943aa47018e3ceca7c268cb12","isVoid":false,"data":{},"nodes":[{"kind":"text","key":"724663d2d9bc4bfc9f06d5627af8d9dd","ranges":[{"kind":"range","marks":[],"text":"If you select "},{"kind":"range","marks":[{"kind":"mark","data":{},"type":"bold"}],"text":"S3"},{"kind":"range","marks":[],"text":", then read the section "}]},{"kind":"inline","type":"link","key":"f9ccc67ef92a4507a48513ee0fa92c9b","isVoid":false,"data":{"pageID":"-LMEa4gKVJ3ewbxiUkwv","anchor":"create-s3-data-source"},"nodes":[{"kind":"text","key":"2a9e1bb53da14f76a1567accabe8bf7d","ranges":[{"kind":"range","marks":[],"text":"Create S3 Data Source"}]}]},{"kind":"text","key":"3bbbcbc9c8eb49f19c2170a1cf246ac1","ranges":[{"kind":"range","marks":[],"text":"."}]}]}]}]},{"kind":"block","type":"heading-1","key":"07e03bf3a52546649928cdbb9e9d25bd","isVoid":false,"data":{},"nodes":[{"kind":"text","key":"e9b2594c64b44bdf8099a4896b16c89a","ranges":[{"kind":"range","marks":[],"text":"2 Add Data Files"}]}]},{"kind":"block","type":"paragraph","key":"ba5d6063040d4493b53b9eb1da39fd3b","isVoid":false,"data":{},"nodes":[{"kind":"text","key":"f38ee23e9fb646119dd41595cf49dcd2","ranges":[{"kind":"range","marks":[],"text":"This section contains a subsection for each of the different data sources. Read the section which pertains to your data source:"}]}]},{"kind":"block","type":"list-unordered","key":"9932d3ed51d34b2e93bf5da42ac10721","isVoid":false,"data":{},"nodes":[{"kind":"block","type":"list-item","key":"d8dc217c065a45938a19d0cb1566b68d","isVoid":false,"data":{},"nodes":[{"kind":"block","type":"paragraph","key":"f8027c427d60429eb56110e0a6c91f6d","isVoid":false,"data":{},"nodes":[{"kind":"text","key":"85620ea727b646bda1a4f657300d2039","ranges":[{"kind":"range","marks":[],"text":"Local File System - "}]},{"kind":"inline","type":"link","key":"b55934ba214f4332b1dc4d3d0cda5313","isVoid":false,"data":{"pageID":"-LMEa4gKVJ3ewbxiUkwv","anchor":"add-local-data-file"},"nodes":[{"kind":"text","key":"ea85524aa7cb49afa3113ad537f1cbbd","ranges":[{"kind":"range","marks":[],"text":"Add Local Data File"}]}]},{"kind":"text","key":"8fc48746982f4fe386b26b8665b0fcfe","ranges":[{"kind":"range","marks":[],"text":""}]}]}]},{"kind":"block","type":"list-item","key":"d4847bfbbf3e406f85acc87757c97d74","isVoid":false,"data":{},"nodes":[{"kind":"block","type":"paragraph","key":"13eb7878fa0a4793810f9df9aa7ca77e","isVoid":false,"data":{},"nodes":[{"kind":"text","key":"1ec47df4ba7d48a69adf04d922865200","ranges":[{"kind":"range","marks":[],"text":"AWS S3 - "}]},{"kind":"inline","type":"link","key":"d91ab226de5547aaae7c50b2fde746d5","isVoid":false,"data":{"pageID":"-LMEa4gKVJ3ewbxiUkwv","anchor":"create-s3-data-source"},"nodes":[{"kind":"text","key":"2753c1ca346f466d8c4341af587ab470","ranges":[{"kind":"range","marks":[],"text":"Create S3 File Source"}]}]},{"kind":"text","key":"3d18d370d1794100a6188bf1f0ed9135","ranges":[{"kind":"range","marks":[],"text":""}]}]}]}]},{"kind":"block","type":"heading-2","key":"d13bc9d839ec4da58144d8a2db67f60d","isVoid":false,"data":{},"nodes":[{"kind":"text","key":"950aeb65efb642279f2d9518dbbf1702","ranges":[{"kind":"range","marks":[],"text":"Add Local Data File"}]}]},{"kind":"block","type":"paragraph","key":"706b59eeb2db4b2a931f4b2a1ecebacd","isVoid":false,"data":{},"nodes":[{"kind":"text","key":"9bda0169d6174242aedbeec9eaebbdaf","ranges":[{"kind":"range","marks":[],"text":"In this step, you inform GraphStudio about your data files. A data file is a file containing structured data to be loaded into the graph, creating vertex and/or edge instances. The first step for data mapping is to specify your data files. Click the Add Data File button"}]},{"kind":"inline","type":"inline-image","key":"2d288ef8b1fc495791ce14aca075d105","isVoid":true,"data":{"assetID":"-LMA247_C4rPDamhIL62","size":"original"},"nodes":[{"kind":"text","key":"a9785db92f3d419689908247c4a0f48d","ranges":[{"kind":"range","marks":[],"text":""}]}]},{"kind":"text","key":"15bac26bb6c84439a744c166325bdb8f","ranges":[{"kind":"range","marks":[],"text":"to add data files. The Add Data File window will pop up:"}]}]},{"kind":"block","type":"image","key":"efed2e567a804bb1b9933fa64d03568a","isVoid":true,"data":{"assetID":"-LznNapzdZEN2TcqLR-s"},"nodes":[{"kind":"text","key":"4cc334e991b44b84bbfd92ab0180c639","ranges":[{"kind":"range","marks":[],"text":""}]}]},{"kind":"block","type":"paragraph","key":"ae7c4f3d31f74411a1c5f5803037616e","isVoid":false,"data":{},"nodes":[{"kind":"text","key":"22aca74b91c84568869ba765ebd826e8","ranges":[{"kind":"range","marks":[],"text":"Initially, there are no data files in the server data folder."}]}]},{"kind":"block","type":"heading-3","key":"546535b93f824eb5bda2a15800d3a22a","isVoid":false,"data":{"id":"TigerGraphGraphStudioUIGuide-UploadFileToServer"},"nodes":[{"kind":"text","key":"66da6ed38d8248a5844725a77621c50f","ranges":[{"kind":"range","marks":[],"text":"Upload File To Server"}]}]},{"kind":"block","type":"paragraph","key":"34fac4c0d7a24e428a9f2c253b127928","isVoid":false,"data":{},"nodes":[{"kind":"text","key":"28c7d36b6844494aad5792862c86c7d5","ranges":[{"kind":"range","marks":[],"text":"Click the Upload File button "}]},{"kind":"inline","type":"inline-image","key":"0cd86ae337cf42808519af6faed519e4","isVoid":true,"data":{"assetID":"-LMA37QmCzHgMSncIl_A","size":"original"},"nodes":[{"kind":"text","key":"947e33fcdfe4448d975bab8c8ce3ef03","ranges":[{"kind":"range","marks":[],"text":""}]}]},{"kind":"text","key":"a78e897123ad482e900b9b3bad7fc84d","ranges":[{"kind":"range","marks":[],"text":" . A file selection window will appear. Choose the data files you want to use. The files will be uploaded to the server data folder:  "}]}]},{"kind":"block","type":"image","key":"31137b7526ee434bb6a6bdb3df661087","isVoid":true,"data":{"assetID":"-LvScSJueGL5DElYTkiR"},"nodes":[{"kind":"text","key":"7c26d6d0184a4e0eac763e0886821c43","ranges":[{"kind":"range","marks":[],"text":""}]}]},{"kind":"block","type":"paragraph","key":"241db7de8c5d4068897d9cdcbe37df08","isVoid":false,"data":{},"nodes":[{"kind":"text","key":"e6068dac8e68429e8b8667ebddfb3b66","ranges":[{"kind":"range","marks":[],"text":"If all the files are uploaded successfully, the progress window will close automatically, otherwise the window will stay opened to let the user know the errors:"}]}]},{"kind":"block","type":"image","key":"69109a032b8c44ffb2fab6846f39e8ef","isVoid":true,"data":{"assetID":"-LvSdN1K6i3W9FAj6uDY"},"nodes":[{"kind":"text","key":"865543c5e952481cbabe914d91204961","ranges":[{"kind":"range","marks":[],"text":""}]}]},{"kind":"block","type":"paragraph","key":"a8ef88c8acf948789097f2e403f408f0","isVoid":false,"data":{},"nodes":[{"kind":"text","key":"3b997afe6d19475bba0857dd1879d0ac","ranges":[{"kind":"range","marks":[],"text":"There is a 500MB size limit for each uploaded file. If you are using on-premises deployment, you can bypass this limit by directly putting the data files or their softlinks in the server data folder, located at <TigerGraph_root_dir>/data/gui/loading_data."}]}]},{"kind":"block","type":"paragraph","key":"dcfef7d154ab4d5680ff77551e03da32","isVoid":false,"data":{},"nodes":[{"kind":"text","key":"a748e635f01647f599a21e4e5083ddfe","ranges":[{"kind":"range","marks":[],"text":"Once the files are uploaded to the server, it will appear in the \"Files on server\" list on the left side of the Add Data Files window."}]}]},{"kind":"block","type":"hint","key":"db29c9db6c4e4440af42116ca0546cc0","isVoid":false,"data":{"style":"info"},"nodes":[{"kind":"block","type":"paragraph","key":"5ac686847771457096d45a41ed7dff03","isVoid":false,"data":{},"nodes":[{"kind":"text","key":"7f9443c22f864339b1748e483160194c","ranges":[{"kind":"range","marks":[{"kind":"mark","data":{},"type":"bold"}],"text":"Data Files must be .csv files"}]}]},{"kind":"block","type":"paragraph","key":"a56caa4d0c9242b780c2b5f6cf14f5c1","isVoid":false,"data":{},"nodes":[{"kind":"text","key":"0f035654308e4453bebf00c7e070180c","ranges":[{"kind":"range","marks":[],"text":"The Add Data File box will only upload files which end in \".csv\". If you manually place files in the <TigerGraph_root_dir>/data/gui/loading_data folder, please don't put any files into subfolders because they will be ignored."}]}]}]},{"kind":"block","type":"heading-3","key":"33922c48f9be488d8a5cc0de3bb4fdc6","isVoid":false,"data":{"id":"TigerGraphGraphStudioUIGuide-ConfiguretheFileParser"},"nodes":[{"kind":"text","key":"7bd251129b1d473ea4f8cffcbcece087","ranges":[{"kind":"range","marks":[],"text":"Configure the File Parser"}]}]},{"kind":"block","type":"paragraph","key":"cdf2486fc4c6493a96bd64cff044c4b2","isVoid":false,"data":{},"nodes":[{"kind":"text","key":"39a673f3c04d41eb958099839f2d2c24","ranges":[{"kind":"range","marks":[],"text":"In this step, you tell GraphStudio how to parse your data file. If your data file is in tabular format, the parser will split each line into a series of "},{"kind":"range","marks":[{"kind":"mark","data":{},"type":"italic"}],"text":"tokens"},{"kind":"range","marks":[],"text":". Click on one file from the file list to choose it. The parsing result for the first line of data is shown as a "},{"kind":"range","marks":[{"kind":"mark","data":{},"type":"bold"}],"text":"preview "},{"kind":"range","marks":[],"text":"table on the right side:  "}]}]},{"kind":"block","type":"image","key":"d4eb135563e04b4a93a3c84b949870b8","isVoid":true,"data":{"assetID":"-LznNmeNzvlqA82VZK09"},"nodes":[{"kind":"text","key":"1c15750ea98f4c38a9332a17853c4cf6","ranges":[{"kind":"range","marks":[],"text":""}]}]},{"kind":"block","type":"paragraph","key":"52d75024c85b4533bd729083e4ed42d6","isVoid":false,"data":{},"nodes":[{"kind":"text","key":"6218f806ff1b4779b626a33d62d51911","ranges":[{"kind":"range","marks":[],"text":"If the parsing is not correct, click on the down arrow in a table column to choose a different option for file format, delimiter, or end of line. The file will immediately be re-parsed when you change a setting. The enclosing character is used to mark the boundaries of a token, overriding the delimiter character. For example, if your delimiter is comma (,), but you have commas in some strings, then you can define either double quotes (\") or single quotes (') as the enclosing character to mark the endpoints of your string tokens. It is not necessary for every token to have enclosing characters; the parser will use enclosing characters when it encounters them."}]}]},{"kind":"block","type":"paragraph","key":"47f66ae9c1744c2b8a5c29767cc51924","isVoid":false,"data":{},"nodes":[{"kind":"text","key":"2ef5e55c9834406080c3eefeb17523fe","ranges":[{"kind":"range","marks":[],"text":"GraphStudio allows users to edit the header line of the parsing result, to make the data mapping more intuitive. This doesn't affect the data loading because the header line will be ignored."}]}]},{"kind":"block","type":"image","key":"7322358bfb2c453e982e0ae2fdf2915b","isVoid":true,"data":{"assetID":"-LvSjJWtsIdbdI92f8jz"},"nodes":[{"kind":"text","key":"46e11b15213d4f6ca4f438e970a0a4f3","ranges":[{"kind":"range","marks":[],"text":""}]}]},{"kind":"block","type":"paragraph","key":"e58a3118e56d46be9e67c2207afe5872","isVoid":false,"data":{},"nodes":[{"kind":"text","key":"6db092d9f724496693b4f635db422104","ranges":[{"kind":"range","marks":[],"text":"Once you are satisfied with the file parsing configuration, click the add button"}]},{"kind":"inline","type":"inline-image","key":"bec9d5e23296496f87c008598f30185c","isVoid":true,"data":{"assetID":"-LM9gaAqbCEhwkJn8k8d","size":"original"},"nodes":[{"kind":"text","key":"432db4fa4f894173b5236bd67164c9c7","ranges":[{"kind":"range","marks":[],"text":""}]}]},{"kind":"text","key":"181f423259644b67b68f6cf2b94a1783","ranges":[{"kind":"range","marks":[],"text":"to add the data file into left working panel. The data file will be shown as a file icon on the working panel:"}]}]},{"kind":"block","type":"image","key":"6c5145e7d34d48879ab904c07f7dbe08","isVoid":true,"data":{"assetID":"-LMA71qicLIMOIomBXlB","size":"line"},"nodes":[{"kind":"text","key":"19208a22468f45fbb5763fa92cc2c97f","ranges":[{"kind":"range","marks":[],"text":""}]}]},{"kind":"block","type":"paragraph","key":"7c04557403084a94bac88068764319ae","isVoid":false,"data":{},"nodes":[{"kind":"text","key":"a7003e9e3e044ff3adbe317762187dd9","ranges":[{"kind":"range","marks":[],"text":"Once you think a file is no longer needed, you can remove it from server by clicking the delete button"}]},{"kind":"inline","type":"inline-image","key":"7450b6ee40b44b0ca3e185de01406ec2","isVoid":true,"data":{"assetID":"-LMA7LT_THnYgjqra9fQ","size":"original"},"nodes":[{"kind":"text","key":"054464f1eb484e6d902861a5d30e374a","ranges":[{"kind":"range","marks":[],"text":""}]}]},{"kind":"text","key":"2c5b324e134c4c9ea908a7824885a3e7","ranges":[{"kind":"range","marks":[],"text":"to the left of each file. Please note that you also need to manually remove data mapping using this file as data file, otherwise when you load data later, a \"file not found\" error will be triggered."}]}]},{"kind":"block","type":"image","key":"f38b8ecfe71d474cba17ee33f65c6365","isVoid":true,"data":{"assetID":"-LvSe6hJWlXTeXLSDLd7","align":"left"},"nodes":[{"kind":"text","key":"208c0ccad10b407fac8761fb6c8951b7","ranges":[{"kind":"range","marks":[],"text":""}]}]},{"kind":"block","type":"paragraph","key":"8a7e162c8bf24c75abcacb1c013d3a78","isVoid":false,"data":{},"nodes":[{"kind":"text","key":"a7d14a033b7a428c9858618cb8d7af69","ranges":[{"kind":"range","marks":[],"text":"After adding all your data files, continue with "}]},{"kind":"inline","type":"link","key":"02b6c7162fe74785938172c80f8f8188","isVoid":false,"data":{"pageID":"-LMEa4gKVJ3ewbxiUkwv","anchor":"3-map-data-files-to-vertex-type-or-edge-type"},"nodes":[{"kind":"text","key":"9ec0adec53054f9d973687e450111f2f","ranges":[{"kind":"range","marks":[],"text":"Step 3 Map Data to Vertex/Edge Types"}]}]},{"kind":"text","key":"043eecf6e43c461883bd4d23acf4854f","ranges":[{"kind":"range","marks":[],"text":""}]}]},{"kind":"block","type":"heading-2","key":"22c472a35a7c45eab1de7361817a17f2","isVoid":false,"data":{},"nodes":[{"kind":"text","key":"4d9ff07bffce4663886d96c117c4eb90","ranges":[{"kind":"range","marks":[],"text":"Create S3 data source"}]}]},{"kind":"block","type":"paragraph","key":"4eaf12db1d44480cae61c90c9ff62522","isVoid":false,"data":{},"nodes":[{"kind":"text","key":"31e5be802b394b9ca035e6bc33e9b045","ranges":[{"kind":"range","marks":[],"text":"After you click the S3 data source icon, you should see the following window:"}]}]},{"kind":"block","type":"image","key":"3d18f521a78d47029449a5bc0f2158c0","isVoid":true,"data":{"assetID":"-LznO3ipL0-ADxZYsmDX"},"nodes":[{"kind":"text","key":"f8179c3849ba47ada8b15536b12a9fab","ranges":[{"kind":"range","marks":[],"text":""}]}]},{"kind":"block","type":"paragraph","key":"94b388798b5940839018ff967b3ad5ec","isVoid":false,"data":{},"nodes":[{"kind":"text","key":"c5da161cd9094250b38460cb0f440ed7","ranges":[{"kind":"range","marks":[],"text":"Initially, there are no S3 data sources in the system."}]}]},{"kind":"block","type":"paragraph","key":"f692ab656b9b49d5919fd7707842fe09","isVoid":false,"data":{},"nodes":[{"kind":"text","key":"6a3a32e11d6446d18347052662f72d8d","ranges":[{"kind":"range","marks":[],"text":"A data source is an appropriately configured connection to some remote source of data file(s). When the data file type is switched to S3, you can configure connection to your S3 buckets."}]}]},{"kind":"block","type":"paragraph","key":"78b5f00eaed14221a01197cc3ea53d48","isVoid":false,"data":{},"nodes":[{"kind":"text","key":"aff1a8995b5d4b8b8099e166db31750d","ranges":[{"kind":"range","marks":[],"text":"Click the Add new data source button "}]},{"kind":"inline","type":"inline-image","key":"229e2e831024413a91a545b3aa18afbe","isVoid":true,"data":{"assetID":"-LMA37QmCzHgMSncIl_A","size":"original"},"nodes":[{"kind":"text","key":"fc02c9dd42c244148d93505950d01529","ranges":[{"kind":"range","marks":[],"text":""}]}]},{"kind":"text","key":"7d195912a2854493871f83faab97ebd9","ranges":[{"kind":"range","marks":[],"text":", then the new S3 data source window will pop up. Give a name to the data source, and provide the access key id and secret access key to connect to S3. Then click the ADD button:"}]}]},{"kind":"block","type":"image","key":"39776d1f245d4ea38207be523ecd3ffe","isVoid":true,"data":{"assetID":"-LznOgy1scY0KiORJrMq"},"nodes":[{"kind":"text","key":"062d4d29689040b39c067a302b4d79c6","ranges":[{"kind":"range","marks":[],"text":""}]}]},{"kind":"block","type":"paragraph","key":"fee8ff952a6d4d9da1ccfeda7749e053","isVoid":false,"data":{},"nodes":[{"kind":"text","key":"1e5c36ff49fc48d3bc8b1073a66e46b7","ranges":[{"kind":"range","marks":[],"text":"The data source will be created and shown in the Data Source list:"}]}]},{"kind":"block","type":"image","key":"66d627634d7d41a3bdf12d1ed9cb4fc4","isVoid":true,"data":{"assetID":"-LznOOnweC727E5hL5Rh"},"nodes":[{"kind":"text","key":"eb1e0818dc9347fa8e37740e54a4e38f","ranges":[{"kind":"range","marks":[],"text":""}]}]},{"kind":"block","type":"paragraph","key":"fcf3906b7c224001860541bbea2f8601","isVoid":false,"data":{},"nodes":[{"kind":"text","key":"6855ebd049b444f2912e9834c8b72833","ranges":[{"kind":"range","marks":[],"text":"Click the data source to list all the buckets the credentials can access, and click the Expand icon to see all the buckets or folders within the buckets. The file hierarchy will be shown as a tree. Choose the file you want to add, and change the parsing options if necessary. (See "}]},{"kind":"inline","type":"link","key":"3b2f2a07e18d482da2f1edc168db294c","isVoid":false,"data":{"pageID":"-LMEa4gKVJ3ewbxiUkwv","anchor":"TigerGraphGraphStudioUIGuide-ConfiguretheFileParser"},"nodes":[{"kind":"text","key":"e181573db11746678508fb04bac364fd","ranges":[{"kind":"range","marks":[],"text":"Configure the file parser."}]}]},{"kind":"text","key":"d442c2caf21d472d8608b3565b302258","ranges":[{"kind":"range","marks":[],"text":")"}]}]},{"kind":"block","type":"image","key":"0bd11ad0bac14108b6940d02eb5d0b38","isVoid":true,"data":{"assetID":"-LznOW4UX1uavV4KLtkj"},"nodes":[{"kind":"text","key":"4eec7897a7a74e3d8d85a362e1c4d8ad","ranges":[{"kind":"range","marks":[],"text":""}]}]},{"kind":"block","type":"hint","key":"137ecca311844684a21538e4011f72d2","isVoid":false,"data":{"style":"info"},"nodes":[{"kind":"block","type":"paragraph","key":"8600f82eaa9648b59826a39b6228238a","isVoid":false,"data":{},"nodes":[{"kind":"text","key":"5e90a84f65914443a980c0d469b82a09","ranges":[{"kind":"range","marks":[],"text":"Data files, after decompression, must be in either csv or parquet format."}]}]}]},{"kind":"block","type":"hint","key":"2b4ba9a49a45479ea1bb808e5f46451c","isVoid":false,"data":{"style":"success"},"nodes":[{"kind":"block","type":"paragraph","key":"b6cba189e3954bd7911c55059633d153","isVoid":false,"data":{},"nodes":[{"kind":"text","key":"39fffbf9b2e147caa7e65965a094e708","ranges":[{"kind":"range","marks":[],"text":"TigerGraph supports loading from archived and compressed S3 files directly. Currently supported file extensions includes zip, tar.gz, tgz and tar. GraphStudio detects the file extension and automatically chooses the corresponding file format. If the file is encoded with one of these formats but has a non-standard file extension, you can manually specify the File format."}]}]}]},{"kind":"block","type":"paragraph","key":"b510b0377b5a4e888a5e5a9419caf175","isVoid":false,"data":{},"nodes":[{"kind":"text","key":"10079495a3bb46d5953d5e8cd49d09aa","ranges":[{"kind":"range","marks":[],"text":"After clicking the ADD button, an S3 file icon will appear on the working panel:"}]}]},{"kind":"block","type":"paragraph","key":"d8cf2d5eafe84176977c1eb2eeb263e1","isVoid":false,"data":{},"nodes":[{"kind":"text","key":"6fe97dbc0ecd421099d597f24f29d054","ranges":[{"kind":"range","marks":[],"text":""}]},{"kind":"inline","type":"inline-image","key":"11e3cdf9fffc415bb420104ce759b5ab","isVoid":true,"data":{"assetID":"-Lf1Ebby1F6ry7Fg0DNW","size":"original"},"nodes":[{"kind":"text","key":"616a6bb73ed6409ba59a38c9421585df","ranges":[{"kind":"range","marks":[],"text":""}]}]},{"kind":"text","key":"ccdfcfccd6b2448bb5c732c100507a96","ranges":[{"kind":"range","marks":[],"text":" "}]}]},{"kind":"block","type":"paragraph","key":"98b6e1f24d5c4bb2ae88d3c6a1c88c37","isVoid":false,"data":{},"nodes":[{"kind":"text","key":"ee2b735b98bf4df4ab2e2da114003e55","ranges":[{"kind":"range","marks":[],"text":"After adding all your s3 data files, continue with "}]},{"kind":"inline","type":"link","key":"fde655cdb3304fd5aa21f558ef18cdeb","isVoid":false,"data":{"pageID":"-LMEa4gKVJ3ewbxiUkwv","anchor":"3-map-data-files-to-vertex-type-or-edge-type"},"nodes":[{"kind":"text","key":"2b24b77cd14445deaa7ecb2767f74013","ranges":[{"kind":"range","marks":[],"text":"Step 3 Map Data Files to Vertex/Edge Types"}]}]},{"kind":"text","key":"7de3b98ff2c74d24b53d4d155f1f6627","ranges":[{"kind":"range","marks":[],"text":""}]}]},{"kind":"block","type":"heading-1","key":"362b4f13c9df430c84c59bb2bf5362a0","isVoid":false,"data":{},"nodes":[{"kind":"text","key":"d77efb26cee34c2a90cc694cd3566b89","ranges":[{"kind":"range","marks":[],"text":"3 Map Data Files To Vertex Type Or Edge Type"}]}]},{"kind":"block","type":"paragraph","key":"fc64e6e8b0594454803a8afa3933ef88","isVoid":false,"data":{},"nodes":[{"kind":"text","key":"79b3d5f7881e4156b48724a8932d7b79","ranges":[{"kind":"range","marks":[],"text":"In this step, you link (map) a data file to a target vertex type or edge type. The mapping can be many-to-many, which means one data file can map to multiple vertex and / or edge types, and multiple data files can map to the same vertex or edge type. Click the map data file to vertex or edge button"}]},{"kind":"inline","type":"inline-image","key":"a61e8fd09a244a2491614081e31b7534","isVoid":true,"data":{"assetID":"-LMA9OoVViJ0Rt6Dek3b","size":"original"},"nodes":[{"kind":"text","key":"53de8ac02c604f36b280aa516368b0a5","ranges":[{"kind":"range","marks":[],"text":""}]}]},{"kind":"text","key":"64ad9590cc234e749fd097409187f868","ranges":[{"kind":"range","marks":[],"text":"to enter "},{"kind":"range","marks":[{"kind":"mark","data":{},"type":"italic"}],"text":"map data file to vertex or edge "},{"kind":"range","marks":[],"text":"mode. When you finish mapping the data files, click the button again to exit this mode."}]}]},{"kind":"block","type":"paragraph","key":"2927d1726f764b73b5e64597fc360c51","isVoid":false,"data":{},"nodes":[{"kind":"text","key":"19f3c071fb9440778e8fd207807c4f55","ranges":[{"kind":"range","marks":[],"text":"Then, click the data file icon. A hint will appear over the icon:  "}]}]},{"kind":"block","type":"paragraph","key":"794d10c759324b2db6002466f534e473","isVoid":false,"data":{},"nodes":[{"kind":"text","key":"fb268b3b49724ad891f64d6e21cc74ec","ranges":[{"kind":"range","marks":[],"text":""}]},{"kind":"inline","type":"inline-image","key":"3c88634eb45b4ed0a8a3b55c8e6813ac","isVoid":true,"data":{"assetID":"-Lf1F1oCZR_Y00Uowr5w","size":"original"},"nodes":[{"kind":"text","key":"2fb4ffa4a6dc4e2e8e74ad2a039108d0","ranges":[{"kind":"range","marks":[],"text":""}]}]},{"kind":"text","key":"91b28292e14742798902db098f5e0a5b","ranges":[{"kind":"range","marks":[],"text":" "}]}]},{"kind":"block","type":"paragraph","key":"25ddaab818d9426db62907eb6c8f138e","isVoid":false,"data":{},"nodes":[{"kind":"text","key":"3afc00fa6de64cfc8e7139dedcd59517","ranges":[{"kind":"range","marks":[],"text":"Next, click the target vertex type circle or edge type link. A dashed link will appear between the data file and the target vertex or edge type:  "}]}]},{"kind":"block","type":"paragraph","key":"3ae3326eb8d84721bee198314775983e","isVoid":false,"data":{},"nodes":[{"kind":"text","key":"ceee1a05dd604f3bbcd9184bde412c32","ranges":[{"kind":"range","marks":[],"text":""}]},{"kind":"inline","type":"inline-image","key":"0ed7a2a2623a4bf0ac70eca39c12b8bc","isVoid":true,"data":{"assetID":"-Lf1WJAvRpZIoGgoGidc","size":"original"},"nodes":[{"kind":"text","key":"163d75c1f36a4d2cab4a67ebd6134228","ranges":[{"kind":"range","marks":[],"text":""}]}]},{"kind":"text","key":"b44d25abc6e1443ab572ab8e4399b32d","ranges":[{"kind":"range","marks":[],"text":" "}]}]},{"kind":"block","type":"paragraph","key":"e05e0727c51f4af185d03d8252187380","isVoid":false,"data":{},"nodes":[{"kind":"text","key":"a9b63f6cdf7f47f4aeffb0b3d0517aa6","ranges":[{"kind":"range","marks":[],"text":"A red hint will appear if the target type has not yet received a mapping for its primary id(s)."}]}]},{"kind":"block","type":"heading-1","key":"4bcf78ac5ac545108d4d298f249e589f","isVoid":false,"data":{},"nodes":[{"kind":"text","key":"4e1c51c7c52f40cbbd8d9625f4c09fe1","ranges":[{"kind":"range","marks":[],"text":"4 Map Data Columns To Vertex Or Edge Attributes"}]}]},{"kind":"block","type":"paragraph","key":"475db7753b3942aa9fd3fb262eded9bb","isVoid":false,"data":{},"nodes":[{"kind":"text","key":"8d7fdafe0d08427cb76d1df3269e9997","ranges":[{"kind":"range","marks":[],"text":"In this step, you link particular columns of a data file to particular ids or attributes of a vertex type or edge type. First, choose one data mapping from one data file to one vertex or edge type (represented as a dashed green link on the left working panel). When selected, the dashed line becomes orange (active), and the right working panel will show two tables. The left table shows the data file columns along with the first row's tokens as sample data. The right table shows the fields of the target vertex or edge. For a vertex, its fields are primary id and attributes. For an edge, its fields are source vertex, target vertex, and attributes.  "}]}]},{"kind":"block","type":"image","key":"bcec031409db498bb61cdbea47fbbc12","isVoid":true,"data":{"assetID":"-LwVE8DLFB8y8WVeOqNh"},"nodes":[{"kind":"text","key":"b436bdbe6571474b8721ef0ce6883d31","ranges":[{"kind":"range","marks":[],"text":""}]}]},{"kind":"block","type":"paragraph","key":"db93365be43648b9a9968dd057104549","isVoid":false,"data":{},"nodes":[{"kind":"text","key":"32ce264ee22a44e2a827a66d9c599dce","ranges":[{"kind":"range","marks":[],"text":"In order to a column in the data file to a vertex or edge field, first click the row representing the data column in the left side data file table:  "}]}]},{"kind":"block","type":"image","key":"39f9d0cba364429f9cebc9b2d45101ae","isVoid":true,"data":{"assetID":"-LwVEAlfc_sqEOzCrOWM"},"nodes":[{"kind":"text","key":"e3823094757449beb14b5a676961233f","ranges":[{"kind":"range","marks":[],"text":""}]}]},{"kind":"block","type":"paragraph","key":"ae79d52d6c1b47899fc927e8b89acc71","isVoid":false,"data":{},"nodes":[{"kind":"text","key":"1b7176bd65014a5e8f61b7939c7698e2","ranges":[{"kind":"range","marks":[],"text":"Then, click the row representing the target field in the right side table. A green arrow appears to show the mapping. Repeat as needed to create all the mappings for this table-to-vertex/edge pair. Since many-to-one mapping is allowed, it is not necessary for one table to provide a mapping for every field in the target vertex/edge.  "}]}]},{"kind":"block","type":"image","key":"9b6c717cdac8465591d8bb079f34afa3","isVoid":true,"data":{"assetID":"-LwVEDA7_ZhwlIhp7dUW"},"nodes":[{"kind":"text","key":"10902677509f465a8bdadfd3b14d1e7f","ranges":[{"kind":"range","marks":[],"text":""}]}]},{"kind":"block","type":"heading-2","key":"19fa3851131e4a86b9553db03be3db4d","isVoid":false,"data":{},"nodes":[{"kind":"text","key":"eedf17e9c73041918bc00a2a75b7ebd2","ranges":[{"kind":"range","marks":[],"text":"Using a Token Function"}]}]},{"kind":"block","type":"paragraph","key":"b9cbdbeccfae45f4a5367453776da1e1","isVoid":false,"data":{},"nodes":[{"kind":"text","key":"c2ea862dd82e4357a63bcdec86890593","ranges":[{"kind":"range","marks":[],"text":"GraphStudio gives you access to both a set of built-in functions and user-defined token functions to preprocess data file tokens before loading them in to the graph. For example, you can concatenate two columns in the data file and load them as an attribute. This section describes how to use these token functions."}]}]},{"kind":"block","type":"paragraph","key":"ddcc7d5b5cc5490fae19354963054442","isVoid":false,"data":{},"nodes":[{"kind":"text","key":"0d02d6e945944b0e88720078ed9dda25","ranges":[{"kind":"range","marks":[],"text":"First click the add token function button"}]},{"kind":"inline","type":"inline-image","key":"0d5e6e0e361d45f9945b39a47655c027","isVoid":true,"data":{"assetID":"-LMAAr8nU0epKK8AIYOR","size":"original"},"nodes":[{"kind":"text","key":"e27c011197f84d9c984ed433585642bc","ranges":[{"kind":"range","marks":[],"text":""}]}]},{"kind":"text","key":"f194068b0da047ecbbcbedc27fdc0072","ranges":[{"kind":"range","marks":[],"text":". The Add Token Function window will pop up. Click the down arrow to see the list of available token functions and select one. For some functions, you may also specify the number of input parameters. (Most token functions have a fixed number of input parameters; gsql_concat can accept any positive number of inputs). Click Add.  "}]}]},{"kind":"block","type":"image","key":"5d9da00c3c7b4c76b353b877a34dbcb0","isVoid":true,"data":{"assetID":"-LMABJDDEjYDscgEoIgb","size":"line"},"nodes":[{"kind":"text","key":"b073e777f96540e9bee5d44efa458450","ranges":[{"kind":"range","marks":[],"text":""}]}]},{"kind":"block","type":"paragraph","key":"6c3cd346c0d5491c877e2503f4fdc1b4","isVoid":false,"data":{},"nodes":[{"kind":"text","key":"f941eb2b60dc492c8833b33e8f943b35","ranges":[{"kind":"range","marks":[],"text":"GraphStudio currently does not support creating new user-defined functions.  If a user-defined function has been added via the GSQL interface, it will be listed here. To use a user-defined token function, you must manually specify the number of input parameters. The C++ code is shown in the Description section for your reference:"}]}]},{"kind":"block","type":"image","key":"ffea3c2f0a3b47328356234acc8a35af","isVoid":true,"data":{"assetID":"-Lm7L3U0HNUykuuVmMd8","size":"line"},"nodes":[{"kind":"text","key":"98d6a1ab04d74c99af96a0d74cc8561b","ranges":[{"kind":"range","marks":[],"text":""}]}]},{"kind":"block","type":"paragraph","key":"6af1b3a4516248eba1839f8727e9ddfb","isVoid":false,"data":{},"nodes":[{"kind":"text","key":"12570c66dd9a453e8d961a7427bcad84","ranges":[{"kind":"range","marks":[],"text":"A token function table will be added to the attribute mapping panel. You can drag the tables to re-arrange them. Token functions act as intermediate steps in the mapping. Create mappings from the data file table to the token function table, and then from the token function table to the vertex/attribute table. The final result looks like below:  "}]}]},{"kind":"block","type":"image","key":"ec142e94d0c54af48749375ab39b4af3","isVoid":true,"data":{"assetID":"-LwVEFfmsSVmyG0JlNCH"},"nodes":[{"kind":"text","key":"796d7e5d311f44b197770bd896e64b66","ranges":[{"kind":"range","marks":[],"text":""}]}]},{"kind":"block","type":"heading-2","key":"495e8ad5c5f94e3b811989c08c3b3271","isVoid":false,"data":{},"nodes":[{"kind":"text","key":"7ccbecaef97b4f2f8b5d18f94caf1f10","ranges":[{"kind":"range","marks":[],"text":"Auto Mapping"}]}]},{"kind":"block","type":"paragraph","key":"7fd01c96a3a14633bc493b661b9fa2ee","isVoid":false,"data":{},"nodes":[{"kind":"text","key":"999fc25174be49b3897fc19dca64352d","ranges":[{"kind":"range","marks":[],"text":"If the data file columns and the vertex/edge attributes have very similar names (only capitalization and hyphen differences), you can click the auto mapping button"}]},{"kind":"inline","type":"inline-image","key":"37340865eaf141d5845a8991964793bf","isVoid":true,"data":{"assetID":"-LMABanrn-rnCVWlLDO3","size":"original"},"nodes":[{"kind":"text","key":"9cf0fd283622482daef12989a0c9d295","ranges":[{"kind":"range","marks":[],"text":""}]}]},{"kind":"text","key":"3b45ee82b4994064be015511893abd61","ranges":[{"kind":"range","marks":[],"text":". All similar columns will be mapped automatically."}]}]},{"kind":"block","type":"heading-2","key":"0aa3355979dc4ed2a01e825b3c601925","isVoid":false,"data":{"id":"TigerGraphGraphStudioUIGuide-map_const_value_to_attributeMapAConstantValueToAnAttributeOrTokenFunctionInput"},"nodes":[{"kind":"text","key":"2db8ec50b7cd4eb6bfe7907a4b666feb","ranges":[{"kind":"range","marks":[],"text":"Map A Constant Value To An Attribute Or Token Function Input"}]}]},{"kind":"block","type":"paragraph","key":"2a217d703d474626b301bcfcbf17dfbf","isVoid":false,"data":{},"nodes":[{"kind":"text","key":"a65f76213e6248d49996d8a6cf277608","ranges":[{"kind":"range","marks":[],"text":"Sometimes, a user may need to load a constant value to an id or attribute. Here we show how to do this in GraphStudio."}]}]},{"kind":"block","type":"heading-3","key":"90028b8f6c3f44049f543daa4df8db9f","isVoid":false,"data":{},"nodes":[{"kind":"text","key":"96ea16f048e2438c9b909bd1147a1b7e","ranges":[{"kind":"range","marks":[],"text":"Loading A Constant to An Attribute"}]}]},{"kind":"block","type":"paragraph","key":"ce0112a77eae4c3b8d8ef96e2f880022","isVoid":false,"data":{},"nodes":[{"kind":"text","key":"8134388c395748fb82723037c259add2","ranges":[{"kind":"range","marks":[],"text":"In the right working panel, double-click on the target id or attribute (in the left column of the right table). In the example below, the attribute \"label\" has been double-clicked:  "}]}]},{"kind":"block","type":"image","key":"ecc037becf7e4f7281915033f4db531e","isVoid":true,"data":{"assetID":"-LwVFnyO7vJz9DFM9alL"},"nodes":[{"kind":"text","key":"4dbb405958d54a6491940d03bcbd432a","ranges":[{"kind":"range","marks":[],"text":""}]}]},{"kind":"block","type":"paragraph","key":"7c59f67cb28a43818f1cfe15747042ae","isVoid":false,"data":{},"nodes":[{"kind":"text","key":"784ac337eb584774abef26dd7af6c91e","ranges":[{"kind":"range","marks":[],"text":"This will cause the Load Constant window to pop up. Type in the constant value, and click the Add button to apply the mapping.  "}]}]},{"kind":"block","type":"image","key":"0014a1febcbe4226bff93f3a77dfdead","isVoid":true,"data":{"assetID":"-LMACVTg8u8_kK5fmLTx","size":"line"},"nodes":[{"kind":"text","key":"767f114cb63f485a93d2c2167b591d88","ranges":[{"kind":"range","marks":[],"text":""}]}]},{"kind":"block","type":"paragraph","key":"87e37b046501465097e0cbec6f2f0459","isVoid":false,"data":{},"nodes":[{"kind":"text","key":"d82bd965a3d943d1b3ffdc191c37d152","ranges":[{"kind":"range","marks":[],"text":"After adding the constant value, the attribute's label will change to "},{"kind":"range","marks":[{"kind":"mark","data":{},"type":"bold"}],"text":"id/attribute = \"(your valid input value)\" "},{"kind":"range","marks":[],"text":".  "}]}]},{"kind":"block","type":"image","key":"fd7c26fae04c4fc9ae7edd6ef68d2536","isVoid":true,"data":{"assetID":"-LwVFqRsYIu0HB0NidXN","align":"left"},"nodes":[{"kind":"text","key":"8c932aee9bc54a63a81c046542c5f8f6","ranges":[{"kind":"range","marks":[],"text":""}]}]},{"kind":"block","type":"paragraph","key":"32f5520ee00a4c6e86a50fdd9b510ebc","isVoid":false,"data":{},"nodes":[{"kind":"text","key":"94d12d9b357e452f90ff978a8debc07e","ranges":[{"kind":"range","marks":[],"text":"To modify or remove a constant mapping, double-click the id/attribute again. In the Load Constant window, enter the new value, or erase the value if you want to remove the mapping. Click the Add button to apply."}]}]},{"kind":"block","type":"heading-3","key":"7351366080904a8a96d6e779df88f83b","isVoid":false,"data":{},"nodes":[{"kind":"text","key":"44645d6b14de4858abf5af1eb7ddd6ed","ranges":[{"kind":"range","marks":[],"text":"Use A Constant Input for a Token Function"}]}]},{"kind":"block","type":"paragraph","key":"d4105500cbaf4bf68401c16e5f352a8e","isVoid":false,"data":{},"nodes":[{"kind":"text","key":"03d6a9a783634e2082c1574f4173316d","ranges":[{"kind":"range","marks":[],"text":"First add the token function. Then double-click on the target input (in the left column of the token function table). In the example below, \"Input 0\" has been double-clicked.  "}]}]},{"kind":"block","type":"image","key":"f7c84658d1ab4539b0d286a2ed321786","isVoid":true,"data":{"assetID":"-LMACwqxLRNdVojROeTS","size":"line"},"nodes":[{"kind":"text","key":"fcbb18bdcbf9401cb2c64603cdbd634f","ranges":[{"kind":"range","marks":[],"text":""}]}]},{"kind":"block","type":"paragraph","key":"0fc691d500274ad1a119a0ef79cbe598","isVoid":false,"data":{},"nodes":[{"kind":"text","key":"7939b7ee30a84f6fb4ffff7281aa1a29","ranges":[{"kind":"range","marks":[],"text":"This will cause the Load Constant window to pop up. Type in the constant value and click the Add button to apply the mapping. After adding the constant value, the input's label will change to "},{"kind":"range","marks":[{"kind":"mark","data":{},"type":"bold"}],"text":"Input = \"(your input value)\" "},{"kind":"range","marks":[],"text":".  "}]}]},{"kind":"block","type":"image","key":"3a4d2da24d9f4e329411953c3a2de204","isVoid":true,"data":{"assetID":"-LMADApYWS-2BYBxMdjn","size":"line"},"nodes":[{"kind":"text","key":"638f11e0bc524863af3edc78f3d86014","ranges":[{"kind":"range","marks":[],"text":""}]}]},{"kind":"block","type":"paragraph","key":"d29f8b4344d94c9cacc5f9545b8e25cf","isVoid":false,"data":{},"nodes":[{"kind":"text","key":"6af08fd31cdc4a799a0f0bd775940ced","ranges":[{"kind":"range","marks":[],"text":"The constant value can be modified or removed by double-clicking the label and editing the value in the Load Constant window."}]}]},{"kind":"block","type":"heading-2","key":"f8d78a20c4c549c0ad909563dde4acf7","isVoid":false,"data":{"id":"TigerGraphGraphStudioUIGuide-data_filterAddDataFilter"},"nodes":[{"kind":"text","key":"fe196460edcc42118091eebaa9ead072","ranges":[{"kind":"range","marks":[],"text":"Add Data Filter"}]}]},{"kind":"block","type":"paragraph","key":"72b0e386688c4441bf520dbbe1b2ee34","isVoid":false,"data":{},"nodes":[{"kind":"text","key":"1f8b4e34787e4203b8b6986e3de5b76c","ranges":[{"kind":"range","marks":[],"text":"You can add a data filter to a data mapping so that only data records which meet conditions that you specify will be loaded into the graph.  This is equivalent to the WHERE clause in a GSQL load statement."}]}]},{"kind":"block","type":"paragraph","key":"a7f228288e9045f9a657fdf63ede6fbb","isVoid":false,"data":{},"nodes":[{"kind":"text","key":"013e65da284047fe8e6cf15d303a11e2","ranges":[{"kind":"range","marks":[],"text":"You can add one data filter for each data mapping from a data file to a vertex type or edge type, and the data filter only applies to that one mapping. Consider the following data mapping:  "}]}]},{"kind":"block","type":"image","key":"76a3683a763c4290a521218cc77a2bf8","isVoid":true,"data":{"assetID":"-LwVFtVUlzHS6IzoCf7A"},"nodes":[{"kind":"text","key":"99d86893d1774acbad5c3f3a064613fa","ranges":[{"kind":"range","marks":[],"text":""}]}]},{"kind":"block","type":"paragraph","key":"511598985053483397e45ad9e2a05578","isVoid":false,"data":{},"nodes":[{"kind":"text","key":"77cc74753543481694938aac9ada7416","ranges":[{"kind":"range","marks":[],"text":"By default, there is no data filter. Click the Data Filter button"}]},{"kind":"inline","type":"inline-image","key":"9ea6cdc370894799a6efca033d23fa8b","isVoid":true,"data":{"assetID":"-LvSjiViFSDzOw8Zk3QZ","size":"original"},"nodes":[{"kind":"text","key":"3459d3532c7349e18871edd468b8f58c","ranges":[{"kind":"range","marks":[],"text":""}]}]},{"kind":"text","key":"42006d4a23814f1084e0f9b3c85e3470","ranges":[{"kind":"range","marks":[],"text":"to start creating a data filter. The Add Data Filter window will appear.  The window contains three parts:"}]}]},{"kind":"block","type":"list-ordered","key":"e5977630f1ae4d5da4921052918d33b8","isVoid":false,"data":{},"nodes":[{"kind":"block","type":"list-item","key":"afbb57f96d054779bb2203e92494f5e8","isVoid":false,"data":{},"nodes":[{"kind":"block","type":"paragraph","key":"1b22268d05914045a9064f3d9e4b25ad","isVoid":false,"data":{},"nodes":[{"kind":"text","key":"8bdc3f69891b48f3a81b6834543714c5","ranges":[{"kind":"range","marks":[],"text":"The top section shows one row of sample data from your file, as a handy reference to the file's contents."}]}]}]},{"kind":"block","type":"list-item","key":"6aa3bd352aff44d09d6974f3d9f33744","isVoid":false,"data":{},"nodes":[{"kind":"block","type":"paragraph","key":"2bf5dcc5e6b341c8b517efb6fc4c4851","isVoid":false,"data":{},"nodes":[{"kind":"text","key":"51f1c4b1ffa143c88e14ecc0e2308201","ranges":[{"kind":"range","marks":[],"text":"The middle sections shows what the data filter looks like when it is converted a to GSQL WHERE clause. For more details, see the "},{"kind":"range","marks":[{"kind":"mark","data":{},"type":"bold"}],"text":"WHERE Clause "},{"kind":"range","marks":[],"text":"section in the "}]},{"kind":"inline","type":"link","key":"2a9ecbcace4047ae9c3549a5d24ccb49","isVoid":false,"data":{"pageID":"-LMVWRzDFoeoIh2fS-j3"},"nodes":[{"kind":"text","key":"65ad3659984447638dcd97d2a5c615a4","ranges":[{"kind":"range","marks":[],"text":"GSQL Language Reference Part 1 - Defining Graphs and Loading Data"}]}]},{"kind":"text","key":"54b7acb4218e4503ad7f4b76a771312e","ranges":[{"kind":"range","marks":[],"text":""}]}]}]},{"kind":"block","type":"list-item","key":"260778e29b6c44ad960d58f6caf55cbe","isVoid":false,"data":{},"nodes":[{"kind":"block","type":"paragraph","key":"96233c80a2174cf0a03a724471c8e808","isVoid":false,"data":{},"nodes":[{"kind":"text","key":"fa90cec07f40482e86eb6f4b19b8fc5f","ranges":[{"kind":"range","marks":[],"text":"The bottom section is where you define your data filter. The data filter will be converted to a GSQL WHERE clause and shown in real time.  "}]}]}]}]},{"kind":"block","type":"image","key":"fb0be2ff96514b8485a33bb9c48fac61","isVoid":true,"data":{"assetID":"-LMAI4s5bEdQ7efcRZ_8","size":"line"},"nodes":[{"kind":"text","key":"4324ac7ed1c94107b746feb5ce1ee751","ranges":[{"kind":"range","marks":[],"text":""}]}]},{"kind":"block","type":"paragraph","key":"57f382c357bd47ef8d1cb71588a34caa","isVoid":false,"data":{},"nodes":[{"kind":"text","key":"1a51ca18fbb444fb84c5f6699b14b453","ranges":[{"kind":"range","marks":[],"text":"A data filter condition is a Boolean expression, which can be a nested set of conditions. TigerGraph data loader evaluates the condition for each line in your input file. If the condition evaluates to be true, then the line of data is loaded."}]}]},{"kind":"block","type":"paragraph","key":"e879ecd329214f029572ab2e398abd39","isVoid":false,"data":{},"nodes":[{"kind":"text","key":"7d5e49a90dbe4bd4bf147f5b733105d6","ranges":[{"kind":"range","marks":[],"text":"First, click the Build Data Filter chooser (with default value \"None\"). A menu will appear, with many Boolean expression templates. Choose one of the options. If you plan to build a nested condition, start with your top level. The first several options are for comparison expressions:  "}]}]},{"kind":"block","type":"image","key":"0c481af2338e40f1ae3336d4d861c520","isVoid":true,"data":{"assetID":"-LMAIg3cxic4ca73cY-R","size":"line"},"nodes":[{"kind":"text","key":"054493bd3bbf4a6087a39efe415fec1f","ranges":[{"kind":"range","marks":[],"text":""}]}]},{"kind":"block","type":"paragraph","key":"329286b36d2c464d8d0c6ba671bb50a6","isVoid":false,"data":{},"nodes":[{"kind":"text","key":"62b2eebe0c33427b81821f926d783f80","ranges":[{"kind":"range","marks":[],"text":"After this are several more options, using operators such as AND, OR, NOT, IN, BETWEEN...AND, IS NUMERIC, and IS EMPTY.  "}]}]},{"kind":"block","type":"image","key":"3cb3da05872f4c9f90c21956d8dcdefc","isVoid":true,"data":{"assetID":"-LMAIk2wXTPb7VxqP_mf","size":"line"},"nodes":[{"kind":"text","key":"907cf5d595d141cbaef4625c39165ef5","ranges":[{"kind":"range","marks":[],"text":""}]}]},{"kind":"block","type":"paragraph","key":"33bc4a0aee3f4825b46bc8b17ddcc3fd","isVoid":false,"data":{},"nodes":[{"kind":"text","key":"e0ff692830d748268816e285811973ed","ranges":[{"kind":"range","marks":[],"text":"Note that each of these expressions calls for 1, 2, 3, or a list of operands, and the operands themselves can be expressions. When you select an expression, additional choosers will appear below for you to specify the operand expressions.  The operand choices are context-sensitive, but typically they include"}]}]},{"kind":"block","type":"list-unordered","key":"8b448a961e894755865e0b3eeb541e9d","isVoid":false,"data":{},"nodes":[{"kind":"block","type":"list-item","key":"d3e50d05177047d4ae80d4b5ab49c321","isVoid":false,"data":{},"nodes":[{"kind":"block","type":"paragraph","key":"6f3a10c20b564d64b529e44506db68d8","isVoid":false,"data":{},"nodes":[{"kind":"text","key":"8af676c2d7d8425a91dde35c7067aa97","ranges":[{"kind":"range","marks":[],"text":"a Data Column from the input file"}]}]}]},{"kind":"block","type":"list-item","key":"9f4fd7064a9e4ef68b08c5e81570b741","isVoid":false,"data":{},"nodes":[{"kind":"block","type":"paragraph","key":"8dc309d85c1f4b1698a9a0e54282e1f4","isVoid":false,"data":{},"nodes":[{"kind":"text","key":"73e69335f37f4e39ada2695dbb855696","ranges":[{"kind":"range","marks":[],"text":"A constant value"}]}]}]},{"kind":"block","type":"list-item","key":"5f7afa8a724b42508124363018797dfc","isVoid":false,"data":{},"nodes":[{"kind":"block","type":"paragraph","key":"9d5973fde2db42e9a166a2d53c615851","isVoid":false,"data":{},"nodes":[{"kind":"text","key":"78bfbb91a788457c90b6aed2af28754b","ranges":[{"kind":"range","marks":[],"text":"If the operator is AND, OR, or NOT, then the operand can be another condition. Thus is how conditions can be nested."}]}]}]}]},{"kind":"block","type":"paragraph","key":"572b0fdf290a48f6951f14f5584a488c","isVoid":false,"data":{},"nodes":[{"kind":"text","key":"9a695d1bfde8431faa9d8bb3f16869a9","ranges":[{"kind":"range","marks":[],"text":"Suppose you are loading friendship edges where the input data fields are (person1, person2, friendship_start_date).  You want to load only the records where person1 is Tom and the friendship began on or before 2017-06-10. The data filter looks like the following:   "}]}]},{"kind":"block","type":"image","key":"9d3196af5cd840e88a4ef7a41cc9b83c","isVoid":true,"data":{"assetID":"-LMAKEV8TOUeSFq4yDOd","size":"line","align":"left"},"nodes":[{"kind":"text","key":"0282d656c0bb4b738f213dfdc468a42f","ranges":[{"kind":"range","marks":[],"text":""}]}]},{"kind":"block","type":"paragraph","key":"96f37462f9e840d8b807817504901d22","isVoid":false,"data":{},"nodes":[{"kind":"text","key":"0450e144baa845b08f819b04b2f7b6df","ranges":[{"kind":"range","marks":[],"text":"After adding the data filter, the right working panel will look like this:  "}]}]},{"kind":"block","type":"image","key":"cef6804d413944c6af9168764985d83d","isVoid":true,"data":{"assetID":"-LwVFwE6rZZGB_WrVskF"},"nodes":[{"kind":"text","key":"a80149e758bb4ced931afa3676954d76","ranges":[{"kind":"range","marks":[],"text":""}]}]},{"kind":"block","type":"paragraph","key":"5515dec096034feb9d80efd998698446","isVoid":false,"data":{},"nodes":[{"kind":"text","key":"2d54c328b47248a7bc44d1788fc30b60","ranges":[{"kind":"range","marks":[],"text":"Hovering the mouse over the data filter indicator"}]},{"kind":"inline","type":"inline-image","key":"35c45d17b236413bb2f94149f19768af","isVoid":true,"data":{"assetID":"-LMAKXeheUtxTqv0705g","size":"original"},"nodes":[{"kind":"text","key":"de2cde20caac408ebf26171f25e9a451","ranges":[{"kind":"range","marks":[],"text":""}]}]},{"kind":"text","key":"f406cc2e354c4725af55c25febc36b5e","ranges":[{"kind":"range","marks":[],"text":"will make the data filter condition appear. If you want to modify the data filter, click the Data Filter button"}]},{"kind":"inline","type":"inline-image","key":"8c3cef27cde34c4c977acfc5657c0ef5","isVoid":true,"data":{"assetID":"-LvSjiViFSDzOw8Zk3QZ","size":"original"},"nodes":[{"kind":"text","key":"fa4aac2bccbc466c9b609eb4e103040c","ranges":[{"kind":"range","marks":[],"text":""}]}]},{"kind":"text","key":"2f3470a5a62e47e8b85ef14cc273f957","ranges":[{"kind":"range","marks":[],"text":"or double-click the data filter indicator​. The Add Data Filter panel will appear."}]}]},{"kind":"block","type":"paragraph","key":"c1a2b4bdf3cd4539832e1fb5cf1377fd","isVoid":false,"data":{},"nodes":[{"kind":"text","key":"5fa06512c40f4c53abd793cd74663372","ranges":[{"kind":"range","marks":[],"text":"To remove a data filter, select \"None\" at the top level dropdown of Build Data Filter section and then click Add. The data filter will be deleted.  "}]}]},{"kind":"block","type":"image","key":"c9065cda37f84b0bb04ae07a93df5897","isVoid":true,"data":{"assetID":"-LMAKuzqXbiCoSW931hv","size":"line"},"nodes":[{"kind":"text","key":"d23c4fa9bc704914b9d74a7ebcc0cd62","ranges":[{"kind":"range","marks":[],"text":""}]}]},{"kind":"block","type":"heading-2","key":"b0811198bb9547f6954495543fe079d1","isVoid":false,"data":{"id":"TigerGraphGraphStudioUIGuide-map_const_value_to_attributeMapAConstantValueToAnAttributeOrTokenFunctionInput"},"nodes":[{"kind":"text","key":"db167b06fad844cd8700699f11e3d11c","ranges":[{"kind":"range","marks":[],"text":"Advanced Features"}]}]},{"kind":"block","type":"paragraph","key":"b0a9bcc357494039a679301c098d58ca","isVoid":false,"data":{},"nodes":[{"kind":"text","key":"550a1aed7df84d288aa0d7299e2383d8","ranges":[{"kind":"range","marks":[],"text":"More advanced data mapping features are grouped in the dropdown list under"}]},{"kind":"inline","type":"inline-image","key":"74081cc2280446da887fe5f561156483","isVoid":true,"data":{"assetID":"-Lz9obBFb0IBo0X8552Q","size":"line"},"nodes":[{"kind":"text","key":"f5f59b366baf4ebcbc0ff188eff12586","ranges":[{"kind":"range","marks":[],"text":""}]}]},{"kind":"text","key":"d732c58f72de4576bada16146c5e18f6","ranges":[{"kind":"range","marks":[],"text":"."}]}]},{"kind":"block","type":"heading-3","key":"2dd8c726a6424c10a4fd851d83cd3328","isVoid":false,"data":{},"nodes":[{"kind":"text","key":"dc2ebeff272746d6a4b76e11fce970e2","ranges":[{"kind":"range","marks":[],"text":"Map data to a map type attribute"}]}]},{"kind":"block","type":"paragraph","key":"35b297c090d64aa6a67ad212d78806c0","isVoid":false,"data":{},"nodes":[{"kind":"text","key":"b0a62c70b05b4995b4c876654b4c0c44","ranges":[{"kind":"range","marks":[],"text":"Click "}]},{"kind":"inline","type":"inline-image","key":"5496658422274c57b245877620b0a4cc","isVoid":true,"data":{"assetID":"-Lz9pj1e-FSaoKwBFUw-","size":"original"},"nodes":[{"kind":"text","key":"9225232d4f6245a7b742da510fb9b3f1","ranges":[{"kind":"range","marks":[],"text":""}]}]},{"kind":"text","key":"25d7ed94e35149b5893c3ea1a9281bac","ranges":[{"kind":"range","marks":[],"text":"in the dropdown list, then choose key type and value type. The types must match the key type and value type of the attribute you are mapping towards."}]}]},{"kind":"block","type":"paragraph","key":"67dcadd6a6a14b1f895485e78079ac67","isVoid":false,"data":{},"nodes":[{"kind":"text","key":"3406f4e0e0934fdfa78524f4ce200c08","ranges":[{"kind":"range","marks":[],"text":""}]},{"kind":"inline","type":"inline-image","key":"5b03b46847f2489c8352d9d6fd62c430","isVoid":true,"data":{"assetID":"-Lz9uRDcmsX7O_XjCUwz","size":"original"},"nodes":[{"kind":"text","key":"0c9eb54efa574e77b9ce931c8d353035","ranges":[{"kind":"range","marks":[],"text":""}]}]},{"kind":"text","key":"70e35f9ad57d4286a6d1b47636d8f3a0","ranges":[{"kind":"range","marks":[],"text":" "}]}]},{"kind":"block","type":"paragraph","key":"ed83dd6a8ef64d84b698dd35b7a006de","isVoid":false,"data":{},"nodes":[{"kind":"text","key":"2bf3328bacac4d92a3b4f0a48ff72062","ranges":[{"kind":"range","marks":[],"text":"A Map widget will be added to the attribute mapping panel."}]}]},{"kind":"block","type":"image","key":"70e63455d4804f36a37645ed5b7aface","isVoid":true,"data":{"assetID":"-Lz9um6rKg1EXlPjYbo-","size":"original"},"nodes":[{"kind":"text","key":"a533ad5c6b134a5fb6f62fe9809fdcc5","ranges":[{"kind":"range","marks":[],"text":""}]}]},{"kind":"block","type":"paragraph","key":"6f9d82e49db146ac8360977731084c93","isVoid":false,"data":{},"nodes":[{"kind":"text","key":"33f1cdff930c4b24a77ed61d5eddc3d2","ranges":[{"kind":"range","marks":[],"text":"Create the mapping from the data columns to the Map widget, and from the Map widget to the attribute. "}]}]},{"kind":"block","type":"image","key":"809cff77c22e4caea4c3b07685d4d176","isVoid":true,"data":{"assetID":"-Lz9vFGp77wNOhbgco0L","size":"line"},"nodes":[{"kind":"text","key":"73cc5f4afacd4422971f6e34db04c709","ranges":[{"kind":"range","marks":[],"text":""}]}]},{"kind":"block","type":"heading-3","key":"11bef5c3c91d4515b928da2a508a7058","isVoid":false,"data":{},"nodes":[{"kind":"text","key":"b2d813c44b1c4368bfe25e5558e8e6f3","ranges":[{"kind":"range","marks":[],"text":"Map data to a UDT type attribute"}]}]},{"kind":"block","type":"paragraph","key":"6b4d55be7d1045abb0b137587cf28e83","isVoid":false,"data":{},"nodes":[{"kind":"text","key":"76143fa554f145a993b3cfdbc6b5d13d","ranges":[{"kind":"range","marks":[],"text":"Click "}]},{"kind":"inline","type":"inline-image","key":"7fec860bcc34400ead7e2e3ac964e71e","isVoid":true,"data":{"assetID":"-Lz9vKkgOtAi0M__B-gJ","size":"original"},"nodes":[{"kind":"text","key":"68a1f45edef944c2b755f3584ab0fbe6","ranges":[{"kind":"range","marks":[],"text":""}]}]},{"kind":"text","key":"dc0b123dd751489d9b79c93aacf944d0","ranges":[{"kind":"range","marks":[],"text":"in the dropdown list, then choose UDT name. The name must match the UDT type of the attribute you are mapping towards."}]}]},{"kind":"block","type":"paragraph","key":"1b44069f4ec64d098b7f193b3f6c8154","isVoid":false,"data":{},"nodes":[{"kind":"text","key":"6a44cfa9208642888d00d87f16690029","ranges":[{"kind":"range","marks":[],"text":""}]},{"kind":"inline","type":"inline-image","key":"c2b0b7f6f8a84880b29acda081f0822a","isVoid":true,"data":{"assetID":"-Lz9voLJu5v5797YGDRO","size":"original"},"nodes":[{"kind":"text","key":"3b15768cdc1d4833abfcd278175b808d","ranges":[{"kind":"range","marks":[],"text":""}]}]},{"kind":"text","key":"0c7b04ea161f489592d115f51391b3ce","ranges":[{"kind":"range","marks":[],"text":" "}]}]},{"kind":"block","type":"paragraph","key":"1a85a4a11dcd47fc8cc85a9bad7f7270","isVoid":false,"data":{},"nodes":[{"kind":"text","key":"15e69fcc7ac44393ac12bf19613c5ec8","ranges":[{"kind":"range","marks":[],"text":"A UDT widget will be added to the attribute mapping panel."}]}]},{"kind":"block","type":"image","key":"569920656840462cb8150c2991b10710","isVoid":true,"data":{"assetID":"-Lz9vwH_mDujipYlJPX_"},"nodes":[{"kind":"text","key":"f8bb2b0bf9434354bd75f3212c1046c2","ranges":[{"kind":"range","marks":[],"text":""}]}]},{"kind":"block","type":"paragraph","key":"798615e2010644e39fb29498fb5f6916","isVoid":false,"data":{},"nodes":[{"kind":"text","key":"1e20b0ac9a824eb3a56aa81ab20fb0a0","ranges":[{"kind":"range","marks":[],"text":"Create the mapping from the data columns to the UDT widget, and from the UDT widget to the attribute."}]}]},{"kind":"block","type":"image","key":"e4edc161ce474a3382691af9ad46a831","isVoid":true,"data":{"assetID":"-Lz9w3KHTfat9xVfto4-"},"nodes":[{"kind":"text","key":"4f477bfebe07421b8709d76972e619a1","ranges":[{"kind":"range","marks":[],"text":""}]}]},{"kind":"block","type":"heading-3","key":"4f74ed3647b04798a56c4d71650eb0ba","isVoid":false,"data":{},"nodes":[{"kind":"text","key":"744860a001d84e1a80e34edc7c6857f5","ranges":[{"kind":"range","marks":[],"text":"Map data to a map type attribute with UDT value type"}]}]},{"kind":"block","type":"paragraph","key":"33e68372cf7e4751b79da78fcf7ca93d","isVoid":false,"data":{},"nodes":[{"kind":"text","key":"e8f316a8bdff49dfab8a95e0ff8434ab","ranges":[{"kind":"range","marks":[],"text":"If you want to map data to an attribute of map type with UDT value type, you have to combine a Map widget with a UDT widget. "}]}]},{"kind":"block","type":"paragraph","key":"42d303138020486f8c7c41924bf542b3","isVoid":false,"data":{},"nodes":[{"kind":"text","key":"f8da439834474238bec26cf57a3193fe","ranges":[{"kind":"range","marks":[],"text":"Choose UDT as the value type and then choose the UDT name when adding the Map widget."}]}]},{"kind":"block","type":"image","key":"5910e6e95a9f4d3dac3a46cfdab3669b","isVoid":true,"data":{"assetID":"-Lz9x7TqlQSzYlOf1PrO","size":"original"},"nodes":[{"kind":"text","key":"8ca6826addf84d91b2bec09989def6dd","ranges":[{"kind":"range","marks":[],"text":""}]}]},{"kind":"block","type":"paragraph","key":"45ba5445d1134fc78da8dc37fdb2cdb8","isVoid":false,"data":{},"nodes":[{"kind":"text","key":"fe977d9cd1b54b08a087e27e9d3d5491","ranges":[{"kind":"range","marks":[],"text":"Create data mapping between data columns, the UDT widget, the Map widget, and the attribute."}]}]},{"kind":"block","type":"image","key":"d1fa636ed7b4426e85adb1316aff01b7","isVoid":true,"data":{"assetID":"-Lz9xMoFaEnC7mv82ykp"},"nodes":[{"kind":"text","key":"6dcf2884d7544690b6472ea6e87c9563","ranges":[{"kind":"range","marks":[],"text":""}]}]},{"kind":"block","type":"heading-2","key":"528e5b9d82c140198f0facac3b2fc79a","isVoid":false,"data":{"id":"TigerGraphGraphStudioUIGuide-delete_optionsDeleteOptions"},"nodes":[{"kind":"text","key":"ece55baca1de45b789bc2d6a890ad83e","ranges":[{"kind":"range","marks":[],"text":"Delete Options"}]}]},{"kind":"block","type":"paragraph","key":"8c1010aece9a4787820eeaa548f5f725","isVoid":false,"data":{},"nodes":[{"kind":"text","key":"e8f1e129c43c4e2c98d6e0a01373c116","ranges":[{"kind":"range","marks":[],"text":"In the Map Data To Graph page, you can delete anything that you added. Choose what you want to delete, then click the delete button"}]},{"kind":"inline","type":"inline-image","key":"2b43c278e19348c19c2c436fd1711dcb","isVoid":true,"data":{"assetID":"-LM9k0btYn5wUnKmgLQA","size":"original"},"nodes":[{"kind":"text","key":"5313286f03c347149b3e34ae248c8921","ranges":[{"kind":"range","marks":[],"text":""}]}]},{"kind":"text","key":"c0c9ddadd68243298cf56dab787cac77","ranges":[{"kind":"range","marks":[],"text":". Press the \"Shift\" key to select multiple icons you want to delete. Note that you cannot delete vertex or edge types in this page."}]}]},{"kind":"block","type":"heading-3","key":"39853e90b8af42989ed9636f99a9e737","isVoid":false,"data":{"id":"TigerGraphGraphStudioUIGuide-DeleteDataSource"},"nodes":[{"kind":"text","key":"d41c7a4c0e13486980fcb25fb0bce621","ranges":[{"kind":"range","marks":[],"text":"Delete Data Files"}]}]},{"kind":"block","type":"paragraph","key":"1234f3db4b5b4b76a1506b834a881b66","isVoid":false,"data":{},"nodes":[{"kind":"text","key":"5fbb2b96c2b04eef9593c3c4e560805b","ranges":[{"kind":"range","marks":[],"text":"Select the data file icon(s), then click the delete button.  "}]}]},{"kind":"block","type":"paragraph","key":"0b1aea4f25de44e5a627e24ede692b66","isVoid":false,"data":{},"nodes":[{"kind":"text","key":"a8e977b01164459ca39642db509969d6","ranges":[{"kind":"range","marks":[],"text":""}]},{"kind":"inline","type":"inline-image","key":"df63c04bf23c4ae2b962ed2c190508e1","isVoid":true,"data":{"assetID":"-Lf1Z_p-CF3jLwRzEq4K","size":"original"},"nodes":[{"kind":"text","key":"8a4c0fd8fd6e40b4a2bcff6249d998ae","ranges":[{"kind":"range","marks":[],"text":""}]}]},{"kind":"text","key":"4080b106f694450aae05ec724f9e9023","ranges":[{"kind":"range","marks":[],"text":" "}]}]},{"kind":"block","type":"heading-3","key":"877b57cd610046f8b47c6c2a041bee09","isVoid":false,"data":{"id":"TigerGraphGraphStudioUIGuide-DeleteDataSourceToVertexOrEdgeMapping"},"nodes":[{"kind":"text","key":"93300e7a0368457f986defe9509b9caf","ranges":[{"kind":"range","marks":[],"text":"Delete Data File To Vertex Or Edge Mapping"}]}]},{"kind":"block","type":"paragraph","key":"f81002b40f8f4b0e9293e037915abcf5","isVoid":false,"data":{},"nodes":[{"kind":"text","key":"69e463df7bad46ae929d3cb9b5377099","ranges":[{"kind":"range","marks":[],"text":"Select the dashed green link(s) between data file and mapped vertex/edge type, then click the delete button.  "}]}]},{"kind":"block","type":"paragraph","key":"d1acc1c1fa8947138b66ed08d227c6ee","isVoid":false,"data":{},"nodes":[{"kind":"text","key":"ff099a1931f3423b9f215d2a0b50b51b","ranges":[{"kind":"range","marks":[],"text":""}]},{"kind":"inline","type":"inline-image","key":"2cd74a18ec8e4297b7c094941be6f1ed","isVoid":true,"data":{"assetID":"-Lf1ZolEzLFli2je7OVN","size":"original"},"nodes":[{"kind":"text","key":"7eff8bd247ea41fe9141dda0451925fc","ranges":[{"kind":"range","marks":[],"text":""}]}]},{"kind":"text","key":"d1224df6e7714a11b3193f12a6647e5c","ranges":[{"kind":"range","marks":[],"text":" "}]}]},{"kind":"block","type":"heading-3","key":"4abebfd524544cf2bc90a200126c47ec","isVoid":false,"data":{"id":"TigerGraphGraphStudioUIGuide-DeleteDataColumnToVertexOrEdgeAttributeMapping"},"nodes":[{"kind":"text","key":"32eb59162ac14ba0a397edf6177ce575","ranges":[{"kind":"range","marks":[],"text":"Delete Data Column To Vertex Or Edge Attribute Mapping"}]}]},{"kind":"block","type":"paragraph","key":"fcc83cb92eea440c863dbd16d8f97717","isVoid":false,"data":{},"nodes":[{"kind":"text","key":"dd4acfbf2c784aeaaaf5a8a0568369a6","ranges":[{"kind":"range","marks":[],"text":"Select the green arrow(s) between data file table and vertex/edge attributes table, then click the delete button.  "}]}]},{"kind":"block","type":"image","key":"7329dcdf4907408b81fb531b21241076","isVoid":true,"data":{"assetID":"-LwVEM6uKSQBP59LPaDW"},"nodes":[{"kind":"text","key":"4d5cf8f0e938494aac68692e2ee891aa","ranges":[{"kind":"range","marks":[],"text":""}]}]},{"kind":"block","type":"heading-3","key":"25d58c00b7f74c3486867e2204024d3e","isVoid":false,"data":{"id":"TigerGraphGraphStudioUIGuide-DeleteTokenFunctions"},"nodes":[{"kind":"text","key":"cc071b3059b14119a3a439f8e545f6a0","ranges":[{"kind":"range","marks":[],"text":"Delete Token Functions"}]}]},{"kind":"block","type":"paragraph","key":"6fa498e6c9ec40528ac1e23f8abc89eb","isVoid":false,"data":{},"nodes":[{"kind":"text","key":"e990ec4abf7a4857b1f83f4c9beb46f7","ranges":[{"kind":"range","marks":[],"text":"Select the token function table(s), then click the delete button.  "}]}]},{"kind":"block","type":"image","key":"ab809e52d9a14a308ca7861d014ba250","isVoid":true,"data":{"assetID":"-LMAF1ldRlimSO6cEXsT","size":"line"},"nodes":[{"kind":"text","key":"8305434d7aff4f8b8c2abe07c5879c31","ranges":[{"kind":"range","marks":[],"text":""}]}]},{"kind":"block","type":"heading-2","key":"d09518efb8b44ea1a5fe642b85c8523b","isVoid":false,"data":{"id":"TigerGraphGraphStudioUIGuide-UndoAndRedo"},"nodes":[{"kind":"text","key":"91c550afcae8471aaf29eb1777366d19","ranges":[{"kind":"range","marks":[],"text":"Undo And Redo"}]}]},{"kind":"block","type":"paragraph","key":"233174ddbc87464e92af2d4759b09a68","isVoid":false,"data":{},"nodes":[{"kind":"text","key":"78d053e22f9a47e89a089d661ba39dc7","ranges":[{"kind":"range","marks":[],"text":"You can undo or redo changes by clicking the Back or Forward buttons, respectively:"}]},{"kind":"inline","type":"inline-image","key":"78ad9996faa94b8db38cf10446466021","isVoid":true,"data":{"assetID":"-LM9kIVhC36sE2pWmrA2","size":"original"},"nodes":[{"kind":"text","key":"b11abd129bb94953b9cbb8d2620575f0","ranges":[{"kind":"range","marks":[],"text":""}]}]},{"kind":"text","key":"8197417d6cc943e3b92d803e430f0a3a","ranges":[{"kind":"range","marks":[],"text":". The whole history since the time you entered the Map Data To Graph page is recorded."}]}]},{"kind":"block","type":"heading-1","key":"79e1d1881bf54cdaa130771fe326861a","isVoid":false,"data":{},"nodes":[{"kind":"text","key":"4fe2020d5fe84e0bae41cf82b1705650","ranges":[{"kind":"range","marks":[],"text":"5 Publish Data Mapping"}]}]},{"kind":"block","type":"paragraph","key":"8925f5ef60334bdeab41d41e93463cca","isVoid":false,"data":{},"nodes":[{"kind":"text","key":"9b126a5178b147c6853e07735ed69a8c","ranges":[{"kind":"range","marks":[],"text":"Once you are satisfied with the data loading procedure, click the publish schema button"}]},{"kind":"inline","type":"inline-image","key":"0a88d0a1526244bf8f920a817ccaa86f","isVoid":true,"data":{"assetID":"-LM9knNCK7OtuN0b8kg1","size":"original"},"nodes":[{"kind":"text","key":"a2c58cdde56043faa23a4ba2332430cd","ranges":[{"kind":"range","marks":[],"text":""}]}]},{"kind":"text","key":"c84c6716df3f43e287bc7b89923e165b","ranges":[{"kind":"range","marks":[],"text":"to publish the data loading procedure to the TigerGraph system. It takes about 2 to 3 seconds for publishing each data file mapping."}]}]},{"kind":"block","type":"heading-2","key":"a2989d4b118840ba85e0f22bb03c829f","isVoid":false,"data":{"id":"TigerGraphGraphStudioUIGuide-ExpandPanels"},"nodes":[{"kind":"text","key":"4cc1077641d6474a8859f14ebe3a1b73","ranges":[{"kind":"range","marks":[],"text":"Expand Panels"}]}]},{"kind":"block","type":"paragraph","key":"2934f32d73014213bc2ec36c79efd2fd","isVoid":false,"data":{},"nodes":[{"kind":"text","key":"c8b90ccec10743eba54dd24052f86631","ranges":[{"kind":"range","marks":[],"text":"The following three buttons allow you to expand the left or right working panel:"}]},{"kind":"inline","type":"inline-image","key":"bc35f9871ddd477c98b596337084b9dc","isVoid":true,"data":{"assetID":"-LvSks4ZuEiJ6JN2Qo3b","size":"original"},"nodes":[{"kind":"text","key":"429e63f2842c4ec59b0360755331fb47","ranges":[{"kind":"range","marks":[],"text":""}]}]},{"kind":"text","key":"9d51a4f9735a48bea85097f9a65778fa","ranges":[{"kind":"range","marks":[],"text":"."}]}]},{"kind":"block","type":"paragraph","key":"af309423aac74627878d681832dfe4df","isVoid":false,"data":{},"nodes":[{"kind":"text","key":"a80857613c264800b50f8a318e677d84","ranges":[{"kind":"range","marks":[],"text":"By default, the two panels have equal widths. Click the left button to expand the left working panel, or click the right button to expand the right working panel."}]}]}]}}