{"format_version":1,"document":{"kind":"document","key":"84a93c3b1a24414584d78fe43512ac63","data":{"schema_version":6},"nodes":[{"kind":"block","type":"paragraph","key":"478aae591e2245eaba01993a74a4da81","isVoid":false,"data":{},"nodes":[{"kind":"text","key":"0c65c655bcd3412c9229caa8ea38156b","ranges":[{"kind":"range","marks":[],"text":"Version 2.0 to 3.0. Copyright © 2020 TigerGraph. All Rights Reserved."}]}]},{"kind":"block","type":"paragraph","key":"81c2bfba577649c287e1ad3364cef22e","isVoid":false,"data":{},"nodes":[{"kind":"text","key":"14561837d2014cc0815ee747c13e11b5","ranges":[{"kind":"range","marks":[],"text":"The Single Sign-On (SSO) feature in TigerGraph enables you to use your organization's identity provider (IDP) to authenticate users to access TigerGraph GraphStudio and Admin Portal UI. If your IDP supports SAML 2.0 protocol, you should be able to integrate your identity provider with TigerGraph Single Sign-On ."}]}]},{"kind":"block","type":"paragraph","key":"5b69f4bb7f72441da4301d04975d1b68","isVoid":false,"data":{},"nodes":[{"kind":"text","key":"7d6bd373293b4d06a4483988d48f0ec6","ranges":[{"kind":"range","marks":[],"text":"Currently we have verified following identity providers:"}]}]},{"kind":"block","type":"list-unordered","key":"d1f07e216e55442c9bb074fcd0d86c6f","isVoid":false,"data":{},"nodes":[{"kind":"block","type":"list-item","key":"a3d8d629059141b4a16d6dee88abc506","isVoid":false,"data":{},"nodes":[{"kind":"block","type":"paragraph","key":"56d35845efda4bf1a53f75e4604a6848","isVoid":false,"data":{},"nodes":[{"kind":"text","key":"cbd4475e21b74a69a8b8141b71dcf575","ranges":[{"kind":"range","marks":[],"text":""}]},{"kind":"inline","type":"link","key":"4e62d26282eb49109182096a845b480b","isVoid":false,"data":{"href":"https://www.okta.com/"},"nodes":[{"kind":"text","key":"0a3a5a23a3d94f69ab6780cb15eb544e","ranges":[{"kind":"range","marks":[],"text":"Okta"}]}]},{"kind":"text","key":"f96a2736fccf4c89a36dc5a3416a9c42","ranges":[{"kind":"range","marks":[],"text":""}]}]}]},{"kind":"block","type":"list-item","key":"54715c0681504f53ad83b7effbf1576f","isVoid":false,"data":{},"nodes":[{"kind":"block","type":"paragraph","key":"57091765946c419c864446bfc8667886","isVoid":false,"data":{},"nodes":[{"kind":"text","key":"56503bba0f714d6182abdb11c4b79e66","ranges":[{"kind":"range","marks":[],"text":""}]},{"kind":"inline","type":"link","key":"6f84451f424f44c78e1163231cd131c5","isVoid":false,"data":{"href":"https://auth0.com/"},"nodes":[{"kind":"text","key":"408c118285ec4d57871bb4148a3de999","ranges":[{"kind":"range","marks":[],"text":"Auth0"}]}]},{"kind":"text","key":"102e181f105845e1bd25b19a9909f99e","ranges":[{"kind":"range","marks":[],"text":""}]}]}]}]},{"kind":"block","type":"paragraph","key":"97ae0cf70609451e90990d6038b7e81e","isVoid":false,"data":{},"nodes":[{"kind":"text","key":"5425074050544f7e8003d6862073f972","ranges":[{"kind":"range","marks":[],"text":"In order to use Single Sign-On , you need perform four steps :"}]}]},{"kind":"block","type":"list-ordered","key":"d41f77f4fe0c4ea0a3334eb6cc86910d","isVoid":false,"data":{},"nodes":[{"kind":"block","type":"list-item","key":"74cb7e23255240b6b340e1c3090ebce4","isVoid":false,"data":{},"nodes":[{"kind":"block","type":"paragraph","key":"2cb10d89147d462ebdb7eaf4edd123cb","isVoid":false,"data":{},"nodes":[{"kind":"text","key":"45b6ead87ab04a75b910f23ac5260bb3","ranges":[{"kind":"range","marks":[],"text":"Configure your identity provider to create a TigerGraph application."}]}]}]},{"kind":"block","type":"list-item","key":"deb5893aa4ac4d77847d3c1fc6b13076","isVoid":false,"data":{},"nodes":[{"kind":"block","type":"paragraph","key":"862625f519c74fa7a53ca07e785f0b9b","isVoid":false,"data":{},"nodes":[{"kind":"text","key":"5eb542afed4743e999c1d3a259d6d03d","ranges":[{"kind":"range","marks":[],"text":"Provide information from your identity provider to enable TigerGraph Single Sign-On ."}]}]}]},{"kind":"block","type":"list-item","key":"e5e0181f1939441c8796f6c57a2b422c","isVoid":false,"data":{},"nodes":[{"kind":"block","type":"paragraph","key":"334fbf7d8e3b4a2f88a27f876525de40","isVoid":false,"data":{},"nodes":[{"kind":"text","key":"a35280af6c9a45ac8ea51bbe646ab65e","ranges":[{"kind":"range","marks":[],"text":"Create user groups with proxy rules to authorize Single Sign-On users."}]}]}]},{"kind":"block","type":"list-item","key":"ed65c27f8ac84330bb8852feeb9fe5bc","isVoid":false,"data":{},"nodes":[{"kind":"block","type":"paragraph","key":"e2293f29e41a47ccb60342cff00caca8","isVoid":false,"data":{},"nodes":[{"kind":"text","key":"3d946e1925b74bf6a64d9a5c7b12f853","ranges":[{"kind":"range","marks":[],"text":"Change the password of the tigergraph user to be other than the default, if you haven't done so already."}]}]}]}]},{"kind":"block","type":"paragraph","key":"cb89565e1a814047903afee46da56753","isVoid":false,"data":{},"nodes":[{"kind":"text","key":"f679c1dfdb12479b8e0ff5f7db07c35f","ranges":[{"kind":"range","marks":[],"text":"We assume you already have TigerGraph up and running , and you can access GraphStudio UI through a web browser using the URL:"}]}]},{"kind":"block","type":"hint","key":"c2d17502aaf24021912219e775e2afb1","isVoid":false,"data":{"style":"info"},"nodes":[{"kind":"block","type":"paragraph","key":"1eaaa1a78fe741ca8a2756071a902159","isVoid":false,"data":{},"nodes":[{"kind":"text","key":"6f99a1f19ca14145b2a30047a5afc04e","ranges":[{"kind":"range","marks":[],"text":" http://tigergraph-machine-hostname:14240"}]}]}]},{"kind":"block","type":"paragraph","key":"d7b8868de4cc4974a70e74c48276f676","isVoid":false,"data":{},"nodes":[{"kind":"text","key":"6b04108c4dae44c6a97f27a1a0f95a7f","ranges":[{"kind":"range","marks":[],"text":" If you enabled SSL connection, change http to https. If you changed the nginx port of the TigerGraph system, replace 14240 with the port you have set."}]}]},{"kind":"block","type":"heading-1","key":"fd67326d87d844f0b8b7cccb61c1393b","isVoid":false,"data":{},"nodes":[{"kind":"text","key":"c9033b9f1a4d460182f30848756b26e8","ranges":[{"kind":"range","marks":[{"kind":"mark","data":{},"type":"bold"}],"text":"Configure Identity Provider"}]}]},{"kind":"block","type":"paragraph","key":"629f5435ed8f42fd8352338d005a6372","isVoid":false,"data":{},"nodes":[{"kind":"text","key":"391f65ea1cf44dba8774574af63c6624","ranges":[{"kind":"range","marks":[],"text":"Here we provide detailed instructions for identity providers that we have verified. Please consult your IT or security department for how to configure the identity provider for your organization if it is not listed here."}]}]},{"kind":"block","type":"paragraph","key":"c356658327944b14949543f18114d6a1","isVoid":false,"data":{},"nodes":[{"kind":"text","key":"31bff4a10f2e416b9819ca900dd14bd5","ranges":[{"kind":"range","marks":[],"text":"After you finish configuring your identity provider, you will get an Identity Provider Single Sign-On URL , Identity Provider Entity Id , and an X.509 certificate file idp.cert . You need these 3 things to configure TigerGraph next."}]}]},{"kind":"block","type":"heading-2","key":"ca0ac42c86db403aa7a9d3fcb39adff7","isVoid":false,"data":{},"nodes":[{"kind":"text","key":"c17ba5e9226e4c0f8069c048781348a7","ranges":[{"kind":"range","marks":[],"text":"Okta"}]}]},{"kind":"block","type":"paragraph","key":"a8ee1b6aeaf5436eaaa02ad67879a5d8","isVoid":false,"data":{},"nodes":[{"kind":"text","key":"da9b436091af458aa76df1bbb0d2034b","ranges":[{"kind":"range","marks":[],"text":"After logging into Okta as the admin user, click Admin button at the top-right corner."}]}]},{"kind":"block","type":"image","key":"55633b78c1994863a71fe869f96dfa8c","isVoid":true,"data":{"assetID":"-LNkJoc4S-1Y9Tq32xdX"},"nodes":[{"kind":"text","key":"68785401531f438092838d2385d93921","ranges":[{"kind":"range","marks":[],"text":""}]}]},{"kind":"block","type":"paragraph","key":"9db28ed45b894e009fc2a059802db9bc","isVoid":false,"data":{},"nodes":[{"kind":"text","key":"ea1b3780cf5c4bdbac06fc75312b6f66","ranges":[{"kind":"range","marks":[],"text":"Click Add Applications in the right menu."}]}]},{"kind":"block","type":"image","key":"2dee8e5206c3470abdf0aff44c0dd565","isVoid":true,"data":{"assetID":"-LNkJvLXLhHVVsDoXor1"},"nodes":[{"kind":"text","key":"a62c84e0d923440a81e1eac95b412df3","ranges":[{"kind":"range","marks":[],"text":""}]}]},{"kind":"block","type":"paragraph","key":"29c68f04e7034c65a4770eca5fc4c156","isVoid":false,"data":{},"nodes":[{"kind":"text","key":"4c8c639dbbd742d29d98e6e66a85664d","ranges":[{"kind":"range","marks":[],"text":"Click Create New App button in the left toolbar."}]}]},{"kind":"block","type":"image","key":"8c7a1005e0fc45caaf92e28ba1204a1d","isVoid":true,"data":{"assetID":"-LNkK3zQyGJHq6759f-P"},"nodes":[{"kind":"text","key":"3dd38e00f3c14895a2bcca431fb6b641","ranges":[{"kind":"range","marks":[],"text":""}]}]},{"kind":"block","type":"paragraph","key":"86c81c5b11b7461cb2dfb5eaa7212bd0","isVoid":false,"data":{},"nodes":[{"kind":"text","key":"27d7a1c2a78e4a11b8deea7e0baf4d96","ranges":[{"kind":"range","marks":[],"text":"In the pop up window, choose SAML 2.0 and click Create ."}]}]},{"kind":"block","type":"image","key":"ae6cf5598cdd4eb7ab7ac71f119eb2e8","isVoid":true,"data":{"assetID":"-LNkKBktVyloFvwa3FS1"},"nodes":[{"kind":"text","key":"8f404fe627a646808ea426977ea4d512","ranges":[{"kind":"range","marks":[],"text":""}]}]},{"kind":"block","type":"paragraph","key":"8c8180c3f529429882c43535f8de5a4b","isVoid":false,"data":{},"nodes":[{"kind":"text","key":"b97c8954e87649a599ca3f7926f1d9b7","ranges":[{"kind":"range","marks":[],"text":"Input TigerGraph (or whatever application name you want to use) in App Name , and click Next . Upload a logo if you like."}]}]},{"kind":"block","type":"image","key":"5ca411a29e904245a6651692cb52ee59","isVoid":true,"data":{"assetID":"-LNkKISzgasH8f385DIg"},"nodes":[{"kind":"text","key":"2498f66bc0f44a36a569dfdb3baf49a3","ranges":[{"kind":"range","marks":[],"text":""}]}]},{"kind":"block","type":"paragraph","key":"5d225c8e333e4dc3b4ad5ec08de1ff2f","isVoid":false,"data":{},"nodes":[{"kind":"text","key":"abb45616d0a24ffe9c3378205d18a545","ranges":[{"kind":"range","marks":[],"text":"Enter the Assertion Consumer Service URL / Single sign on URL , and SP Entity ID ."}]}]},{"kind":"block","type":"paragraph","key":"4193191b427443bd95ee3e5ee05d7de1","isVoid":false,"data":{},"nodes":[{"kind":"text","key":"64b165d581e5409fb6d6238bdca1f5d0","ranges":[{"kind":"range","marks":[],"text":"Both are URLs in our case. You need to know the hostname of the TigerGraph machine. If you can visit GraphStudio UI through a browser, the URL contains the hostname. It can be either an IP or a domain name."}]}]},{"kind":"block","type":"paragraph","key":"5712f2fdabb441d0b3983dd198cf38b5","isVoid":false,"data":{},"nodes":[{"kind":"text","key":"cc5064ae38af40658e43f9a1abd069cb","ranges":[{"kind":"range","marks":[],"text":"The Assertion Consumer Service URL , or Single sign on URL, is"}]}]},{"kind":"block","type":"hint","key":"013321e5097b4eb7ad906cfbb1293e04","isVoid":false,"data":{"style":"info"},"nodes":[{"kind":"block","type":"paragraph","key":"cb4e40b8b88f46c6a0ac07e2576fb85d","isVoid":false,"data":{},"nodes":[{"kind":"text","key":"252fafc7a84e4d8789f98f4bc9d3682b","ranges":[{"kind":"range","marks":[],"text":" http://tigergraph-machine-hostname:14240/sso/saml/acs"}]}]}]},{"kind":"block","type":"paragraph","key":"da52483690d041beb4da0c104e6cc12f","isVoid":false,"data":{},"nodes":[{"kind":"text","key":"f1be7f89e0254fc8adcfb503589c5e6b","ranges":[{"kind":"range","marks":[],"text":" The SP entity id URL is:"}]}]},{"kind":"block","type":"hint","key":"60b13cc00eab4718a1536eb5b84da357","isVoid":false,"data":{"style":"info"},"nodes":[{"kind":"block","type":"paragraph","key":"da2d884ef8854fc2bad2734c43d229ec","isVoid":false,"data":{},"nodes":[{"kind":"text","key":"0fb437ecf98246dc9936ceae5e5f689c","ranges":[{"kind":"range","marks":[],"text":" http://tigergraph-machine-hostname:14240/sso/saml/meta"}]}]}]},{"kind":"block","type":"image","key":"5009fc5776fd45fba8b61e20d9882860","isVoid":true,"data":{"assetID":"-LNkKkF1hHdoeDtUUZ9z"},"nodes":[{"kind":"text","key":"6622a4a1c30d49eb820a526f2cb9ff79","ranges":[{"kind":"range","marks":[],"text":""}]}]},{"kind":"block","type":"paragraph","key":"64d55db582e649aeb0fe5a716d1d00c0","isVoid":false,"data":{},"nodes":[{"kind":"text","key":"1f30111704c249cbabc13bd8c5715b5f","ranges":[{"kind":"range","marks":[],"text":"Scroll to the bottom for Group Attribute Statements. Usually you want to grant roles to users based on their user group. You can give a name to your attribute statement; here we use group . For filter, we want to return all group attribute values of all users, so we use Regex .* as the filter. Click Next after you set up everything."}]}]},{"kind":"block","type":"image","key":"3e8f4c0eee304a10b774360b775ba2a7","isVoid":true,"data":{"assetID":"-LNkKsVKgMwoYWVdtOxo"},"nodes":[{"kind":"text","key":"86bd514576484387b516d7022528e296","ranges":[{"kind":"range","marks":[],"text":""}]}]},{"kind":"block","type":"paragraph","key":"67e45520066342768dc755d007f5b255","isVoid":false,"data":{},"nodes":[{"kind":"text","key":"171a4124531c4229ad24e78dde3bccba","ranges":[{"kind":"range","marks":[],"text":"In the final step, choose whether you want to integrate your app with Okta or not. Then click Finish ."}]}]},{"kind":"block","type":"image","key":"ad8d24953a0e411f899509bf925f24b0","isVoid":true,"data":{"assetID":"-LNkLB8EHRlWjHYVA3uV"},"nodes":[{"kind":"text","key":"484bb51eecb2493da92b69370207d16d","ranges":[{"kind":"range","marks":[],"text":""}]}]},{"kind":"block","type":"paragraph","key":"9645d3a41ce345b9a05f8d05078efc18","isVoid":false,"data":{},"nodes":[{"kind":"text","key":"07264cb0cea6454bbdde466e54741837","ranges":[{"kind":"range","marks":[],"text":"Now your Okta identity provider settings are finished. Click View Setup Instructions button to gather information you will need to setup TigerGraph Single Sign-On."}]}]},{"kind":"block","type":"image","key":"6cc24582926c41eb96e7921c5b57a9ae","isVoid":true,"data":{"assetID":"-LNkLHeXS_0ydOAFx7SK"},"nodes":[{"kind":"text","key":"3f3d7e3d9eb84d098e2802fa4f0e7b4b","ranges":[{"kind":"range","marks":[],"text":""}]}]},{"kind":"block","type":"paragraph","key":"6d0eae6e670841f59491ffd7ab21568e","isVoid":false,"data":{},"nodes":[{"kind":"text","key":"15823ffdf2e1467d87a7992597ff580e","ranges":[{"kind":"range","marks":[],"text":"Here you want to save Identity Provider Single Sign-On URL and Identity Provider Issuer (usually known as Identity Provider Entity Id ). Download the certificate file as okta.cert, rename it as idp.cert , and put it somewhere on the TigerGraph machine. Let's assume you put it under your home folder: /home/tigergraph/idp.cert. If you installed TigerGraph in a cluster, you should put it on the machine where the GSQL server is installed (usually it's the machine whose alias is m1)."}]}]},{"kind":"block","type":"image","key":"6cfc4341ba014cc6b049e84c96d8c8d2","isVoid":true,"data":{"assetID":"-LNkLQF05LVJIj4Exvr0"},"nodes":[{"kind":"text","key":"19df9c04a73545858f821969c7663380","ranges":[{"kind":"range","marks":[],"text":""}]}]},{"kind":"block","type":"paragraph","key":"453c181dbad4425a8ad11bc435f1e5c0","isVoid":false,"data":{},"nodes":[{"kind":"text","key":"9ca27faae19d4d1980f9eeb1a7f2ee95","ranges":[{"kind":"range","marks":[],"text":"Finally, return to previous page, go to the Assignments tab, click the Assign button, and assign people or groups in your organization to access this application."}]}]},{"kind":"block","type":"image","key":"92c1a3db7ecc453395a22b0144ee602b","isVoid":true,"data":{"assetID":"-LNkLXWMOnep2396FqGk"},"nodes":[{"kind":"text","key":"5ced9176a8864a32a8b94ce5c90cf892","ranges":[{"kind":"range","marks":[],"text":""}]}]},{"kind":"block","type":"heading-2","key":"d7c1faf57e134f08b651d313a9b220e4","isVoid":false,"data":{},"nodes":[{"kind":"text","key":"e12baf02ac7c4ff0ab0c6341ab135893","ranges":[{"kind":"range","marks":[],"text":"Auth0"}]}]},{"kind":"block","type":"paragraph","key":"ff948a0545f54496970783cd5624ea56","isVoid":false,"data":{},"nodes":[{"kind":"text","key":"daea0256fd724b8897cd0c78693ae1ef","ranges":[{"kind":"range","marks":[],"text":"After logging into Auth0, click Clients in the left navigation bar, and then click CREATE CLIENT button."}]}]},{"kind":"block","type":"image","key":"5aed76c666e9407cb7daf4e709d80f3a","isVoid":true,"data":{"assetID":"-LNkLlSaplKB0Ws-kHTI"},"nodes":[{"kind":"text","key":"d5f36f71db6f46ebadb328b4feebaadd","ranges":[{"kind":"range","marks":[],"text":""}]}]},{"kind":"block","type":"paragraph","key":"0318cf5566624b268301ddbdca5ab8c6","isVoid":false,"data":{},"nodes":[{"kind":"text","key":"5b00a582cdf0422188757a1e02427da2","ranges":[{"kind":"range","marks":[],"text":"In the pop-up window, enter TigerGraph (or whatever application name you want to use) in the Name input box. Choose Single Page Web Application , and then click the CREATE button."}]}]},{"kind":"block","type":"image","key":"8cbf61b99d534193ac38d5d6b77c3241","isVoid":true,"data":{"assetID":"-LNkLr7LHPTonDIqzhNx"},"nodes":[{"kind":"text","key":"c218670743f74111bc32a917b5080184","ranges":[{"kind":"range","marks":[],"text":""}]}]},{"kind":"block","type":"paragraph","key":"d0e6da0221ca41139cb20d0aef97999f","isVoid":false,"data":{},"nodes":[{"kind":"text","key":"c7a78117a849440584d7d4243099e474","ranges":[{"kind":"range","marks":[],"text":"Click Clients again. In the Shown Clients list, click the settings icon of your newly created TigerGraph client."}]}]},{"kind":"block","type":"image","key":"b5f4ae567f9f454480660492e5f90cd4","isVoid":true,"data":{"assetID":"-LNkLyYg0l1VZ3lvaOuM"},"nodes":[{"kind":"text","key":"96c436f2aba147e3917f9efb5145ee98","ranges":[{"kind":"range","marks":[],"text":""}]}]},{"kind":"block","type":"paragraph","key":"24f2763e106d4e9aaf264472e8b0097c","isVoid":false,"data":{},"nodes":[{"kind":"text","key":"5e326186dd0e42b8a04b492ad81dbd68","ranges":[{"kind":"range","marks":[],"text":"Scroll down to the bottom of the settings section, and click Show Advanced Settings ."}]}]},{"kind":"block","type":"image","key":"454e785bff354ede9ec24cfb629d0e6f","isVoid":true,"data":{"assetID":"-LNkM5LMjXjK8UvdOqp_"},"nodes":[{"kind":"text","key":"67c18973215d44738b2f06e04d123376","ranges":[{"kind":"range","marks":[],"text":""}]}]},{"kind":"block","type":"paragraph","key":"73b46ad5c40d44dbaafa061e8377ade4","isVoid":false,"data":{},"nodes":[{"kind":"text","key":"0936dac3b8e342f4b34b9b7648700b46","ranges":[{"kind":"range","marks":[],"text":"Click the Certificates tab and then click DOWNLOAD CERTIFICATE. In the chooser list, choose CER. Rename the downloaded file as idp.cert , and put it somewhere on the TigerGraph machine. Let's assume you put it under your home folder: /home/tigergraph/idp.cert. If you installed TigerGraph in a cluster, you should put it on the machine where the GSQL server is installed ( usually it's the machine whose alias is m1 )."}]}]},{"kind":"block","type":"image","key":"1857d23d4c9e4c57bf94f908d40932fc","isVoid":true,"data":{"assetID":"-LNkMBuwcmmQCW1Uv1Re"},"nodes":[{"kind":"text","key":"9936f7490c744eba92153c70df358de6","ranges":[{"kind":"range","marks":[],"text":""}]}]},{"kind":"block","type":"paragraph","key":"bf61d7f9420c420e97c9ebf6ed850363","isVoid":false,"data":{},"nodes":[{"kind":"text","key":"4d167ba07ab94e53b659091c4453bfe7","ranges":[{"kind":"range","marks":[],"text":"Click the Endpoints tab, and copy the text in the SAML Protocol URL text box.  This is the Identity Provider Single Sign-On URL that will be used to configure TigerGraph in an upcoming step."}]}]},{"kind":"block","type":"image","key":"95afcf2187c344a5926ca25b96a6ed07","isVoid":true,"data":{"assetID":"-LNkMHbQdlGxyLP22rMu"},"nodes":[{"kind":"text","key":"7a73ccdce9644cc8a71ccd7d44ab89b0","ranges":[{"kind":"range","marks":[],"text":""}]}]},{"kind":"block","type":"paragraph","key":"a743830c4c024c4ead1f7fbde56b07a6","isVoid":false,"data":{},"nodes":[{"kind":"text","key":"3cb959b8038a4e12a6fda549255595fb","ranges":[{"kind":"range","marks":[],"text":"Scroll up to the top of the page, click the Addons tab, and switch on the toggle at the right side of the SAML2 card."}]}]},{"kind":"block","type":"image","key":"14c81fa5754842a8982d43bdb6425192","isVoid":true,"data":{"assetID":"-LNkMPnIzxPjZIEpBNJx"},"nodes":[{"kind":"text","key":"7881f179129e490d83c20900eac36db3","ranges":[{"kind":"range","marks":[],"text":""}]}]},{"kind":"block","type":"paragraph","key":"43e4d82cd0bf47578b9e5cd1e901631c","isVoid":false,"data":{},"nodes":[{"kind":"text","key":"621f965cafef41a5a34d75dc03800d97","ranges":[{"kind":"range","marks":[],"text":"In the pop-up window, enter the Assertion Consumer Service URL in the Application Callback URL input box:"}]}]},{"kind":"block","type":"hint","key":"a96950085640439cbf0eac271198ebfd","isVoid":false,"data":{"style":"info"},"nodes":[{"kind":"block","type":"paragraph","key":"c02cc88481af41989877c25b4b6f8f67","isVoid":false,"data":{},"nodes":[{"kind":"text","key":"ec3aab864eb44beda8541ef2fdc6bad8","ranges":[{"kind":"range","marks":[],"text":" http://tigergraph-machine-hostname:14240/sso/saml/acs"}]}]}]},{"kind":"block","type":"image","key":"5cd33a2cf7c447d1bd0496c9497943ec","isVoid":true,"data":{"assetID":"-LNkMVGzgtgdMgr13pUJ"},"nodes":[{"kind":"text","key":"ee04884b25ee49b4ba8fa075f74507b8","ranges":[{"kind":"range","marks":[],"text":""}]}]},{"kind":"block","type":"paragraph","key":"fe4c5ec06f834d61b9790f2db31b36c2","isVoid":false,"data":{},"nodes":[{"kind":"text","key":"f884ee10e99c4e8cb02d29a77e8271dc","ranges":[{"kind":"range","marks":[],"text":"Scroll down to the end of the settings JSON code, click the DEBUG button, and log in as any existing user in your organization in the pop-up login page."}]}]},{"kind":"block","type":"image","key":"70cac4494afa4fe1bc750abe8d4d3201","isVoid":true,"data":{"assetID":"-LNkMaeJ3BonQl0kFCi7"},"nodes":[{"kind":"text","key":"9fc8e92098a1497a894aef77973cab95","ranges":[{"kind":"range","marks":[],"text":""}]}]},{"kind":"block","type":"paragraph","key":"a9fdb94fd2114bf38614f2ed47050bf9","isVoid":false,"data":{},"nodes":[{"kind":"text","key":"a9bb49c498fa4ad5af3b21d1fdb16258","ranges":[{"kind":"range","marks":[],"text":"If login in successfully, the SAML response will be shown in decoded XML format. Scroll down to the attributes section. Here you will see some attribute names, which you will use to set proxy rules when creating groups in an upcoming configuration step."}]}]},{"kind":"block","type":"image","key":"8ca92251235b4a6cb7274ffd794a4cb8","isVoid":true,"data":{"assetID":"-LNkMh2nkqWcGPU89t2Y"},"nodes":[{"kind":"text","key":"28f9ce87161743fdb040e33df167d9d7","ranges":[{"kind":"range","marks":[],"text":""}]}]},{"kind":"block","type":"paragraph","key":"105e8d1f24fc4c98b636ecfcc4bc7b06","isVoid":false,"data":{},"nodes":[{"kind":"text","key":"d15673bd430f479d8ff295febe2e4c33","ranges":[{"kind":"range","marks":[],"text":"Return to the previous pop-up window and click the Usage tab. Copy the Issuer value. This is the Identity Provider Entity Id that will be used to configure TigerGraph in an upcoming step."}]}]},{"kind":"block","type":"image","key":"242620049aae4be4a7f3f68fd01e6885","isVoid":true,"data":{"assetID":"-LNkMmqBoBO132KxwsLD"},"nodes":[{"kind":"text","key":"8451bed04e5a480b817911b9ab3f98a1","ranges":[{"kind":"range","marks":[],"text":""}]}]},{"kind":"block","type":"paragraph","key":"2ded45cb5ecd4d49b2c3dba91fc18672","isVoid":false,"data":{},"nodes":[{"kind":"text","key":"5146028d98164500b2567a7a3e9343ca","ranges":[{"kind":"range","marks":[],"text":"Click"},{"kind":"range","marks":[{"kind":"mark","data":{},"type":"bold"}],"text":" "},{"kind":"range","marks":[],"text":"the Settings tab, scroll to the bottom of the pop-up window, and click the SAVE button. Close the pop-up window."}]}]},{"kind":"block","type":"image","key":"ad9452b703b241afb569ab22b69b60a7","isVoid":true,"data":{"assetID":"-LNkMsHeCWa0bTK4O3Sy"},"nodes":[{"kind":"text","key":"9e588a12681d4fae9eed41c919fa524a","ranges":[{"kind":"range","marks":[],"text":""}]}]},{"kind":"block","type":"heading-1","key":"137793af7ded4af994d5ba8ab0bc43c5","isVoid":false,"data":{},"nodes":[{"kind":"text","key":"a380bea879784159aad92e0504919b78","ranges":[{"kind":"range","marks":[{"kind":"mark","data":{},"type":"bold"}],"text":"Enable Single Sign-On in TigerGraph"}]}]},{"kind":"block","type":"heading-2","key":"7262099a98c14f87bbdf4bffd87edd0e","isVoid":false,"data":{},"nodes":[{"kind":"text","key":"8f67dd0d5b3b482fab6d9f825402f0a9","ranges":[{"kind":"range","marks":[],"text":"Prepare certificate and private key on TigerGraph machine"}]}]},{"kind":"block","type":"paragraph","key":"e1cb836d3e3042aeb0ef43047667cf44","isVoid":false,"data":{},"nodes":[{"kind":"text","key":"5f2a5796897144eaae746beb3fe3d7c4","ranges":[{"kind":"range","marks":[],"text":"According to the SAML standard trust model, a self-signed certificate is considered fine. This is different from configuring a SSL connection, where a CA-authorized certificate is considered mandatory if the system goes to production."}]}]},{"kind":"block","type":"paragraph","key":"65eb576793a643cf9ade56d0c54a0438","isVoid":false,"data":{},"nodes":[{"kind":"text","key":"0b2949700e14447e8274ec9c6f1b31b0","ranges":[{"kind":"range","marks":[],"text":"There are multiple ways to create a self-signed certificate.  One example is shown below."}]}]},{"kind":"block","type":"paragraph","key":"a31c3f6452444f3d82c5e5d4aebc0da8","isVoid":false,"data":{},"nodes":[{"kind":"text","key":"6a683431ef7f4d08bbdbfda708399b46","ranges":[{"kind":"range","marks":[],"text":"First, use the following command to generate a private key in PKCS#1 format and a X.509 certificate file. In the example below, the Common Name value should be your server hostname (IP or domain name)."}]}]},{"kind":"block","type":"code","key":"edc8a6cfbc0c4005829ecb38a3829564","isVoid":false,"data":{"syntax":"bash","title":"Self-Signed Certificate generation example using openssl"},"nodes":[{"kind":"block","type":"code-line","key":"7f026b88b6f648aeaf5e57bf95c49496","isVoid":false,"data":{},"nodes":[{"kind":"text","key":"c121c814b2ee4df2b4784991109d4cd7","ranges":[{"kind":"range","marks":[],"text":"$ openssl req -x509 -nodes -days 365 -newkey rsa:2048 -keyout /home/tigergraph/sp-pkcs1.key -out /home/tigergraph/sp.cert"}]}]},{"kind":"block","type":"code-line","key":"7b38b9ccccd440538c81fc8fceb90ac8","isVoid":false,"data":{},"nodes":[{"kind":"text","key":"62e52fe4acd04803ad841919af460bf7","ranges":[{"kind":"range","marks":[],"text":""}]}]},{"kind":"block","type":"code-line","key":"a533ec0024fd4ff4af1d6fd4ae0f84c2","isVoid":false,"data":{},"nodes":[{"kind":"text","key":"e1094a460da84e3aad40155a36e8fbd0","ranges":[{"kind":"range","marks":[],"text":"Generating a 2048 bit RSA private key"}]}]},{"kind":"block","type":"code-line","key":"f6e6e29b0d9c4b19b604fcec5010b09d","isVoid":false,"data":{},"nodes":[{"kind":"text","key":"367b6333931942b3946de90434f45d3d","ranges":[{"kind":"range","marks":[],"text":".................................................................................................................................+++"}]}]},{"kind":"block","type":"code-line","key":"226c3e42951f4a2cb0dc3b659658670d","isVoid":false,"data":{},"nodes":[{"kind":"text","key":"94fbe93b2d7b4299966daa40e61c0ec5","ranges":[{"kind":"range","marks":[],"text":"........+++"}]}]},{"kind":"block","type":"code-line","key":"2455dbf067aa4fd79aa6cc5b2cc90fb9","isVoid":false,"data":{},"nodes":[{"kind":"text","key":"2279fffeab80424e9d6d6a202f45f31b","ranges":[{"kind":"range","marks":[],"text":"writing new private key to '/home/tigergraph/sp-pkcs1.key'"}]}]},{"kind":"block","type":"code-line","key":"70e8fb0a6d394412b114d3ae781f0adf","isVoid":false,"data":{},"nodes":[{"kind":"text","key":"7e2fca02cbd049cbab6399c7b624322e","ranges":[{"kind":"range","marks":[],"text":"-----"}]}]},{"kind":"block","type":"code-line","key":"4848ee565cb947ae8a80895a06837c91","isVoid":false,"data":{},"nodes":[{"kind":"text","key":"cf3d110d94324e009e0006ad9df3dde3","ranges":[{"kind":"range","marks":[],"text":"You are about to be asked to enter information that will be incorporated"}]}]},{"kind":"block","type":"code-line","key":"4bd22f85d86e4a28b89f258f8eba7762","isVoid":false,"data":{},"nodes":[{"kind":"text","key":"bbbb3bf1eb5c443fa57d0ac9da01ce88","ranges":[{"kind":"range","marks":[],"text":"into your certificate request."}]}]},{"kind":"block","type":"code-line","key":"d5d031fd5c0c4985b9c3345c8da9cd2a","isVoid":false,"data":{},"nodes":[{"kind":"text","key":"235e88adade34063bd7c19a862f37ed6","ranges":[{"kind":"range","marks":[],"text":"What you are about to enter is what is called a Distinguished Name or a DN."}]}]},{"kind":"block","type":"code-line","key":"86ba82a6e3e942f39653d438b399a3a1","isVoid":false,"data":{},"nodes":[{"kind":"text","key":"24e5f150a1364748ac9bc97940fa3429","ranges":[{"kind":"range","marks":[],"text":"There are quite a few fields but you can leave some blank"}]}]},{"kind":"block","type":"code-line","key":"5636b347a40e47cdab2e4b3f04c5b338","isVoid":false,"data":{},"nodes":[{"kind":"text","key":"444cb777e304415bbf47bd8fac62e55c","ranges":[{"kind":"range","marks":[],"text":"For some fields there will be a default value,"}]}]},{"kind":"block","type":"code-line","key":"e3c6004c71d145f5a9086be15b9c335c","isVoid":false,"data":{},"nodes":[{"kind":"text","key":"9fe049ad2a6d4ae0958a0e3f1eef1fb3","ranges":[{"kind":"range","marks":[],"text":"If you enter '.', the field will be left blank."}]}]},{"kind":"block","type":"code-line","key":"270ae771bfb24b41bd576ec2598770f9","isVoid":false,"data":{},"nodes":[{"kind":"text","key":"c0f62ab74d684d34be85be97ae2e61bd","ranges":[{"kind":"range","marks":[],"text":"-----"}]}]},{"kind":"block","type":"code-line","key":"7a99152639254a2bbcda764ef32401d8","isVoid":false,"data":{},"nodes":[{"kind":"text","key":"c0d88cda74f641bc8b9bba51988ccb2d","ranges":[{"kind":"range","marks":[],"text":"Country Name (2 letter code) [AU]:US"}]}]},{"kind":"block","type":"code-line","key":"4550cee97bf14b60b2f2921d68807f8f","isVoid":false,"data":{},"nodes":[{"kind":"text","key":"d4741df8f5dd4637968f17c0d34be1fc","ranges":[{"kind":"range","marks":[],"text":"State or Province Name (full name) [Some-State]:California"}]}]},{"kind":"block","type":"code-line","key":"3cdc80f06c8f469884778e3b3d374bc7","isVoid":false,"data":{},"nodes":[{"kind":"text","key":"44bd3f175f0f438894f63ee1da930e87","ranges":[{"kind":"range","marks":[],"text":"Locality Name (eg, city) []:Redwood City"}]}]},{"kind":"block","type":"code-line","key":"5eb1be0f91f348ef8692c70610050cda","isVoid":false,"data":{},"nodes":[{"kind":"text","key":"4718bcf3cfeb4c56af14eef565b7a405","ranges":[{"kind":"range","marks":[],"text":"Organization Name (eg, company) [Internet Widgits Pty Ltd]:TigerGraph Inc."}]}]},{"kind":"block","type":"code-line","key":"f8a208e80b644790bd81b8aba784864b","isVoid":false,"data":{},"nodes":[{"kind":"text","key":"cdf51924c8bd4304be43c4c7edc447ac","ranges":[{"kind":"range","marks":[],"text":"Organizational Unit Name (eg, section) []:GLE   "}]}]},{"kind":"block","type":"code-line","key":"e227512b8f9444708e26a043048a359d","isVoid":false,"data":{},"nodes":[{"kind":"text","key":"1cadb4b0cede4756a427c2fdbad70d11","ranges":[{"kind":"range","marks":[],"text":"Common Name (e.g. server FQDN or YOUR name) []: tigergraph-machine-hostname"}]}]},{"kind":"block","type":"code-line","key":"18f6a3b9b40f4264922e582d8b69db36","isVoid":false,"data":{},"nodes":[{"kind":"text","key":"b7ca502f5a624ba9b363ad1067a1497f","ranges":[{"kind":"range","marks":[],"text":"Email Address []:support@tigergraph.com"}]}]}]},{"kind":"block","type":"paragraph","key":"af52c9d22db6410d91b8de1adcf56ed5","isVoid":false,"data":{},"nodes":[{"kind":"text","key":"0a15b84c3354456d925b80f3e274b34c","ranges":[{"kind":"range","marks":[],"text":" Second, convert your private key from PKCS#1 format to PKCS#8 format:"}]}]},{"kind":"block","type":"code","key":"f0a16470a9c348858a1e9b972c2b6e13","isVoid":false,"data":{"syntax":"text"},"nodes":[{"kind":"block","type":"code-line","key":"1749247fb69644a89141ca84287da7a0","isVoid":false,"data":{},"nodes":[{"kind":"text","key":"da5678c94ab84406af923571df276e6d","ranges":[{"kind":"range","marks":[],"text":"openssl pkcs8 -topk8 -inform pem -nocrypt -in /home/tigergraph/sp-pkcs1.key -outform pem -out /home/tigergraph/sp.pem"}]}]}]},{"kind":"block","type":"paragraph","key":"b38e3f4887b24e76bb50849628aaf519","isVoid":false,"data":{},"nodes":[{"kind":"text","key":"b101c16e54e1407ab3c96afcfa688296","ranges":[{"kind":"range","marks":[],"text":"Finally, change the certificate and private key file to have permission 600 or less. (The tigergraph user can read or write the file; no other user has any permission.)"}]}]},{"kind":"block","type":"code","key":"764bd0270d2047048c2bc8420fe40a81","isVoid":false,"data":{"syntax":"text"},"nodes":[{"kind":"block","type":"code-line","key":"4a77ae1356b248078501731d5f030ade","isVoid":false,"data":{},"nodes":[{"kind":"text","key":"edc2e2201d5b40bdb1116e8c15080ae9","ranges":[{"kind":"range","marks":[],"text":"chmod 600 /home/tigergraph/sp.*"}]}]}]},{"kind":"block","type":"heading-2","key":"b64ecc43f72a46a28bc3aa616fd6d830","isVoid":false,"data":{},"nodes":[{"kind":"text","key":"d2910e05c96046029550dc1c3969f486","ranges":[{"kind":"range","marks":[],"text":"Enable and configure Single Sign-On Using Gadmin"}]}]},{"kind":"block","type":"paragraph","key":"415799028aeb4b6a91ad9f3f01c23f47","isVoid":false,"data":{},"nodes":[{"kind":"text","key":"fb77059678b544e3b46480ff47142e17","ranges":[{"kind":"range","marks":[],"text":"From a TigerGraph machine, run the following command: gadmin config entry Security.SSO.SAML"}]}]},{"kind":"block","type":"paragraph","key":"56acaed7cf214ad3a66efdebd2c3d965","isVoid":false,"data":{},"nodes":[{"kind":"text","key":"53de1a3064874f739870d6b9a5dd6c20","ranges":[{"kind":"range","marks":[],"text":"Answering the questions is straightforward; an example is shown below."}]}]},{"kind":"block","type":"hint","key":"df64320e50664fb581dd22a2d743454c","isVoid":false,"data":{"style":"info"},"nodes":[{"kind":"block","type":"paragraph","key":"c4850adf60fd477b8a546b959d42b884","isVoid":false,"data":{},"nodes":[{"kind":"text","key":"5cfd9857a079479f9133018fd85bb393","ranges":[{"kind":"range","marks":[],"text":"Since v2.3, the requirements for the Security.SSO.SAML.SP.Hostname parameter changed. The url must be a full url, starting with protocol (such as http) and ending with port number."}]}]}]},{"kind":"block","type":"code","key":"2f7aac29ecb14da1ac379b7a69aaa5f5","isVoid":false,"data":{"syntax":"text","title":"configure sso.saml example"},"nodes":[{"kind":"block","type":"code-line","key":"bd3d8f14b390487eba5b43f82c873bb6","isVoid":false,"data":{},"nodes":[{"kind":"text","key":"d4d89ed907234cde8a036f45cf631948","ranges":[{"kind":"range","marks":[],"text":"$ gadmin config entry Security.SSO.SAML"}]}]},{"kind":"block","type":"code-line","key":"209e5023f195499aaecfada43344d74d","isVoid":false,"data":{},"nodes":[{"kind":"text","key":"6e562cc8737a433985746eaf8d174dd5","ranges":[{"kind":"range","marks":[],"text":""}]}]},{"kind":"block","type":"code-line","key":"bc22eb91977547ba9cb90e9d04b0e345","isVoid":false,"data":{},"nodes":[{"kind":"text","key":"0cbd93f670d8484a91db3b63615f7e77","ranges":[{"kind":"range","marks":[],"text":"Security.SSO.SAML.Enable [ false ]: Enable SAML2-based SSO: default false"}]}]},{"kind":"block","type":"code-line","key":"acb746e071004258b68445469f3930e6","isVoid":false,"data":{},"nodes":[{"kind":"text","key":"2ae2e6b48fbe402ca95d30bc6b837d96","ranges":[{"kind":"range","marks":[],"text":"New: true"}]}]},{"kind":"block","type":"code-line","key":"aae0324e06614229ac2ca8ed8e2e0b56","isVoid":false,"data":{},"nodes":[{"kind":"text","key":"1a36f970f984435d9bd748a573d5ae6b","ranges":[{"kind":"range","marks":[],"text":""}]}]},{"kind":"block","type":"code-line","key":"60252aa00922470a9890cb069445805f","isVoid":false,"data":{},"nodes":[{"kind":"text","key":"8c03b12df72143578bb8ea4e4af94f55","ranges":[{"kind":"range","marks":[],"text":"Security.SSO.SAML.AuthnRequestSigned [ true ]: Sign AuthnRequests before sending to Identity Provider: default true"}]}]},{"kind":"block","type":"code-line","key":"374b81e626e843a6903445f01f21fd96","isVoid":false,"data":{},"nodes":[{"kind":"text","key":"ffb0696f64004271ad0f053401185aae","ranges":[{"kind":"range","marks":[],"text":"New: true"}]}]},{"kind":"block","type":"code-line","key":"25c09056f2cf4827845c3b65d3efeee7","isVoid":false,"data":{},"nodes":[{"kind":"text","key":"08c166668df4435dba8a63a399762090","ranges":[{"kind":"range","marks":[],"text":""}]}]},{"kind":"block","type":"code-line","key":"0b76f7a3251243339d52bfe26faa1198","isVoid":false,"data":{},"nodes":[{"kind":"text","key":"627c92c3689e47bdad7cd605c37b1bd2","ranges":[{"kind":"range","marks":[],"text":"Security.SSO.SAML.AssertionSigned [ true ]: Require Identity Provider to sign assertions: default true"}]}]},{"kind":"block","type":"code-line","key":"9623e9b9568c47d38b081726a3aa7ab3","isVoid":false,"data":{},"nodes":[{"kind":"text","key":"543624b7dead4545a9484b68d4c25b6e","ranges":[{"kind":"range","marks":[],"text":"New: true"}]}]},{"kind":"block","type":"code-line","key":"2f2d0e0aa3434bddb59b8574250833a3","isVoid":false,"data":{},"nodes":[{"kind":"text","key":"8d8e8b7b03964ef8885266fefe93ce7c","ranges":[{"kind":"range","marks":[],"text":""}]}]},{"kind":"block","type":"code-line","key":"a9e3b9d31d414c5db4e3a66428be7772","isVoid":false,"data":{},"nodes":[{"kind":"text","key":"fd4518ef973e4a4b9bfb9b4914246831","ranges":[{"kind":"range","marks":[],"text":"Security.SSO.SAML.ResponseSigned [ true ]: Require Identity Provider to sign SAML responses: default true"}]}]},{"kind":"block","type":"code-line","key":"6c0f57756f7d4f08bd56a625e73182a5","isVoid":false,"data":{},"nodes":[{"kind":"text","key":"a00219b7a8424165a9620c2d3f3e4af5","ranges":[{"kind":"range","marks":[],"text":"New: false"}]}]},{"kind":"block","type":"code-line","key":"5443ab250a0b4383bed7fc2e3078640a","isVoid":false,"data":{},"nodes":[{"kind":"text","key":"d96d16b3585e4948a8f39e53e31a5333","ranges":[{"kind":"range","marks":[],"text":""}]}]},{"kind":"block","type":"code-line","key":"dcdc2b8c745c447087dd4c6f0d0d3da9","isVoid":false,"data":{},"nodes":[{"kind":"text","key":"f271bf79b2724b72aa5fdc29d4d7b5f8","ranges":[{"kind":"range","marks":[],"text":"Security.SSO.SAML.MetadataSigned [ true ]: Sign Metadata: default true"}]}]},{"kind":"block","type":"code-line","key":"bb47765bc5374ef997e9f2f4719a7103","isVoid":false,"data":{},"nodes":[{"kind":"text","key":"b58ce2e1a557446e88dea7cb65f86c49","ranges":[{"kind":"range","marks":[],"text":"New: true"}]}]},{"kind":"block","type":"code-line","key":"ad68e33ebfc141388bf8c14dfa9a34ce","isVoid":false,"data":{},"nodes":[{"kind":"text","key":"bd6778b8ab4b4ec78439cfe59f8f9c66","ranges":[{"kind":"range","marks":[],"text":""}]}]},{"kind":"block","type":"code-line","key":"976790fbccef4ca2859d6b9338cfd435","isVoid":false,"data":{},"nodes":[{"kind":"text","key":"48a43d8f3e744ec794d1dde9b61c68c7","ranges":[{"kind":"range","marks":[],"text":"Security.SSO.SAML.SignatureAlgorithm [ rsa-sha256 ]: Signiture algorithm [rsa-sha1/rsa-sha256/rsa-sha384/rsa-sha512]: default rsa-sha256"}]}]},{"kind":"block","type":"code-line","key":"07921595e9a149c681dc98bb5b8ee4a1","isVoid":false,"data":{},"nodes":[{"kind":"text","key":"04ecb06fdbc049cead1cd99953a56ade","ranges":[{"kind":"range","marks":[],"text":"New: rsa-sha256"}]}]},{"kind":"block","type":"code-line","key":"ba7122ec61854af59eab01da2e5efa23","isVoid":false,"data":{},"nodes":[{"kind":"text","key":"f9eed879b75b4d37b92aec2f3353ea6a","ranges":[{"kind":"range","marks":[],"text":""}]}]},{"kind":"block","type":"code-line","key":"2abf522be89d40eeb90bcbb061d11a13","isVoid":false,"data":{},"nodes":[{"kind":"text","key":"38bce5fcf5e9445ab27cb856071f18c3","ranges":[{"kind":"range","marks":[],"text":"Security.SSO.SAML.BuiltinUser [ __GSQL__saml ]: The builtin user for SAML"}]}]},{"kind":"block","type":"code-line","key":"f3b9815935b842ec8bd87cbea6e3f831","isVoid":false,"data":{},"nodes":[{"kind":"text","key":"56bc426b80824a1a8c77cb0b9c2be789","ranges":[{"kind":"range","marks":[],"text":"New: __GSQL__saml"}]}]},{"kind":"block","type":"code-line","key":"1a0b51185ea7482b9f2da304670c797c","isVoid":false,"data":{},"nodes":[{"kind":"text","key":"bdbc8d4950a94d2fb6a70f0e3910d851","ranges":[{"kind":"range","marks":[],"text":""}]}]},{"kind":"block","type":"code-line","key":"6d111500fb9a45fdb864d35c14ea3f98","isVoid":false,"data":{},"nodes":[{"kind":"text","key":"707f1e14ccd648489c0debb9847a11ef","ranges":[{"kind":"range","marks":[],"text":"Security.SSO.SAML.RequestedAuthnContext [  ]: Authentication context (comma separate multiple values)"}]}]},{"kind":"block","type":"code-line","key":"0944a41164714134b4be8b78d811850c","isVoid":false,"data":{},"nodes":[{"kind":"text","key":"fad773a63aa74c67859c85ffd0ffb99f","ranges":[{"kind":"range","marks":[],"text":"New: urn:oasis:names:tc:SAML:2.0:ac:classes:Password"}]}]},{"kind":"block","type":"code-line","key":"7aa8416a74f94c688317fd15c226fb57","isVoid":false,"data":{},"nodes":[{"kind":"text","key":"73d80abd26aa411fa781bc87aea81374","ranges":[{"kind":"range","marks":[],"text":""}]}]},{"kind":"block","type":"code-line","key":"389988c24ebb4f8fa854895b40ca5420","isVoid":false,"data":{},"nodes":[{"kind":"text","key":"1a49f4c65e45434096cef79b812f0486","ranges":[{"kind":"range","marks":[],"text":"Security.SSO.SAML.SP.Hostname [ http://127.0.0.1:14240 ]: TigerGraph Service Provider URL: default http://127.0.0.1:14240"}]}]},{"kind":"block","type":"code-line","key":"ca5350e77d26496495837da2bdd2f10d","isVoid":false,"data":{},"nodes":[{"kind":"text","key":"1323485eb93e412185763a6522fc45a9","ranges":[{"kind":"range","marks":[],"text":"New: http://localhost:14240"}]}]},{"kind":"block","type":"code-line","key":"a4421432e53545b8b88a70cab2ea9e6d","isVoid":false,"data":{},"nodes":[{"kind":"text","key":"5081646e49104608a2f0cd056524c8e7","ranges":[{"kind":"range","marks":[],"text":""}]}]},{"kind":"block","type":"code-line","key":"6d6c646c90674f588469c40c386e3257","isVoid":false,"data":{},"nodes":[{"kind":"text","key":"0568790518294d7799df34a6616af77c","ranges":[{"kind":"range","marks":[],"text":"Security.SSO.SAML.SP.X509Cert [  ]: Absolute Path to host machine's x509 Certificate filepath: default empty"}]}]},{"kind":"block","type":"code-line","key":"bbb1e818d85c405a80e5b573910fab36","isVoid":false,"data":{},"nodes":[{"kind":"text","key":"50f5e5baff9e4c32a34a21a2ad5e6e4c","ranges":[{"kind":"range","marks":[],"text":"New: /home/tigergraph/sp.cert"}]}]},{"kind":"block","type":"code-line","key":"f3235f4ca4ff4675afc6748bf2fa53b0","isVoid":false,"data":{},"nodes":[{"kind":"text","key":"671973765c2f4295a66bf10bff2b90d6","ranges":[{"kind":"range","marks":[],"text":""}]}]},{"kind":"block","type":"code-line","key":"7877dd9415a34b1c8c1d87e5427ea1b2","isVoid":false,"data":{},"nodes":[{"kind":"text","key":"3ef9620e364146d8a6dc9c104d5097ab","ranges":[{"kind":"range","marks":[],"text":"Security.SSO.SAML.SP.PrivateKey [  ]: Absolute Path to host machine's private key filepath. Require PKCS#8 format (start with \"BEGIN PRIVATE KEY\")."}]}]},{"kind":"block","type":"code-line","key":"f9518a16be8b4cce806739b3eddbf12a","isVoid":false,"data":{},"nodes":[{"kind":"text","key":"9d304b6b60694d4194078f76f9b36c8b","ranges":[{"kind":"range","marks":[],"text":"New: /home/tigergraph/sp.pem"}]}]},{"kind":"block","type":"code-line","key":"29b3ef5efd20402bbc8903a5082742af","isVoid":false,"data":{},"nodes":[{"kind":"text","key":"72695145e31e418691d7d68ce3ca93a3","ranges":[{"kind":"range","marks":[],"text":""}]}]},{"kind":"block","type":"code-line","key":"da4390ba784842a997eddb21f3089b29","isVoid":false,"data":{},"nodes":[{"kind":"text","key":"f27ff377e32d41a4ba2b31e6e3eca3e4","ranges":[{"kind":"range","marks":[],"text":"Security.SSO.SAML.IDP.EntityId [ http://idp.example.com ]: Identity Provider Entity ID: default http://idp.example.com"}]}]},{"kind":"block","type":"code-line","key":"8b1d862749874196ae2e7b8b47f446d5","isVoid":false,"data":{},"nodes":[{"kind":"text","key":"c76c706ec1434021ac3fca86e243861b","ranges":[{"kind":"range","marks":[],"text":"New: http://idp.example.com"}]}]},{"kind":"block","type":"code-line","key":"bf6db6ee0cb74281949c6583951786b4","isVoid":false,"data":{},"nodes":[{"kind":"text","key":"deb946f7f56f4be7b9cb47d9acf457ac","ranges":[{"kind":"range","marks":[],"text":""}]}]},{"kind":"block","type":"code-line","key":"fb9ca04879554f1da7a1dfd06adecfb3","isVoid":false,"data":{},"nodes":[{"kind":"text","key":"7ac20d1c79e047099d2ba9d54293163e","ranges":[{"kind":"range","marks":[],"text":"Security.SSO.SAML.IDP.SSOUrl [ http://idp.example.com/sso/saml ]: Single Sign-On URL: default http://idp.example.com/sso/saml"}]}]},{"kind":"block","type":"code-line","key":"6b132631a84c45ebbe211ac5427b6472","isVoid":false,"data":{},"nodes":[{"kind":"text","key":"58075812471347bdaacb7ab4d26b9137","ranges":[{"kind":"range","marks":[],"text":"New: http://idp.example.com/sso/saml"}]}]},{"kind":"block","type":"code-line","key":"c8c7b5e4f9ac4299b113f78db8831b96","isVoid":false,"data":{},"nodes":[{"kind":"text","key":"a2d33a0625424dc885d7de194458e8d3","ranges":[{"kind":"range","marks":[],"text":""}]}]},{"kind":"block","type":"code-line","key":"a18e5e1aff294b0698d2940b6ef4f64c","isVoid":false,"data":{},"nodes":[{"kind":"text","key":"121e88c0c40447bea33f1d7c2e6bd042","ranges":[{"kind":"range","marks":[],"text":"Security.SSO.SAML.IDP.X509Cert [  ]: Identity Provider's x509 Certificate filepath: default empty"}]}]},{"kind":"block","type":"code-line","key":"3dbc3916109640f7a73ea67e47873a6a","isVoid":false,"data":{},"nodes":[{"kind":"text","key":"90de7d7c104b4ed5b617a935b2237707","ranges":[{"kind":"range","marks":[],"text":"New: /home/tigergraph/idp.cert"}]}]}]},{"kind":"block","type":"paragraph","key":"d69733b5f47d4e678ba4eaadf8e4877f","isVoid":false,"data":{},"nodes":[{"kind":"text","key":"deb60b44ecea40feabbcfb96bc5f47af","ranges":[{"kind":"range","marks":[],"text":"The reason we change Security.SSO.SAML.ResponseSigned to false is because some identity providers (e.g., Auth0) don't support signed assertion and response at the same time. If your identity provider supports signing both, we strongly suggest you leave it as true."}]}]},{"kind":"block","type":"paragraph","key":"6e060a0fc78e4e4cb7f80dfb45e787cd","isVoid":false,"data":{},"nodes":[{"kind":"text","key":"d7f1433cac3f4862abe1811b9455ac03","ranges":[{"kind":"range","marks":[],"text":"After making the configuration settings, apply the config changes, and restart gsql."}]}]},{"kind":"block","type":"code","key":"8c486285bade4d319e56431867a3a67e","isVoid":false,"data":{"syntax":"text"},"nodes":[{"kind":"block","type":"code-line","key":"05563a1a04a94f1e9a76a856f258764c","isVoid":false,"data":{},"nodes":[{"kind":"text","key":"9090c95376634cc9bf811427bc81126e","ranges":[{"kind":"range","marks":[],"text":"$ gadmin config apply -y"}]}]},{"kind":"block","type":"code-line","key":"7dab9d6ef0a0434297ff7ed258c9b582","isVoid":false,"data":{},"nodes":[{"kind":"text","key":"b4be0ec22c5e435e95e8e1f004322191","ranges":[{"kind":"range","marks":[],"text":"$ gadmin restart gsql -y"}]}]}]},{"kind":"block","type":"heading-1","key":"29e2c49cf53c4537bd89b171c872589e","isVoid":false,"data":{},"nodes":[{"kind":"text","key":"b90c8b9197db408aac84982e3470ab95","ranges":[{"kind":"range","marks":[{"kind":"mark","data":{},"type":"bold"}],"text":"Create user groups with proxy rules to authorize Single Sign-On users"}]}]},{"kind":"block","type":"paragraph","key":"2a907c2e50754342898b25fe8e3a3480","isVoid":false,"data":{},"nodes":[{"kind":"text","key":"16e4dfb16ebb4a7fa6711243930075d6","ranges":[{"kind":"range","marks":[],"text":"In order to authorize Single Sign-On users, you need create user groups in GSQL with proxy rules and grant roles on graphs for the user groups."}]}]},{"kind":"block","type":"paragraph","key":"479b853ba08f494a899031da6a605ff2","isVoid":false,"data":{},"nodes":[{"kind":"text","key":"087e574c3cda4c3aba6ff6fcd6380f30","ranges":[{"kind":"range","marks":[],"text":"In TigerGraph Single Sign-On, we support two types of proxy rules. The first type is nameid equations; the second type is attribute equations. Attribute equations are more commonly used because usually user group information is transferred as attributes to your identity provider SAML assertions. In the Okta identity provider configuration example, it is transferred by the attribute statement named group . By granting roles to a user group, all users matching the proxy rule will be granted all the privileges of that role.  In some cases if you want to grant one specific Single Sign-On user some privilege, you can use a nameid equation to do so."}]}]},{"kind":"block","type":"heading-2","key":"fce7c854d28c41cc91f5c95824e49623","isVoid":false,"data":{},"nodes":[{"kind":"text","key":"51d1b79c612047a3a0c4efc947596fad","ranges":[{"kind":"range","marks":[],"text":"Single User Proxy"}]}]},{"kind":"block","type":"paragraph","key":"33359a8332534f2396b55b0b2df428da","isVoid":false,"data":{},"nodes":[{"kind":"text","key":"fd812e385fbb4b5d961b1245b085eae5","ranges":[{"kind":"range","marks":[],"text":"For example, if you want to create a user group SuperUserGroup that contains the user with nameid admin@your.company.com only, and grant superuser role to that user, you can do so with the following command:"}]}]},{"kind":"block","type":"code","key":"362c6618577f4c7a9f18b827122c99ea","isVoid":false,"data":{"syntax":"text"},"nodes":[{"kind":"block","type":"code-line","key":"457865d50c804cc7b956825f1daf9ce5","isVoid":false,"data":{},"nodes":[{"kind":"text","key":"ff7038882ebb4b0dbbcd6c8aa9fdfcbe","ranges":[{"kind":"range","marks":[],"text":"GSQL > CREATE GROUP SuperUserGroup PROXY \"nameid=admin@your.company.com\""}]}]},{"kind":"block","type":"code-line","key":"e4c065dca7ff4ef0928765315e82805c","isVoid":false,"data":{},"nodes":[{"kind":"text","key":"1dee0a04bda84a3eaa5131ac2ca851ac","ranges":[{"kind":"range","marks":[],"text":"GSQL > GRANT ROLE superuser TO SuperUserGroup"}]}]},{"kind":"block","type":"code-line","key":"1969a6b9b24b4d5691e17a11a442fe47","isVoid":false,"data":{},"nodes":[{"kind":"text","key":"0aa3c83cd3da4e49bac624eb3741e106","ranges":[{"kind":"range","marks":[],"text":"Role \"superuser\" is successfully granted to user(s): SuperUserGroup"}]}]}]},{"kind":"block","type":"heading-2","key":"e76d153788424586979f1edef751e107","isVoid":false,"data":{},"nodes":[{"kind":"text","key":"c30b9ed9283e44f18b3ae8f44589590f","ranges":[{"kind":"range","marks":[],"text":"User Group Proxy"}]}]},{"kind":"block","type":"paragraph","key":"1782d1da38cf469d99c888c8affc02ef","isVoid":false,"data":{},"nodes":[{"kind":"text","key":"e7e7b100a5be434a82af3f896d3802f0","ranges":[{"kind":"range","marks":[],"text":"Suppose you want to create a user group HrDepartment which corresponds to the identity provider Single Sign-On users having the group attribute value \"hr-department\", and want to grant the queryreader role to that group on the graph HrGraph:"}]}]},{"kind":"block","type":"code","key":"2dc0922e959c44f886bef678fe609771","isVoid":false,"data":{"syntax":"text"},"nodes":[{"kind":"block","type":"code-line","key":"23c7a52749484da28bd3be5e4495184c","isVoid":false,"data":{},"nodes":[{"kind":"text","key":"27008491aef44726a5bf25f28dcbca1b","ranges":[{"kind":"range","marks":[],"text":"GSQL > CREATE GROUP HrDepartment PROXY \"group=hr-department\""}]}]},{"kind":"block","type":"code-line","key":"1bd258fc5ef2447c8b9bc1dad8fbafff","isVoid":false,"data":{},"nodes":[{"kind":"text","key":"daff987312e741e2b9759666350b45e2","ranges":[{"kind":"range","marks":[],"text":"GSQL > GRANT ROLE queryreader ON GRAPH HrGraph TO HrDepartment"}]}]},{"kind":"block","type":"code-line","key":"b3f6c85896b24c4da150f9517bf42c78","isVoid":false,"data":{},"nodes":[{"kind":"text","key":"1e5e8aab3f6b424eb8da6248c12e572d","ranges":[{"kind":"range","marks":[],"text":"Role \"queryreader\" is successfully granted to user(s): HrDepartment"}]}]}]},{"kind":"block","type":"heading-1","key":"d80e4af2db0e47aa94b7032c41ffd08b","isVoid":false,"data":{},"nodes":[{"kind":"text","key":"e7a8f7a701194daca886a1b130cab991","ranges":[{"kind":"range","marks":[{"kind":"mark","data":{},"type":"bold"}],"text":"Change Password Of Default User"}]}]},{"kind":"block","type":"paragraph","key":"7eb14d004057433ebb97eabad5817450","isVoid":false,"data":{},"nodes":[{"kind":"text","key":"f7fb1606e9194a0e8980b851a2423861","ranges":[{"kind":"range","marks":[],"text":"Don't forget to enable User Authorization in TigerGraph by changing the password of the default superuser tigergraph to other than its default value. If you do not change the password, then every time you visit the GraphStudio UI, you will automatically log in as the superuser tigergraph."}]}]},{"kind":"block","type":"code","key":"a5268d0dbe1544c1950a58984a75545f","isVoid":false,"data":{"syntax":"text"},"nodes":[{"kind":"block","type":"code-line","key":"f56899cf22cf46e7a5baa85e7e54d23d","isVoid":false,"data":{},"nodes":[{"kind":"text","key":"e14824d23a9f4fedb0c3712af098d39d","ranges":[{"kind":"range","marks":[],"text":"GSQL > change password"}]}]},{"kind":"block","type":"code-line","key":"25400ec9a8ab4b89bfd056b910aec104","isVoid":false,"data":{},"nodes":[{"kind":"text","key":"fde2f7d602f24f74b5cd07171141104f","ranges":[{"kind":"range","marks":[],"text":"New Password : ********"}]}]},{"kind":"block","type":"code-line","key":"814bd6f5ecd6447ab7c4e7fdd6955be5","isVoid":false,"data":{},"nodes":[{"kind":"text","key":"20c9cb257d73445bb7739c82a3813cb8","ranges":[{"kind":"range","marks":[],"text":"Re-enter Password : ********"}]}]},{"kind":"block","type":"code-line","key":"cbaf1482b5d649a0b734f9dc53cfef2d","isVoid":false,"data":{},"nodes":[{"kind":"text","key":"2c2f2e38999e47518451359acc81034b","ranges":[{"kind":"range","marks":[],"text":"Password has been changed."}]}]},{"kind":"block","type":"code-line","key":"62e3ad9bdaa546acaf10918b39abc55c","isVoid":false,"data":{},"nodes":[{"kind":"text","key":"e58e29a402e24f8faf410881705c23af","ranges":[{"kind":"range","marks":[],"text":"GSQL > exit"}]}]}]},{"kind":"block","type":"heading-1","key":"10e9406c858e43b7af0037f063ee57bc","isVoid":false,"data":{},"nodes":[{"kind":"text","key":"a4c4f6c529404cf19cf4f5ae98448f81","ranges":[{"kind":"range","marks":[],"text":"Testing Single Sign-On"}]}]},{"kind":"block","type":"paragraph","key":"d094dde38ce54b77bcb7b89f08bb6afd","isVoid":false,"data":{},"nodes":[{"kind":"text","key":"ee21bc93b24545c38b9720774007ea0f","ranges":[{"kind":"range","marks":[],"text":"Now you have finished all configurations for Single Sign-On. Let's test it."}]}]},{"kind":"block","type":"paragraph","key":"a666d2f00a8e49d2b822f04ec70f80ae","isVoid":false,"data":{},"nodes":[{"kind":"text","key":"eea1ac2214f7480e84095c55c394bcec","ranges":[{"kind":"range","marks":[],"text":"Visit the GraphStudio UI in your browser. You should see a Login with SSO button appear on top of the login panel:"}]}]},{"kind":"block","type":"image","key":"8e38d4aa49594552b0aadcd8e8915616","isVoid":true,"data":{"assetID":"-LNkMzgO_lAPnqUtGQVs"},"nodes":[{"kind":"text","key":"9326a35e7c2d4f6f8db1d2ce88c447ec","ranges":[{"kind":"range","marks":[],"text":""}]}]},{"kind":"block","type":"paragraph","key":"dc24f76b305040709569139f2491c68d","isVoid":false,"data":{},"nodes":[{"kind":"text","key":"581332d0c2c64c668dd7ce283e0569a0","ranges":[{"kind":"range","marks":[],"text":"Clicking the button will navigate to your identity provider's login portal. If you have already logged in there, you will be redirected back to GraphStudio immediately. After about 10 seconds, the verification should finish, and you are authorized to use GraphStudio. If you haven't login at your identity provider yet, you will need to log in there. After logging in successfully, you will see your Single Sign-On username when you click the User icon "}]},{"kind":"inline","type":"inline-image","key":"cfebbac4452f42938b29cb90ae96c7b1","isVoid":true,"data":{"src":"https://doc.tigergraph.com/attachments/517668909/523108396.png?width=24","caption":"","size":"line","assetID":"-LNp4X0NKNxOvhI6ZPiM"},"nodes":[{"kind":"text","key":"105ecf29dc9b4c779ad6b1cd4240a0b7","ranges":[{"kind":"range","marks":[],"text":""}]}]},{"kind":"text","key":"0eb1ca56be1040689b545587d0f3ecf6","ranges":[{"kind":"range","marks":[],"text":" at the upper right of the GraphStudio UI."}]}]},{"kind":"block","type":"image","key":"4f6cd30bb3ad4196a247bd077bdfed8b","isVoid":true,"data":{"assetID":"-LNkN4AymhmcTIw9dtTu"},"nodes":[{"kind":"text","key":"1a42ffdfb26c4d1797f2abf4eed485ed","ranges":[{"kind":"range","marks":[],"text":""}]}]},{"kind":"block","type":"paragraph","key":"57e02af46bf04eebbe8477b46368889a","isVoid":false,"data":{},"nodes":[{"kind":"text","key":"f659e536eada41ecbe9a3aae1f5aa421","ranges":[{"kind":"range","marks":[],"text":"If after redirecting back to GraphStudio, you return to the login page with the error message shown below, that means the Single Sign-On user doesn't have access to any graph. Please double check your user group proxy rules, and roles you have granted to the groups."}]}]},{"kind":"block","type":"image","key":"0bdc745c14a74c02a71212b4adbe4ab7","isVoid":true,"data":{"assetID":"-LNkNAIIAjDzgcQau0pz"},"nodes":[{"kind":"text","key":"c17b4147a1744809918ee5364c8c9cc9","ranges":[{"kind":"range","marks":[],"text":""}]}]},{"kind":"block","type":"paragraph","key":"8b8c11e9061a487ab6f838bda14124d7","isVoid":false,"data":{},"nodes":[{"kind":"text","key":"79ad97a0aced427c93b5fc6e6e97dec1","ranges":[{"kind":"range","marks":[],"text":"If your Single Sign-On fails with error message show below, that means either some configuration is inconsistent between TigerGraph and your identity provider, or something unexpected happened."}]}]},{"kind":"block","type":"image","key":"7732facd22ef4324bac4924bbc6b092b","isVoid":true,"data":{"assetID":"-LNkNFwFVd2K18MyM6rR"},"nodes":[{"kind":"text","key":"7b03b110eb3542158504509327390774","ranges":[{"kind":"range","marks":[],"text":""}]}]},{"kind":"block","type":"paragraph","key":"3120e86f5fd14273b209b6f110d75cde","isVoid":false,"data":{},"nodes":[{"kind":"text","key":"0e0f30b64eba42e081a8fc077f7fa9c3","ranges":[{"kind":"range","marks":[],"text":"You can check your GSQL log to investigate. First, find your GSQL log file with the following:"}]}]},{"kind":"block","type":"code","key":"aa324ad235d044cc8b6856f6a4c194f2","isVoid":false,"data":{"syntax":"text"},"nodes":[{"kind":"block","type":"code-line","key":"1a3ad014c77a4528b465467d3a67f6f6","isVoid":false,"data":{},"nodes":[{"kind":"text","key":"4e9b80a1554043d3a4c3f0d31ffebd92","ranges":[{"kind":"range","marks":[],"text":"$ gadmin log gsql | grep GSQL"}]}]},{"kind":"block","type":"code-line","key":"ef2ddc6029e2451ca762b52417c7a377","isVoid":false,"data":{},"nodes":[{"kind":"text","key":"26e782003a1f44ecb2263cdf9612a711","ranges":[{"kind":"range","marks":[],"text":"GSQL   : /home/tigergraph/tigergraph/log/gsql/GSQL#1.out"}]}]}]},{"kind":"block","type":"paragraph","key":"e7ad3253544d4cf79d598dbda0e2fad3","isVoid":false,"data":{},"nodes":[{"kind":"text","key":"063df8a8eb8f42ddad93759ae0e134f9","ranges":[{"kind":"range","marks":[],"text":" Then, grep the SAML authentication-related logs:"}]}]},{"kind":"block","type":"code","key":"5ea57c9f1aa849c7a26fd0f68419c031","isVoid":false,"data":{"syntax":"bash"},"nodes":[{"kind":"block","type":"code-line","key":"04355e1aa1f64b5fb85fd2257e10a7e9","isVoid":false,"data":{},"nodes":[{"kind":"text","key":"4019d13b5d0c47b69dfaaa3ea615f622","ranges":[{"kind":"range","marks":[],"text":"cat /home/tigergraph/tigergraph/log/gsql/GSQL#1.out | grep SAMLAuth"}]}]}]},{"kind":"block","type":"paragraph","key":"ffb6b82d64f84873ad5fa37e4e4c615d","isVoid":false,"data":{},"nodes":[{"kind":"text","key":"83c56ba5ac8d430c89429b3970702b49","ranges":[{"kind":"range","marks":[],"text":" Focus on the latest errors. Usually the text is self-descriptive. Follow the error message and try to fix TigerGraph or your identity provider's configuration. If you encounter any errors that are not clear, please contact "}]},{"kind":"inline","type":"link","key":"9c8d4ea05ffd47638bc7a59c62dd6c36","isVoid":false,"data":{"href":"mailto:support@tigergraph.com"},"nodes":[{"kind":"text","key":"8e96d7f56da94ff982b8b7bc8c1584f2","ranges":[{"kind":"range","marks":[],"text":"support@tigergraph.com "}]}]},{"kind":"text","key":"d18b51ed50504b2ab653f19a1e5dc18b","ranges":[{"kind":"range","marks":[],"text":"."}]}]}]}}