{"format_version":1,"document":{"kind":"document","key":"4","data":{"schema_version":6},"nodes":[{"kind":"block","type":"heading-2","key":"fba846a144c64b1abedec4611aba8247","isVoid":false,"data":{"id":"TigerGraphSystemAdministrationFAQs-HowdoIapplyorupdatemylicensekey?"},"nodes":[{"kind":"text","key":"0118e811611d44deb0818f7795e6e2ce","ranges":[{"kind":"range","marks":[],"text":"How do I apply or update my license key?"}]}]},{"kind":"block","type":"paragraph","key":"44efe13ce7ff457dad3e896b26de4ab2","isVoid":false,"data":{},"nodes":[{"kind":"text","key":"af60062942844f358fd651c706b3fbcf","ranges":[{"kind":"range","marks":[],"text":"If you have a version 1.0 string-type license key, then during initial platform installation, you can either specify your license key as an argument, for example: "}]}]},{"kind":"block","type":"code","key":"14f8138e0c39404c970ca408a73779b0","isVoid":false,"data":{"syntax":"text"},"nodes":[{"kind":"block","type":"code-line","key":"1452e4001b024ec5ab32d966ed524087","isVoid":false,"data":{},"nodes":[{"kind":"text","key":"9dce8d89cad147878eaa93277c9e41d5","ranges":[{"kind":"range","marks":[],"text":"./install.sh -l <your_license_key>"}]}]}]},{"kind":"block","type":"paragraph","key":"d64a7fa218aa43abaa3d1d8f037b2e2a","isVoid":false,"data":{},"nodes":[{"kind":"text","key":"6aa4e4f3645d4d3e97a87183d70047b0","ranges":[{"kind":"range","marks":[],"text":"Or you may input it when prompted."}]}]},{"kind":"block","type":"paragraph","key":"261da56354a24107a071247e6d1ff25b","isVoid":false,"data":{},"nodes":[{"kind":"text","key":"880fb9f9d6f54f17b5beca8e0a300371","ranges":[{"kind":"range","marks":[],"text":"To apply a new license key string, use the following command:"}]}]},{"kind":"block","type":"code","key":"d8ef728e1cf646e8b8c873953f4d1dad","isVoid":false,"data":{"syntax":"text"},"nodes":[{"kind":"block","type":"code-line","key":"755d3b2b4e444f3dbafb08f97f124600","isVoid":false,"data":{},"nodes":[{"kind":"text","key":"874b3e9495ca41f5a000f95be961ead7","ranges":[{"kind":"range","marks":[],"text":"gadmin license set <license_key>"}]}]},{"kind":"block","type":"code-line","key":"cf82175d07af4d529df66a839df30cda","isVoid":false,"data":{},"nodes":[{"kind":"text","key":"b6078b54249e42739e5862125397b342","ranges":[{"kind":"range","marks":[],"text":"or"}]}]},{"kind":"block","type":"code-line","key":"75804a14f3614c539c6339c3749e7a07","isVoid":false,"data":{},"nodes":[{"kind":"text","key":"47adda8907574a8daf6fe4ae8e14ba90","ranges":[{"kind":"range","marks":[],"text":"gadmin license set @textfile"}]}]}]},{"kind":"block","type":"paragraph","key":"7fc3add4c2154442bed3d7b66fc8879c","isVoid":false,"data":{},"nodes":[{"kind":"text","key":"53e0d9e39e184144ba9765533dce4e4f","ranges":[{"kind":"range","marks":[],"text":"If you have a version 2.0 file-type license key which is linked to a specific machine or cluster:"}]}]},{"kind":"block","type":"list-unordered","key":"e452fdeeac6341629b4f2f21b8de29a4","isVoid":false,"data":{},"nodes":[{"kind":"block","type":"list-item","key":"bf6e3643827a465abf8ce9f6449d95a2","isVoid":false,"data":{},"nodes":[{"kind":"block","type":"paragraph","key":"c0f67cc51a6c49adab2037619fc7cfc6","isVoid":false,"data":{},"nodes":[{"kind":"text","key":"050c68806a11439baca24b30ef3d3df6","ranges":[{"kind":"range","marks":[],"text":"If this is the initial installation or you are updating a previous key file, then please see the document "}]},{"kind":"inline","type":"link","key":"20bdab68ebf44bdcb7391972883062a2","isVoid":false,"data":{"pageID":"-LMW8lROvZ5CHdRW4zPK"},"nodes":[{"kind":"text","key":"57d63d15148343faaaaecba482c1cfe3","ranges":[{"kind":"range","marks":[],"text":"Activating a System-Specific License"}]}]},{"kind":"text","key":"a6847db7dedc4aafb6df5b825a6d639c","ranges":[{"kind":"range","marks":[],"text":""}]}]}]},{"kind":"block","type":"list-item","key":"e07152fd723d43c6bc0292e24f95be64","isVoid":false,"data":{},"nodes":[{"kind":"block","type":"paragraph","key":"ee1c6f3b9ba94e95a44e9db0d2f19772","isVoid":false,"data":{},"nodes":[{"kind":"text","key":"5007121cfb6346c3915fd181a19c5b89","ranges":[{"kind":"range","marks":[],"text":"If you are updating from a version 1.0 key string to a version 2.0 key file, please contact "}]},{"kind":"inline","type":"link","key":"3306a377de8f46ffa68013626ba4e0b0","isVoid":false,"data":{"href":"mailto:support@tigergraph.com"},"nodes":[{"kind":"text","key":"4d148f2af99641038c95075f3ecc17ac","ranges":[{"kind":"range","marks":[],"text":"support@tigergraph.com "}]}]},{"kind":"text","key":"6f0e8412ebf04df39dc924400f1b4ab6","ranges":[{"kind":"range","marks":[],"text":"for the correct procedure."}]}]}]}]},{"kind":"block","type":"heading-2","key":"5818b357a72944128d17c5c92a9a33d7","isVoid":false,"data":{"id":"TigerGraphSystemAdministrationFAQs-Whendoesmylicensekeyexpire?"},"nodes":[{"kind":"text","key":"a9bfa1fbb04c422db180661a9a508e57","ranges":[{"kind":"range","marks":[],"text":"When does my license key expire?"}]}]},{"kind":"block","type":"paragraph","key":"1ade432ad5004d15bf1914aa5bced8fa","isVoid":false,"data":{},"nodes":[{"kind":"text","key":"29a34036970b4dec9c67e4a0686dc285","ranges":[{"kind":"range","marks":[],"text":"If you have a version 1.0 string-type license key, the following command will tell you your key's expiration date: "}]}]},{"kind":"block","type":"code","key":"a96c132308a64af48ba6798555f762de","isVoid":false,"data":{"syntax":"text"},"nodes":[{"kind":"block","type":"code-line","key":"0b6110814469495a9946829f3d22b18f","isVoid":false,"data":{},"nodes":[{"kind":"text","key":"5c5259de596141aaa4b6b24439f39ba8","ranges":[{"kind":"range","marks":[],"text":"gadmin status license"}]}]}]},{"kind":"block","type":"paragraph","key":"73fa1424d64f45e390d6be7d43249feb","isVoid":false,"data":{},"nodes":[{"kind":"text","key":"8f48c3cb05fd4dcf9db2dabc0772b887","ranges":[{"kind":"range","marks":[],"text":"If you have a version 2.0 file-type license key which is linked to a specific machine or cluster, then run the following command:"}]}]},{"kind":"block","type":"code","key":"a3564787f9f54954bedfd05a693deced","isVoid":false,"data":{"syntax":"text"},"nodes":[{"kind":"block","type":"code-line","key":"06f0e5287eb04647b07840ca2ce53847","isVoid":false,"data":{},"nodes":[{"kind":"text","key":"7111511484a4478493139ad5ed4d58f8","ranges":[{"kind":"range","marks":[],"text":"curl -X GET \"localhost:9000/showlicenseinfo\""}]}]}]},{"kind":"block","type":"paragraph","key":"bd3ba50ddecf4711977ec915aa40f656","isVoid":false,"data":{},"nodes":[{"kind":"text","key":"2b8b80d1a74d44cd8af51a22ca3bf79c","ranges":[{"kind":"range","marks":[],"text":"If you have a version 3.0 license, run the following command:"}]}]},{"kind":"block","type":"code","key":"d1a5231627164f1cad9ac075df7f4a1c","isVoid":false,"data":{"syntax":"text"},"nodes":[{"kind":"block","type":"code-line","key":"f65c23a6ff254dd98367e48655f96685","isVoid":false,"data":{},"nodes":[{"kind":"text","key":"1e60fada7c414b22a3817aa2c8e9550c","ranges":[{"kind":"range","marks":[],"text":"gadmin license status"}]}]}]},{"kind":"block","type":"heading-2","key":"eb100854b5904eaea02859f52f09c508","isVoid":false,"data":{"id":"TigerGraphSystemAdministrationFAQs-WhatarethecomponentsoftheTigerGraphplatform?"},"nodes":[{"kind":"text","key":"f043c92250bd48948cc5e7727b6186a9","ranges":[{"kind":"range","marks":[],"text":"What are the components of the TigerGraph platform?"}]}]},{"kind":"block","type":"code","key":"3a571f599e3e43d2a02546e698eaa4d9","isVoid":false,"data":{"syntax":"text"},"nodes":[{"kind":"block","type":"code-line","key":"f4660fa715474580a13d216674948d80","isVoid":false,"data":{},"nodes":[{"kind":"text","key":"3a4db2119b724627b84b381d36a91f90","ranges":[{"kind":"range","marks":[],"text":"GPE"}]}]},{"kind":"block","type":"code-line","key":"fddc675c855148619085a36118c0d56d","isVoid":false,"data":{},"nodes":[{"kind":"text","key":"11fc33e7bb3d4128b34f67d0d1c6101d","ranges":[{"kind":"range","marks":[],"text":"GSE"}]}]},{"kind":"block","type":"code-line","key":"b0297c8d66e4426e81972d279687a2bf","isVoid":false,"data":{},"nodes":[{"kind":"text","key":"867b53a438a84c9e821bb2664012b302","ranges":[{"kind":"range","marks":[],"text":"RESTPP"}]}]},{"kind":"block","type":"code-line","key":"af2e5b3644a54a1ab7cbfb5656a2b6fc","isVoid":false,"data":{},"nodes":[{"kind":"text","key":"50f8c637f7d34c1dac22892b983f697f","ranges":[{"kind":"range","marks":[],"text":"ZK"}]}]},{"kind":"block","type":"code-line","key":"721a7793a89641c6a342393079e8eac9","isVoid":false,"data":{},"nodes":[{"kind":"text","key":"a2f2e479018e49718b6f187a7b78ba16","ranges":[{"kind":"range","marks":[],"text":"KAFKA"}]}]},{"kind":"block","type":"code-line","key":"366c718f644349d89b93c245dc960d30","isVoid":false,"data":{},"nodes":[{"kind":"text","key":"3907ef7c9c2d49e5bb29adb91bc2d695","ranges":[{"kind":"range","marks":[],"text":"NGINX"}]}]},{"kind":"block","type":"code-line","key":"7e457f1c80724337a17cdb8c6215e708","isVoid":false,"data":{},"nodes":[{"kind":"text","key":"e782904e4959427281ae7d4167dc6ca2","ranges":[{"kind":"range","marks":[],"text":"DICT"}]}]},{"kind":"block","type":"code-line","key":"ee3c6327ee4b483c94ca7614125d293e","isVoid":false,"data":{},"nodes":[{"kind":"text","key":"944d05c57c314f66aa9f415bc043a1c0","ranges":[{"kind":"range","marks":[],"text":"GSQL"}]}]},{"kind":"block","type":"code-line","key":"40d0ab0ad9554248873884596ccb6039","isVoid":false,"data":{},"nodes":[{"kind":"text","key":"2584a39e94014c33be9ca0104c94dd7a","ranges":[{"kind":"range","marks":[],"text":"GLIVE"}]}]},{"kind":"block","type":"code-line","key":"49592470643b45ebafec62afdfdd1186","isVoid":false,"data":{},"nodes":[{"kind":"text","key":"d08f4612ee72457fbe1fbe3cca74ac45","ranges":[{"kind":"range","marks":[],"text":"VISUALIZATION (GraphStudio)"}]}]}]},{"kind":"block","type":"paragraph","key":"820fde20014d4cc9893b96981885f19b","isVoid":false,"data":{},"nodes":[{"kind":"text","key":"77aa1f41280f4bca9430757a07f3c08c","ranges":[{"kind":"range","marks":[],"text":"A description of each component is given in the Glossary section of the "}]},{"kind":"inline","type":"link","key":"6504f879dfd54c9b9f7e1e3f80c325e4","isVoid":false,"data":{"pageID":"-LMW6soH-SSf-q5G76Mx"},"nodes":[{"kind":"text","key":"70a9e4d364c84226a4986a05a404fce4","ranges":[{"kind":"range","marks":[],"text":"TigerGraph Platform Overview "}]}]},{"kind":"text","key":"0c8e67d183e946aebd90398f1a48475a","ranges":[{"kind":"range","marks":[],"text":"document. "}]}]},{"kind":"block","type":"heading-2","key":"cc9ce70edb6547d98abfad9a27fac042","isVoid":false,"data":{"id":"TigerGraphSystemAdministrationFAQs-HowcanIfindoutcurrentstatusofthesystem?"},"nodes":[{"kind":"text","key":"06e2936d30e44b8586ff2e749a480184","ranges":[{"kind":"range","marks":[],"text":"How can I find out current status of the system?"}]}]},{"kind":"block","type":"paragraph","key":"624a6eb9cd2a4d1a96ac9bc0cbcde4e1","isVoid":false,"data":{},"nodes":[{"kind":"text","key":"7b3598f241ac466bb3b926a5aecef3f5","ranges":[{"kind":"range","marks":[],"text":"The following command tells you the basic summary of each component:"}]}]},{"kind":"block","type":"code","key":"c5d7ee79a40d4013a90a05935e230f26","isVoid":false,"data":{"syntax":"text"},"nodes":[{"kind":"block","type":"code-line","key":"44dba98d285547679de4459046204ad2","isVoid":false,"data":{},"nodes":[{"kind":"text","key":"66dbc6dd79874263833cbb3da8795113","ranges":[{"kind":"range","marks":[],"text":"gadmin status"}]}]}]},{"kind":"block","type":"paragraph","key":"bc368cf1c8bb45fb9fd18c19076a8fc5","isVoid":false,"data":{},"nodes":[{"kind":"text","key":"488dfe1c359a4bf5846e51fbac2acdb7","ranges":[{"kind":"range","marks":[],"text":"If you want to know more, including process information, memory/cpu usage information of each component, use the -v option for verbose output."}]}]},{"kind":"block","type":"code","key":"ed5c333551554d4f80a90c65a376b078","isVoid":false,"data":{"syntax":"text"},"nodes":[{"kind":"block","type":"code-line","key":"02a394dc4c674dd699a78cc7009b74f1","isVoid":false,"data":{},"nodes":[{"kind":"text","key":"9c8e29bd0d2e4b7a87fea5a70ffb38fb","ranges":[{"kind":"range","marks":[],"text":"gadmin status -v"}]}]}]},{"kind":"block","type":"heading-2","key":"2d997551fb65436398a6c966116c7fc1","isVoid":false,"data":{"id":"TigerGraphSystemAdministrationFAQs-HowcanIfindouttheportofaservice?"},"nodes":[{"kind":"text","key":"fbe22a90fb0245c08bdd724252dd40b5","ranges":[{"kind":"range","marks":[],"text":"How can I find out the port of a service?"}]}]},{"kind":"block","type":"paragraph","key":"17d6fb2bb8f0450ba43964bb1af9d039","isVoid":false,"data":{},"nodes":[{"kind":"text","key":"c7b5b8c3eba5468bb39d6d644362ff81","ranges":[{"kind":"range","marks":[],"text":"The default RESTful API port is 9000. It can be changed by configuration. To find out the current RESTful API port, use following command:"}]}]},{"kind":"block","type":"code","key":"e3214a50443048d6a0f6190da0fcdd7d","isVoid":false,"data":{"syntax":"text"},"nodes":[{"kind":"block","type":"code-line","key":"2d5de592054a4c40b7b04c69700f0710","isVoid":false,"data":{},"nodes":[{"kind":"text","key":"0e40e70e8a3c417097bfd526466cda26","ranges":[{"kind":"range","marks":[],"text":"gadmin --dump-config | grep nginx.port"}]}]}]},{"kind":"block","type":"paragraph","key":"2ca27aa2e12e49c8951081013dac3297","isVoid":false,"data":{},"nodes":[{"kind":"text","key":"a15310eab98e462899b12ec3ea570342","ranges":[{"kind":"range","marks":[],"text":"The default port for the GraphStudio UI is 14240. (Prior to TigerGraph 1.2, it was 44240.) Use the following to check its configuration:"}]}]},{"kind":"block","type":"code","key":"1814238b97ee4f05831bb0ae89b35f41","isVoid":false,"data":{"syntax":"text"},"nodes":[{"kind":"block","type":"code-line","key":"5d98adcf212841259ab3a50e48551c04","isVoid":false,"data":{},"nodes":[{"kind":"text","key":"88ebdb96b2e940c7af09e91cefc836ef","ranges":[{"kind":"range","marks":[],"text":"gadmin --dump-config | grep nginx.services.port"}]}]}]},{"kind":"block","type":"paragraph","key":"af8c351a15164476b91845e2b879127b","isVoid":false,"data":{},"nodes":[{"kind":"text","key":"7716a27de42b4822a499fe8823a4b991","ranges":[{"kind":"range","marks":[],"text":"If you are using a remote GSQL client, it communicates with the GSQL server via port 8123."}]}]},{"kind":"block","type":"code","key":"3f720d8bd663420b81d26cc0a8a9a151","isVoid":false,"data":{"syntax":"text"},"nodes":[{"kind":"block","type":"code-line","key":"bc142c71ca2f4b6db566acba4e4a4f54","isVoid":false,"data":{},"nodes":[{"kind":"text","key":"9e8da75b8e9f4f3ab0531713e113a1a8","ranges":[{"kind":"range","marks":[],"text":"gadmin --dump-config | grep gsql.server.port"}]}]}]},{"kind":"block","type":"paragraph","key":"906598edbaf1445f93d19b1a4540392c","isVoid":false,"data":{},"nodes":[{"kind":"text","key":"5223c8a16094494a8e63186bdf283104","ranges":[{"kind":"range","marks":[],"text":"To see a list of all ports:"}]}]},{"kind":"block","type":"code","key":"3473f34cea5140f8b9059e5bd8f24de3","isVoid":false,"data":{"syntax":"text"},"nodes":[{"kind":"block","type":"code-line","key":"5e1a7cbc8c694abfb84e3be680471c2e","isVoid":false,"data":{},"nodes":[{"kind":"text","key":"ab668572057d4c2aafe68d489f0be3bd","ranges":[{"kind":"range","marks":[],"text":"gadmin --dump-config | grep port"}]}]}]},{"kind":"block","type":"heading-2","key":"ce82fa98f6a84f3ca46d5b8c72d8133d","isVoid":false,"data":{"id":"TigerGraphSystemAdministrationFAQs-HowdoIbackupmydata?"},"nodes":[{"kind":"text","key":"b74c2535b45242ea9524be5be9b01093","ranges":[{"kind":"range","marks":[],"text":"How do I backup my data?"}]}]},{"kind":"block","type":"paragraph","key":"22450afcaa06434c8100361f5ac7df09","isVoid":false,"data":{},"nodes":[{"kind":"text","key":"31e72453f6cc408fb83908720dfc3002","ranges":[{"kind":"range","marks":[{"kind":"mark","data":{},"type":"bold"}],"text":"GBAR "},{"kind":"range","marks":[],"text":"is the utility to do backup and restore of TigerGraph system.  Before a backup, GBAR needs to be configured. Please see "}]},{"kind":"inline","type":"link","key":"62d3464ed8484090b3f4b66937e247c9","isVoid":false,"data":{"pageID":"-LMWA2GskCSxbLCmO2uH"},"nodes":[{"kind":"text","key":"869d38de67db4aa69f083463a470736f","ranges":[{"kind":"range","marks":[],"text":"GBAR - Graph Backup and Restore "}]}]},{"kind":"text","key":"486a6573aa144b16afcd069730459086","ranges":[{"kind":"range","marks":[],"text":"for details."}]}]},{"kind":"block","type":"paragraph","key":"200ee65b65b44a60bd345a17971e01e2","isVoid":false,"data":{},"nodes":[{"kind":"text","key":"8e6ec5d350ca414b9db46f2b60c60b9b","ranges":[{"kind":"range","marks":[],"text":"To backup the current system: "}]}]},{"kind":"block","type":"code","key":"af024307cc8c4ce0a17c29e13fc3929b","isVoid":false,"data":{"syntax":"text"},"nodes":[{"kind":"block","type":"code-line","key":"60f09eebdd46495c901c86305391d7b1","isVoid":false,"data":{},"nodes":[{"kind":"text","key":"e8e67c900355473cbfa7df794886522e","ranges":[{"kind":"range","marks":[],"text":"gbar backup -t <tag_of_the_backup>"}]}]}]},{"kind":"block","type":"paragraph","key":"6e4cba64c71644cc8a315aa3e93e5ff8","isVoid":false,"data":{},"nodes":[{"kind":"text","key":"95ffac7d9dd84a15ad5837538d2a25c9","ranges":[{"kind":"range","marks":[],"text":"Please be advised that GBAR only backs up data and configuration. No logs or binaries will be backed up."}]}]},{"kind":"block","type":"heading-2","key":"b56b908bdf164799940a39c849b045cd","isVoid":false,"data":{"id":"TigerGraphSystemAdministrationFAQs-HowdoIrestoreabackup?"},"nodes":[{"kind":"text","key":"3a85d9aa95384f73959de787b99a98ed","ranges":[{"kind":"range","marks":[],"text":"How do I restore a backup?"}]}]},{"kind":"block","type":"paragraph","key":"3ccd32045a7b489794dfda93b073fc42","isVoid":false,"data":{},"nodes":[{"kind":"text","key":"8ad94eabf16b412d9224db62d9597f11","ranges":[{"kind":"range","marks":[],"text":"To restore an existing backup:"}]}]},{"kind":"block","type":"code","key":"ebe5c6c495d846afb70ddb4b6adea777","isVoid":false,"data":{"syntax":"text"},"nodes":[{"kind":"block","type":"code-line","key":"c04a7a60b3034b0aac5cc6e130eb9493","isVoid":false,"data":{},"nodes":[{"kind":"text","key":"45f5a492fffd4462a14e11855e799d7f","ranges":[{"kind":"range","marks":[],"text":"gbar restore <tag_of_the_backup>"}]}]}]},{"kind":"block","type":"paragraph","key":"1c433cc93bff4beb8d41f7b12a9e4ec2","isVoid":false,"data":{},"nodes":[{"kind":"text","key":"737de546522a4e63b316a54122978aec","ranges":[{"kind":"range","marks":[],"text":"Please be advised that running restore will STOP the service and ERASE existing data."}]}]},{"kind":"block","type":"heading-2","key":"9c2d2548d2694366a9077862d59d06b1","isVoid":false,"data":{"id":"TigerGraphSystemAdministrationFAQs-HowcanIfindoutstatisticsofmygraphdata?"},"nodes":[{"kind":"text","key":"6ef279155624469bbae744c0ec884d9a","ranges":[{"kind":"range","marks":[],"text":"How can I find out statistics of my graph data?"}]}]},{"kind":"block","type":"paragraph","key":"3c05d712b71d4c72af3646f0e58ef325","isVoid":false,"data":{},"nodes":[{"kind":"text","key":"1ec5400911614f93b2666ecf4cf55cb1","ranges":[{"kind":"range","marks":[],"text":"The command"}]}]},{"kind":"block","type":"code","key":"e608fce84e074b259a4dc2e34f5ffc2e","isVoid":false,"data":{"syntax":"text"},"nodes":[{"kind":"block","type":"code-line","key":"c860693b30754ece886cb0cd8425e784","isVoid":false,"data":{},"nodes":[{"kind":"text","key":"5d30c7ae448142ab895bda1bda13d55b","ranges":[{"kind":"range","marks":[],"text":"gadmin status graph -v"}]}]}]},{"kind":"block","type":"paragraph","key":"7da0d4a59e624825bf1ece4be90ab65f","isVoid":false,"data":{},"nodes":[{"kind":"text","key":"35615a18711c434690476dad0e3730b3","ranges":[{"kind":"range","marks":[],"text":"will tell you the size of graph data on disk, number of vertices and edges."}]}]},{"kind":"block","type":"heading-2","key":"4ff78c94dbd0441286155da98c547dde","isVoid":false,"data":{"id":"TigerGraphSystemAdministrationFAQs-HowcanIfindoutstatisticsofrequests?"},"nodes":[{"kind":"text","key":"880900f586a646368e56ca6d15f84d01","ranges":[{"kind":"range","marks":[],"text":"How can I find out statistics of requests?"}]}]},{"kind":"block","type":"paragraph","key":"27f09df395d943a0934ca4cc0e86f757","isVoid":false,"data":{},"nodes":[{"kind":"text","key":"0f86f00e247c487880920de615666b84","ranges":[{"kind":"range","marks":[],"text":"TigerGraph provides a RESTful API to tell request statistics. Assuming REST port is 9000, use command below: "}]}]},{"kind":"block","type":"code","key":"957a0f21cfe04ea8a33237a2dda8d387","isVoid":false,"data":{"syntax":"text"},"nodes":[{"kind":"block","type":"code-line","key":"5cce4ce3b3fd4206a433adba628f1c3e","isVoid":false,"data":{},"nodes":[{"kind":"text","key":"0954ea2b33b84b7cbffde2cbd67685e9","ranges":[{"kind":"range","marks":[],"text":"curl -l http://localhost:9000/statistics"}]}]}]},{"kind":"block","type":"heading-2","key":"86d745a992a0475391b9fd8cf5f9aed9","isVoid":false,"data":{"id":"TigerGraphSystemAdministrationFAQs-HowdoIrestartaservice?"},"nodes":[{"kind":"text","key":"b2f95e33e22b4fa58960ed05fe5e33d7","ranges":[{"kind":"range","marks":[],"text":"How do I restart a service?"}]}]},{"kind":"block","type":"paragraph","key":"9a281bb12b774dddb623907891574703","isVoid":false,"data":{},"nodes":[{"kind":"text","key":"17e5b8317e56492594037644042fd80a","ranges":[{"kind":"range","marks":[],"text":"If you need to restart everything, use the following:"}]}]},{"kind":"block","type":"code","key":"c3092f0a5b984b0db0c3681ef2329835","isVoid":false,"data":{"syntax":"text"},"nodes":[{"kind":"block","type":"code-line","key":"b39a4f483a334239921a84c2a9d2b8a7","isVoid":false,"data":{},"nodes":[{"kind":"text","key":"3fb2582b416147b39048e329bdc549e3","ranges":[{"kind":"range","marks":[],"text":"gadmin restart"}]}]}]},{"kind":"block","type":"paragraph","key":"4aff7996d2e14b98916c7058a2ea5247","isVoid":false,"data":{},"nodes":[{"kind":"text","key":"ea68bdd9331948fcbc4abb8ebec6292e","ranges":[{"kind":"range","marks":[],"text":"If you know which component(s) you want to restart,you can list them:"}]}]},{"kind":"block","type":"code","key":"6f977d6a451b459e8c79714aa89107be","isVoid":false,"data":{"syntax":"text"},"nodes":[{"kind":"block","type":"code-line","key":"5cc1c50c899746269ce139fcbb862a86","isVoid":false,"data":{},"nodes":[{"kind":"text","key":"df7f5b0b2e824a0da5d6abc85056d763","ranges":[{"kind":"range","marks":[],"text":"gadmin restart <component_name(s)>"}]}]}]},{"kind":"block","type":"paragraph","key":"f1b555158cc544c1b9221de8e082659c","isVoid":false,"data":{},"nodes":[{"kind":"text","key":"cf4e2217e78f4b4aa9251640058951e7","ranges":[{"kind":"range","marks":[],"text":"Multiple component names are separated by spaces."}]}]},{"kind":"block","type":"heading-2","key":"4c9ed2b29b7443b8b3212151dd2b8077","isVoid":false,"data":{"id":"TigerGraphSystemAdministrationFAQs-HowtoIstopsomeorallservices?"},"nodes":[{"kind":"text","key":"8d6e3db045c149d2a380a09b8a421ef3","ranges":[{"kind":"range","marks":[],"text":"How to I stop some or all services?"}]}]},{"kind":"block","type":"paragraph","key":"3e28e3f5738b4688b51b0ecdd0a41a6f","isVoid":false,"data":{},"nodes":[{"kind":"text","key":"8fcaeed2dbed454ca0539c9d6bbf1cb4","ranges":[{"kind":"range","marks":[],"text":"Normally it is not necessary to manually turn off any services. However if you wish to, use the stop command."}]}]},{"kind":"block","type":"code","key":"98bae8a1015047de81523c269a028412","isVoid":false,"data":{"syntax":"text"},"nodes":[{"kind":"block","type":"code-line","key":"ee8daeba189e47818b732cfe2920b275","isVoid":false,"data":{},"nodes":[{"kind":"text","key":"69c55b0713f344e7a909688b4782cd3b","ranges":[{"kind":"range","marks":[],"text":"# stop (nearly) all services"}]}]},{"kind":"block","type":"code-line","key":"2c05016916144e86a4d1c041cd5216a4","isVoid":false,"data":{},"nodes":[{"kind":"text","key":"ae8eef4303a04e5db0859786ccbf0414","ranges":[{"kind":"range","marks":[],"text":"gadmin stop"}]}]},{"kind":"block","type":"code-line","key":"edbdb232cf6c4f958be27b64c48bb063","isVoid":false,"data":{},"nodes":[{"kind":"text","key":"37c7388427e04cdea919cf0a5e827ba0","ranges":[{"kind":"range","marks":[],"text":""}]}]},{"kind":"block","type":"code-line","key":"d7922a5dc30d4310bda303025cc87669","isVoid":false,"data":{},"nodes":[{"kind":"text","key":"c465d106a5de4894bf055d0d9049f0a0","ranges":[{"kind":"range","marks":[],"text":"# stop selected services"}]}]},{"kind":"block","type":"code-line","key":"fd9abe8646a649bca74720bae2f7fd13","isVoid":false,"data":{},"nodes":[{"kind":"text","key":"18714922e6674052848b7dc58bf7590b","ranges":[{"kind":"range","marks":[],"text":"gadmin stop <component_name(s)>"}]}]}]},{"kind":"block","type":"paragraph","key":"da92101b26c14db096f2ed83d692a719","isVoid":false,"data":{},"nodes":[{"kind":"text","key":"169f2038e22040de8a06186165b39b3f","ranges":[{"kind":"range","marks":[],"text":"Note: running \"gadmin stop\" still does not stop every single TigerGraph service. Ts3 will still run because it is monitoring other services, and the Admin server will still run because it manages the other services. If you need to perform a full shutdown, for example, before a software upgrade or before a hardware change, perform the following sequence of commands:"}]}]},{"kind":"block","type":"code","key":"9022a1d0df0c49bbbf425fa8844e9b37","isVoid":false,"data":{"syntax":"text"},"nodes":[{"kind":"block","type":"code-line","key":"621d811b08c24d97a7f2301bcfb5ce27","isVoid":false,"data":{},"nodes":[{"kind":"text","key":"389b91b737a0464592e3b01df2baa01a","ranges":[{"kind":"range","marks":[],"text":"gadmin stop ts3 -y"}]}]},{"kind":"block","type":"code-line","key":"52ad3a5823a6451b8ebc9d5452bbba60","isVoid":false,"data":{},"nodes":[{"kind":"text","key":"685d9ae907684a06914adbcf4ab30e63","ranges":[{"kind":"range","marks":[],"text":"gadmin stop -f -y"}]}]},{"kind":"block","type":"code-line","key":"23b8dc0ff5b3463eaa77fb950fe0bdd7","isVoid":false,"data":{},"nodes":[{"kind":"text","key":"8f8ad97ba3104725a49018ce3bcfa7ce","ranges":[{"kind":"range","marks":[],"text":"gadmin stop admin -y"}]}]}]},{"kind":"block","type":"heading-2","key":"8015ea237f5f4821b65a2cf531113631","isVoid":false,"data":{"id":"TigerGraphSystemAdministrationFAQs-Whytheserviceisdown?"},"nodes":[{"kind":"text","key":"0e2ac285ea374943b0aaa70209d73078","ranges":[{"kind":"range","marks":[],"text":"Why the service is down?"}]}]},{"kind":"block","type":"paragraph","key":"1b51e8ef2cc6453193f5e5aa13d96134","isVoid":false,"data":{},"nodes":[{"kind":"text","key":"019e4de56ddc43a29e500032846cc41c","ranges":[{"kind":"range","marks":[],"text":"There are a few typical causes for a service being down:"}]}]},{"kind":"block","type":"list-ordered","key":"cd441367fa1041c9a633e39df140e005","isVoid":false,"data":{},"nodes":[{"kind":"block","type":"list-item","key":"38caaf8e08d940ae8c24a79621943daa","isVoid":false,"data":{},"nodes":[{"kind":"block","type":"paragraph","key":"f7845684c8d843ff85805f6ffe2b9435","isVoid":false,"data":{},"nodes":[{"kind":"text","key":"ec27b132c7334a858ab3583f39871055","ranges":[{"kind":"range","marks":[],"text":"Expired license key. \nDouble check your license key expiration date, and contact "}]},{"kind":"inline","type":"link","key":"6e0a3b026de64bc58406ae422899f901","isVoid":false,"data":{"href":"mailto:support@tigergraph.com"},"nodes":[{"kind":"text","key":"1ac4eb1740964876b8d0afe39f1450a0","ranges":[{"kind":"range","marks":[],"text":"support@tigergraph.com "}]}]},{"kind":"text","key":"876e3b27c2794320814aa9ba44ee570b","ranges":[{"kind":"range","marks":[],"text":"if it is expired. After applying a new license key, your service will come back online. \nUsually, TigerGraph will reach out before your license key expires. Please act accordingly when that happens."}]}]}]},{"kind":"block","type":"list-item","key":"cf99678da6834889b0a8cd30ead74084","isVoid":false,"data":{},"nodes":[{"kind":"block","type":"paragraph","key":"9ab63b841164446d8885ea7a42bc74d0","isVoid":false,"data":{},"nodes":[{"kind":"text","key":"c9253ab78c47439d96c9c41369f960c1","ranges":[{"kind":"range","marks":[],"text":"Not enough memory. \nTigerGraph is a memory intensive system. When there is not much free memory, Linux may kill a process based on memory usage. Please check your memory usage after TigerGraph starts. We suggest at least 30% free memory after TigerGraph starts up. \nTo confirm if one of TigerGraph's processes is a victim, use "}]},{"kind":"inline","type":"link","key":"af178a1b72604cf28d376d6e2791d9d8","isVoid":false,"data":{"href":"http://man7.org/linux/man-pages/man1/dmesg.1.html"},"nodes":[{"kind":"text","key":"4fd11d59362c43eebfedecd48cceb381","ranges":[{"kind":"range","marks":[],"text":"dmesg "}]}]},{"kind":"text","key":"4b78ad8f155f4650951c09cd904f092c","ranges":[{"kind":"range","marks":[],"text":"to check."}]}]}]},{"kind":"block","type":"list-item","key":"5f01880236ff45a0b7bed4c79cecf211","isVoid":false,"data":{},"nodes":[{"kind":"block","type":"paragraph","key":"3dec1dbec01040d19493ab6d53b69d31","isVoid":false,"data":{},"nodes":[{"kind":"text","key":"b65f3912dd5d4a1ca68fd0a53a82d8fc","ranges":[{"kind":"range","marks":[],"text":"Not enough free disk space. \nTigerGraph writes data, logs, as well as some temporary files onto disk(s). It requires enough free space to function properly. If TigerGraph service or one of its components is down, please check whether there is enough free space on the disk using "}]},{"kind":"inline","type":"link","key":"b11efa635ffa4eeca5dc5d22b08297aa","isVoid":false,"data":{"href":"http://man7.org/linux/man-pages/man1/df.1.html"},"nodes":[{"kind":"text","key":"b2658da66f7a4aa6a4119431352a7165","ranges":[{"kind":"range","marks":[],"text":"df "}]}]},{"kind":"text","key":"c86e476fe12048ef8d68d52e40e6a2bf","ranges":[{"kind":"range","marks":[],"text":"."}]}]}]}]},{"kind":"block","type":"heading-2","key":"898380eea0c848f59b4e57a8d67fc6e8","isVoid":false,"data":{"id":"TigerGraphSystemAdministrationFAQs-Wherearethelogs?"},"nodes":[{"kind":"text","key":"c00613e037504542a693041232b24abc","ranges":[{"kind":"range","marks":[],"text":"Where are the logs?"}]}]},{"kind":"block","type":"paragraph","key":"e69f04e311674c78bf11ea98a1bf7e86","isVoid":false,"data":{},"nodes":[{"kind":"text","key":"be6181f99f9d44e2b3bb35506b6f6f88","ranges":[{"kind":"range","marks":[],"text":"Use following command to figure out where are log files for each component:"}]}]},{"kind":"block","type":"code","key":"9c70c64340f346bda020b2ed649b0102","isVoid":false,"data":{"syntax":"text"},"nodes":[{"kind":"block","type":"code-line","key":"2a1fd5079c2e4ebfbad3855a547418b9","isVoid":false,"data":{},"nodes":[{"kind":"text","key":"985d0638364a4ce19d81c53065062bb1","ranges":[{"kind":"range","marks":[],"text":"gadmin log"}]}]}]},{"kind":"block","type":"paragraph","key":"e8cbd744a2f2496c83777c4c0c8b6da3","isVoid":false,"data":{},"nodes":[{"kind":"text","key":"3e0adf40a031493990e2a135145337d2","ranges":[{"kind":"range","marks":[],"text":"To log at the log file for a particular component:"}]}]},{"kind":"block","type":"code","key":"12f077ea9e604e83ae67cbbeb65f1d4c","isVoid":false,"data":{"syntax":"text"},"nodes":[{"kind":"block","type":"code-line","key":"c37997e8b0a34e4a8266247e73ad1849","isVoid":false,"data":{},"nodes":[{"kind":"text","key":"c7339477245141bebb2a087c91fd383c","ranges":[{"kind":"range","marks":[],"text":"gadmin log <component>"}]}]}]},{"kind":"block","type":"paragraph","key":"80a9a77af04c4400a68388985d7a036a","isVoid":false,"data":{},"nodes":[{"kind":"text","key":"ff08f86f9592486bb3d70d34fe8dd9f9","ranges":[{"kind":"range","marks":[],"text":"If you want to look at only the last N lines of the log:"}]}]},{"kind":"block","type":"code","key":"8828e2d1b7c14426a2f49ae8e92947c5","isVoid":false,"data":{"syntax":"text"},"nodes":[{"kind":"block","type":"code-line","key":"b7895e8762ec485aa6ed0ac769e02d82","isVoid":false,"data":{},"nodes":[{"kind":"text","key":"7834be3849fe4354a262147eebb676f5","ranges":[{"kind":"range","marks":[],"text":"gadmin log -v [component] [-n number_of_lines]"}]}]}]},{"kind":"block","type":"heading-2","key":"d7b7c18131094372886e804d21ea5421","isVoid":false,"data":{"id":"TigerGraphSystemAdministrationFAQs-Whyhasmyrequesttimedout?"},"nodes":[{"kind":"text","key":"07a1bd744b40419fbb25bde3b17fc3a3","ranges":[{"kind":"range","marks":[],"text":"Why has my request timed out?"}]}]},{"kind":"block","type":"paragraph","key":"d77fe93a4e4a4bcab91b82b8a70b7059","isVoid":false,"data":{},"nodes":[{"kind":"text","key":"9189994dd5214fa3aa60853ceb23193c","ranges":[{"kind":"range","marks":[],"text":"Timeout is applied to any request coming into TigerGraph system. If a request runs longer than the Timeout value, it will be killed. The default timeout value is 16 second."}]}]},{"kind":"block","type":"paragraph","key":"a20f7fd53ea648e4851df2cb0d6ce268","isVoid":false,"data":{},"nodes":[{"kind":"text","key":"bf5ea85c2ce64e0ba81fd682d0bd3fed","ranges":[{"kind":"range","marks":[],"text":"If you knows that your query will run longer than the value, configure all related timeouts to a bigger value. To do this: "}]}]},{"kind":"block","type":"code","key":"867b596f9d184bd6ad2d950a3741099d","isVoid":false,"data":{"syntax":"text"},"nodes":[{"kind":"block","type":"code-line","key":"d002424ad18e479e9377fd53117975c8","isVoid":false,"data":{},"nodes":[{"kind":"text","key":"621a51fb513245cda2713486b768f873","ranges":[{"kind":"range","marks":[],"text":"gadmin --configure timeout_seconds"}]}]}]},{"kind":"block","type":"paragraph","key":"a3a581b94bbb4d9cb753a424b4cc44ce","isVoid":false,"data":{},"nodes":[{"kind":"text","key":"6c221b05c55448149e3674d39e0fe2c8","ranges":[{"kind":"range","marks":[],"text":"Input a value you expected, the unit is in second. Then apply the config to the system and restart the service. "}]}]},{"kind":"block","type":"code","key":"c6d93ac601cc4f99b09835735df1431c","isVoid":false,"data":{"syntax":"text"},"nodes":[{"kind":"block","type":"code-line","key":"ca7dea43466147e687cb9a3ab3d03226","isVoid":false,"data":{},"nodes":[{"kind":"text","key":"517004ae50794602b31bac0b55de2747","ranges":[{"kind":"range","marks":[],"text":"gadmin config-apply"}]}]},{"kind":"block","type":"code-line","key":"b2797251c5904bb8aba06b48b7a4fed8","isVoid":false,"data":{},"nodes":[{"kind":"text","key":"97e2258080ee4b99bb1c775f098749d9","ranges":[{"kind":"range","marks":[],"text":"gadmin restart"}]}]}]},{"kind":"block","type":"paragraph","key":"f4214201e18f450bb44a70110fe32fcc","isVoid":false,"data":{},"nodes":[{"kind":"text","key":"477128621eff4f80a4625a3c1f2ead7c","ranges":[{"kind":"range","marks":[],"text":"The timeout can also be changed for each query, but only when calling the REST endpoint. You would need to use a timeout value each time you run a query, otherwise the default timeout value will be assumed."}]}]},{"kind":"block","type":"code","key":"7b2a59ad9bc5466d86f438048854ffba","isVoid":false,"data":{"syntax":"text"},"nodes":[{"kind":"block","type":"code-line","key":"c9125b1a662740ca9988adb02909e9eb","isVoid":false,"data":{},"nodes":[{"kind":"text","key":"153ab831293c40d69c9bd326abc8a251","ranges":[{"kind":"range","marks":[],"text":"curl -X <GET/POST> -H \"GSQL-TIMEOUT: <timeout value in milliseconds>\" '<request_URL>'"}]}]}]},{"kind":"block","type":"heading-2","key":"5bf0892fb53243b99aabab2b98fd7404","isVoid":false,"data":{"id":"TigerGraphSystemAdministrationFAQs-Wherearethecoredumpfileslocated?"},"nodes":[{"kind":"text","key":"738d5db3401642f3b21c0817756381b2","ranges":[{"kind":"range","marks":[],"text":"Where are the core dump files located?"}]}]},{"kind":"block","type":"paragraph","key":"75f79c46c9c94b67b4cc9ab7add0ad95","isVoid":false,"data":{},"nodes":[{"kind":"text","key":"43250c90e254495d956617b33bd66bf0","ranges":[{"kind":"range","marks":[],"text":"A core dump file is produced by the OS when a certain signal causes a process to terminate. The core dump is a disk file containing an image of the process's memory at the time of termination. This image can be used in a debugger (e.g., gdb) to inspect the state of the program at the time that it terminated."}]}]},{"kind":"block","type":"paragraph","key":"03bc19fa2de14562ba4d4ae2cef0ebf7","isVoid":false,"data":{},"nodes":[{"kind":"text","key":"4e17dad30923459ba2fb7079513df15c","ranges":[{"kind":"range","marks":[],"text":"The TigerGraph installation process configures the operating system to place core dump files in the TigerGraph root directory, with the name "},{"kind":"range","marks":[{"kind":"mark","data":{},"type":"bold"}],"text":"core-%e-%s-%p.%t, "},{"kind":"range","marks":[],"text":"where"}]}]},{"kind":"block","type":"list-unordered","key":"7e792b41da784248bde7efa40f8a8666","isVoid":false,"data":{},"nodes":[{"kind":"block","type":"list-item","key":"2e29359fd77d4a0e88d666eb2ecc4f5b","isVoid":false,"data":{},"nodes":[{"kind":"block","type":"paragraph","key":"887905269a46414f836d82bf55d87e19","isVoid":false,"data":{},"nodes":[{"kind":"text","key":"2ffe4272d8af41718d9f74a734214615","ranges":[{"kind":"range","marks":[],"text":"%e: executable filename (without path prefix) "}]}]}]},{"kind":"block","type":"list-item","key":"2a70204ab92e448b9a9da5b5c3f95d5e","isVoid":false,"data":{},"nodes":[{"kind":"block","type":"paragraph","key":"4f04cf96fd424c6ca0af17b9d8ad401c","isVoid":false,"data":{},"nodes":[{"kind":"text","key":"c5c6361b6ea848df93bb96f30e610757","ranges":[{"kind":"range","marks":[],"text":"%s: signal number which caused the dump "}]}]}]},{"kind":"block","type":"list-item","key":"381fd826d15d4408816ffef24c6b239e","isVoid":false,"data":{},"nodes":[{"kind":"block","type":"paragraph","key":"beb942fcffb94cfe9fa26cf0787de367","isVoid":false,"data":{},"nodes":[{"kind":"text","key":"e673738b2dd84ff4ae6c11ba3c6db8ec","ranges":[{"kind":"range","marks":[],"text":"%p: PID of dumped process"}]}]}]},{"kind":"block","type":"list-item","key":"42ab721cb8324fdf8e233c5054341907","isVoid":false,"data":{},"nodes":[{"kind":"block","type":"paragraph","key":"c76630756ac44f5882143dbdad20de42","isVoid":false,"data":{},"nodes":[{"kind":"text","key":"accf0536e9a24b9084ebd6a0384428e3","ranges":[{"kind":"range","marks":[],"text":"%t:  time of dump, expressed as seconds since the epoch"}]}]}]}]},{"kind":"block","type":"paragraph","key":"ec19fcc7e0c9408282c67efd24697146","isVoid":false,"data":{},"nodes":[{"kind":"text","key":"84f44f10ac4546e49b119f2f512b0d13","ranges":[{"kind":"range","marks":[],"text":"The coredump configuration was set by the following command:"}]}]},{"kind":"block","type":"code","key":"59b71dc0ad8243c5a0b5040bf601329c","isVoid":false,"data":{"syntax":"text"},"nodes":[{"kind":"block","type":"code-line","key":"6264604d73594f29ac401a41232fe916","isVoid":false,"data":{},"nodes":[{"kind":"text","key":"84c56795d6b44778b2c817f3ee4adb5f","ranges":[{"kind":"range","marks":[],"text":"echo \"$coreLocation/core-%e-%s-%p.%t\" > /proc/sys/kernel/core_pattern"}]}]}]},{"kind":"block","type":"paragraph","key":"3b21ed5daa834081bd388bdd195c376e","isVoid":false,"data":{},"nodes":[{"kind":"text","key":"12cc3cddfa67495a9dc4fe724a73654c","ranges":[{"kind":"range","marks":[],"text":"If you want to alter the location or file name template, you can edit the contents of "},{"kind":"range","marks":[{"kind":"mark","data":{},"type":"code"}],"text":"/proc/sys/kernel/core_pattern"}]}]}]}}