{"format_version":1,"document":{"kind":"document","key":"4","data":{"schema_version":5},"nodes":[{"kind":"block","type":"paragraph","key":"ec9d710be312442a80e868270ee87aaf","isVoid":false,"data":{},"nodes":[{"kind":"text","key":"35e1906031614a77a24c94aa4085aa06","ranges":[{"kind":"range","marks":[{"kind":"mark","data":{},"type":"bold"}],"text":"Watch "}]},{"kind":"inline","type":"link","key":"6a5162567ae94e589776e246c27f76d7","isVoid":false,"data":{"href":"https://youtu.be/2ZxTq51zXBk"},"nodes":[{"kind":"text","key":"17c3c8318b7f4621b27914c979a88bd1","ranges":[{"kind":"range","marks":[{"kind":"mark","data":{},"type":"bold"}],"text":"Quick Start Video"}]}]},{"kind":"text","key":"7e6ede09999f4fd0a75541aca3d16981","ranges":[{"kind":"range","marks":[{"kind":"mark","data":{},"type":"bold"}],"text":" and Start Your TigerGraph Cloud Solutions in 5 Minutes!"}]}]},{"kind":"block","type":"paragraph","key":"e2371e1ba2f64e3ea402f5b502836d78","isVoid":false,"data":{},"nodes":[{"kind":"text","key":"2351a601bbc34a8990ab3867c4185a89","ranges":[{"kind":"range","marks":[],"text":"TigerGraph Cloud is built on the same TigerGraph Enterprise Server engine that is delivering the fastest and most scalable graph database."}]}]},{"kind":"block","type":"paragraph","key":"c7f4cce1cc1747658aa6e90c4d7cb8b5","isVoid":false,"data":{},"nodes":[{"kind":"text","key":"63285be385f04672880489f8d1828c0d","ranges":[{"kind":"range","marks":[],"text":"Generally speaking, most of the documentation for TigerGraph Enterprise Server also applies to TigerGraph Cloud.  However, since TigerGraph Cloud does not have a command line interface, any command line features are not supported in the same way. In many cases, an alternative GUI-based method has been introduced."}]}]},{"kind":"block","type":"paragraph","key":"1b4d88f342a6496aae4bb8017bd76309","isVoid":false,"data":{},"nodes":[{"kind":"text","key":"cf103329352f44e8bf680c50d07c2e82","ranges":[{"kind":"range","marks":[],"text":"See the "}]},{"kind":"inline","type":"link","key":"97f7919ea16e4bba8873ac3dab0786a6","isVoid":false,"data":{"pageID":"-LnIL4aeiA3tWi5x6jfs"},"nodes":[{"kind":"text","key":"181e4ed147ca4300926fd6543c6a7254","ranges":[{"kind":"range","marks":[],"text":"TigerGraph Cloud FAQs"}]}]},{"kind":"text","key":"fb341d6e541f4596974d3570f464f253","ranges":[{"kind":"range","marks":[],"text":" for answers to common questions."}]}]},{"kind":"block","type":"table","key":"cfda121b5c18412b80aac17806bcd9af","isVoid":false,"data":{"aligns":["left","left","left"]},"nodes":[{"kind":"block","type":"table-row","key":"55a16583022a4fa4928a98717849d97a","isVoid":false,"data":{},"nodes":[{"kind":"block","type":"table-cell","key":"bbea00f9e0c14af99e2f2032c152441e","isVoid":false,"data":{},"nodes":[{"kind":"block","type":"paragraph","key":"cea8ffd6db064b528ac479dd793b5b4f","isVoid":false,"data":{},"nodes":[{"kind":"text","key":"0f654bc85f594186a021fd363583c92f","ranges":[{"kind":"range","marks":[],"text":"Topic"}]}]}]},{"kind":"block","type":"table-cell","key":"d3bda130c39048888c43caa841929b6c","isVoid":false,"data":{},"nodes":[{"kind":"block","type":"paragraph","key":"d0018b26b33142ee923f61623b04cb15","isVoid":false,"data":{},"nodes":[{"kind":"text","key":"aa402c0813dd432986f95085ab6e30cf","ranges":[{"kind":"range","marks":[],"text":"TigerGraph Enterprise Server"}]}]}]},{"kind":"block","type":"table-cell","key":"38756c6c5a74442098ac4284e98d9737","isVoid":false,"data":{},"nodes":[{"kind":"block","type":"paragraph","key":"b468dda0dba04397b812080c09f37cf2","isVoid":false,"data":{},"nodes":[{"kind":"text","key":"83e998420a0440f9b001f5cad74bec88","ranges":[{"kind":"range","marks":[],"text":"TigerGraph Cloud"}]}]}]}]},{"kind":"block","type":"table-row","key":"d1c7f09af008406584cb093869055d1c","isVoid":false,"data":{},"nodes":[{"kind":"block","type":"table-cell","key":"bcc7051adade4e4dae871333ef34f270","isVoid":false,"data":{},"nodes":[{"kind":"block","type":"paragraph","key":"61b57ee62ba0480795af6ec67de4a875","isVoid":false,"data":{},"nodes":[{"kind":"text","key":"1a434f8f723546e28222843c11cbb2ed","ranges":[{"kind":"range","marks":[],"text":"GSQL Graph Algorithm Library"}]}]}]},{"kind":"block","type":"table-cell","key":"4004167ce8d64f459c33d6ef16bba0a5","isVoid":false,"data":{},"nodes":[{"kind":"block","type":"paragraph","key":"32303836866a4c52b0c83d6faabed862","isVoid":false,"data":{},"nodes":[{"kind":"text","key":"2f47e2366f41434b91f62dbc18043632","ranges":[{"kind":"range","marks":[],"text":"Yes"}]}]}]},{"kind":"block","type":"table-cell","key":"afafa4622ed442e381f82faf5354e362","isVoid":false,"data":{},"nodes":[{"kind":"block","type":"paragraph","key":"7d56581a0c8840d6ba6b5003e140a626","isVoid":false,"data":{},"nodes":[{"kind":"text","key":"4472f28760d64ae4a0c713eca125caf0","ranges":[{"kind":"range","marks":[],"text":"Installation not yet supported. Generated algorithms can be copied-and-pasted into the Write Queries code panel in GraphStudio"}]}]}]}]},{"kind":"block","type":"table-row","key":"156377de130d4f838e3b83dacaad46a2","isVoid":false,"data":{},"nodes":[{"kind":"block","type":"table-cell","key":"5ffdabe74fbd4118a35b5544803b331b","isVoid":false,"data":{},"nodes":[{"kind":"block","type":"paragraph","key":"5afafb5ff23b4258be30439778f9292e","isVoid":false,"data":{},"nodes":[{"kind":"text","key":"41a92caaf1c34c4886633a0ac94dad59","ranges":[{"kind":"range","marks":[],"text":"Release Notes"}]}]}]},{"kind":"block","type":"table-cell","key":"dcaa0cd52f774c6aafca4e8e4d030bb3","isVoid":false,"data":{},"nodes":[{"kind":"block","type":"paragraph","key":"f020633c56f94931953f8c91c5342494","isVoid":false,"data":{},"nodes":[{"kind":"text","key":"0e35ca8cfd3342dc9754b5e369128801","ranges":[{"kind":"range","marks":[],"text":"Yes"}]}]}]},{"kind":"block","type":"table-cell","key":"3f608f91ef2a43979df3f036c8f0dfac","isVoid":false,"data":{},"nodes":[{"kind":"block","type":"paragraph","key":"dee4aaf7c16f47f9992471ff77899622","isVoid":false,"data":{},"nodes":[{"kind":"text","key":"05af08b3d053419c8d9dd3b09c336ba4","ranges":[{"kind":"range","marks":[],"text":"TigerGraph Cloud v1 is based on TigerGraph Server 2.5"}]}]}]}]},{"kind":"block","type":"table-row","key":"184669981f8d4030b2afbbcb79579339","isVoid":false,"data":{},"nodes":[{"kind":"block","type":"table-cell","key":"e8cabbf7a7a6447499b8e92c636d0b2b","isVoid":false,"data":{},"nodes":[{"kind":"block","type":"paragraph","key":"a7960351dcef4866be4fd0af2572d1f5","isVoid":false,"data":{},"nodes":[{"kind":"text","key":"4f699164138d47f7b122e73c9cdef11c","ranges":[{"kind":"range","marks":[],"text":"GSQL 101"}]}]}]},{"kind":"block","type":"table-cell","key":"b8513a3e75e1483baedf6d2c9a13bca9","isVoid":false,"data":{},"nodes":[{"kind":"block","type":"paragraph","key":"89da45eea1194b4c82db43ddc5fb6c0e","isVoid":false,"data":{},"nodes":[{"kind":"text","key":"5d82cedfc42d4a6cad51af2e2e0f0a69","ranges":[{"kind":"range","marks":[],"text":"Yes"}]}]}]},{"kind":"block","type":"table-cell","key":"92fb184f33b745178fceddadc93f3083","isVoid":false,"data":{},"nodes":[{"kind":"block","type":"paragraph","key":"ae4e1fcabb66404bb8db33fb0fe7b633","isVoid":false,"data":{},"nodes":[{"kind":"text","key":"2e90940e57bb4eed91a768f7b135894b","ranges":[{"kind":"range","marks":[],"text":"Basic concepts still apply, most CREATE, INSTALL, LOAD, and RUN commands are replaced with the GraphStudio GUI-based approach."}]}]}]}]},{"kind":"block","type":"table-row","key":"ddfdbacb8a33454083219b15ffcf9228","isVoid":false,"data":{},"nodes":[{"kind":"block","type":"table-cell","key":"fb8b04e992af49eea71da8e4629c46cb","isVoid":false,"data":{},"nodes":[{"kind":"block","type":"paragraph","key":"cd457b8fe8f44df79af1de6f57282004","isVoid":false,"data":{},"nodes":[{"kind":"text","key":"bcbe1e0fd6ee48ec9cfc184b5fc28ca5","ranges":[{"kind":"range","marks":[],"text":"GSQL 102 Pattern Matching"}]}]}]},{"kind":"block","type":"table-cell","key":"9956066dd6c24e46b8d8ff1700d67e05","isVoid":false,"data":{},"nodes":[{"kind":"block","type":"paragraph","key":"6c0ca94101094c84be45f297c171098a","isVoid":false,"data":{},"nodes":[{"kind":"text","key":"80b36f89c1ec47858846192a4e9417ce","ranges":[{"kind":"range","marks":[],"text":"Yes"}]}]}]},{"kind":"block","type":"table-cell","key":"689849e447b94c4587f6d95fedd55ad1","isVoid":false,"data":{},"nodes":[{"kind":"block","type":"paragraph","key":"eec9e6508dc944f38cc41bff1bfd3e09","isVoid":false,"data":{},"nodes":[{"kind":"text","key":"d772b85bdfc04d0f8142d4450f0d7d5f","ranges":[{"kind":"range","marks":[],"text":"The same patterns can be used in queries."}]}]}]}]},{"kind":"block","type":"table-row","key":"10e37b8c68f44243b6a0708f25762df3","isVoid":false,"data":{},"nodes":[{"kind":"block","type":"table-cell","key":"ba557ade8b8f4a1283313f28ccf3e3a1","isVoid":false,"data":{},"nodes":[{"kind":"block","type":"paragraph","key":"142fa3df5fc84d75ab9f86e6538703f9","isVoid":false,"data":{},"nodes":[{"kind":"text","key":"78bc89bc18e94554b5ca8cd8a8d724fa","ranges":[{"kind":"range","marks":[],"text":"MultiGraph Overview"}]}]}]},{"kind":"block","type":"table-cell","key":"2e23fbba25924613bba31a95c59164a0","isVoid":false,"data":{},"nodes":[{"kind":"block","type":"paragraph","key":"cc928122233a4f9fa28e05580bea77a6","isVoid":false,"data":{},"nodes":[{"kind":"text","key":"629e9a2332ad4a81afeac277e82d53ec","ranges":[{"kind":"range","marks":[],"text":"Yes"}]}]}]},{"kind":"block","type":"table-cell","key":"da64799214694bacabc6034d0348b228","isVoid":false,"data":{},"nodes":[{"kind":"block","type":"paragraph","key":"943ba19d65c943ba9ce5d29a4e06e233","isVoid":false,"data":{},"nodes":[{"kind":"text","key":"800c2106613a47769085d30f1e7555f1","ranges":[{"kind":"range","marks":[],"text":"TigerGraph Cloud v1 does not support MultiGraph."}]}]}]}]},{"kind":"block","type":"table-row","key":"8569109c3ab6447c84279fe3b52e26dd","isVoid":false,"data":{},"nodes":[{"kind":"block","type":"table-cell","key":"fdf96669a1214a88ac0d878960997b61","isVoid":false,"data":{},"nodes":[{"kind":"block","type":"paragraph","key":"78e143e42143423c894cf4cb2e87ce51","isVoid":false,"data":{},"nodes":[{"kind":"text","key":"81948935b1b342d385d8483713620186","ranges":[{"kind":"range","marks":[],"text":"Hardware and Software Requirements"}]}]}]},{"kind":"block","type":"table-cell","key":"a43352322d084fd191c8f42c5ad64939","isVoid":false,"data":{},"nodes":[{"kind":"block","type":"paragraph","key":"ffe0ebe4d05c4f15a94c5857c9e8be1b","isVoid":false,"data":{},"nodes":[{"kind":"text","key":"f9a96c2c4d914a5d8ae68354d5076961","ranges":[{"kind":"range","marks":[],"text":"Yes"}]}]}]},{"kind":"block","type":"table-cell","key":"14f994e3b4ee4d93b82ff7330b1ae46c","isVoid":false,"data":{},"nodes":[{"kind":"block","type":"paragraph","key":"56a171e149f64dec8f6824e5bdf9fcb9","isVoid":false,"data":{},"nodes":[{"kind":"text","key":"48118f34652a4c96a8c903f8ec27bbe4","ranges":[{"kind":"range","marks":[],"text":"N/A"}]}]}]}]},{"kind":"block","type":"table-row","key":"14f00964c347488a881e83577c951327","isVoid":false,"data":{},"nodes":[{"kind":"block","type":"table-cell","key":"90717714ca574fc585fdc068df86fef6","isVoid":false,"data":{},"nodes":[{"kind":"block","type":"paragraph","key":"ba5a630e44cd43348c758cdd0bae62d8","isVoid":false,"data":{},"nodes":[{"kind":"text","key":"e34f95e63b2e455d990d1d4daf4c2875","ranges":[{"kind":"range","marks":[],"text":"Installation and Configuration"}]}]}]},{"kind":"block","type":"table-cell","key":"273a8b2d7ee941bbb358c86d8038a1c4","isVoid":false,"data":{},"nodes":[{"kind":"block","type":"paragraph","key":"0b79c480ea7240e9a57aa6b32d01165e","isVoid":false,"data":{},"nodes":[{"kind":"text","key":"5e3b0d244e294f2dbe25964af2ebeb3a","ranges":[{"kind":"range","marks":[],"text":"Yes"}]}]}]},{"kind":"block","type":"table-cell","key":"c5aa88f54323445f903b5d3f4de5a83c","isVoid":false,"data":{},"nodes":[{"kind":"block","type":"paragraph","key":"4ee2617e12094e748f0bbb6a3bbc43c8","isVoid":false,"data":{},"nodes":[{"kind":"text","key":"a73c4b3509ac49fabf4b1315f0afa14f","ranges":[{"kind":"range","marks":[],"text":"N/A. There are a few simple steps to install a Starter Kit.  See the TigerGraph Cloud FAQs."}]}]}]}]},{"kind":"block","type":"table-row","key":"c0bbd102b5ab491a8ccb29d757994e33","isVoid":false,"data":{},"nodes":[{"kind":"block","type":"table-cell","key":"7d1a39a1356943208fb6c65fa4f162b6","isVoid":false,"data":{},"nodes":[{"kind":"block","type":"paragraph","key":"db4a6d94ea1648b98c393e23a034372c","isVoid":false,"data":{},"nodes":[{"kind":"text","key":"5c4576844f06477a89ffd48ab8195e98","ranges":[{"kind":"range","marks":[],"text":"User Access Management"}]}]}]},{"kind":"block","type":"table-cell","key":"d44a2c1e3e7947ceb6cd1faa95d897f1","isVoid":false,"data":{},"nodes":[{"kind":"block","type":"paragraph","key":"b6aacf70e3cd43da9bc19a29d13d26ef","isVoid":false,"data":{},"nodes":[{"kind":"text","key":"e1fc47a0c3084aadb69168071d078359","ranges":[{"kind":"range","marks":[],"text":"Yes"}]}]}]},{"kind":"block","type":"table-cell","key":"414a32d9d1d14acdb36ffde3595ade31","isVoid":false,"data":{},"nodes":[{"kind":"block","type":"paragraph","key":"f53813e199124ceb89eb2ace0ea39b88","isVoid":false,"data":{},"nodes":[{"kind":"text","key":"0499dadb759644daac97d8d5e73d43e5","ranges":[{"kind":"range","marks":[],"text":"TigerGraph Cloud v1 supports only a single user."}]}]}]}]},{"kind":"block","type":"table-row","key":"402aba16f54748e58fbbd623007ca304","isVoid":false,"data":{},"nodes":[{"kind":"block","type":"table-cell","key":"3858d8e318ab4e618812ddb19793059d","isVoid":false,"data":{},"nodes":[{"kind":"block","type":"paragraph","key":"1fb04fdc5ed94ad3bcb59f8de11ef4bb","isVoid":false,"data":{},"nodes":[{"kind":"text","key":"fea14dd6a07f4cdfb6287e7b08faa770","ranges":[{"kind":"range","marks":[],"text":"Data Encryption"}]}]}]},{"kind":"block","type":"table-cell","key":"3f4080b4a7c240c4a6dbcfa2720dc4b7","isVoid":false,"data":{},"nodes":[{"kind":"block","type":"paragraph","key":"491bad6d988843aa96bd54629b38aa21","isVoid":false,"data":{},"nodes":[{"kind":"text","key":"f9cb8d54f66d4c86904fc9660e89865c","ranges":[{"kind":"range","marks":[],"text":"Yes"}]}]}]},{"kind":"block","type":"table-cell","key":"6d6def27946241cfb4d8ae73979125c7","isVoid":false,"data":{},"nodes":[{"kind":"block","type":"paragraph","key":"522d7f9596af4b839b4e2c1456a14d51","isVoid":false,"data":{},"nodes":[{"kind":"text","key":"f1fa0553a1f34c21b213e58fc3359dc6","ranges":[{"kind":"range","marks":[],"text":"N/A. TigerGraph Cloud is setup already for encrypted data at rest and at motion."}]}]}]}]},{"kind":"block","type":"table-row","key":"acde2d14f3544a7585e23c75be3a4bfb","isVoid":false,"data":{},"nodes":[{"kind":"block","type":"table-cell","key":"a1876e2c4b664d80b07ebe3c490e2f82","isVoid":false,"data":{},"nodes":[{"kind":"block","type":"paragraph","key":"106d3188fcbf4d3baf8308a52e92306a","isVoid":false,"data":{},"nodes":[{"kind":"text","key":"59073b84fb604c66907aa7a063509fc0","ranges":[{"kind":"range","marks":[],"text":"System Management"}]}]}]},{"kind":"block","type":"table-cell","key":"b35c702c450e46d2b3bb84acaed15ae7","isVoid":false,"data":{},"nodes":[{"kind":"block","type":"paragraph","key":"bb9791ae61ac4a7a892efddd336b616d","isVoid":false,"data":{},"nodes":[{"kind":"text","key":"6fc6826bc3f94b12a4e6eef346a5bccb","ranges":[{"kind":"range","marks":[],"text":"Yes"}]}]}]},{"kind":"block","type":"table-cell","key":"c23126b563d74542835393fb80710798","isVoid":false,"data":{},"nodes":[{"kind":"block","type":"paragraph","key":"01061b406a444f23b1373091c9ce080d","isVoid":false,"data":{},"nodes":[{"kind":"text","key":"1de4df75160e4b54a7b6f865830af42a","ranges":[{"kind":"range","marks":[],"text":"The Cloud Admin Portal is enhanced over the TigerGraph Server Admin Portal.  Backup and Restore and done through the Cloud Admin Portal."}]}]}]}]},{"kind":"block","type":"table-row","key":"ade66a287ec14f42bcfd64debd3323de","isVoid":false,"data":{},"nodes":[{"kind":"block","type":"table-cell","key":"461fae7d1911441f89b0d0c89e9f39fd","isVoid":false,"data":{},"nodes":[{"kind":"block","type":"paragraph","key":"3aefe56b1eef401984116c0c6325fab8","isVoid":false,"data":{},"nodes":[{"kind":"text","key":"1431682b97ff417684a8060d8a8b292b","ranges":[{"kind":"range","marks":[],"text":"GraphStudio UI Guide"}]}]}]},{"kind":"block","type":"table-cell","key":"5a5c1e7980da4292967af428fc747610","isVoid":false,"data":{},"nodes":[{"kind":"block","type":"paragraph","key":"3cc2e6d001bd42858fd9b4bcb9c612cc","isVoid":false,"data":{},"nodes":[{"kind":"text","key":"efc97e7ba3fd47b8b4878e014d00da6f","ranges":[{"kind":"range","marks":[],"text":"Yes"}]}]}]},{"kind":"block","type":"table-cell","key":"916c2ad65364421eb02ce1ba5d144da9","isVoid":false,"data":{},"nodes":[{"kind":"block","type":"paragraph","key":"0d1dfb62453c468b98349b39256c0936","isVoid":false,"data":{},"nodes":[{"kind":"text","key":"e70245f035dd492ba6408a6353616015","ranges":[{"kind":"range","marks":[],"text":"Yes"}]}]}]}]},{"kind":"block","type":"table-row","key":"a0ee41273c454a39a8d35dc02af8a9a2","isVoid":false,"data":{},"nodes":[{"kind":"block","type":"table-cell","key":"5708d34d605740e195d42f8cc74eca70","isVoid":false,"data":{},"nodes":[{"kind":"block","type":"paragraph","key":"a3fbb3b436244db6a04a942fa082c054","isVoid":false,"data":{},"nodes":[{"kind":"text","key":"fd43c009848f483585591fd89492243c","ranges":[{"kind":"range","marks":[],"text":"GSQL Demo Examples"}]}]}]},{"kind":"block","type":"table-cell","key":"9debb2907b8e48f7a56c09ea59a4c4a3","isVoid":false,"data":{},"nodes":[{"kind":"block","type":"paragraph","key":"9a7af90061fb4f66958aea86529c7a05","isVoid":false,"data":{},"nodes":[{"kind":"text","key":"663ee242ec774e5cb192da90878e516a","ranges":[{"kind":"range","marks":[],"text":"Yes"}]}]}]},{"kind":"block","type":"table-cell","key":"24646c143cff486db149b176e3ddf5f5","isVoid":false,"data":{},"nodes":[{"kind":"block","type":"paragraph","key":"5b515415b44a428b9250ce956c470217","isVoid":false,"data":{},"nodes":[{"kind":"text","key":"e7b952bfc3054d6d9dcb29f119da144c","ranges":[{"kind":"range","marks":[],"text":"Yes"}]}]}]}]},{"kind":"block","type":"table-row","key":"3466739ce02a40489db8333fbfe416c3","isVoid":false,"data":{},"nodes":[{"kind":"block","type":"table-cell","key":"0582f33e8ae849fda2ef82a36c332ecd","isVoid":false,"data":{},"nodes":[{"kind":"block","type":"paragraph","key":"b6b0e99de4f44c77a639e227d9bdbc2a","isVoid":false,"data":{},"nodes":[{"kind":"text","key":"3eba28f88edc482b83ee58fd6f2b55e3","ranges":[{"kind":"range","marks":[],"text":"GSQL Language Reference, Part 1 Data Definition and Loading"}]}]}]},{"kind":"block","type":"table-cell","key":"4a0c472932e440b48d1baf1bccc08d24","isVoid":false,"data":{},"nodes":[{"kind":"block","type":"paragraph","key":"d9f397cd89c74e65913b61123e918dff","isVoid":false,"data":{},"nodes":[{"kind":"text","key":"067b5bef1edd4883822ba979d3426d66","ranges":[{"kind":"range","marks":[],"text":"Yes"}]}]}]},{"kind":"block","type":"table-cell","key":"ff14d645b1fc434494e7613ad5e1cba0","isVoid":false,"data":{},"nodes":[{"kind":"block","type":"paragraph","key":"54c9c30d17cf417f98ad9d8ee3574dff","isVoid":false,"data":{},"nodes":[{"kind":"text","key":"efd93b8a21da4b3abf04735208235107","ranges":[{"kind":"range","marks":[],"text":"N/A. The operations are performed through the GraphStudio user interface."}]}]}]}]},{"kind":"block","type":"table-row","key":"18bfb834767741699751d825052a0cb6","isVoid":false,"data":{},"nodes":[{"kind":"block","type":"table-cell","key":"2954f6022b834b36ba4c9a92fca6e590","isVoid":false,"data":{},"nodes":[{"kind":"block","type":"paragraph","key":"bcf94c1a0d2643e68c65e82ae9306fc1","isVoid":false,"data":{},"nodes":[{"kind":"text","key":"9fdcb3c1369847fe8ea45913891153b1","ranges":[{"kind":"range","marks":[],"text":"GSQL Language Reference, Part 2 Querying"}]}]}]},{"kind":"block","type":"table-cell","key":"4c752518ae5a4756b71d2eb72b83e811","isVoid":false,"data":{},"nodes":[{"kind":"block","type":"paragraph","key":"5c316fa123694c3bbeee8833ea204de7","isVoid":false,"data":{},"nodes":[{"kind":"text","key":"1b87febde34544d8abf499a044922b65","ranges":[{"kind":"range","marks":[],"text":"Yes"}]}]}]},{"kind":"block","type":"table-cell","key":"49822b0591ed46e489c3862bc9041848","isVoid":false,"data":{},"nodes":[{"kind":"block","type":"paragraph","key":"b216015f7fc64c93a4cad573bf5a9f95","isVoid":false,"data":{},"nodes":[{"kind":"text","key":"1d382d75e4d44c63a882a56f1a79cfe9","ranges":[{"kind":"range","marks":[],"text":"Yes"}]}]}]}]},{"kind":"block","type":"table-row","key":"6747bdfeac00483fadd0b482e816d769","isVoid":false,"data":{},"nodes":[{"kind":"block","type":"table-cell","key":"69627ca1aef641729c1a8b08d7654959","isVoid":false,"data":{},"nodes":[{"kind":"block","type":"paragraph","key":"a354382a986f443993017700cce5f204","isVoid":false,"data":{},"nodes":[{"kind":"text","key":"a20f0d37f2404d91929e5b025ca6849a","ranges":[{"kind":"range","marks":[],"text":"RESTPP API User Guide"}]}]}]},{"kind":"block","type":"table-cell","key":"4833488bdad64603b6fe4918327eb9f8","isVoid":false,"data":{},"nodes":[{"kind":"block","type":"paragraph","key":"748ba9b07d034f91aee1e4751f576c7c","isVoid":false,"data":{},"nodes":[{"kind":"text","key":"e27c43463c1341fead05441830391d76","ranges":[{"kind":"range","marks":[],"text":"Yes"}]}]}]},{"kind":"block","type":"table-cell","key":"54e42e6460044f0e9540f981acc2829c","isVoid":false,"data":{},"nodes":[{"kind":"block","type":"paragraph","key":"84abd5a108ba4667948782ca5be35efc","isVoid":false,"data":{},"nodes":[{"kind":"text","key":"eec189dba0c44b809cf4656d09fb009b","ranges":[{"kind":"range","marks":[],"text":"Yes. Note the URL assigned to your solution."}]}]}]}]},{"kind":"block","type":"table-row","key":"399303e35c0b417ca60fd98c6002023f","isVoid":false,"data":{},"nodes":[{"kind":"block","type":"table-cell","key":"c40385e4f544418b874d126ec0ecfb40","isVoid":false,"data":{},"nodes":[{"kind":"block","type":"paragraph","key":"f51c11b42d334678bfc435d8c1b3ee2f","isVoid":false,"data":{},"nodes":[{"kind":"text","key":"e8a933b98aa3491eab26768161c13416","ranges":[{"kind":"range","marks":[],"text":"Transaction Processing and ACID Support"}]}]}]},{"kind":"block","type":"table-cell","key":"2247f0b733094b10925a1613cbe4fdfb","isVoid":false,"data":{},"nodes":[{"kind":"block","type":"paragraph","key":"cb5ade763a974ca5842b97d5837f0ac5","isVoid":false,"data":{},"nodes":[{"kind":"text","key":"7b14bf290d80401b81a7b32a0caea6d7","ranges":[{"kind":"range","marks":[],"text":"Yes"}]}]}]},{"kind":"block","type":"table-cell","key":"03692d6da4834e34b4c1f1b1282e54e9","isVoid":false,"data":{},"nodes":[{"kind":"block","type":"paragraph","key":"86d9f841466948fdad18e4f7de8d957f","isVoid":false,"data":{},"nodes":[{"kind":"text","key":"d76afc1aa1964013bbcbbfa946e8218f","ranges":[{"kind":"range","marks":[],"text":"Yes"}]}]}]}]},{"kind":"block","type":"table-row","key":"84f51b2ac61a460a9796cf651d0245c9","isVoid":false,"data":{},"nodes":[{"kind":"block","type":"table-cell","key":"76243ba22e494a62a652384dd5e30444","isVoid":false,"data":{},"nodes":[{"kind":"block","type":"paragraph","key":"a85d2eaed0d443c3b45c33977a69bac7","isVoid":false,"data":{},"nodes":[{"kind":"text","key":"d2d3c10d1d8149e682b055488837581c","ranges":[{"kind":"range","marks":[],"text":"Data Loader User Guides"}]}]}]},{"kind":"block","type":"table-cell","key":"d2b687c5f27a4b01bd33fef743b7ee3b","isVoid":false,"data":{},"nodes":[{"kind":"block","type":"paragraph","key":"3b2e3121ba1b42809cbee3c2a0e3632f","isVoid":false,"data":{},"nodes":[{"kind":"text","key":"8f4e3374d41f4a498c86a6bf1460a299","ranges":[{"kind":"range","marks":[],"text":"Yes"}]}]}]},{"kind":"block","type":"table-cell","key":"a1a81162859447aea90f6d40ff8603e0","isVoid":false,"data":{},"nodes":[{"kind":"block","type":"paragraph","key":"9ce86934395541528b1c42abbd747780","isVoid":false,"data":{},"nodes":[{"kind":"text","key":"ebdee550bccd4bca91d1ba2dfa7dc1dc","ranges":[{"kind":"range","marks":[],"text":"S3 Loader can be used through the GraphStudio interface."}]}]}]}]}]}]}}