{"uid":"-M6Urf2ebFazCKGOtoMI","message":"","createdAt":"2020-05-04T13:32:24.452Z","createdBy":"flattbFn0kPgWMoZA8hax1iMYWk1","parents":["-M6SN1iOn0dAC5aVGMWL"],"versions":{"master":{"ref":"master","title":"1.0.0","page":{"uid":"-M5KQ7eQiJjPIMNk5Aj1","title":"Initial page","kind":"document","description":"样式测试","path":"master","href":null,"documentURL":"https://firebasestorage.googleapis.com/v0/b/gitbook-28427.appspot.com/o/documents%2F-M5KPzYngbqUazKg6Cbm%2F-M6Urf2ebFazCKGOtoMI%2Fmaster%2F-M5KQ7eQiJjPIMNk5Aj1%2Fdocument.json?alt=media&token=df383895-9203-4c95-9ec6-4350fe011f74","createdAt":"2020-04-20T02:30:50.780Z","pages":[{"uid":"-M6SMjc8Vhl972Ctxx87","title":"A","kind":"document","description":"A","path":"a","href":null,"documentURL":"https://firebasestorage.googleapis.com/v0/b/gitbook-28427.appspot.com/o/documents%2F-M5KPzYngbqUazKg6Cbm%2F-M6SMeRtYQ4U04yShbYM%2Fmaster%2F-M6SMjc8Vhl972Ctxx87%2Fdocument.json?alt=media&token=917ab3b9-a2fa-4815-bd2b-908c5e6fbc37","createdAt":"2020-05-04T01:48:41.353Z","pages":[],"github":null,"isPathUntouched":false,"stats":{"words":0,"images":0,"codeLines":0,"revisions":0},"edits":{"contributions":{"flattbFn0kPgWMoZA8hax1iMYWk1":{"createdAt":"2020-05-04T01:49:44.999Z","updatedAt":"2020-05-04T01:49:44.999Z","count":1}}}},{"uid":"-M6SMniJ3irsAVf7xrNV","title":"B","kind":"document","description":"B","path":"b","href":null,"documentURL":"https://firebasestorage.googleapis.com/v0/b/gitbook-28427.appspot.com/o/documents%2F-M5KPzYngbqUazKg6Cbm%2F-M6SMeRtYQ4U04yShbYM%2Fmaster%2F-M6SMniJ3irsAVf7xrNV%2Fdocument.json?alt=media&token=4b741dd1-c8c4-4dea-9631-51f4e59e2020","createdAt":"2020-05-04T01:48:58.132Z","pages":[],"github":null,"isPathUntouched":false,"stats":{"words":0,"images":0,"codeLines":0,"revisions":0},"edits":{"contributions":{"flattbFn0kPgWMoZA8hax1iMYWk1":{"createdAt":"2020-05-04T01:49:44.996Z","updatedAt":"2020-05-04T01:49:44.996Z","count":1}}}},{"uid":"-M6SMp6nzozNaf3DPP_P","title":"C","kind":"document","description":"C","path":"c","href":null,"documentURL":"https://firebasestorage.googleapis.com/v0/b/gitbook-28427.appspot.com/o/documents%2F-M5KPzYngbqUazKg6Cbm%2F-M6SMeRtYQ4U04yShbYM%2Fmaster%2F-M6SMp6nzozNaf3DPP_P%2Fdocument.json?alt=media&token=4c46e1cd-7133-45a8-8f3a-8044210051f8","createdAt":"2020-05-04T01:49:03.859Z","pages":[],"github":null,"isPathUntouched":false,"stats":{"words":0,"images":0,"codeLines":0,"revisions":0},"edits":{"contributions":{"flattbFn0kPgWMoZA8hax1iMYWk1":{"createdAt":"2020-05-04T01:49:44.771Z","updatedAt":"2020-05-04T01:49:44.771Z","count":1}}}},{"uid":"-M6SMqU_SnjU2iKAYD-a","title":"D","kind":"document","description":"D","path":"d","href":null,"documentURL":"https://firebasestorage.googleapis.com/v0/b/gitbook-28427.appspot.com/o/documents%2F-M5KPzYngbqUazKg6Cbm%2F-M6SMeRtYQ4U04yShbYM%2Fmaster%2F-M6SMqU_SnjU2iKAYD-a%2Fdocument.json?alt=media&token=2b9d3308-7aaf-4533-8988-f56d8318fbe5","createdAt":"2020-05-04T01:49:09.477Z","pages":[],"github":null,"isPathUntouched":false,"stats":{"words":0,"images":0,"codeLines":0,"revisions":0},"edits":{"contributions":{"flattbFn0kPgWMoZA8hax1iMYWk1":{"createdAt":"2020-05-04T01:49:44.768Z","updatedAt":"2020-05-04T01:49:44.768Z","count":1}}}}],"github":null,"isPathUntouched":false,"stats":{"words":198,"images":1,"codeLines":6,"revisions":0},"edits":{"contributions":{"flattbFn0kPgWMoZA8hax1iMYWk1":{"createdAt":"2020-04-20T02:34:50.033Z","updatedAt":"2020-05-04T13:32:19.328Z","count":15}}}},"github":null,"locale":null}},"primaryVersionID":"master","assets":{"-M5Q9B2crYznyX5yghuy":{"uid":"-M5Q9B2crYznyX5yghuy","name":"烤心管 (2).jpg","downloadURL":"https://firebasestorage.googleapis.com/v0/b/gitbook-28427.appspot.com/o/assets%2F-M5KPzYngbqUazKg6Cbm%2F-M5Q0fHhWom6BNrhIxhz%2F-M5Q9B2crYznyX5yghuy%2F%E7%83%A4%E5%BF%83%E7%AE%A1%20(2).jpg?alt=media&token=ebb366a0-ce49-422f-a158-958eff791f5e","blobSize":145112,"createdAt":"2020-04-21T05:14:33.111Z","edits":{"contributions":{"flattbFn0kPgWMoZA8hax1iMYWk1":{"createdAt":"2020-04-21T05:14:34.036Z","updatedAt":"2020-04-21T05:14:34.036Z","count":1}}},"github":null,"contentType":"image/jpeg"}},"github":[],"rollbackOf":null}