{"format_version":1,"document":{"kind":"document","key":"629605ca129f455db9693ca3fe7ae210","data":{"schema_version":5},"nodes":[{"kind":"block","type":"paragraph","key":"6099954ab4d74fcea463007db7a8e872","isVoid":false,"data":{},"nodes":[{"kind":"text","key":"e169ea191ab54685b258f5383338d8ed","ranges":[{"kind":"range","marks":[],"text":"\nGBAR (Graph Backup And Restore), is an integrated tool for backing up and restoring the data and data dictionary (schema, loading jobs, and queries) of a single TigerGraph node. In Backup mode, it packs TigerGraph data and configuration information in a single file onto disk or a remote AWS S3 bucket. Multiple backup files can be archived. Later, you can use the Restore mode to rollback the system to any backup point. This tool can also be integrated easily with Linux cron to perform periodic backup jobs."}]}]},{"kind":"block","type":"paragraph","key":"6fae37756a4042d38d019fcf8b43ebfb","isVoid":false,"data":{},"nodes":[{"kind":"text","key":"4229bdfc9899418bbe630c7b5c7b204f","ranges":[{"kind":"range","marks":[],"text":"Version 2.1.3 to 2.2. Copyright (c) 2018 TigerGraph. All Rights Reserved."}]}]},{"kind":"block","type":"heading-2","key":"830500f937bd4fb79d8ecc615bbee0e3","isVoid":false,"data":{"id":"GBAR-GraphBackupandRestorev2.1-IntroductionandSyntax"},"nodes":[{"kind":"text","key":"914a45ea319143c19574482be393e4d5","ranges":[{"kind":"range","marks":[],"text":"Introduction and Syntax"}]}]},{"kind":"block","type":"hint","key":"6da3914025b84da196b23d8300694a6b","isVoid":false,"data":{"style":"info"},"nodes":[{"kind":"block","type":"paragraph","key":"1e01e60a31c04270a3a8df6517466eae","isVoid":false,"data":{},"nodes":[{"kind":"text","key":"64ba24d8c0ce46a1868b2ed8ee5cf29b","ranges":[{"kind":"range","marks":[],"text":" The current version of GBAR is intended for restoring the same machine that was backed up. For help with cloning a database (i.e., backing up machine A and restoring the database to machine B), please contact "}]},{"kind":"inline","type":"link","key":"3feb420fa2934071b6a51fd122f5c3f3","isVoid":false,"data":{"href":"mailto:support@tigergraph.com"},"nodes":[{"kind":"text","key":"e6a0ef4265be437fa8959985dfc283f5","ranges":[{"kind":"range","marks":[],"text":"support@tigergraph.com "}]}]},{"kind":"text","key":"f3125e777f1c4acf99ffb814255d15b4","ranges":[{"kind":"range","marks":[],"text":"."}]}]}]},{"kind":"block","type":"code","key":"dcda1dc0d157496ebcaac73149c5b6c9","isVoid":false,"data":{},"nodes":[{"kind":"block","type":"code-tab","key":"285621976f2545d18b99d00686a904d3","isVoid":false,"data":{"syntax":"text","title":"Synopsis"},"nodes":[{"kind":"block","type":"code-line","key":"db0a9ba30aeb4ec88c999af0458a349e","isVoid":false,"data":{},"nodes":[{"kind":"text","key":"e38a4f00f0244a45b6c6709bb87376ab","ranges":[{"kind":"range","marks":[],"text":"Usage: gbar backup [options] -t <backup_tag>"}]}]},{"kind":"block","type":"code-line","key":"6264c8e7f2cc46f5b412b0d900c8566a","isVoid":false,"data":{},"nodes":[{"kind":"text","key":"1d8930beb0dc4dcf9164aa97be91f604","ranges":[{"kind":"range","marks":[],"text":"       gbar restore [options] <backup_tag>"}]}]},{"kind":"block","type":"code-line","key":"ebfaba3e68da4be58d73a405898c3cb8","isVoid":false,"data":{},"nodes":[{"kind":"text","key":"4e2358ea096c452e8ee3b696d0036e97","ranges":[{"kind":"range","marks":[],"text":"       gbar config"}]}]},{"kind":"block","type":"code-line","key":"413125c60355405a8cfedb3b784bb0df","isVoid":false,"data":{},"nodes":[{"kind":"text","key":"1e784dc357dc4b67a3d9ffb83ee80ad1","ranges":[{"kind":"range","marks":[],"text":"       gbar list"}]}]},{"kind":"block","type":"code-line","key":"2294eb70d1504cf2b4189befd854bbc4","isVoid":false,"data":{},"nodes":[{"kind":"text","key":"e35984a3e185402cac84f310ad96e3a6","ranges":[{"kind":"range","marks":[],"text":""}]}]},{"kind":"block","type":"code-line","key":"5740247df19c44ae907133a0d8909e6c","isVoid":false,"data":{},"nodes":[{"kind":"text","key":"c2f61f93c8c6474a9e5baf4ef88f0023","ranges":[{"kind":"range","marks":[],"text":"Options:"}]}]},{"kind":"block","type":"code-line","key":"2906987b2e814eaf9bbfd9011f8a2f68","isVoid":false,"data":{},"nodes":[{"kind":"text","key":"869167cc934e4dbcab79dc4a3a23719c","ranges":[{"kind":"range","marks":[],"text":"  -h, --help     Show this help message and exit"}]}]},{"kind":"block","type":"code-line","key":"85328d9abac54e6c9f6464876a59c2f4","isVoid":false,"data":{},"nodes":[{"kind":"text","key":"735bbd2941934ba5ae08cb98d9abc712","ranges":[{"kind":"range","marks":[],"text":"  -v             Run with debug info dumped"}]}]},{"kind":"block","type":"code-line","key":"b93e0020144c4003b0d906ecbc7db56a","isVoid":false,"data":{},"nodes":[{"kind":"text","key":"7875e93ba5f64b609763c18fa089faf6","ranges":[{"kind":"range","marks":[],"text":"  -vv            Run with verbose debug info dumped"}]}]},{"kind":"block","type":"code-line","key":"2c72f596af154b0a99450a819a9508dd","isVoid":false,"data":{},"nodes":[{"kind":"text","key":"94c8de97e5be4a4ebb0629b210000331","ranges":[{"kind":"range","marks":[],"text":"  -y             Run without prompt"}]}]},{"kind":"block","type":"code-line","key":"1441d808bada438f9cafd07f0204641a","isVoid":false,"data":{},"nodes":[{"kind":"text","key":"999086f18b7342a4a834068703750c35","ranges":[{"kind":"range","marks":[],"text":"  -t BACKUP_TAG  Tag for backup file, required on backup"}]}]}]}]},{"kind":"block","type":"paragraph","key":"e3b81fa9259c4c638215205785bae410","isVoid":false,"data":{},"nodes":[{"kind":"text","key":"18930fa2388c4755a809f0c56ed3d77d","ranges":[{"kind":"range","marks":[],"text":"\nThe -y option forces GBAR to skip interactive prompt questions by selecting the default answer. There is currently one interactive question:"}]}]},{"kind":"block","type":"list-unordered","key":"2dbb260d7e994f828ab10f2e7859d9ab","isVoid":false,"data":{},"nodes":[{"kind":"block","type":"list-item","key":"b15a61aed3634dc0b545a8051db593b9","isVoid":false,"data":{},"nodes":[{"kind":"block","type":"paragraph","key":"0c3dc6e4f61e43638f7bac01de62a3ea","isVoid":false,"data":{},"nodes":[{"kind":"text","key":"7faee1b4b0f14c2899c7b34a33adf3ed","ranges":[{"kind":"range","marks":[],"text":"At the start of restore, GBAR will always ask if it is okay to stop and reset the TigerGraph services: (y/N)? The default answer is yes."}]}]}]}]},{"kind":"block","type":"heading-3","key":"956fd3c677fc4d94918b327cfda55094","isVoid":false,"data":{"id":"GBAR-GraphBackupandRestorev2.1-Changesbetweenv2.0andv2.1"},"nodes":[{"kind":"text","key":"ba87cc48e3a74ef68cd8dfd8f77e840c","ranges":[{"kind":"range","marks":[{"kind":"mark","data":{},"type":"bold"}],"text":"Changes between v2.0 and v2.1"}]}]},{"kind":"block","type":"paragraph","key":"cf816d0c4ae64d80a0968c9fc4a51220","isVoid":false,"data":{},"nodes":[{"kind":"text","key":"21fc9b4a8fd948cba3f7b7479741634f","ranges":[{"kind":"range","marks":[],"text":"Config"}]}]},{"kind":"block","type":"list-unordered","key":"c2357acf6d9c489e9e669cd32377470e","isVoid":false,"data":{},"nodes":[{"kind":"block","type":"list-item","key":"1228bac74e2e4e88954f7a00285856fb","isVoid":false,"data":{},"nodes":[{"kind":"block","type":"paragraph","key":"e92bdbaf9f7b4f9a9af35a32236b676b","isVoid":false,"data":{},"nodes":[{"kind":"text","key":"b1209b6f0f264d5cabb0777c06420c67","ranges":[{"kind":"range","marks":[],"text":"For S3 configuration, the AWS access key and secret are not provided, then GBAR will use the attached IAM role."}]}]}]},{"kind":"block","type":"list-item","key":"f3c69108a0794fddae18895f399802b7","isVoid":false,"data":{},"nodes":[{"kind":"block","type":"paragraph","key":"2294ac6fd127412b94c1a6b72a3d679d","isVoid":false,"data":{},"nodes":[{"kind":"text","key":"0287092bbe79405eb277fa3dc6de79a9","ranges":[{"kind":"range","marks":[],"text":"You can specify the number of parallel processes for backup and restore."}]}]}]},{"kind":"block","type":"list-item","key":"5145ae6f714f4dc7ba4a685a102f0522","isVoid":false,"data":{},"nodes":[{"kind":"block","type":"paragraph","key":"3376c4a3a6874c68aef65a75f6fa8a73","isVoid":false,"data":{},"nodes":[{"kind":"text","key":"c639b9887b05425888f0fc17ab1ff2ab","ranges":[{"kind":"range","marks":[],"text":"If GSQL authentication is enabled, you must provide a username and password."}]}]}]}]},{"kind":"block","type":"paragraph","key":"343152ee37fb40c19a4b80cde79d691f","isVoid":false,"data":{},"nodes":[{"kind":"text","key":"03c2b3902dd24274b4268cba4328066c","ranges":[{"kind":"range","marks":[],"text":" Backup"}]}]},{"kind":"block","type":"list-unordered","key":"a0f3a5962c7f44ada45c892a3e23d053","isVoid":false,"data":{},"nodes":[{"kind":"block","type":"list-item","key":"a0a2b77248774eeca627d649a684de07","isVoid":false,"data":{},"nodes":[{"kind":"block","type":"paragraph","key":"3886598b9e5b41ba8de301a119fc49bd","isVoid":false,"data":{},"nodes":[{"kind":"text","key":"80b2924b13a94021804058b06ca3f720","ranges":[{"kind":"range","marks":[],"text":"A backup archive is stored as several files in a folder, rather than as a single file."}]}]}]},{"kind":"block","type":"list-item","key":"ced2ba75e8b1413bba61e726665ada35","isVoid":false,"data":{},"nodes":[{"kind":"block","type":"paragraph","key":"704221eccbc44bc99f00793eb2722f4e","isVoid":false,"data":{},"nodes":[{"kind":"text","key":"812c2e0bf281476dba03aa56a99bd9fa","ranges":[{"kind":"range","marks":[],"text":"Distributed backup performance is improved."}]}]}]}]},{"kind":"block","type":"paragraph","key":"378e67acd51646ac8f7298dffbfc1af1","isVoid":false,"data":{},"nodes":[{"kind":"text","key":"a4966837c6e542ec9c32de71e2f9aa81","ranges":[{"kind":"range","marks":[],"text":" Restore"}]}]},{"kind":"block","type":"list-unordered","key":"b067588fb8c9427c985152a6370ccf91","isVoid":false,"data":{},"nodes":[{"kind":"block","type":"list-item","key":"8a13a6c3b7e244b7bc26c87bfe5cc470","isVoid":false,"data":{},"nodes":[{"kind":"block","type":"paragraph","key":"6a8163ee5a9b4b7e859d26959f0141ac","isVoid":false,"data":{},"nodes":[{"kind":"text","key":"b68ba27fafa542e783da8701ad49bed8","ranges":[{"kind":"range","marks":[],"text":"To select a backup archive to restore, the full backup name must be specified."}]}]}]},{"kind":"block","type":"list-item","key":"96d14d3395c247eab2fa0cfea466989b","isVoid":false,"data":{},"nodes":[{"kind":"block","type":"paragraph","key":"e87956c7f2bb4912a04d701e6cc7030d","isVoid":false,"data":{},"nodes":[{"kind":"text","key":"8e075a357457465b90a7583125300e56","ranges":[{"kind":"range","marks":[],"text":" Restore asks fewer interactive questions than before: "}]}]},{"kind":"block","type":"list-unordered","key":"e4258f01b76d48f7aaf16844d748a751","isVoid":false,"data":{},"nodes":[{"kind":"block","type":"list-item","key":"c279d8f58ced49e3bed9616e14249288","isVoid":false,"data":{},"nodes":[{"kind":"block","type":"paragraph","key":"1118a47a1dd942aca0469a99c80da98f","isVoid":false,"data":{},"nodes":[{"kind":"text","key":"ec60f6973cbe48fb8b73afed91e5fea7","ranges":[{"kind":"range","marks":[],"text":"The user must provide a full archive name; there is no option to select the latest from a set of archives."}]}]}]},{"kind":"block","type":"list-item","key":"7093dc5c1ddf44f4b67b854141b16669","isVoid":false,"data":{},"nodes":[{"kind":"block","type":"paragraph","key":"dec11360fbd944fdae665d8d5ae5d2a8","isVoid":false,"data":{},"nodes":[{"kind":"text","key":"fe4226c225454aa4986c60f823f2e7e4","ranges":[{"kind":"range","marks":[],"text":"GBAR restore does not estimate the the uncompressed data size and check whether there is sufficient disk space."}]}]}]}]}]}]},{"kind":"block","type":"heading-2","key":"66dbe15cb6a6479bb1532a3e381bb291","isVoid":false,"data":{"id":"GBAR-GraphBackupandRestorev2.1-Config"},"nodes":[{"kind":"text","key":"0d3b92534567455fbddde17d911fea9d","ranges":[{"kind":"range","marks":[],"text":"Config"}]}]},{"kind":"block","type":"code","key":"0d7ef5a7dd7b4156a24c151b98b5e4ec","isVoid":false,"data":{},"nodes":[{"kind":"block","type":"code-tab","key":"e310be9469b348719ca49ea721371048","isVoid":false,"data":{"syntax":"text"},"nodes":[{"kind":"block","type":"code-line","key":"4b3f73658eca49238718351644754b98","isVoid":false,"data":{},"nodes":[{"kind":"text","key":"16d94ad0c2e6431288a11963454fcf00","ranges":[{"kind":"range","marks":[],"text":"gbar config"}]}]}]}]},{"kind":"block","type":"paragraph","key":"7f3b51e5841c43ce97add746a2d1a5cd","isVoid":false,"data":{},"nodes":[{"kind":"text","key":"33a7f12b12ad4a60b1665722f4f8b30a","ranges":[{"kind":"range","marks":[],"text":"GBAR Config must be run before using GBAR backup/restore functionality. GBAR Config will open the following configuration template interactively in a text editor. Using the comments as a guide, edit the configuration file to set the configuration parameters according to your own needs."}]}]},{"kind":"block","type":"code","key":"e96b65a09cf44e66afaad6b15f15f085","isVoid":false,"data":{},"nodes":[{"kind":"block","type":"code-tab","key":"8f7762e7e6864515b2b7fdccc73dbcd6","isVoid":false,"data":{"syntax":"text","title":"Synopsis"},"nodes":[{"kind":"block","type":"code-line","key":"5ba9ce37774c4ea28fc2cd4c9cbca930","isVoid":false,"data":{},"nodes":[{"kind":"text","key":"ee1776691c43475cb21804aa38e8c675","ranges":[{"kind":"range","marks":[],"text":" # Configure file for GBAR"}]}]},{"kind":"block","type":"code-line","key":"73c87c4fc5144e3db01cc0b2dec97b55","isVoid":false,"data":{},"nodes":[{"kind":"text","key":"b7a5a2ddc4f54918a783e85ece625b51","ranges":[{"kind":"range","marks":[],"text":" # you can specify storage method as either local or s3."}]}]},{"kind":"block","type":"code-line","key":"dcb01d6183c345bd83f89b9fe549851e","isVoid":false,"data":{},"nodes":[{"kind":"text","key":"b640d97950be4c719645179fc32f3d7b","ranges":[{"kind":"range","marks":[],"text":""}]}]},{"kind":"block","type":"code-line","key":"653b8694516040a0ba65f0571b0ebf14","isVoid":false,"data":{},"nodes":[{"kind":"text","key":"44570094c780486f9deb87668bcdcd67","ranges":[{"kind":"range","marks":[],"text":" # Assign True if you want to store backup files on local disk."}]}]},{"kind":"block","type":"code-line","key":"7fa3928ab9a448dd9d85c2ce2ec7f445","isVoid":false,"data":{},"nodes":[{"kind":"text","key":"019ef582e42a455b850cdb26ec2526f3","ranges":[{"kind":"range","marks":[],"text":" # Assign False otherwise, in this case no need to set path."}]}]},{"kind":"block","type":"code-line","key":"a770cf81e65144a3add68f12f867e7f2","isVoid":false,"data":{},"nodes":[{"kind":"text","key":"c4da5f8b55334b32833d23553c738f34","ranges":[{"kind":"range","marks":[],"text":" store_local: False"}]}]},{"kind":"block","type":"code-line","key":"f2aabdef986548a992d1619e6323b589","isVoid":false,"data":{},"nodes":[{"kind":"text","key":"920ba3fef0bd428e8f13328ff3ff7d4a","ranges":[{"kind":"range","marks":[],"text":" path: PATH_TO_BACKUP_REPOSITORY"}]}]},{"kind":"block","type":"code-line","key":"54d55cdc2e6443978e1d94e9a8eb29fb","isVoid":false,"data":{},"nodes":[{"kind":"text","key":"54e49308bcbc412c80e4f6817d1dee96","ranges":[{"kind":"range","marks":[],"text":""}]}]},{"kind":"block","type":"code-line","key":"975a895dadfc48a0b5113014ce5d2b4e","isVoid":false,"data":{},"nodes":[{"kind":"text","key":"762ab416374548d1bc387218d26579db","ranges":[{"kind":"range","marks":[],"text":" # Assign True if you want to store backup files on AWS S3."}]}]},{"kind":"block","type":"code-line","key":"4d8f3d8a204b43f78c46044f832756ca","isVoid":false,"data":{},"nodes":[{"kind":"text","key":"28b4a37de8794a44bc7afe70ea7097ca","ranges":[{"kind":"range","marks":[],"text":" # Assign False otherwise, in this case no need to set AWS key and bucket."}]}]},{"kind":"block","type":"code-line","key":"1fd7382deda941dc97608e954b67ead5","isVoid":false,"data":{},"nodes":[{"kind":"text","key":"c63f6f2e62904d468dea0cff25c660c1","ranges":[{"kind":"range","marks":[],"text":" # AWS access key and secret is optional. If not specified, it will use"}]}]},{"kind":"block","type":"code-line","key":"00031207ea3e4edeba4b04996ded87f1","isVoid":false,"data":{},"nodes":[{"kind":"text","key":"263cb1904a0c46b2bdacfe2ccae1ef99","ranges":[{"kind":"range","marks":[],"text":" # attached IAM role of the instance."}]}]},{"kind":"block","type":"code-line","key":"e208769ba2084a2b810970a7ca5d8c7e","isVoid":false,"data":{},"nodes":[{"kind":"text","key":"155923db0c7a46f39675a0c2f6adf727","ranges":[{"kind":"range","marks":[],"text":" store_s3: False"}]}]},{"kind":"block","type":"code-line","key":"fec20e1928cb4f47978d7aa8822f7443","isVoid":false,"data":{},"nodes":[{"kind":"text","key":"eb84ed23273641f0b1d2637d186a856f","ranges":[{"kind":"range","marks":[],"text":" aws_access_key_id:"}]}]},{"kind":"block","type":"code-line","key":"fb72832043b0468590d4c339ba3b47c0","isVoid":false,"data":{},"nodes":[{"kind":"text","key":"25111f8031cf4bbab84ad7a2ba09ecb5","ranges":[{"kind":"range","marks":[],"text":" aws_secret_access_key:"}]}]},{"kind":"block","type":"code-line","key":"6dbd28bf6e3a4b73b652aed0dea8cd7a","isVoid":false,"data":{},"nodes":[{"kind":"text","key":"9a40d32a961e4582a9ad43fabd84b1e6","ranges":[{"kind":"range","marks":[],"text":" bucket: YOUR_BUCKET_NAME"}]}]},{"kind":"block","type":"code-line","key":"986653931af9408bb19b26286135f30a","isVoid":false,"data":{},"nodes":[{"kind":"text","key":"0f77157a3a694509b8e9129ae7c6b6e2","ranges":[{"kind":"range","marks":[],"text":""}]}]},{"kind":"block","type":"code-line","key":"986c70f638c3428e8eac030a50d32959","isVoid":false,"data":{},"nodes":[{"kind":"text","key":"96a462318f9e4ed8bd46ed3ca02069eb","ranges":[{"kind":"range","marks":[],"text":" # The maximum timeout value to wait for core modules(GPE/GSE) on backup."}]}]},{"kind":"block","type":"code-line","key":"62c25f5ff1fa4e9eadbe8e22ee1d36e1","isVoid":false,"data":{},"nodes":[{"kind":"text","key":"f0bf9e9761114d8e83d1ff29a137bf84","ranges":[{"kind":"range","marks":[],"text":" # As a roughly estimated number,"}]}]},{"kind":"block","type":"code-line","key":"316adf62424f40d9b7f5b44c587d030b","isVoid":false,"data":{},"nodes":[{"kind":"text","key":"9c3d71b3544549d0a5e4b42e50801b9f","ranges":[{"kind":"range","marks":[],"text":" # GPE & GSE backup throughoutput is about 2GB in one minute on HDD."}]}]},{"kind":"block","type":"code-line","key":"7ee14e63744b4ec09e66db17ad1fd5ba","isVoid":false,"data":{},"nodes":[{"kind":"text","key":"fde884f641f64a87be8ab2db2e64f39b","ranges":[{"kind":"range","marks":[],"text":" # You can set this value according to your gstore size."}]}]},{"kind":"block","type":"code-line","key":"1e2cfff3ae9c4949ba4dfe25bcdf62e8","isVoid":false,"data":{},"nodes":[{"kind":"text","key":"1b5251a4b09a4e2fb0d510e2cc090d9d","ranges":[{"kind":"range","marks":[],"text":" # Interval string could be with format 1h2m3s, means 1 hour 2 minutes 3 seconds,"}]}]},{"kind":"block","type":"code-line","key":"8aac056a2ffc40aaadea07cffc297162","isVoid":false,"data":{},"nodes":[{"kind":"text","key":"64c51edef62d4e1c880f6a6cb5ee3945","ranges":[{"kind":"range","marks":[],"text":" # or 200m means 200 minutes."}]}]},{"kind":"block","type":"code-line","key":"c26ebdb19683447c87d46f2c568d7962","isVoid":false,"data":{},"nodes":[{"kind":"text","key":"226b6f86e44245e3afde56a1f333bd87","ranges":[{"kind":"range","marks":[],"text":" # You can set to 0 for endless waiting."}]}]},{"kind":"block","type":"code-line","key":"2c8d1485d7b341298f762cbc2f77fa75","isVoid":false,"data":{},"nodes":[{"kind":"text","key":"25b4edf012b9414a92bc3820e4224acb","ranges":[{"kind":"range","marks":[],"text":" backup_core_timeout: 5h"}]}]},{"kind":"block","type":"code-line","key":"ce16140b623c43708614db1786cbed57","isVoid":false,"data":{},"nodes":[{"kind":"text","key":"d958eb034c214862a69f2b94443293fc","ranges":[{"kind":"range","marks":[],"text":""}]}]},{"kind":"block","type":"code-line","key":"e4c385745d454adf83d314e51bf51dca","isVoid":false,"data":{},"nodes":[{"kind":"text","key":"1e2ef71e4db74c239689f8dc49ff0f34","ranges":[{"kind":"range","marks":[],"text":" # The number of processes to be created during compressing backup archive."}]}]},{"kind":"block","type":"code-line","key":"b00b7aba57aa4b50af0d5ad9c76e5690","isVoid":false,"data":{},"nodes":[{"kind":"text","key":"1cf5402d1a5446a9956d96ba2e61b1a5","ranges":[{"kind":"range","marks":[],"text":" # Compressing in parallel can gain improved performance."}]}]},{"kind":"block","type":"code-line","key":"89a0c31908e544feacba43bb90748cc4","isVoid":false,"data":{},"nodes":[{"kind":"text","key":"64af9d9d486b4cc99897f3f3d3de4f92","ranges":[{"kind":"range","marks":[],"text":" # The same number of processes will be spawned for decompression on restore."}]}]},{"kind":"block","type":"code-line","key":"dcd2bf6c5d534ae39338af3dc4b8d4c8","isVoid":false,"data":{},"nodes":[{"kind":"text","key":"51787593ae1e4bfd828b5b920aba6a88","ranges":[{"kind":"range","marks":[],"text":" compress_process_number: 8"}]}]},{"kind":"block","type":"code-line","key":"f41b162183ab4196b500ab7befb663be","isVoid":false,"data":{},"nodes":[{"kind":"text","key":"4a3d92e725b7408caa0f02deed0d743c","ranges":[{"kind":"range","marks":[],"text":""}]}]},{"kind":"block","type":"code-line","key":"1791624e377b4ec89d6be2e6c6c58d36","isVoid":false,"data":{},"nodes":[{"kind":"text","key":"c0d0cb55f51b49f5b68cdbe62c74dcbc","ranges":[{"kind":"range","marks":[],"text":" # Need to put gsql user/passwd here if gsql authentication is on"}]}]},{"kind":"block","type":"code-line","key":"e4694ec14ffa44fe9d8050c63d4ba95c","isVoid":false,"data":{},"nodes":[{"kind":"text","key":"2f7c02e207424e12866aa39ebec33d1a","ranges":[{"kind":"range","marks":[],"text":" gsql_user:"}]}]},{"kind":"block","type":"code-line","key":"4a308a58e7e04db6a4f0c4bd8e178aba","isVoid":false,"data":{},"nodes":[{"kind":"text","key":"87f591c9698e42dd82481eedceb17655","ranges":[{"kind":"range","marks":[],"text":" gsql_passwd:"}]}]}]}]},{"kind":"block","type":"heading-2","key":"ff90c4a8ed6a4b81833b99902b568a45","isVoid":false,"data":{"id":"GBAR-GraphBackupandRestorev2.1-Backup"},"nodes":[{"kind":"text","key":"ce42d6646a3244beaab5aff93eb4c972","ranges":[{"kind":"range","marks":[],"text":"Backup"}]}]},{"kind":"block","type":"code","key":"66bad2f69f654bbcbcb5e2991cc82551","isVoid":false,"data":{},"nodes":[{"kind":"block","type":"code-tab","key":"db62598504a84e3989836becc0f6d8ff","isVoid":false,"data":{"syntax":"text"},"nodes":[{"kind":"block","type":"code-line","key":"3cf4ea6bc2634dd3803d2b5ca2507a3c","isVoid":false,"data":{},"nodes":[{"kind":"text","key":"00e9fbe006414966b81c53ba6009f0f3","ranges":[{"kind":"range","marks":[],"text":"gbar backup -t <backup_tag>"}]}]}]}]},{"kind":"block","type":"paragraph","key":"cec6f2036b434d98b39419dffa6c10ad","isVoid":false,"data":{},"nodes":[{"kind":"text","key":"803caa92ead842798c4f3e87259b2d9d","ranges":[{"kind":"range","marks":[],"text":"The backup_tag acts like a filename prefix for the archive filename. The full name of the backup archive will be <backup_tag>-<timestamp>, which is a subfolder of the backup repository. If "},{"kind":"range","marks":[{"kind":"mark","data":{},"type":"code"}],"text":"store_local "},{"kind":"range","marks":[],"text":"is true, the folder is a local folder on every node in a cluster, to avoid massive data moving across nodes in a cluster. If "},{"kind":"range","marks":[{"kind":"mark","data":{},"type":"code"}],"text":"store_s3 "},{"kind":"range","marks":[],"text":"is true, every node will upload data located on the node to the s3 repository. Therefore, every node in a cluster needs access to Amazon S3. If IAM policy is used for authentication, every node in the cluster needs to be attached with the IAM policy."}]}]},{"kind":"block","type":"paragraph","key":"bf42102c8e1e45f59928d48cd5689fc9","isVoid":false,"data":{},"nodes":[{"kind":"text","key":"9b149d6efebf4e9c97ad9b8095a15be2","ranges":[{"kind":"range","marks":[],"text":"GBAR Backup performs a live backup, meaning that normal operations may continue while backup is in progress. When GBAR backup starts, it sends a request to gadmin , which then requests the GPE and GSE to create snapshots of their data. Per the request, the GPE and GSE store their data under GBAR’s own working directory. GBAR also directly contacts the Dictionary and obtains a dump of its system configuration information. In addition, GBAR records TigerGraph system version. Then, GBAR compresses each of these data and configuration information files in tgz format and stores them in the <backup_tag>-<timestamp> subfolder on each node. As the last step, GBAR copies that file to local storage or AWS S3, according to the Config settings, and removes all temporary files generated during backup."}]}]},{"kind":"block","type":"hint","key":"9fccdebd1f8c46b0b4999514ccd18ff7","isVoid":false,"data":{"style":"danger"},"nodes":[{"kind":"block","type":"paragraph","key":"24210860a4304aa3aa90db38646be4f9","isVoid":false,"data":{},"nodes":[{"kind":"text","key":"39ec9c335c23476198c46c8144e1ca89","ranges":[{"kind":"range","marks":[],"text":"The current version of GBAR Backup takes snapshots quickly to make it very likely that all the components (GPE, GSE, and Dictionary) are in a consistent state, but it does not fully guarantee consistency. It’s highly recommended when issuing the backup command, no active data update is in progress. A no-write time period of about 5 seconds is sufficient."}]}]},{"kind":"block","type":"paragraph","key":"9e10e351a33a480e86a0863027d1096b","isVoid":false,"data":{},"nodes":[{"kind":"text","key":"de6fa02a115f44229744c1317a9f69ac","ranges":[{"kind":"range","marks":[],"text":"Backup does not save input message queues for REST++ or Kafka."}]}]}]},{"kind":"block","type":"heading-2","key":"d4cf9d494aee490981a6dd9002daf3da","isVoid":false,"data":{"id":"GBAR-GraphBackupandRestorev2.1-ListBackupFiles"},"nodes":[{"kind":"text","key":"4ea4f17eab0d4ec2b83d4702fdb6b822","ranges":[{"kind":"range","marks":[],"text":"List Backup Files"}]}]},{"kind":"block","type":"code","key":"7baf2b66e2bc41b8bc48199ea3d0bbda","isVoid":false,"data":{},"nodes":[{"kind":"block","type":"code-tab","key":"18616e928880401fa4533eda828bd634","isVoid":false,"data":{"syntax":"text"},"nodes":[{"kind":"block","type":"code-line","key":"a4df2d406e674c6683e27aec5110f8e4","isVoid":false,"data":{},"nodes":[{"kind":"text","key":"0480e8b61cd34d078a24cf5806f9854f","ranges":[{"kind":"range","marks":[],"text":"gbar list"}]}]}]}]},{"kind":"block","type":"paragraph","key":"2b3b490db55a4bc8b486080815a191f7","isVoid":false,"data":{},"nodes":[{"kind":"text","key":"40f3ee0521c84056bb08beeee21163e4","ranges":[{"kind":"range","marks":[],"text":"This command lists all generated backup files in the storage place configured by the user. For each file, it shows the file’s full tag, file’s size in human readable format, and its creation time."}]}]},{"kind":"block","type":"heading-2","key":"da50ca245fa54e29a2486dbe55676834","isVoid":false,"data":{"id":"GBAR-GraphBackupandRestorev2.1-Restore"},"nodes":[{"kind":"text","key":"1765672578b04d13bc4a9ffa92619ee2","ranges":[{"kind":"range","marks":[],"text":"Restore"}]}]},{"kind":"block","type":"code","key":"a46be43cf80940468175d41b73171fc5","isVoid":false,"data":{},"nodes":[{"kind":"block","type":"code-tab","key":"8c835c4f8ccf48409f002890c582720c","isVoid":false,"data":{"syntax":"text"},"nodes":[{"kind":"block","type":"code-line","key":"89447c929871488597fdebd0ea57170b","isVoid":false,"data":{},"nodes":[{"kind":"text","key":"81ada3e7ba3a4a0094975e01f277ff90","ranges":[{"kind":"range","marks":[],"text":"gbar restore <archive_name>"}]}]}]}]},{"kind":"block","type":"paragraph","key":"566eba82a8b947daa045f0e0f29bc004","isVoid":false,"data":{},"nodes":[{"kind":"text","key":"d63e1bbdefa546dda1775ae22662bacf","ranges":[{"kind":"range","marks":[],"text":"Restore is an offline operation, requiring the data services to be temporarily shut down. The user must specific the full archive name ( <backup_tag>-<timestamp> ) to be restored. When GBAR restore begins, it first searches for a backup archive exactly matching the archive_name supplied in the command line. Then it decompresses the backup files to a working directory. Next, GBAR will compare the TigerGraph system version in the backup archive with the current system's version, to make sure that backup archive is compatible with that current system. It will then shut down the TigerGraph servers (GSE, RESTPP, etc.) temporarily. Then, GBAR makes a copy of the current graph data, as a precaution. Next, GBAR copies the backup graph data into the GPE and GSE and notifies the Dictionary to load the configuration data. When these actions are all done, GBAR will restart the TigerGraph servers."}]}]},{"kind":"block","type":"hint","key":"0dcd4ff4fe504b6aa6abed5a5011a291","isVoid":false,"data":{"style":"info"},"nodes":[{"kind":"block","type":"paragraph","key":"0c5dbb7a03bd43f78b23861117187725","isVoid":false,"data":{},"nodes":[{"kind":"text","key":"97bd75d26dd847dea07c9a84dab0e7d2","ranges":[{"kind":"range","marks":[],"text":" The primary purpose of GBAR is to save snapshots of the data configuration of a TigerGraph system, so that in the future the same system can be rolled back (restored) to one of the saved states.  A key assumption is that Backup and Restore are performed on the same machine, and that the file structure of the TigerGraph software has not changed. Specific requirements are listed below."}]}]}]},{"kind":"block","type":"paragraph","key":"8942b447039f450e916067d8c2f5e867","isVoid":false,"data":{},"nodes":[{"kind":"text","key":"71f87ed651c749ca9feee26f489d28ce","ranges":[{"kind":"range","marks":[],"text":" Restore Requirements and Limitations"}]}]},{"kind":"block","type":"hint","key":"264ba0ca28c04e6ba6b981ab4894adb0","isVoid":false,"data":{"style":"success"},"nodes":[{"kind":"block","type":"paragraph","key":"10e912e0644348e1926b062bfbb3f33e","isVoid":false,"data":{},"nodes":[{"kind":"text","key":"d1d4fb8ddac745f3a37bd721ceeb2d74","ranges":[{"kind":"range","marks":[],"text":" Restore is supported if the TigerGraph system has had only minor version updates since the backup."}]}]},{"kind":"block","type":"list-unordered","key":"d7a6a2c932214912ad947c633f5c6221","isVoid":false,"data":{},"nodes":[{"kind":"block","type":"list-item","key":"b6ba30076e674eb8916a63dc6b99c8ab","isVoid":false,"data":{},"nodes":[{"kind":"block","type":"paragraph","key":"e5aa78ae277b4cd59a5d5afd67b978ca","isVoid":false,"data":{},"nodes":[{"kind":"text","key":"d9f058a3c81a400db13cb303d7bdd062","ranges":[{"kind":"range","marks":[],"text":"TigerGraph version numbers have the format X.Y[.Z], where X is the major version number and Y is the minor version number."}]}]}]},{"kind":"block","type":"list-item","key":"90916805e0914f37b7b80d1b9867e4e3","isVoid":false,"data":{},"nodes":[{"kind":"block","type":"paragraph","key":"5a0f3d6cc16a47bab4f3a1cd02e5aa47","isVoid":false,"data":{},"nodes":[{"kind":"text","key":"80240a047fd44faab6b07247562383c2","ranges":[{"kind":"range","marks":[],"text":"Restore is supported if the backup archive and the current system have the same major version number AND the current system has a minor version number that is greater than or equal to the backup archive minor version number."}]}]}]},{"kind":"block","type":"list-item","key":"3706bb39c85b439ead3a87ffaf356739","isVoid":false,"data":{},"nodes":[{"kind":"block","type":"paragraph","key":"ca365eb8c2bc436c80d1f705c6e29472","isVoid":false,"data":{},"nodes":[{"kind":"text","key":"0024cb28719f4c1c89941c2064d4ce35","ranges":[{"kind":"range","marks":[],"text":"Backup archives from a 0.8.x system cannot be Restored to a 1.x system."}]}]}]},{"kind":"block","type":"list-item","key":"68e5ded01d6840a89a7fe4483bbb1061","isVoid":false,"data":{},"nodes":[{"kind":"block","type":"paragraph","key":"1b36ba38dc3442e2acdfc835cfcededf","isVoid":false,"data":{},"nodes":[{"kind":"text","key":"c1b5dfde695548659e3b0b9e67c04c7b","ranges":[{"kind":"range","marks":[],"text":"Examples:"}]}]},{"kind":"block","type":"table","key":"e70174c222bd4263a751c2ba9c463137","isVoid":false,"data":{"aligns":["left","left","left"]},"nodes":[{"kind":"block","type":"table-row","key":"98b8c2b50b2a4d13b07d12c827d78061","isVoid":false,"data":{},"nodes":[{"kind":"block","type":"table-cell","key":"88bb3f269e7b4664a9235711e231a2e6","isVoid":false,"data":{},"nodes":[{"kind":"block","type":"paragraph","key":"94e40bcd8c574c1ea714d497b7d8ce7e","isVoid":false,"data":{},"nodes":[{"kind":"text","key":"33dc044b7afc4bdbb254d0c763a7370f","ranges":[{"kind":"range","marks":[],"text":"Backup archive's system version"}]}]}]},{"kind":"block","type":"table-cell","key":"3d19df25905f43ecb3246ade62c15944","isVoid":false,"data":{},"nodes":[{"kind":"block","type":"paragraph","key":"75bb1e6a5b4f45139d96fdbb762c08ee","isVoid":false,"data":{},"nodes":[{"kind":"text","key":"6ecd381dad9c48b8bec42080cc91f286","ranges":[{"kind":"range","marks":[],"text":"current system version"}]}]}]},{"kind":"block","type":"table-cell","key":"a898c844d3834f3c853c33828f091f9c","isVoid":false,"data":{},"nodes":[{"kind":"block","type":"paragraph","key":"7894d35781ee4f0abdfee4cb7e9bf78a","isVoid":false,"data":{},"nodes":[{"kind":"text","key":"98949ba0378f49baa15b4e8129a7ea3a","ranges":[{"kind":"range","marks":[],"text":"Restore is allowed?"}]}]}]}]},{"kind":"block","type":"table-row","key":"e805b930f44a4c45bfca146ca6ac7bf2","isVoid":false,"data":{},"nodes":[{"kind":"block","type":"table-cell","key":"56493124c929457ba26bc9de91dae0a0","isVoid":false,"data":{},"nodes":[{"kind":"block","type":"paragraph","key":"882ab18bb182417b88ef0a0f7092ae1e","isVoid":false,"data":{},"nodes":[{"kind":"text","key":"294e8b69e8114f0bbce3aa817f67dfed","ranges":[{"kind":"range","marks":[],"text":"0.8"}]}]}]},{"kind":"block","type":"table-cell","key":"a3702f2e37f244f89e40161bd10fe7a0","isVoid":false,"data":{},"nodes":[{"kind":"block","type":"paragraph","key":"8d7fe76d7a134d07873fbc339df29af9","isVoid":false,"data":{},"nodes":[{"kind":"text","key":"ec7e5892cc5444fb862e9cb4dba42885","ranges":[{"kind":"range","marks":[],"text":"1.0"}]}]}]},{"kind":"block","type":"table-cell","key":"3ac5fbc724b6451f879e7d1402787a19","isVoid":false,"data":{},"nodes":[{"kind":"block","type":"paragraph","key":"a1f6a0a536e84daab1eb7219f3424fd8","isVoid":false,"data":{},"nodes":[{"kind":"text","key":"1a882e024bad4b4da4f9d5b092ee782a","ranges":[{"kind":"range","marks":[],"text":"NO - Major versions differ"}]}]}]}]},{"kind":"block","type":"table-row","key":"698d9fab1d2e4e5bb7b16b76f5a66374","isVoid":false,"data":{},"nodes":[{"kind":"block","type":"table-cell","key":"f4605227574b478b973e4f5d26e86a8b","isVoid":false,"data":{},"nodes":[{"kind":"block","type":"paragraph","key":"35879e0927564439b7eb20277651f65b","isVoid":false,"data":{},"nodes":[{"kind":"text","key":"adf93c055dfb435dbebae25d71c8edf5","ranges":[{"kind":"range","marks":[],"text":"1.1"}]}]}]},{"kind":"block","type":"table-cell","key":"f4b0a0ed994e4827bec4c89cb94dc144","isVoid":false,"data":{},"nodes":[{"kind":"block","type":"paragraph","key":"9a0b78d8e63a4f268a3ec329b8af9b22","isVoid":false,"data":{},"nodes":[{"kind":"text","key":"7228db239ff84f518445ff6209ec1d5c","ranges":[{"kind":"range","marks":[],"text":"1.1"}]}]}]},{"kind":"block","type":"table-cell","key":"4ea8139f71d946df98720c5e6f838837","isVoid":false,"data":{},"nodes":[{"kind":"block","type":"paragraph","key":"1e0467d461424854973a3bc40f8a1fe8","isVoid":false,"data":{},"nodes":[{"kind":"text","key":"7bd01630878e4a8e839fe815ccdf7831","ranges":[{"kind":"range","marks":[],"text":"YES - Major and minor versions are the same"}]}]}]}]},{"kind":"block","type":"table-row","key":"c3e4455000c445d1b93141d4d05185a5","isVoid":false,"data":{},"nodes":[{"kind":"block","type":"table-cell","key":"80fa28a0e9564d6185f91b1736e48483","isVoid":false,"data":{},"nodes":[{"kind":"block","type":"paragraph","key":"f0f65ea790c9459d893b12e2abb72d20","isVoid":false,"data":{},"nodes":[{"kind":"text","key":"fc899ff6bed54a23a4e7c9c6879a1340","ranges":[{"kind":"range","marks":[],"text":"1.1"}]}]}]},{"kind":"block","type":"table-cell","key":"77cc8ce02787463a9edc5356d6f51d92","isVoid":false,"data":{},"nodes":[{"kind":"block","type":"paragraph","key":"58e6076497004e318f091980142aa340","isVoid":false,"data":{},"nodes":[{"kind":"text","key":"873990aa892648098df12ffbca1dd12d","ranges":[{"kind":"range","marks":[],"text":"1.2"}]}]}]},{"kind":"block","type":"table-cell","key":"ce597fa1bfc445858146f6f964ca8007","isVoid":false,"data":{},"nodes":[{"kind":"block","type":"paragraph","key":"9a61528fbdf04932b6e9d432da630abd","isVoid":false,"data":{},"nodes":[{"kind":"text","key":"80d5dd67a19649128bb02a1be1c6ad77","ranges":[{"kind":"range","marks":[],"text":"YES - Major versions are the same; current minor version > archived minor version"}]}]}]}]},{"kind":"block","type":"table-row","key":"7ea5bb283d134c8a86142793f4bc2b2f","isVoid":false,"data":{},"nodes":[{"kind":"block","type":"table-cell","key":"f86a8cace0d148929e504d2e8fb13da2","isVoid":false,"data":{},"nodes":[{"kind":"block","type":"paragraph","key":"4d59c996662947819ca3b028904af154","isVoid":false,"data":{},"nodes":[{"kind":"text","key":"bb03cc22f1a6466a8dbb5ead3a3f5155","ranges":[{"kind":"range","marks":[],"text":"1.1"}]}]}]},{"kind":"block","type":"table-cell","key":"3a8ed9e8e0e84114ac9423479628963d","isVoid":false,"data":{},"nodes":[{"kind":"block","type":"paragraph","key":"51edaba96e24452bb48cfce448d5f514","isVoid":false,"data":{},"nodes":[{"kind":"text","key":"3f9e21082616436aacd9cc6b45dc5ec8","ranges":[{"kind":"range","marks":[],"text":"1.0"}]}]}]},{"kind":"block","type":"table-cell","key":"1857979c53f44ebab7331ec8c7a48e2a","isVoid":false,"data":{},"nodes":[{"kind":"block","type":"paragraph","key":"7b8d3c73d1e34ab0b86cf36586656ad5","isVoid":false,"data":{},"nodes":[{"kind":"text","key":"69f9a6b3f7524d8da466b597a591bd22","ranges":[{"kind":"range","marks":[],"text":"NO - Major versions are the same; current minor version < archived minor version"}]}]}]}]}]}]}]}]},{"kind":"block","type":"hint","key":"2d1b62ec73f34504b5b482ed680ed219","isVoid":false,"data":{"style":"danger"},"nodes":[{"kind":"block","type":"paragraph","key":"c9c8807c09e84d9f8ed8c07b855d96b4","isVoid":false,"data":{},"nodes":[{"kind":"text","key":"899ca1ae22ef4b85ba69dbbe90e54c94","ranges":[{"kind":"range","marks":[],"text":" Restore needs enough free space to accommodate both the old gstore and the gstore to be restored."}]}]}]},{"kind":"block","type":"heading-2","key":"cdfecc1cd6924f8f9f13eb5f31693816","isVoid":false,"data":{"id":"GBAR-GraphBackupandRestorev2.1-GBARDetailedExample"},"nodes":[{"kind":"text","key":"5107fee5f8ba4ab1a5435a980322b648","ranges":[{"kind":"range","marks":[],"text":"GBAR Detailed Example"}]}]},{"kind":"block","type":"paragraph","key":"8f1c1e721a77478d859e09e974c96ce4","isVoid":false,"data":{},"nodes":[{"kind":"text","key":"a450e486b7384af9a787fc0142426eeb","ranges":[{"kind":"range","marks":[],"text":"The following example describes a real example, to show the actual commands, the expected output, and the amount of time and disk space used, for a given set of graph data. For this example, and Amazon EC2 instance was used, with the following specifications:"}]}]},{"kind":"block","type":"paragraph","key":"db1cef51b24c446e817c70bc17d997c1","isVoid":false,"data":{},"nodes":[{"kind":"text","key":"26dd1b5e630a48fbb17d490a4c005d17","ranges":[{"kind":"range","marks":[],"text":"Single instance with 32 vCPU + 244GB memory + 2TB HDD."}]}]},{"kind":"block","type":"paragraph","key":"ba43673050bc437a9a666bd5766022e7","isVoid":false,"data":{},"nodes":[{"kind":"text","key":"30407e52537747dbb0e77df5e0f64693","ranges":[{"kind":"range","marks":[],"text":"Naturally, backup and restore time will vary depending on the hardware used."}]}]},{"kind":"block","type":"heading-3","key":"6d370fd60d45473dad2fb94ed7d12120","isVoid":false,"data":{"id":"GBAR-GraphBackupandRestorev2.1-GBARBackupOperationalDetails"},"nodes":[{"kind":"text","key":"fd2e8835c73549f0a7386500ba3fb30b","ranges":[{"kind":"range","marks":[],"text":"GBAR Backup Operational Details"}]}]},{"kind":"block","type":"paragraph","key":"cf1a5af88b434ac49adcfedccf65ef82","isVoid":false,"data":{},"nodes":[{"kind":"text","key":"ea4fc289575941d2908dea5d02d50c30","ranges":[{"kind":"range","marks":[],"text":" To run a daily backup, we tell GBAR to backup with the tag name "},{"kind":"range","marks":[{"kind":"mark","data":{},"type":"italic"}],"text":"daily "},{"kind":"range","marks":[],"text":"."}]}]},{"kind":"block","type":"code","key":"d9d68cf497704ed99be27f9e790618c2","isVoid":false,"data":{},"nodes":[{"kind":"block","type":"code-tab","key":"fa64a97519694457ad4d880001c4bb3d","isVoid":false,"data":{"syntax":"text"},"nodes":[{"kind":"block","type":"code-line","key":"3fe06ba343024a97acd5d380d30ce1f8","isVoid":false,"data":{},"nodes":[{"kind":"text","key":"e44be38a7ca34b96989350fcb6c45d11","ranges":[{"kind":"range","marks":[],"text":"$ gbar backup -t daily"}]}]},{"kind":"block","type":"code-line","key":"ba27603e987d427cb9d2414823432b2f","isVoid":false,"data":{},"nodes":[{"kind":"text","key":"b62999284ec6495fa8951df20a2f13fb","ranges":[{"kind":"range","marks":[],"text":"[23:21:46] Retrieve TigerGraph system configuration"}]}]},{"kind":"block","type":"code-line","key":"90973e1035084e20a521b7423819e720","isVoid":false,"data":{},"nodes":[{"kind":"text","key":"0a60d71f2078420fa29f8e7f00252c69","ranges":[{"kind":"range","marks":[],"text":"[23:21:51] Start workgroup"}]}]},{"kind":"block","type":"code-line","key":"8fa66a3b4dec4e0783de37c73c19e00b","isVoid":false,"data":{},"nodes":[{"kind":"text","key":"c36f24aaebbe4ed5a07bff5125877e99","ranges":[{"kind":"range","marks":[],"text":"[23:21:59] Snapshot GPE/GSE data"}]}]},{"kind":"block","type":"code-line","key":"08cbdf97d1f1487984b9c8452752ca9d","isVoid":false,"data":{},"nodes":[{"kind":"text","key":"045bef58504943d48e2605e55c688216","ranges":[{"kind":"range","marks":[],"text":"[23:33:50] Snapshot DICT data"}]}]},{"kind":"block","type":"code-line","key":"d7c7ab3420fa4e97b68d2352d8c89262","isVoid":false,"data":{},"nodes":[{"kind":"text","key":"cb71a7f1430448a2b93230182624acd2","ranges":[{"kind":"range","marks":[],"text":"[23:33:50] Calc checksum"}]}]},{"kind":"block","type":"code-line","key":"8f8ae220704d4f39991b334c5b5078eb","isVoid":false,"data":{},"nodes":[{"kind":"text","key":"8be413df1641450993aaf2ad0c0e144a","ranges":[{"kind":"range","marks":[],"text":"[23:37:19] Compress backup data"}]}]},{"kind":"block","type":"code-line","key":"9de1d4b1ce8847b4ab0e21b567ef82c4","isVoid":false,"data":{},"nodes":[{"kind":"text","key":"aac4b0de7f714a78bc7f38a1e99de805","ranges":[{"kind":"range","marks":[],"text":"[23:46:43] Pack backup data"}]}]},{"kind":"block","type":"code-line","key":"5b0805e7261144e0a7b81f7ef327bc77","isVoid":false,"data":{},"nodes":[{"kind":"text","key":"ad5d730c96b54884baaa0c48a44f7fd3","ranges":[{"kind":"range","marks":[],"text":"[23:53:18] Put archive daily-20180607232159 to repo-local"}]}]},{"kind":"block","type":"code-line","key":"1d5f1558b283410b8c8f7d9220a1e185","isVoid":false,"data":{},"nodes":[{"kind":"text","key":"c1e6709079644e4ab6d6aa55a8fe4ba2","ranges":[{"kind":"range","marks":[],"text":"[23:53:19] Terminate workgroup"}]}]},{"kind":"block","type":"code-line","key":"67e286e741ce4c2591de5f0d6533a120","isVoid":false,"data":{},"nodes":[{"kind":"text","key":"0ebbd7ed4dee4d11826d0b2389605331","ranges":[{"kind":"range","marks":[],"text":"Backup to daily-20180607232159 finished in 31m33s."}]}]}]}]},{"kind":"block","type":"paragraph","key":"74c329313d0b456e9442ffbb94da4423","isVoid":false,"data":{},"nodes":[{"kind":"text","key":"925693614bd14a0faac364d3e1bdb8f8","ranges":[{"kind":"range","marks":[],"text":"The total backup process took about 31 minutes, and the generated archive is about 49 GB. Dumping the GPE + GSE data to disk took 12 minutes. Compressing the files took another 20 minutes."}]}]},{"kind":"block","type":"heading-3","key":"84fdb56134ba4de5b8a61ca9fc43aac5","isVoid":false,"data":{"id":"GBAR-GraphBackupandRestorev2.1-GBARRestoreOperationalDetails"},"nodes":[{"kind":"text","key":"65fe0c7b278d40ef9459edb7e22e13c2","ranges":[{"kind":"range","marks":[],"text":"GBAR Restore Operational Details"}]}]},{"kind":"block","type":"paragraph","key":"2c0e19508a01464ab5c74063a4ef971c","isVoid":false,"data":{},"nodes":[{"kind":"text","key":"6cd2580482c74d138d2c74f0c3bbca86","ranges":[{"kind":"range","marks":[],"text":"To restore from a backup archive, a full archive name needs to be provided, such as "},{"kind":"range","marks":[{"kind":"mark","data":{},"type":"italic"}],"text":"daily-20180607232159 "},{"kind":"range","marks":[],"text":". By default, restore will ask the user to approve to continue. If you want to pre-approve these actions, use the \"-y\" option. GBAR will make the default choice for you."}]}]},{"kind":"block","type":"code","key":"d743f5f7c6354a61915f6c2ba2d421f0","isVoid":false,"data":{},"nodes":[{"kind":"block","type":"code-tab","key":"49ba61f5f36142918ebf397a6471a089","isVoid":false,"data":{"syntax":"text"},"nodes":[{"kind":"block","type":"code-line","key":"32c74f5468754af88d7e146b54adbb82","isVoid":false,"data":{},"nodes":[{"kind":"text","key":"755d8149c22343698e5d4916782c21bc","ranges":[{"kind":"range","marks":[],"text":"$ gbar restore daily-20180607232159"}]}]},{"kind":"block","type":"code-line","key":"1be805366f4f4ed2a118e69e0648c90a","isVoid":false,"data":{},"nodes":[{"kind":"text","key":"401df6478bee4452a124fcbbc9c0e953","ranges":[{"kind":"range","marks":[],"text":"[23:57:06] Retrieve TigerGraph system configuration"}]}]},{"kind":"block","type":"code-line","key":"1858ce415dfa44cf83605b8b4fd41880","isVoid":false,"data":{},"nodes":[{"kind":"text","key":"ae00c17ea12c40f98d2658ec6bd33ee0","ranges":[{"kind":"range","marks":[],"text":"GBAR restore needs to reset TigerGraph system."}]}]},{"kind":"block","type":"code-line","key":"7edaa31a2dcd4850882e3e00a31c44bd","isVoid":false,"data":{},"nodes":[{"kind":"text","key":"81dd1469b367467ab8b34934718646ca","ranges":[{"kind":"range","marks":[],"text":"Do you want to continue?(y/N):y"}]}]},{"kind":"block","type":"code-line","key":"a7b1b0a16366473b875807a96393ecfb","isVoid":false,"data":{},"nodes":[{"kind":"text","key":"f72138657c944424a713c7104a7e472f","ranges":[{"kind":"range","marks":[],"text":"[23:57:13] Start workgroup"}]}]},{"kind":"block","type":"code-line","key":"664368334e954172bc1b3fa4bbc4b9e7","isVoid":false,"data":{},"nodes":[{"kind":"text","key":"19db55133e3e46b18d48c1f1ee2899d3","ranges":[{"kind":"range","marks":[],"text":"[23:57:22] Pull archive daily-20180607232159, round #1"}]}]},{"kind":"block","type":"code-line","key":"91a6558190b44bd8b3bd68f18117b196","isVoid":false,"data":{},"nodes":[{"kind":"text","key":"95aeb6e448d04d668751ecc432a98302","ranges":[{"kind":"range","marks":[],"text":"[23:57:57] Pull archive daily-20180607232159, round #2"}]}]},{"kind":"block","type":"code-line","key":"86d444b3c9ff47b2a429effb75c9fb8f","isVoid":false,"data":{},"nodes":[{"kind":"text","key":"1fc1dabd0ba344cc8df94fa6d6597987","ranges":[{"kind":"range","marks":[],"text":"[00:01:00] Pull archive daily-20180607232159, round #3"}]}]},{"kind":"block","type":"code-line","key":"d3b1622d2ee54e149869e211438a1bec","isVoid":false,"data":{},"nodes":[{"kind":"text","key":"fff7116973564749bdaed6ddad3e3ccb","ranges":[{"kind":"range","marks":[],"text":"[00:01:00] Unpack cluster data"}]}]},{"kind":"block","type":"code-line","key":"b4cb00b351854a3ca076eac0919b0d77","isVoid":false,"data":{},"nodes":[{"kind":"text","key":"4545b7116e104d6bba7c4ac4c3bd51f8","ranges":[{"kind":"range","marks":[],"text":"[00:06:39] Decompress backup data"}]}]},{"kind":"block","type":"code-line","key":"4747d9077f6d486ab3bd02e6305d44df","isVoid":false,"data":{},"nodes":[{"kind":"text","key":"9bde16eebb4b4faaad449abdb34f9463","ranges":[{"kind":"range","marks":[],"text":"[00:17:32] Verify checksum"}]}]},{"kind":"block","type":"code-line","key":"ab9d87c5817f418d9b1664a7cd49cd95","isVoid":false,"data":{},"nodes":[{"kind":"text","key":"66086541dc724adaadbec8b8d987f68e","ranges":[{"kind":"range","marks":[],"text":"[00:18:30] gadmin stop gpe gse"}]}]},{"kind":"block","type":"code-line","key":"b00f00d5b5e04186997bca8e685d2596","isVoid":false,"data":{},"nodes":[{"kind":"text","key":"660ec5a20a4b49b893b86f2e426600e4","ranges":[{"kind":"range","marks":[],"text":"[00:18:36] Snapshot DICT data"}]}]},{"kind":"block","type":"code-line","key":"03f1ca3502f3470997cf907206009b1f","isVoid":false,"data":{},"nodes":[{"kind":"text","key":"cba78c0c5715435181e1bf2309b12892","ranges":[{"kind":"range","marks":[],"text":"[00:18:36] Restore cluster data"}]}]},{"kind":"block","type":"code-line","key":"9f9254defc084c198dc3d8db2d37182e","isVoid":false,"data":{},"nodes":[{"kind":"text","key":"8a6d9bcc521c4a6e86a8dd3fd3eaf9b3","ranges":[{"kind":"range","marks":[],"text":"[00:18:36] Restore DICT data"}]}]},{"kind":"block","type":"code-line","key":"71d467b2339549e2b6609ee623654b57","isVoid":false,"data":{},"nodes":[{"kind":"text","key":"48bb4c585ede47d3a0785a1f5390bb86","ranges":[{"kind":"range","marks":[],"text":"[00:18:36] gadmin reset"}]}]},{"kind":"block","type":"code-line","key":"c90c90a279a344eda2f9d86b7e6690a0","isVoid":false,"data":{},"nodes":[{"kind":"text","key":"d8ff9fbfd4d940f4b802e88ae97a4323","ranges":[{"kind":"range","marks":[],"text":"[00:19:16] gadmin start"}]}]},{"kind":"block","type":"code-line","key":"ec7ce2583b1b4ae3aaef5541b9a4cf54","isVoid":false,"data":{},"nodes":[{"kind":"text","key":"ab4d1c1e52554b6d82bd01025e71ae53","ranges":[{"kind":"range","marks":[],"text":"[00:19:41] reinstall GSQL queries"}]}]},{"kind":"block","type":"code-line","key":"09b6f0ce3b574f20aa86306a92cdd27f","isVoid":false,"data":{},"nodes":[{"kind":"text","key":"2ad48c2a814a431fb1d78bdc26a44e8f","ranges":[{"kind":"range","marks":[],"text":"[00:19:42] recompiling loading jobs"}]}]},{"kind":"block","type":"code-line","key":"953c861b0e8746ddb7d2d1803feefaed","isVoid":false,"data":{},"nodes":[{"kind":"text","key":"0e897dcb351d45ae90d4051fc0601d5e","ranges":[{"kind":"range","marks":[],"text":"[00:20:01] Terminate workgroup"}]}]},{"kind":"block","type":"code-line","key":"0ed1d016776b4019abe4d7d41b3eab5d","isVoid":false,"data":{},"nodes":[{"kind":"text","key":"29fa8e5755e24efcbc7d0bcc30a3d53e","ranges":[{"kind":"range","marks":[],"text":"Restore from daily-20180607232159 finished in 22m55s."}]}]},{"kind":"block","type":"code-line","key":"533e8fe52b3c49f4b158b65b701a4b1b","isVoid":false,"data":{},"nodes":[{"kind":"text","key":"851f6ef00c60458384f8d4522eb9175d","ranges":[{"kind":"range","marks":[],"text":"Old gstore data saved under /home/tigergraph/tigergraph/gstore with suffix -20180608001836, you need to remove them manually."}]}]}]}]},{"kind":"block","type":"paragraph","key":"fa0cd166d6e94c52b680bd534591b1a6","isVoid":false,"data":{},"nodes":[{"kind":"text","key":"6d3e20a53690437ba8dc34e330027f1a","ranges":[{"kind":"range","marks":[],"text":"For our test, GBAR restore took about 23 minutes. Most of the time (20 minutes) was spent decompressing the backup archive."}]}]},{"kind":"block","type":"paragraph","key":"5443f55a5133492cb447141520c554b2","isVoid":false,"data":{},"nodes":[{"kind":"text","key":"fc75ec27598c491985b1edecc3334833","ranges":[{"kind":"range","marks":[],"text":"Note that after the restore is done, GBAR informs you were the pre-restore graph data (gstore) has been saved. After you have verified that the restore was successful, you may want to delete the old gstore files to free up disk space."}]}]},{"kind":"block","type":"heading-3","key":"11cc9f58b3d948caa5828e24587252b9","isVoid":false,"data":{"id":"GBAR-GraphBackupandRestorev2.1-PerformanceSummaryofExample"},"nodes":[{"kind":"text","key":"3a9b4d920d984f22bf802312ab81f1e1","ranges":[{"kind":"range","marks":[],"text":"Performance Summary of Example"}]}]},{"kind":"block","type":"table","key":"ebaae367ce2844b9b5bbc535cb8af559","isVoid":false,"data":{"aligns":["left","left","left","left"]},"nodes":[{"kind":"block","type":"table-row","key":"ebf1fe58efa44f51acf16ef667031c97","isVoid":false,"data":{},"nodes":[{"kind":"block","type":"table-cell","key":"da6bc872c3ad43188720262f78d62eeb","isVoid":false,"data":{},"nodes":[{"kind":"block","type":"paragraph","key":"ef22e793e3174f82bfcc7a86a880241a","isVoid":false,"data":{},"nodes":[{"kind":"text","key":"7861c33f083b49799df2851b02fb22ab","ranges":[{"kind":"range","marks":[],"text":"GStore size"}]}]}]},{"kind":"block","type":"table-cell","key":"6a77858ded034dcd8a71547894150d1d","isVoid":false,"data":{},"nodes":[{"kind":"block","type":"paragraph","key":"b3289a43abca448b955d9768ee7b9acb","isVoid":false,"data":{},"nodes":[{"kind":"text","key":"173e9dc34895450a9eb9f9d1d7c026d5","ranges":[{"kind":"range","marks":[],"text":"Backup file size"}]}]}]},{"kind":"block","type":"table-cell","key":"7d13cd53328b4fcc896f67ce8d023662","isVoid":false,"data":{},"nodes":[{"kind":"block","type":"paragraph","key":"e593bde059674f4d94c30818c3dc54eb","isVoid":false,"data":{},"nodes":[{"kind":"text","key":"2be710772ade47c685736ca615cbd57e","ranges":[{"kind":"range","marks":[],"text":"Backup time"}]}]}]},{"kind":"block","type":"table-cell","key":"b3547beef631474682dd8ee6a833f8d0","isVoid":false,"data":{},"nodes":[{"kind":"block","type":"paragraph","key":"a58aae9694f04529836c4efa0269fa71","isVoid":false,"data":{},"nodes":[{"kind":"text","key":"100bf6c507e64e09bff9d865ba9613e5","ranges":[{"kind":"range","marks":[],"text":"Restore time"}]}]}]}]},{"kind":"block","type":"table-row","key":"e4b0582d891d4fecb79839ce9d290c68","isVoid":false,"data":{},"nodes":[{"kind":"block","type":"table-cell","key":"59fe3af7d94e4d9a8e5921b137c2247e","isVoid":false,"data":{},"nodes":[{"kind":"block","type":"paragraph","key":"33eaf9ffa50e4cea93c72fb813307446","isVoid":false,"data":{},"nodes":[{"kind":"text","key":"177347d8a6ee42c9bdffa34ae5efcea3","ranges":[{"kind":"range","marks":[],"text":"219GB"}]}]}]},{"kind":"block","type":"table-cell","key":"c2561709859a45c8804cc0b26453fe1b","isVoid":false,"data":{},"nodes":[{"kind":"block","type":"paragraph","key":"783de6dd9fbb4f74a3986bbbd9d9fff2","isVoid":false,"data":{},"nodes":[{"kind":"text","key":"3017fd862099405cbaf1cf8bc9c718c1","ranges":[{"kind":"range","marks":[],"text":"49GB"}]}]}]},{"kind":"block","type":"table-cell","key":"372bc34922554a149451f60457b95a9a","isVoid":false,"data":{},"nodes":[{"kind":"block","type":"paragraph","key":"af63ef2cb922438bab96a44465b37d77","isVoid":false,"data":{},"nodes":[{"kind":"text","key":"c641bbcd92654cd9a00c0e73e1c7eea4","ranges":[{"kind":"range","marks":[],"text":"31 mins"}]}]}]},{"kind":"block","type":"table-cell","key":"533d765a2fc24af5bb4a2081188ab4ec","isVoid":false,"data":{},"nodes":[{"kind":"block","type":"paragraph","key":"f89f607c71c84a8dbd762f87ee6f0b7d","isVoid":false,"data":{},"nodes":[{"kind":"text","key":"0224d4c84a4548e4a469f6d61b42fd7b","ranges":[{"kind":"range","marks":[],"text":"23 mins"}]}]}]}]}]},{"kind":"block","type":"paragraph","key":"0a119fb664e4492ba3428de7c3af62a7","isVoid":false,"data":{},"nodes":[{"kind":"text","key":"fca637bad3c04c56b90f84efb19f02c5","ranges":[{"kind":"range","marks":[],"text":""}]}]}]}}