{"format_version":1,"document":{"kind":"document","key":"7e1860a177d949819d1b93067bdb6afb","data":{"schema_version":5},"nodes":[{"kind":"block","type":"heading-3","key":"f418f643d86846728f326dff6da5088b","isVoid":false,"data":{"id":"GSQLLanguageReferencePart2-Querying-FloatingPointPrecisionLimits"},"nodes":[{"kind":"text","key":"907353df86b145eeaf02623d91a6972e","ranges":[{"kind":"range","marks":[],"text":"Floating Point Precision Limits"}]}]},{"kind":"block","type":"paragraph","key":"1c120cab1edd4512bc66cffe4d0d0501","isVoid":false,"data":{},"nodes":[{"kind":"text","key":"3be4d050af264580a44ec654f35141fa","ranges":[{"kind":"range","marks":[],"text":"No computer can store all floating point numbers (i.e., non-integers) with perfect precision. The "},{"kind":"range","marks":[{"kind":"mark","data":{},"type":"bold"}],"text":"float "},{"kind":"range","marks":[],"text":"data type offers about 7 decimal digits of precision; the "},{"kind":"range","marks":[{"kind":"mark","data":{},"type":"bold"}],"text":"double "},{"kind":"range","marks":[],"text":"data type offers about 15 decimal digits of precision. Comparing two float or double values by using operators involving exact equality (==, <=, >=, BETWEEN ... AND ...) might lead to unexpected behavior. If the GSQL language parser detects that the user is attempting an exact equivalence test with float or double data types, it will display a warning message and suggestion. For example, if there are two float variables v and v2, the expression v == v2 causes the following warning message:"}]}]},{"kind":"block","type":"code","key":"45ff85f27b4a48038ef4341724ffadb0","isVoid":false,"data":{},"nodes":[{"kind":"block","type":"code-tab","key":"db20ff3895364d7ca0768010e06f3b45","isVoid":false,"data":{"syntax":"text"},"nodes":[{"kind":"block","type":"code-line","key":"47b19cf512cb400d91d5a02f8711dd90","isVoid":false,"data":{},"nodes":[{"kind":"text","key":"6b0cebe548e1453eb9a609ff058ab32b","ranges":[{"kind":"range","marks":[],"text":"The comparison 'v==v2' may lead to unexpected behavior because it involves"}]}]},{"kind":"block","type":"code-line","key":"54391a66e7594eaaa7fe3248f86b1843","isVoid":false,"data":{},"nodes":[{"kind":"text","key":"0b2277f0048b45d792af12f26f0b0c15","ranges":[{"kind":"range","marks":[],"text":"equality test between float/double numeric values. We suggest to do such"}]}]},{"kind":"block","type":"code-line","key":"5a53cd4be9eb42bca11a428ba4eddfb9","isVoid":false,"data":{},"nodes":[{"kind":"text","key":"64212e04c6c14e20bac384b31f73f40d","ranges":[{"kind":"range","marks":[],"text":"comparison with an error margin, e.g. 'abs((v) - (v2)) < epsilon', where epsilon"}]}]},{"kind":"block","type":"code-line","key":"2922d76739bb48c6826a6965534566fc","isVoid":false,"data":{},"nodes":[{"kind":"text","key":"f0cd129eb37e4d0995486327ac840432","ranges":[{"kind":"range","marks":[],"text":"is a very small positive value of your choice, such as 0.0001."}]}]}]}]},{"kind":"block","type":"paragraph","key":"097267b1d3f84084ad16fd64997a1296","isVoid":false,"data":{},"nodes":[{"kind":"text","key":"80013b176c8344d7a0dacec09fd8779c","ranges":[{"kind":"range","marks":[{"kind":"mark","data":{},"type":"bold"}],"text":"Response to Non-existent vertex ID "}]}]},{"kind":"block","type":"paragraph","key":"f7e3ffef2e9c4f459e0adeb77a210d7b","isVoid":false,"data":{},"nodes":[{"kind":"text","key":"cb7cadf2d66a454e942a3696ac93f3df","ranges":[{"kind":"range","marks":[],"text":"If a query has a vertex parameter (VERTEX or VERTEX<vType>), and if the ID for a nonexistent vertex is given when running the query, an error message is shown, and the query won't run. This is also the response when calling a function to convert a single vertex ID string to a vertex:"}]}]},{"kind":"block","type":"list-unordered","key":"4665fe7f5137481b9b63b04b28ed1ec1","isVoid":false,"data":{},"nodes":[{"kind":"block","type":"list-item","key":"746e01933d054814bc0a1213462d06d2","isVoid":false,"data":{},"nodes":[{"kind":"block","type":"paragraph","key":"09c508a9e3f4497c9f5c3f5f1cba2449","isVoid":false,"data":{},"nodes":[{"kind":"text","key":"45c6e2d3eab3431480f85b48b336d161","ranges":[{"kind":"range","marks":[],"text":"to_vertex(): See Section \"Miscellaneous Functions\"."}]}]}]}]},{"kind":"block","type":"paragraph","key":"9e693b92b90546e5ae706e117f61ce13","isVoid":false,"data":{},"nodes":[{"kind":"text","key":"4c461ff9e2c842a48ad762170eead30d","ranges":[{"kind":"range","marks":[],"text":"However, if the parameter is a vertex set (SET<VERTEX> or SET<VERTEX<vType>>), and one or more nonexistent IDs are given when running the query, a warning message is shown, but the query still runs, ignoring those nonexistent IDs. Therefore, if all given IDs are nonexistent, the parameter becomes an empty set. T his is also the response when calling a function to convert a set of vertex IDs to a set of vertices :"}]}]},{"kind":"block","type":"list-unordered","key":"56826b003f7a4691887828066f9b73d8","isVoid":false,"data":{},"nodes":[{"kind":"block","type":"list-item","key":"ceff50c7a1ce4c958e1ed20d85c9ea31","isVoid":false,"data":{},"nodes":[{"kind":"block","type":"paragraph","key":"777f546bcba34ad9bf9f3a48cf7905d7","isVoid":false,"data":{},"nodes":[{"kind":"text","key":"e5d82e4ebbf04726b337a02c56dd43ed","ranges":[{"kind":"range","marks":[],"text":"to_vertex_set(): See Section \" Miscellaneous Functions \"."}]}]}]},{"kind":"block","type":"list-item","key":"8a6f8d7a0e824580bcb1a86a47be8750","isVoid":false,"data":{},"nodes":[{"kind":"block","type":"paragraph","key":"97dae865aa4a4ead9f188ae33f1ee1dd","isVoid":false,"data":{},"nodes":[{"kind":"text","key":"5711d526fbd646d7b9d2671cdb6023e9","ranges":[{"kind":"range","marks":[],"text":"SelectVertex(): See Section \" Miscellaneous Functions \"."}]}]}]}]}]}}