{"format_version":1,"document":{"kind":"document","key":"11f6cda15039439698c336fe9aae616a","data":{"schema_version":5},"nodes":[{"kind":"block","type":"paragraph","key":"ef4d133258d94ab5a1c0a4e532867bb9","isVoid":false,"data":{},"nodes":[{"kind":"text","key":"30b8fe965b1940edbdab7138712b1339","ranges":[{"kind":"range","marks":[],"text":"This document compares what is included in the Enterprise Edition vs. Developer Edition of the TigerGraph platform."}]}]},{"kind":"block","type":"paragraph","key":"44bb69af9af648e7bb75200625a56be3","isVoid":false,"data":{},"nodes":[{"kind":"text","key":"3b48f74114084f6a82d784ba30f411a8","ranges":[{"kind":"range","marks":[],"text":"To see what has been added or changed in different releases (versions) of TigerGraph, see the "}]},{"kind":"inline","type":"link","key":"7ed446c569234a71a00dd9045c26dc3e","isVoid":false,"data":{"pageID":"-LI1pUGTHzHbZqp8nHuR"},"nodes":[{"kind":"text","key":"5d24aa068cdd44a1a9d4e697b534eab3","ranges":[{"kind":"range","marks":[],"text":"Change Log"}]}]},{"kind":"text","key":"7d7c33f1492d4d52b92b7610fb212068","ranges":[{"kind":"range","marks":[],"text":"."}]}]},{"kind":"block","type":"heading-1","key":"3b0c9216dbdd4af6a16d4b7fb0da62f9","isVoid":false,"data":{},"nodes":[{"kind":"text","key":"c1da679fa200477b8c509d2047471212","ranges":[{"kind":"range","marks":[],"text":"Overview"}]}]},{"kind":"block","type":"table","key":"a6c690a2372c4c31a4594f088978bece","isVoid":false,"data":{"aligns":["left","left","left"]},"nodes":[{"kind":"block","type":"table-row","key":"14e1c61dff9a43578433faec88c62384","isVoid":false,"data":{},"nodes":[{"kind":"block","type":"table-cell","key":"c2dd78cbf211460c9b83eacbb1e3d3de","isVoid":false,"data":{},"nodes":[{"kind":"block","type":"paragraph","key":"eaddb84a5b9e4289a0db5f23958beaf4","isVoid":false,"data":{},"nodes":[{"kind":"text","key":"3bfd2666f1d741e6a6c44a44fa25bdc1","ranges":[{"kind":"range","marks":[],"text":"OVERVIEW"}]}]}]},{"kind":"block","type":"table-cell","key":"059bd1b3d0474f29aa1c54f55363bd9e","isVoid":false,"data":{},"nodes":[{"kind":"block","type":"paragraph","key":"4a5ecc3f0a9c4442b0c51a2bd2b11b88","isVoid":false,"data":{},"nodes":[{"kind":"text","key":"0e126c5ea6e5470facc82c04774fdd27","ranges":[{"kind":"range","marks":[{"kind":"mark","data":{},"type":"bold"}],"text":"Developer Edition"}]}]}]},{"kind":"block","type":"table-cell","key":"96a7319c07c249c69ee0b5a11d09cdeb","isVoid":false,"data":{},"nodes":[{"kind":"block","type":"paragraph","key":"8d9ac1377dde47f79ac69d80537dd519","isVoid":false,"data":{},"nodes":[{"kind":"text","key":"49a4be852148484280a86635f710086e","ranges":[{"kind":"range","marks":[],"text":"Enterprise Edition"}]}]}]}]},{"kind":"block","type":"table-row","key":"303be41186574649a34235f4fb5aaa22","isVoid":false,"data":{},"nodes":[{"kind":"block","type":"table-cell","key":"c5d74666db014842b744f2ab59323b08","isVoid":false,"data":{},"nodes":[{"kind":"block","type":"paragraph","key":"07c3dacce0c74c08820c3ee8ddfc1ab0","isVoid":false,"data":{},"nodes":[{"kind":"text","key":"4d487f3994674a28b9806caeab4ddbb5","ranges":[{"kind":"range","marks":[{"kind":"mark","data":{},"type":"bold"}],"text":"Licensing"}]}]}]},{"kind":"block","type":"table-cell","key":"884cecb44cc0471a9b234fd83148d8af","isVoid":false,"data":{},"nodes":[{"kind":"block","type":"paragraph","key":"74f095e103834bf2960b251a6b3cb06b","isVoid":false,"data":{},"nodes":[{"kind":"text","key":"d725b4fd23c44163bb779f04df1947be","ranges":[{"kind":"range","marks":[],"text":"Free for noncommercial use"}]}]}]},{"kind":"block","type":"table-cell","key":"4e54dd05d87a49688bdcee1f934d462b","isVoid":false,"data":{},"nodes":[{"kind":"block","type":"paragraph","key":"14755fef9e8748e0b3ccf9c0f2fb54df","isVoid":false,"data":{},"nodes":[{"kind":"text","key":"cb49b8d6540b455582043e6c0c81e042","ranges":[{"kind":"range","marks":[],"text":"Free 30-day trial"}]}]}]}]},{"kind":"block","type":"table-row","key":"056e63d6e6264ab4a183b764272e7600","isVoid":false,"data":{},"nodes":[{"kind":"block","type":"table-cell","key":"6d486dc0e6704c41a934c35c5a0c6880","isVoid":false,"data":{},"nodes":[{"kind":"block","type":"paragraph","key":"49c6e87370c14b11a4ef73e511dd1b49","isVoid":false,"data":{},"nodes":[{"kind":"text","key":"a12a56b279284007b3abf0b995e36a46","ranges":[{"kind":"range","marks":[{"kind":"mark","data":{},"type":"bold"}],"text":"Includes"}]}]}]},{"kind":"block","type":"table-cell","key":"c1625f125b784724ac53057712cdc4c8","isVoid":false,"data":{},"nodes":[{"kind":"block","type":"paragraph","key":"ea8a17aa0d444ccd9f2ad6ae7f093ae3","isVoid":false,"data":{},"nodes":[{"kind":"text","key":"11820aa71346438cbe69388247c19b13","ranges":[{"kind":"range","marks":[],"text":"\"TigerGraph For One\" \nsingle user, single graph, single machine"}]}]}]},{"kind":"block","type":"table-cell","key":"8dc8ff999797429dbbecf84e047b9d6c","isVoid":false,"data":{},"nodes":[{"kind":"block","type":"paragraph","key":"b16e82bb78364f5a98c859b1f5a9ea8e","isVoid":false,"data":{},"nodes":[{"kind":"text","key":"12304fec1db9416f8d7b746b5e232362","ranges":[{"kind":"range","marks":[],"text":"All TigerGraph Database and Enterprise features, including \n+ Distributed Graph \n+ MultiGraph \n+ Security \n+ User Management"}]}]}]}]},{"kind":"block","type":"table-row","key":"506fc3ad045a4695b43958faaf7ca796","isVoid":false,"data":{},"nodes":[{"kind":"block","type":"table-cell","key":"24164065e17644029c704fdd4e10480e","isVoid":false,"data":{},"nodes":[{"kind":"block","type":"paragraph","key":"463f74b8a1114ddf9c871c9fd45f46d1","isVoid":false,"data":{},"nodes":[{"kind":"text","key":"5c32452483b8489d8c17d0bc610e0862","ranges":[{"kind":"range","marks":[{"kind":"mark","data":{},"type":"bold"}],"text":"Support"}]}]}]},{"kind":"block","type":"table-cell","key":"abce3d9dda2c40f2846e0e239f217c25","isVoid":false,"data":{},"nodes":[{"kind":"block","type":"paragraph","key":"5144b8b024664c7dad008141f285b0ad","isVoid":false,"data":{},"nodes":[{"kind":"text","key":"5d1bce3459384f919edb4f3f49102ffa","ranges":[{"kind":"range","marks":[],"text":""}]},{"kind":"inline","type":"link","key":"0017c6ad456e4324adc9e08dfa7ec4ec","isVoid":false,"data":{"href":"https://groups.google.com/a/opengsql.org/forum/#!forum/gsql-users"},"nodes":[{"kind":"text","key":"b46fd2b2c7ff4a948924bed9a9b9f311","ranges":[{"kind":"range","marks":[],"text":"Community forum"}]}]},{"kind":"text","key":"ee7ff6b4844045a5b8a1d17ce15d0844","ranges":[{"kind":"range","marks":[],"text":""}]}]}]},{"kind":"block","type":"table-cell","key":"933c4231d15b41a9a4303dfa095751f0","isVoid":false,"data":{},"nodes":[{"kind":"block","type":"paragraph","key":"3df2d6a8a3c24aaaaccbc47128cac778","isVoid":false,"data":{},"nodes":[{"kind":"text","key":"0ea05c76eedc4e2099c14341931fb0ea","ranges":[{"kind":"range","marks":[],"text":"✅"}]}]}]}]},{"kind":"block","type":"table-row","key":"35997295eece490aa88011253196ddc1","isVoid":false,"data":{},"nodes":[{"kind":"block","type":"table-cell","key":"0200319080b44df7839b200435ab26ad","isVoid":false,"data":{},"nodes":[{"kind":"block","type":"paragraph","key":"80b7055822d840a7a403eb8d1d868f76","isVoid":false,"data":{},"nodes":[{"kind":"text","key":"7c504d7bcb5d46faa26aeed92ecfa0f1","ranges":[{"kind":"range","marks":[{"kind":"mark","data":{},"type":"bold"}],"text":"How to Get It"}]}]}]},{"kind":"block","type":"table-cell","key":"6ed83976c7954a3b9823ac65ba15b4b0","isVoid":false,"data":{},"nodes":[{"kind":"block","type":"paragraph","key":"292a0960f9624382b903918d9744ca96","isVoid":false,"data":{},"nodes":[{"kind":"text","key":"4787324a1b56406dae275a66359240fb","ranges":[{"kind":"range","marks":[],"text":""}]},{"kind":"inline","type":"link","key":"4f6079d6231141f2ac2afcfbe437c055","isVoid":false,"data":{"href":"http://www.tigergraph.com/developer"},"nodes":[{"kind":"text","key":"46a60fe9fbe948c1bd81d8deb752d98e","ranges":[{"kind":"range","marks":[],"text":"www.tigergraph.com/developer"}]}]},{"kind":"text","key":"47618ca42ae64dcb8fa71b4a9abf262f","ranges":[{"kind":"range","marks":[],"text":""}]}]}]},{"kind":"block","type":"table-cell","key":"c8916d0e440f4aeab3a4a3d6f0181c58","isVoid":false,"data":{},"nodes":[{"kind":"block","type":"paragraph","key":"d528ce31cee34e058d581ee7a7019aa3","isVoid":false,"data":{},"nodes":[{"kind":"text","key":"63218e18c6dc4ba5b63dc9aa880384e5","ranges":[{"kind":"range","marks":[],"text":""}]},{"kind":"inline","type":"link","key":"4cb47f9cf0c84f588e57334052b7609e","isVoid":false,"data":{"href":"http://www.tigergraph.com/free-trial"},"nodes":[{"kind":"text","key":"fbbd96b9239249958d11dc9a0ea1eac3","ranges":[{"kind":"range","marks":[],"text":"www.tigergraph.com/free-trial"}]}]},{"kind":"text","key":"9617ab0771da4e16a04e0f473295d1ac","ranges":[{"kind":"range","marks":[],"text":""}]}]}]}]}]},{"kind":"block","type":"heading-1","key":"a1c498b47b2b4aec849dc86c308d1666","isVoid":false,"data":{},"nodes":[{"kind":"text","key":"89847e47181d465489847cccae56bbe5","ranges":[{"kind":"range","marks":[],"text":"Database Features"}]}]},{"kind":"block","type":"table","key":"e82404517ac84abf9ebe121e359835da","isVoid":false,"data":{"aligns":["left","left","left"]},"nodes":[{"kind":"block","type":"table-row","key":"e4737a4049f04d63982e567842bfb88b","isVoid":false,"data":{},"nodes":[{"kind":"block","type":"table-cell","key":"8ce611b27d264030bb3c971d19d6f306","isVoid":false,"data":{},"nodes":[{"kind":"block","type":"paragraph","key":"6ada1efec4314a19a98b5e9e48705b29","isVoid":false,"data":{},"nodes":[{"kind":"text","key":"383dc5e3fd5547748686319b474f9335","ranges":[{"kind":"range","marks":[],"text":"DATABASE FEATURES"}]}]}]},{"kind":"block","type":"table-cell","key":"75ccf05c9b79473d89ebc687d2166885","isVoid":false,"data":{},"nodes":[{"kind":"block","type":"paragraph","key":"d7ffee99cdcc4285a0dec149101c3d23","isVoid":false,"data":{},"nodes":[{"kind":"text","key":"3ec63627fcbf4de6a93716717c7dd817","ranges":[{"kind":"range","marks":[],"text":"Developer Edition"}]}]}]},{"kind":"block","type":"table-cell","key":"1f6356256462403c9f5188abc85b1c16","isVoid":false,"data":{},"nodes":[{"kind":"block","type":"paragraph","key":"05dca194cec14cfea64fe68dbed07116","isVoid":false,"data":{},"nodes":[{"kind":"text","key":"f854430855d346f3be2e80bb77ededd0","ranges":[{"kind":"range","marks":[],"text":"Enterprise Edition"}]}]}]}]},{"kind":"block","type":"table-row","key":"2210d38d2d2d47a5b8f275536aa4dcde","isVoid":false,"data":{},"nodes":[{"kind":"block","type":"table-cell","key":"41dc6481ca4340c0884d6a41162a246d","isVoid":false,"data":{},"nodes":[{"kind":"block","type":"paragraph","key":"2077812267c34b769e686d3d937db1b5","isVoid":false,"data":{},"nodes":[{"kind":"text","key":"1ad6e994f5a6409f9e24b81a4ce6ee54","ranges":[{"kind":"range","marks":[{"kind":"mark","data":{},"type":"bold"}],"text":"Native MPP Graph"}]}]}]},{"kind":"block","type":"table-cell","key":"781e9ec1fe9f4fdc87b627e059b24520","isVoid":false,"data":{},"nodes":[{"kind":"block","type":"paragraph","key":"dd61bf9308f44a96947dbd9fd5aabf79","isVoid":false,"data":{},"nodes":[{"kind":"text","key":"0a895861d20347fb8473e63f109921eb","ranges":[{"kind":"range","marks":[],"text":"✅"}]}]}]},{"kind":"block","type":"table-cell","key":"a8ff8574392f44638623c26d0e345b79","isVoid":false,"data":{},"nodes":[{"kind":"block","type":"paragraph","key":"ee1230de07ce49b28731e04dbd46a773","isVoid":false,"data":{},"nodes":[{"kind":"text","key":"83a40916b4e54b26b7b1e056f10f44e2","ranges":[{"kind":"range","marks":[],"text":"✅"}]}]}]}]},{"kind":"block","type":"table-row","key":"9b9d9ab2ffe142c28d247abc23891f7d","isVoid":false,"data":{},"nodes":[{"kind":"block","type":"table-cell","key":"5047798f7f364738a77c8496dc496a9c","isVoid":false,"data":{},"nodes":[{"kind":"block","type":"paragraph","key":"98e53d7ae53c4b6ca513877ad0241706","isVoid":false,"data":{},"nodes":[{"kind":"text","key":"693a95cb608f4b63a4a5c7b8b32494db","ranges":[{"kind":"range","marks":[{"kind":"mark","data":{},"type":"bold"}],"text":"Real-Time Deep Link Analytics"}]}]}]},{"kind":"block","type":"table-cell","key":"454df3d9ce9c4df3afa7a7e84b7d2946","isVoid":false,"data":{},"nodes":[{"kind":"block","type":"paragraph","key":"b1f7d42a3b4546c5ad6226b7afae4022","isVoid":false,"data":{},"nodes":[{"kind":"text","key":"e558148c22694254b396b3e9b6cf0779","ranges":[{"kind":"range","marks":[],"text":"✅"}]}]}]},{"kind":"block","type":"table-cell","key":"e0a0771bee744e74836168a2700f874e","isVoid":false,"data":{},"nodes":[{"kind":"block","type":"paragraph","key":"a822615789014d5b8a57d079ebf814f9","isVoid":false,"data":{},"nodes":[{"kind":"text","key":"61af5b0dce744837a7c0f7b50819c4ae","ranges":[{"kind":"range","marks":[],"text":"✅"}]}]}]}]},{"kind":"block","type":"table-row","key":"7de43583b56d46f2914dd7932de8a513","isVoid":false,"data":{},"nodes":[{"kind":"block","type":"table-cell","key":"b3ce5442d87344318adfc4f42858ce63","isVoid":false,"data":{},"nodes":[{"kind":"block","type":"paragraph","key":"506a29e5ac6d40319c950f4f4d0fb188","isVoid":false,"data":{},"nodes":[{"kind":"text","key":"0e2d96d07b2841bbb2b259b0323d2319","ranges":[{"kind":"range","marks":[{"kind":"mark","data":{},"type":"bold"}],"text":"Ultra-Fast Loading and Updates"}]}]}]},{"kind":"block","type":"table-cell","key":"d0eec1f3275c456785204edc8a30de9e","isVoid":false,"data":{},"nodes":[{"kind":"block","type":"paragraph","key":"6329c0538c8d4b7da92289fd9919141d","isVoid":false,"data":{},"nodes":[{"kind":"text","key":"15f5dd63b4a441b2849e4a138b424d0d","ranges":[{"kind":"range","marks":[],"text":"✅"}]}]}]},{"kind":"block","type":"table-cell","key":"3181c90a6ae04fc09e24271d8dcfc05b","isVoid":false,"data":{},"nodes":[{"kind":"block","type":"paragraph","key":"f71136840c4544c081e7f35b87129b08","isVoid":false,"data":{},"nodes":[{"kind":"text","key":"cbf7307959fd4453b0e30973d33dec9b","ranges":[{"kind":"range","marks":[],"text":"✅"}]}]}]}]},{"kind":"block","type":"table-row","key":"cff2d1d13e2945b3ae7bd63572cc4e27","isVoid":false,"data":{},"nodes":[{"kind":"block","type":"table-cell","key":"3cde35c39f46476fba39fab18c88ddf6","isVoid":false,"data":{},"nodes":[{"kind":"block","type":"paragraph","key":"938554c0535841b49cb5248017335f27","isVoid":false,"data":{},"nodes":[{"kind":"text","key":"93cdfa8ba2304041afe5d1d045fa9012","ranges":[{"kind":"range","marks":[{"kind":"mark","data":{},"type":"bold"}],"text":"GSQL Query and Loading Language "},{"kind":"range","marks":[],"text":"\nSQL-like syntax and built-in parallelism"}]}]}]},{"kind":"block","type":"table-cell","key":"c81653a35e1d47d286b8a773e028c3ff","isVoid":false,"data":{},"nodes":[{"kind":"block","type":"paragraph","key":"268205171e0e45d483d08c0ea36297dd","isVoid":false,"data":{},"nodes":[{"kind":"text","key":"bfbdca3cb225489fae3db865d075fa3d","ranges":[{"kind":"range","marks":[],"text":"✅"}]}]}]},{"kind":"block","type":"table-cell","key":"67fbe751e95742838b6960d0dc9f0e79","isVoid":false,"data":{},"nodes":[{"kind":"block","type":"paragraph","key":"a47585e4b07c46688d06e89b9ef126d1","isVoid":false,"data":{},"nodes":[{"kind":"text","key":"861e583b08034d6ca53cc665058e962e","ranges":[{"kind":"range","marks":[],"text":"✅"}]}]}]}]},{"kind":"block","type":"table-row","key":"073808bf94874191bfcef35a9fba2301","isVoid":false,"data":{},"nodes":[{"kind":"block","type":"table-cell","key":"4f6f54a3ec82498597e7970770977c72","isVoid":false,"data":{},"nodes":[{"kind":"block","type":"paragraph","key":"a146a1b26c6e447aa0a9489f1671cf79","isVoid":false,"data":{},"nodes":[{"kind":"text","key":"22bcec4235024bd3914d9c7950b92eee","ranges":[{"kind":"range","marks":[{"kind":"mark","data":{},"type":"bold"}],"text":"Graph Size"}]}]}]},{"kind":"block","type":"table-cell","key":"c439fe2d60ff4682b87de9786d166c8c","isVoid":false,"data":{},"nodes":[{"kind":"block","type":"paragraph","key":"5188f297b69944aeb1eba958dfa8c881","isVoid":false,"data":{},"nodes":[{"kind":"text","key":"7007ffc03422441a99527e93e938d1ef","ranges":[{"kind":"range","marks":[],"text":"500 billion edges or \nwhat fits in memory"}]}]}]},{"kind":"block","type":"table-cell","key":"2d9dc2cc8e2a4c21aecfad4e2ee822f4","isVoid":false,"data":{},"nodes":[{"kind":"block","type":"paragraph","key":"80a7ad5ba2e6449fb59dcd2ab23fa8c6","isVoid":false,"data":{},"nodes":[{"kind":"text","key":"9443050417e14967bf899c708a4f1f03","ranges":[{"kind":"range","marks":[],"text":"Unlimited"}]}]}]}]},{"kind":"block","type":"table-row","key":"a600d4ea048047498d7413b59081111f","isVoid":false,"data":{},"nodes":[{"kind":"block","type":"table-cell","key":"add2a8ca63d94ab3a6886dc5fe26761d","isVoid":false,"data":{},"nodes":[{"kind":"block","type":"paragraph","key":"3dbb0174b5634053855f53c18148e96e","isVoid":false,"data":{},"nodes":[{"kind":"text","key":"95b88a9ce1a5491bb7589efcb11055ac","ranges":[{"kind":"range","marks":[{"kind":"mark","data":{},"type":"bold"}],"text":"Compressed Data Store"}]}]}]},{"kind":"block","type":"table-cell","key":"287f09a118f3411c99eccdd79708abcb","isVoid":false,"data":{},"nodes":[{"kind":"block","type":"paragraph","key":"185ae6596592408d86cb6e52226723fc","isVoid":false,"data":{},"nodes":[{"kind":"text","key":"49d395c3a326425b968e2960b156157a","ranges":[{"kind":"range","marks":[],"text":"✅"}]}]}]},{"kind":"block","type":"table-cell","key":"85e61939bcbc43c9bccbc9f48bedf607","isVoid":false,"data":{},"nodes":[{"kind":"block","type":"paragraph","key":"e9d966624e38419dac20d39feb5be553","isVoid":false,"data":{},"nodes":[{"kind":"text","key":"be83a6480f7a4d29822f8a519ff859e5","ranges":[{"kind":"range","marks":[],"text":"✅"}]}]}]}]},{"kind":"block","type":"table-row","key":"1688a79c09ac4db7b79156eddaea1074","isVoid":false,"data":{},"nodes":[{"kind":"block","type":"table-cell","key":"3709eb34bf974200b669f28d5fd482e0","isVoid":false,"data":{},"nodes":[{"kind":"block","type":"paragraph","key":"8025344835ed4b508771587de652033b","isVoid":false,"data":{},"nodes":[{"kind":"text","key":"ed7528462a254e5fa80227856ebc5d8f","ranges":[{"kind":"range","marks":[{"kind":"mark","data":{},"type":"bold"}],"text":"Optimized In-Memory Processing; \nACID Transactions"}]}]}]},{"kind":"block","type":"table-cell","key":"7ab710d11cc744679c9c39391e62b5f4","isVoid":false,"data":{},"nodes":[{"kind":"block","type":"paragraph","key":"e4fb2bcf196740d68b116823237278f6","isVoid":false,"data":{},"nodes":[{"kind":"text","key":"3e04575c7dc14dc28161ee3b3cb87513","ranges":[{"kind":"range","marks":[],"text":"✅"}]}]}]},{"kind":"block","type":"table-cell","key":"843c56e53f154ed59ecec2fc30db6cfd","isVoid":false,"data":{},"nodes":[{"kind":"block","type":"paragraph","key":"782afc700f1c41d6a8770b729a44f84d","isVoid":false,"data":{},"nodes":[{"kind":"text","key":"ef49464fdc7a4ebea075f9659d5b2ce0","ranges":[{"kind":"range","marks":[],"text":"✅"}]}]}]}]},{"kind":"block","type":"table-row","key":"c429145d9a8b469aaf1a2f41d07e7fc4","isVoid":false,"data":{},"nodes":[{"kind":"block","type":"table-cell","key":"d8711aaef2a64a38aa2b6cc2e700d898","isVoid":false,"data":{},"nodes":[{"kind":"block","type":"paragraph","key":"afde62b35e694d07a94d2233a010e23a","isVoid":false,"data":{},"nodes":[{"kind":"text","key":"3ee969e9134248888f1b8b23f8532a50","ranges":[{"kind":"range","marks":[{"kind":"mark","data":{},"type":"bold"}],"text":"GraphStudio Visual SDK and UI \n"},{"kind":"range","marks":[],"text":"Design, Load, Explore, Query, Visualize"}]}]}]},{"kind":"block","type":"table-cell","key":"b87a0f8964d745d99c447edff885b334","isVoid":false,"data":{},"nodes":[{"kind":"block","type":"paragraph","key":"a206930997114679aa24fa8255aff9cd","isVoid":false,"data":{},"nodes":[{"kind":"text","key":"1065dca870f8466fae9ca7803cb137e1","ranges":[{"kind":"range","marks":[],"text":"✅"}]}]}]},{"kind":"block","type":"table-cell","key":"3e3d1d5867cb4acba2f0f9ca011dd81c","isVoid":false,"data":{},"nodes":[{"kind":"block","type":"paragraph","key":"42283bc79edf453ea441c7c145cfe9c1","isVoid":false,"data":{},"nodes":[{"kind":"text","key":"f7fa17a5dcef46bcb87920fdbc7ba2f2","ranges":[{"kind":"range","marks":[],"text":"✅*"}]}]}]}]},{"kind":"block","type":"table-row","key":"07ab5e69a17244639dae2f37e06649e0","isVoid":false,"data":{},"nodes":[{"kind":"block","type":"table-cell","key":"74e93f1a2bcb45a2b8976a55271dbed3","isVoid":false,"data":{},"nodes":[{"kind":"block","type":"paragraph","key":"37246be4ab314a16aa43695351d7d7ad","isVoid":false,"data":{},"nodes":[{"kind":"text","key":"2bba5eba80ba4f17bd0ac9279d5c6b8a","ranges":[{"kind":"range","marks":[{"kind":"mark","data":{},"type":"bold"}],"text":"MultiGraph"}]}]}]},{"kind":"block","type":"table-cell","key":"ad17773ea5ed4f71a14ae62e65eb9c49","isVoid":false,"data":{},"nodes":[{"kind":"block","type":"paragraph","key":"decd85e7880440988b8dc77efe4cbec9","isVoid":false,"data":{},"nodes":[{"kind":"text","key":"da735f3532f64c3997879635f5bf46b4","ranges":[{"kind":"range","marks":[],"text":"No"}]}]}]},{"kind":"block","type":"table-cell","key":"d13d5c4b7d4a4f1fa9c94d48ab1e9dad","isVoid":false,"data":{},"nodes":[{"kind":"block","type":"paragraph","key":"4134df0eedfb48ba865414062195e50a","isVoid":false,"data":{},"nodes":[{"kind":"text","key":"fc14a9aa55e6462796f46161adfb2a45","ranges":[{"kind":"range","marks":[],"text":"✅*"}]}]}]}]},{"kind":"block","type":"table-row","key":"9b4e71bfdba54baf89cfb5eb883529d5","isVoid":false,"data":{},"nodes":[{"kind":"block","type":"table-cell","key":"3a60c0dcc49a4188b959784819e1e96e","isVoid":false,"data":{},"nodes":[{"kind":"block","type":"paragraph","key":"e1cf0a6872a24c6e80961a8eb7809ec7","isVoid":false,"data":{},"nodes":[{"kind":"text","key":"0367770a0f314f3c8ba70a185846929f","ranges":[{"kind":"range","marks":[{"kind":"mark","data":{},"type":"bold"}],"text":"Distributed, Auto-Partitioned Graph"}]}]}]},{"kind":"block","type":"table-cell","key":"f51d7c3f587d40bd9169c51fd171fb28","isVoid":false,"data":{},"nodes":[{"kind":"block","type":"paragraph","key":"a72d35ed839e4e9089722f9f7c0115c0","isVoid":false,"data":{},"nodes":[{"kind":"text","key":"263b17676456408ea81034e382903d93","ranges":[{"kind":"range","marks":[],"text":"No"}]}]}]},{"kind":"block","type":"table-cell","key":"b8a6f9ccde054fa5a667d911665dfbfa","isVoid":false,"data":{},"nodes":[{"kind":"block","type":"paragraph","key":"da4331f2d4b94bf9851c7035556cb374","isVoid":false,"data":{},"nodes":[{"kind":"text","key":"65148c78f9934ae6b0cf3253a0062af4","ranges":[{"kind":"range","marks":[],"text":"✅"}]}]}]}]},{"kind":"block","type":"table-row","key":"b248c3b3b7784af999496235e22e9197","isVoid":false,"data":{},"nodes":[{"kind":"block","type":"table-cell","key":"4a0a8cabdfbc4688949e5efaff9e55ab","isVoid":false,"data":{},"nodes":[{"kind":"block","type":"paragraph","key":"81ebf30aaa0042b9915994041e3754b8","isVoid":false,"data":{},"nodes":[{"kind":"text","key":"508085bf8ec24100abe440b767dc280a","ranges":[{"kind":"range","marks":[{"kind":"mark","data":{},"type":"bold"}],"text":"HA Replication"}]}]}]},{"kind":"block","type":"table-cell","key":"fc851ab048a549ea971bbe6a4fcc4983","isVoid":false,"data":{},"nodes":[{"kind":"block","type":"paragraph","key":"4465023209964318bfcfcea5f1ff1a7f","isVoid":false,"data":{},"nodes":[{"kind":"text","key":"1680bf5a777948d0b7f673d6309dde61","ranges":[{"kind":"range","marks":[],"text":"No"}]}]}]},{"kind":"block","type":"table-cell","key":"2bffc885073146c9aa9a91fe58a04a0c","isVoid":false,"data":{},"nodes":[{"kind":"block","type":"paragraph","key":"8c885ef16fb041a299d121e053090f81","isVoid":false,"data":{},"nodes":[{"kind":"text","key":"cfe7bdbcd772466d88aaf297099b7263","ranges":[{"kind":"range","marks":[],"text":"✅"}]}]}]}]}]},{"kind":"block","type":"paragraph","key":"ca52794800bc463e947a94cd289fc888","isVoid":false,"data":{},"nodes":[{"kind":"text","key":"a3a7066651ba421c9095c4560dd8d307","ranges":[{"kind":"range","marks":[],"text":" * = optional"}]}]},{"kind":"block","type":"heading-1","key":"bb2e7ceac87a4b65b30699a277f1ad9b","isVoid":false,"data":{},"nodes":[{"kind":"text","key":"b99066f40e704f2ea231b9bd134de5f7","ranges":[{"kind":"range","marks":[],"text":"Enterprise Features"}]}]},{"kind":"block","type":"table","key":"f5524b6aa3e54e70a8c6eeca3289d9a7","isVoid":false,"data":{"aligns":["left","left","left"]},"nodes":[{"kind":"block","type":"table-row","key":"dbc1017145c240ebbbb30ff2a9649458","isVoid":false,"data":{},"nodes":[{"kind":"block","type":"table-cell","key":"fbab754733fa4c5cae15950725e9aa7c","isVoid":false,"data":{},"nodes":[{"kind":"block","type":"paragraph","key":"f14887e1cb47445b9b48b60d63cba3fd","isVoid":false,"data":{},"nodes":[{"kind":"text","key":"99fa922ba1544307ad1a87c11987a50e","ranges":[{"kind":"range","marks":[{"kind":"mark","data":{},"type":"bold"}],"text":"ENTERPRISE FEATURES"}]}]}]},{"kind":"block","type":"table-cell","key":"8211823b71bf48fab53feb5b8d778318","isVoid":false,"data":{},"nodes":[{"kind":"block","type":"paragraph","key":"e6340d4ca73443538b80d5eec4545bd7","isVoid":false,"data":{},"nodes":[{"kind":"text","key":"8504d94d6b2f4feaa8cb9f1373d543fb","ranges":[{"kind":"range","marks":[],"text":"Developer Edition"}]}]}]},{"kind":"block","type":"table-cell","key":"88d913ca8c7944ecac2b29fca9710218","isVoid":false,"data":{},"nodes":[{"kind":"block","type":"paragraph","key":"57b29842c30c4c098708df239096f653","isVoid":false,"data":{},"nodes":[{"kind":"text","key":"d53ee5c2a96c420ab318f64d9cdade12","ranges":[{"kind":"range","marks":[],"text":"Enterprise Edition"}]}]}]}]},{"kind":"block","type":"table-row","key":"d8137b2fad64414e8354acb6c7dcc762","isVoid":false,"data":{},"nodes":[{"kind":"block","type":"table-cell","key":"6c481ba24bf943c4a76461a4fd6df30f","isVoid":false,"data":{},"nodes":[{"kind":"block","type":"paragraph","key":"497c06edc17c4436a4feb863732309f2","isVoid":false,"data":{},"nodes":[{"kind":"text","key":"076a8a1a0f9d49f39c0b0fae86259e77","ranges":[{"kind":"range","marks":[{"kind":"mark","data":{},"type":"bold"}],"text":"Backup and Restore"}]}]}]},{"kind":"block","type":"table-cell","key":"48c7ea73450849b99b73724d39347722","isVoid":false,"data":{},"nodes":[{"kind":"block","type":"paragraph","key":"edf141d04f3b49ef84c3f19cb4b61ecd","isVoid":false,"data":{},"nodes":[{"kind":"text","key":"479bbaffecfe442eaf064fa9cb15dea8","ranges":[{"kind":"range","marks":[],"text":"No"}]}]}]},{"kind":"block","type":"table-cell","key":"477c2762bf964ecbb08272751b5a328f","isVoid":false,"data":{},"nodes":[{"kind":"block","type":"paragraph","key":"0679f3419af440b5b993edb8ebb3f805","isVoid":false,"data":{},"nodes":[{"kind":"text","key":"89765ad724544143889703635a5236dc","ranges":[{"kind":"range","marks":[],"text":"✅"}]}]}]}]},{"kind":"block","type":"table-row","key":"47d87158a9fb4fc3bfd3f6ea6325f120","isVoid":false,"data":{},"nodes":[{"kind":"block","type":"table-cell","key":"2b1af4393a8a4612832ea57bd97ed4b8","isVoid":false,"data":{},"nodes":[{"kind":"block","type":"paragraph","key":"dbe906217d7a467a83848406b2b23568","isVoid":false,"data":{},"nodes":[{"kind":"text","key":"375f93bc49114df083340a5fb4fa82a7","ranges":[{"kind":"range","marks":[{"kind":"mark","data":{},"type":"bold"}],"text":"Dynamic Schema Change"}]}]}]},{"kind":"block","type":"table-cell","key":"96c098bc1ec547318abc44aff3acbccc","isVoid":false,"data":{},"nodes":[{"kind":"block","type":"paragraph","key":"5d49c0b23aa24e35b813f84bc00229f4","isVoid":false,"data":{},"nodes":[{"kind":"text","key":"cbca7a4ccca34212b7c50f7d1c95ce6d","ranges":[{"kind":"range","marks":[],"text":"No"}]}]}]},{"kind":"block","type":"table-cell","key":"bf8319b0fc984be4901b4122aa4b6ec4","isVoid":false,"data":{},"nodes":[{"kind":"block","type":"paragraph","key":"24f625b6b5f04f42949b821c657fb544","isVoid":false,"data":{},"nodes":[{"kind":"text","key":"64a2df4a6749475b9bbf6a9106593264","ranges":[{"kind":"range","marks":[],"text":"✅"}]}]}]}]},{"kind":"block","type":"table-row","key":"9a891977bb254d228108635b137b0701","isVoid":false,"data":{},"nodes":[{"kind":"block","type":"table-cell","key":"e703e7950b8a4a8b9ead31b2ae5b4cb0","isVoid":false,"data":{},"nodes":[{"kind":"block","type":"paragraph","key":"04377172f00f45dd9133da16d6665319","isVoid":false,"data":{},"nodes":[{"kind":"text","key":"f3ff49294f7d46ca8dd777bd90f88167","ranges":[{"kind":"range","marks":[{"kind":"mark","data":{},"type":"bold"}],"text":"Multiple Users and \nRole-Based Access Control"}]}]}]},{"kind":"block","type":"table-cell","key":"9168a0d2e9264c8eac16ffa35941e4b2","isVoid":false,"data":{},"nodes":[{"kind":"block","type":"paragraph","key":"8f8c94e78ccd45f39ae16aff60a4fe0f","isVoid":false,"data":{},"nodes":[{"kind":"text","key":"cb0438173ada4abaafc413bfbc6845e6","ranges":[{"kind":"range","marks":[],"text":"No (Single User)"}]}]}]},{"kind":"block","type":"table-cell","key":"a32ce697f48b4e2e9914a7bdac8a53b9","isVoid":false,"data":{},"nodes":[{"kind":"block","type":"paragraph","key":"a185b74fb24c474883c33cff360cacee","isVoid":false,"data":{},"nodes":[{"kind":"text","key":"61305e6a576f46fd810da93a5737a3f2","ranges":[{"kind":"range","marks":[],"text":"✅"}]}]}]}]},{"kind":"block","type":"table-row","key":"a342b2b3735742409578bf48ce5a613a","isVoid":false,"data":{},"nodes":[{"kind":"block","type":"table-cell","key":"68953bb7113e48d1a5ad3497e5aeccd3","isVoid":false,"data":{},"nodes":[{"kind":"block","type":"paragraph","key":"7531992054084720946f69a38c6b471e","isVoid":false,"data":{},"nodes":[{"kind":"text","key":"584420c7990e4b0ead2ec7190d9d34ad","ranges":[{"kind":"range","marks":[{"kind":"mark","data":{},"type":"bold"}],"text":"Enterprise User Management "},{"kind":"range","marks":[],"text":"\nLDAP and SSO"}]}]}]},{"kind":"block","type":"table-cell","key":"17f77a9106414ecbb159ae28b451e67f","isVoid":false,"data":{},"nodes":[{"kind":"block","type":"paragraph","key":"f9371126a48344a29207a0efe932e174","isVoid":false,"data":{},"nodes":[{"kind":"text","key":"266e380e2eaf4f87987113747cfd73b4","ranges":[{"kind":"range","marks":[],"text":"No"}]}]}]},{"kind":"block","type":"table-cell","key":"84566fe9e33243edab99b0d2f10ac43e","isVoid":false,"data":{},"nodes":[{"kind":"block","type":"paragraph","key":"1c29cc1971ec4d219e71d145da51f065","isVoid":false,"data":{},"nodes":[{"kind":"text","key":"cb8701180d0043c1bb73f95aa43049d4","ranges":[{"kind":"range","marks":[],"text":"✅"}]}]}]}]},{"kind":"block","type":"table-row","key":"d63c1aa894914f72a78c3ff20bc9e395","isVoid":false,"data":{},"nodes":[{"kind":"block","type":"table-cell","key":"b4c9946865224459a1a5332525ade083","isVoid":false,"data":{},"nodes":[{"kind":"block","type":"paragraph","key":"5d6e02b59c3a4b969563f15eb510a0e3","isVoid":false,"data":{},"nodes":[{"kind":"text","key":"aac4dde49d484c0d9500fcda566d1f72","ranges":[{"kind":"range","marks":[{"kind":"mark","data":{},"type":"bold"}],"text":"Data Encryption "},{"kind":"range","marks":[],"text":"\nAt Rest and In Motion"}]}]}]},{"kind":"block","type":"table-cell","key":"3ee7ebf4114d4349b99665a58e1f9340","isVoid":false,"data":{},"nodes":[{"kind":"block","type":"paragraph","key":"f223dd3e7d8f4798b1bb766a76f24536","isVoid":false,"data":{},"nodes":[{"kind":"text","key":"cd99cd07943b4b2e803510004450ac2d","ranges":[{"kind":"range","marks":[],"text":"No"}]}]}]},{"kind":"block","type":"table-cell","key":"ac1d3f271705476aadfc3fa827c404ea","isVoid":false,"data":{},"nodes":[{"kind":"block","type":"paragraph","key":"5468a82c2e964c328e92f01986c51e8d","isVoid":false,"data":{},"nodes":[{"kind":"text","key":"d4cac570949a484ab5557dbd36f61426","ranges":[{"kind":"range","marks":[],"text":"✅"}]}]}]}]}]}]}}