{"format_version":1,"document":{"kind":"document","key":"3cfc6d06c6c643dcb53781427e311a6d","data":{"schema_version":5},"nodes":[{"kind":"block","type":"heading-1","key":"826f349777c940aeb86d5e49c0ff23dc","isVoid":false,"data":{"id":"TigerGraphGraphStudioUIGuide-DesignSchema"},"nodes":[{"kind":"text","key":"906db8ff290749e4802c1227b6829ba8","ranges":[{"kind":"range","marks":[],"text":"Design Schema"}]}]},{"kind":"block","type":"paragraph","key":"3f009e34eab84b2394972e7c37fd8924","isVoid":false,"data":{},"nodes":[{"kind":"text","key":"4979d94a272c4b35a31510755dc397a1","ranges":[{"kind":"range","marks":[],"text":"Designing the graph schema is the first and most important step of solving a business problem. The graph schema is the model of the problem, and all of the subsequent steps depend on the graph schema. If you are not already in Design Schema mode, click \"Design Schema\" on the left side menu bar."}]}]},{"kind":"block","type":"hint","key":"1fedb92dbce64212af6b140e3e5aa84a","isVoid":false,"data":{"style":"info"},"nodes":[{"kind":"block","type":"paragraph","key":"bc39126439714d44bf60c2a3a38c8bf8","isVoid":false,"data":{},"nodes":[{"kind":"text","key":"ad8cb7f2beb54fde8b009bdfdb4c973e","ranges":[{"kind":"range","marks":[{"kind":"mark","data":{},"type":"bold"}],"text":"Current Limitations"}]}]},{"kind":"block","type":"list-ordered","key":"7bff4dff754042daa180c428b92dd3b7","isVoid":false,"data":{},"nodes":[{"kind":"block","type":"list-item","key":"ff4f436cec2940b8b51553f01cbdaa01","isVoid":false,"data":{},"nodes":[{"kind":"block","type":"paragraph","key":"1fda1f4de2f3442cad0ade64e5441dbe","isVoid":false,"data":{},"nodes":[{"kind":"text","key":"3c362fb2c04840ba92c0ecb62839ab99","ranges":[{"kind":"range","marks":[],"text":"Only users with superuser privilege can use Design Schema to modify a graph schema."}]}]}]},{"kind":"block","type":"list-item","key":"6620d046e1bd45be87f9764890b351f5","isVoid":false,"data":{},"nodes":[{"kind":"block","type":"paragraph","key":"c072156d1896480b8ea0965ea2671f94","isVoid":false,"data":{},"nodes":[{"kind":"text","key":"0f9f1a4898ee4c9d9fa8ef617a3588e7","ranges":[{"kind":"range","marks":[],"text":"If there is already more than one graph, then the superuser can only modify the visual style of the graphs."}]}]}]}]}]},{"kind":"block","type":"paragraph","key":"564f6bd96206488c9a2f4a8ee5cb966b","isVoid":false,"data":{},"nodes":[{"kind":"text","key":"dbc09d66707541d4b1479519e4fc43ac","ranges":[{"kind":"range","marks":[],"text":"When there is no graph schema in the system, this page will show some hints:"}]}]},{"kind":"block","type":"image","key":"cd026e99947d432892e51f4abb53ee6a","isVoid":true,"data":{"assetID":"-LM9JcKDoYuWAOn1avTR","size":"line"},"nodes":[{"kind":"text","key":"96965e4a650442e7882e52963a8b841d","ranges":[{"kind":"range","marks":[],"text":""}]}]},{"kind":"block","type":"paragraph","key":"c7845d720611467fbef834d0ced41e3f","isVoid":false,"data":{},"nodes":[{"kind":"text","key":"e1c4d40a020d4059aa66c89cce262ecf","ranges":[{"kind":"range","marks":[],"text":"Otherwise this page will visualize the schema:"}]}]},{"kind":"block","type":"image","key":"73969ea770a04827987025b341450b4c","isVoid":true,"data":{"assetID":"-LM9M8UgmYbcykQxeHnb","size":"line"},"nodes":[{"kind":"text","key":"78d40d65ac2c468bab9e8825f3d00a08","ranges":[{"kind":"range","marks":[],"text":""}]}]},{"kind":"block","type":"paragraph","key":"aa0d7d29248d4d868df77faf5707a275","isVoid":false,"data":{},"nodes":[{"kind":"text","key":"87109e8363ab41cb8e270de09e17d77a","ranges":[{"kind":"range","marks":[],"text":"Each circle represents a vertex type, and each link represents an edge type. You can drag the circles to change their positions. There are two ways to zoom in and out. If you have a touchpad, two-finger moving up zooms out; two-finger moving down zooms in. Similarly, if your mouse has a scroll wheel, spinning forward zooms out; spinning backward zooms in."}]}]},{"kind":"block","type":"paragraph","key":"55548ddf50174a6db2999e408c66b26d","isVoid":false,"data":{},"nodes":[{"kind":"text","key":"7c84512308ed4d5ebf240ad78e7fced4","ranges":[{"kind":"range","marks":[],"text":"Note: The relationship between a vertex type and a vertex instance of a graph is like the relationship between a table and one record of a table in the relational database world. The relationship between an edge type and an edge instance is similar. In the Design Schema step, the user defines vertex types and edge types to model the data schema. After the schema has been created, the next two steps, Map Data To Graph and Load Data, are for loading data into the graph."}]}]},{"kind":"block","type":"heading-2","key":"ad54c54ec9e846e6904104398c94b427","isVoid":false,"data":{"id":"TigerGraphGraphStudioUIGuide-AddAVertexType"},"nodes":[{"kind":"text","key":"7b45e0abb36d40539b33f9c72c9dc15c","ranges":[{"kind":"range","marks":[],"text":"Add A Vertex Type"}]}]},{"kind":"block","type":"paragraph","key":"bf81d840ed2a426582aba30a7d39e2f7","isVoid":false,"data":{},"nodes":[{"kind":"text","key":"f15fb6ce410f46d4af62f799f58cff0d","ranges":[{"kind":"range","marks":[],"text":"Click the add vertex type button"}]},{"kind":"inline","type":"inline-image","key":"166bd71ba9b54582af63720a84581203","isVoid":true,"data":{"assetID":"-LM9My10zFsYIWyaLV6t","size":"original"},"nodes":[{"kind":"text","key":"25e91a4f69b74b1189655130c181f725","ranges":[{"kind":"range","marks":[],"text":""}]}]},{"kind":"text","key":"9b6af68a86cb415f9382809a08b9afa9","ranges":[{"kind":"range","marks":[],"text":"to add a vertex type. The add vertex type window will pop up: "}]}]},{"kind":"block","type":"image","key":"7b5dacde81814a28bf0a82838e0b2c4b","isVoid":true,"data":{"assetID":"-LM9QdYKARtRdq2vgDfm","size":"line"},"nodes":[{"kind":"text","key":"ecea3dfb7e104e8ab97a380ea34d0771","ranges":[{"kind":"range","marks":[],"text":""}]}]},{"kind":"block","type":"paragraph","key":"e8bda2d9b1484f488edc851817dfd973","isVoid":false,"data":{},"nodes":[{"kind":"text","key":"b8d50a3f2b8a403b812dc09f6e857fff","ranges":[{"kind":"range","marks":[],"text":"In this window you specify a vertex type name, primary id name. GraphStudio will automatically select a color for your vertex type icon. You can change the vertex type color by clicking the value under the \"Color hex\" label. A color palette window will pop up allowing you to choose a new color: "}]}]},{"kind":"block","type":"image","key":"6eec50749f6f4fff8201e027632ebe26","isVoid":true,"data":{"assetID":"-LM9SA4MZERfrYwN8o2f","size":"line"},"nodes":[{"kind":"text","key":"f2bcace4f648415e8f9f72c4a2331eb5","ranges":[{"kind":"range","marks":[],"text":""}]}]},{"kind":"block","type":"paragraph","key":"84b7cfe4c5bd4e438d3b6318b8ffddf6","isVoid":false,"data":{},"nodes":[{"kind":"text","key":"e72d75f170ff460d90ba83407907d77d","ranges":[{"kind":"range","marks":[],"text":"Once you are satisfied with the color, click anywhere outside of the color palette window to set the color.\nYou can also choose an icon for the vertex type by clicking the Select Icon button"}]},{"kind":"inline","type":"inline-image","key":"70093a7f16ee4938b786e4373972fbe6","isVoid":true,"data":{"assetID":"-LM9Sdc-H68LFPoah-Q2","size":"original"},"nodes":[{"kind":"text","key":"e91e1f98bbaf4d03887085b97456fd14","ranges":[{"kind":"range","marks":[],"text":""}]}]},{"kind":"text","key":"3d6da0a9211b437696fd7aa6d33d7b18","ranges":[{"kind":"range","marks":[],"text":". Then a Select Icon window will pop up. Select an icon that fits the vertex type semantic best. You can type in keywords to help filter the icons and find the best match faster."}]}]},{"kind":"block","type":"image","key":"0ee6bf377dff40788e195527b468ee5d","isVoid":true,"data":{"assetID":"-LM9fVeP87iT0tQrlVDY","size":"line"},"nodes":[{"kind":"text","key":"08321cc346ff4618b6b88adab0d26543","ranges":[{"kind":"range","marks":[],"text":""}]}]},{"kind":"block","type":"paragraph","key":"0505493cf5b047aea2af8175ca780ace","isVoid":false,"data":{},"nodes":[{"kind":"text","key":"47a8d93aebc546d0a9e1fb885de11747","ranges":[{"kind":"range","marks":[{"kind":"mark","data":{},"type":"bold"}],"text":"Adding and Deleting Attributes "},{"kind":"range","marks":[],"text":"\nTo add an attribute, click the green plus sign at the right of the Attributes section:"}]}]},{"kind":"block","type":"image","key":"37c03caabfac4f12be3b75d8f8a0e204","isVoid":true,"data":{"assetID":"-LM9g8f8BfsPDLCi52Ei","size":"line"},"nodes":[{"kind":"text","key":"2d6a40f855f448eb868e20af11bde066","ranges":[{"kind":"range","marks":[],"text":""}]}]},{"kind":"block","type":"paragraph","key":"299a947999ca4096ac3f6989067485a4","isVoid":false,"data":{},"nodes":[{"kind":"text","key":"74b3a26f317243e59459072fec928047","ranges":[{"kind":"range","marks":[],"text":"Provide a name and data type for your new attribute. Optionally, you can specify a default value for the attribute. (If you do not specify, every data type has a system default value. For example, the default value for an integer is 0.)"}]}]},{"kind":"block","type":"paragraph","key":"e0d52d54c6904466ab379d7f3b322e45","isVoid":false,"data":{},"nodes":[{"kind":"text","key":"d398eaebd8b54b4299d8d9c0f95e3de2","ranges":[{"kind":"range","marks":[],"text":"To delete an attribute, click the red minus sign to the right of the attribute to delete an existing attribute."}]}]},{"kind":"block","type":"paragraph","key":"8e4b7038a6884134b768b85473212f3c","isVoid":false,"data":{},"nodes":[{"kind":"text","key":"a27874289a2d40a892f112ef9d9e2ab5","ranges":[{"kind":"range","marks":[],"text":"Once you are satisfied with the vertex type settings, click the Add button"}]},{"kind":"inline","type":"inline-image","key":"066ca8155b4d404a9e91aed5e14fd532","isVoid":true,"data":{"assetID":"-LM9gaAqbCEhwkJn8k8d","size":"original"},"nodes":[{"kind":"text","key":"47a00590be8246d1a7cd67e25ef55712","ranges":[{"kind":"range","marks":[],"text":""}]}]},{"kind":"text","key":"20defe34682b4300bbd9656c729893c3","ranges":[{"kind":"range","marks":[],"text":"to add the vertex type. A new circle will appear in the working panel. You can drag the circle to any desired position."}]}]},{"kind":"block","type":"heading-2","key":"041776762c354b53b41d3203e1c72075","isVoid":false,"data":{"id":"TigerGraphGraphStudioUIGuide-AddAnEdgeType"},"nodes":[{"kind":"text","key":"0223cd58107e40ec8d4bf16d61fb860c","ranges":[{"kind":"range","marks":[],"text":"Add An Edge Type"}]}]},{"kind":"block","type":"paragraph","key":"18e6c4e620054e699f8047c41375639d","isVoid":false,"data":{},"nodes":[{"kind":"text","key":"5396d9e3fc9d47acb5bdde0b8d6d7acd","ranges":[{"kind":"range","marks":[],"text":"Click the add edge type button"}]},{"kind":"inline","type":"inline-image","key":"3c641978a1d640ada0c5b76ec339466d","isVoid":true,"data":{"assetID":"-LM9hHC2QaoLBEIUWahX","size":"original"},"nodes":[{"kind":"text","key":"43a185c824294937aff8a16453f49aaf","ranges":[{"kind":"range","marks":[],"text":""}]}]},{"kind":"text","key":"8b734788ac654f3bbe21afd7532657ce","ranges":[{"kind":"range","marks":[],"text":"to add an edge type. The working space will enter Add Edge mode and the button color will change to green"}]},{"kind":"inline","type":"inline-image","key":"d98656abfa9841aeb85158be8a0658d3","isVoid":true,"data":{"assetID":"-LM9hK6XMx35VcYqWwSo","size":"original"},"nodes":[{"kind":"text","key":"938f91a4143e4e73ba67d94bdc89640c","ranges":[{"kind":"range","marks":[],"text":""}]}]},{"kind":"text","key":"ee051025b04d45f98b3d7b69c041d624","ranges":[{"kind":"range","marks":[],"text":". Click the button again to exit Add Edge mode."}]}]},{"kind":"block","type":"paragraph","key":"90e4a66d94bf464a856779871088463d","isVoid":false,"data":{},"nodes":[{"kind":"text","key":"50618d92b88b40479d157cd5c0843228","ranges":[{"kind":"range","marks":[],"text":"Each edge type has a source vertex type and a target vertex type. First, click the source vertex type. A hint will appear on the vertex type circle: "}]}]},{"kind":"block","type":"image","key":"8ba7cb6388e642158d9c81544f6df783","isVoid":true,"data":{"assetID":"-LM9hpCeYXl6eK40r7n8","size":"line"},"nodes":[{"kind":"text","key":"447e116123ae4c84b14cc32e4fc0d61f","ranges":[{"kind":"range","marks":[],"text":""}]}]},{"kind":"block","type":"paragraph","key":"3d5f98856784493a90089991232a7c08","isVoid":false,"data":{},"nodes":[{"kind":"text","key":"1312fe51db9c47da89abec3078c0a635","ranges":[{"kind":"range","marks":[],"text":"Then click the target vertex type. The add edge type window will pop up:"}]}]},{"kind":"block","type":"image","key":"9224559a60584814853b10c536327f6a","isVoid":true,"data":{"assetID":"-LM9iCPOg6IBOOosbKJm","size":"line"},"nodes":[{"kind":"text","key":"67a0f404e0e940e9b8ea6c867fd18168","ranges":[{"kind":"range","marks":[],"text":""}]}]},{"kind":"block","type":"paragraph","key":"69c212f3ee6042509cf50b9c1fbce210","isVoid":false,"data":{},"nodes":[{"kind":"text","key":"314906fbb88a4d219c15ecddfa705080","ranges":[{"kind":"range","marks":[],"text":"You must specify an edge type name. The source vertex type and target vertex type are selected based on your clicking action. However, you can change that by choosing another vertex type in the dropdown list."}]}]},{"kind":"block","type":"paragraph","key":"ee18de61b03b4ed9aed10f6caae0920c","isVoid":false,"data":{},"nodes":[{"kind":"text","key":"36ce198704464ac6abcb1e6aa3aa714e","ranges":[{"kind":"range","marks":[],"text":"By default, the edge type is undirected. To make the edge type directed, mark the Directed checkbox:"}]}]},{"kind":"block","type":"image","key":"d52c81bbb4e24d56a8828848682ca379","isVoid":true,"data":{"assetID":"-LM9icrwNlEuG4SnU0yT","size":"line"},"nodes":[{"kind":"text","key":"41af605dead34694a29fe5f68079d9bf","ranges":[{"kind":"range","marks":[],"text":""}]}]},{"kind":"block","type":"paragraph","key":"7275eb4f15524a4eb52cf829843e78aa","isVoid":false,"data":{},"nodes":[{"kind":"text","key":"1cb572ffd1744790903e1dcca26f97f2","ranges":[{"kind":"range","marks":[],"text":"If Directed is checked, another checkbox will appear for you to choose whether the edge type should include reverse edges. Including reverse edges provides more flexibility when designing queries. Unselect the Reverse edge checkbox ONLY IF your machine memory is very tight, because if there is no reverse edge, queries will not be able to traverse backwards along this directed edge type, from the target vertex to the source vertex."}]}]},{"kind":"block","type":"paragraph","key":"f9d02179f73c4bf0b8f62bdddf621b7a","isVoid":false,"data":{},"nodes":[{"kind":"text","key":"080aadfc9cfb4fe78687332391b975ba","ranges":[{"kind":"range","marks":[],"text":"Editing edge type attributes is the same as editing vertex type attributes."}]}]},{"kind":"block","type":"paragraph","key":"ffa8f316e75f4c75bc42d4a6333bcb2b","isVoid":false,"data":{},"nodes":[{"kind":"text","key":"58f0f27a002f4cdb9cfa77e9b9ff513d","ranges":[{"kind":"range","marks":[],"text":"Once you are satisfied with the edge type settings, click the Add button"}]},{"kind":"inline","type":"inline-image","key":"a335348a3c3d4c88b9dafd427506c879","isVoid":true,"data":{"assetID":"-LM9gaAqbCEhwkJn8k8d","size":"original"},"nodes":[{"kind":"text","key":"7b8b7b357746497da2c6bb986307913e","ranges":[{"kind":"range","marks":[],"text":""}]}]},{"kind":"text","key":"a395d9bb9c0b469f9c49bb82a955ab6a","ranges":[{"kind":"range","marks":[],"text":"to add the edge type. A new link between the selected source vertex type circle and target vertex type circle will appear in the working panel."}]}]},{"kind":"block","type":"paragraph","key":"8843533df1d14ad5a130ebd76161b685","isVoid":false,"data":{},"nodes":[{"kind":"text","key":"cfa0a4e148fe43d890d2923c69e98416","ranges":[{"kind":"range","marks":[],"text":"You can add multiple edge types between the same source vertex type and target vertex type pair. Moreover, an edge can use the same vertex type for both its source vertex type and its target vertex type, e.g., a Friendship edge from Person vertex to Person vertex."}]}]},{"kind":"block","type":"heading-2","key":"2e63d9ce8a4746d5b38b0323169e77b3","isVoid":false,"data":{"id":"TigerGraphGraphStudioUIGuide-EditVertexOrEdgeType"},"nodes":[{"kind":"text","key":"db141e4011114b08b0c220dfe4f629f4","ranges":[{"kind":"range","marks":[],"text":"Edit Vertex Or Edge Type"}]}]},{"kind":"block","type":"paragraph","key":"ea87a69f37584bb8985f3f1c1425ee67","isVoid":false,"data":{},"nodes":[{"kind":"text","key":"be6e46184475491ebcdf066661b2cf6c","ranges":[{"kind":"range","marks":[],"text":"You can edit the vertex types or edge types at any time after you add them. Just click one vertex type circle or one edge link, and then click the edit button"}]},{"kind":"inline","type":"inline-image","key":"ea241c6b1d754cf1a47d75fe37ddf9e5","isVoid":true,"data":{"assetID":"-LM9jB-qwPTkf1oSJL8F","size":"original"},"nodes":[{"kind":"text","key":"22b8e62ba30e4ab69c3e6e0846d319a1","ranges":[{"kind":"range","marks":[],"text":""}]}]},{"kind":"text","key":"dd015ce455e948cbb51512be0adcc114","ranges":[{"kind":"range","marks":[],"text":"(double clicking on the selected vertex/edge will have the same effect), to make the Edit Attributes window pop up:"}]}]},{"kind":"block","type":"image","key":"be9a5acea3ee49909d311300dbccaea1","isVoid":true,"data":{"assetID":"-LM9jXmB-QIYZOcEtAkr","size":"line"},"nodes":[{"kind":"text","key":"b971312bce014cf5af2e208b13bc444b","ranges":[{"kind":"range","marks":[],"text":""}]}]},{"kind":"block","type":"paragraph","key":"c7ac121f403a4620b4a5b34e4ba49317","isVoid":false,"data":{},"nodes":[{"kind":"text","key":"54d15c9e3afe47b78a6ec5a896fd2156","ranges":[{"kind":"range","marks":[],"text":"Once you are satisfied with the change, click the Update button"}]},{"kind":"inline","type":"inline-image","key":"dc090e039e95409ea77ea9b9e67cb923","isVoid":true,"data":{"assetID":"-LM9jpo5_aK1G9HeZk8L","size":"original"},"nodes":[{"kind":"text","key":"99b26a13ee4549ac8c1e9279929f2cab","ranges":[{"kind":"range","marks":[],"text":""}]}]},{"kind":"text","key":"0433a25dcb074442a290e313e80ca0c9","ranges":[{"kind":"range","marks":[],"text":"."}]}]},{"kind":"block","type":"heading-2","key":"4947116a3ac1438ba2c55d3b8f2160f3","isVoid":false,"data":{"id":"TigerGraphGraphStudioUIGuide-DeleteVertexOrEdgeType"},"nodes":[{"kind":"text","key":"ba119f14ee58462cacfa55753d467986","ranges":[{"kind":"range","marks":[],"text":"Delete Vertex Or Edge Type"}]}]},{"kind":"block","type":"paragraph","key":"5cd90545f3fa4d9cb25b4b9f9bdfc04d","isVoid":false,"data":{},"nodes":[{"kind":"text","key":"f513bac8df8d4733abd04e7dd8cdf353","ranges":[{"kind":"range","marks":[],"text":"You can delete a vertex type or an edge type by first choosing the vertex type circles or edge type links, then clicking the delete button"}]},{"kind":"inline","type":"inline-image","key":"bd6aedab4ad84e37be4a35c42b400fc4","isVoid":true,"data":{"assetID":"-LM9k0btYn5wUnKmgLQA","size":"original"},"nodes":[{"kind":"text","key":"e326d9557f3646e6a5066b4dfba230b2","ranges":[{"kind":"range","marks":[],"text":""}]}]},{"kind":"text","key":"3672bf7afb6c4336a2b4521004f5ea08","ranges":[{"kind":"range","marks":[],"text":". In order to delete multiple vertex types and edge types, hold down the \"Shift\" key while you click, to select multiple items."}]}]},{"kind":"block","type":"heading-2","key":"e788bd797cd243b5a3b795eb7bfa3385","isVoid":false,"data":{"id":"TigerGraphGraphStudioUIGuide-RedoAndUndo"},"nodes":[{"kind":"text","key":"b0d8d2fdd70f4002864bec5c50741d50","ranges":[{"kind":"range","marks":[],"text":"Redo And Undo"}]}]},{"kind":"block","type":"paragraph","key":"78aa6112fe884b368447ac3f76a316ab","isVoid":false,"data":{},"nodes":[{"kind":"text","key":"ee1bd0b16b2f46c8b2fb30ba27a3294f","ranges":[{"kind":"range","marks":[],"text":"You can redo and undo your changes by clicking the two buttons:"}]},{"kind":"inline","type":"inline-image","key":"5b90e612057a4f77b54197ccc00bce05","isVoid":true,"data":{"assetID":"-LM9kIVhC36sE2pWmrA2","size":"original"},"nodes":[{"kind":"text","key":"bf86faa13495461ab21ec2c5be84f292","ranges":[{"kind":"range","marks":[],"text":""}]}]},{"kind":"text","key":"6611b06164734420864f5813db8f66d5","ranges":[{"kind":"range","marks":[],"text":". The whole history since the time you entered Design Schema page is recorded."}]}]},{"kind":"block","type":"heading-2","key":"7b3b2e47bd494d3c95e179d31a99f016","isVoid":false,"data":{"id":"TigerGraphGraphStudioUIGuide-PublishSchema"},"nodes":[{"kind":"text","key":"96757205b57f40bbbc5ac78b0765cd9e","ranges":[{"kind":"range","marks":[],"text":"Publish Schema"}]}]},{"kind":"block","type":"paragraph","key":"2b1b90fca4e441f9b395dfd203dd3e3b","isVoid":false,"data":{},"nodes":[{"kind":"text","key":"e543929e600f4b7ba080e98f701b6d70","ranges":[{"kind":"range","marks":[],"text":"Once you are satisfied with the graph schema, click the publish schema button"}]},{"kind":"inline","type":"inline-image","key":"e884117e48ac4af1907ac47e63c8ef62","isVoid":true,"data":{"assetID":"-LM9knNCK7OtuN0b8kg1","size":"original"},"nodes":[{"kind":"text","key":"e2d2215a2eb3481dbaf00780433df711","ranges":[{"kind":"range","marks":[],"text":""}]}]},{"kind":"text","key":"9ceb3decfb2b4c7ba5178cfb17e5f0ba","ranges":[{"kind":"range","marks":[],"text":"to publish the schema to the TigerGraph system. If you are publishing a brand new schema, a progress bar will show:  "}]}]},{"kind":"block","type":"image","key":"57ae793a269449b1860f9718668a0149","isVoid":true,"data":{"assetID":"-LMddROLI09cxMrSOQTW","size":"line"},"nodes":[{"kind":"text","key":"b887421e299249eca64e0554a2c39d94","ranges":[{"kind":"range","marks":[],"text":""}]}]},{"kind":"block","type":"hint","key":"e1ed5df6c0fc4748993c99fdbe83cf5e","isVoid":false,"data":{"style":"warning"},"nodes":[{"kind":"block","type":"paragraph","key":"4b03e7045e4442c9ae82f3b7465fe76d","isVoid":false,"data":{},"nodes":[{"kind":"text","key":"f780e888ebda4a20952aa6f437e2e076","ranges":[{"kind":"range","marks":[],"text":"Note that "},{"kind":"range","marks":[{"kind":"mark","data":{},"type":"bold"}],"text":"Publish Schema"},{"kind":"range","marks":[],"text":" applies to both creating a new schema as well as modifying an existing schema.  If you have already loaded data into or created queries for an existing graph, please note that GraphStudio's Publish Schema is only able to retain your existing data in some circumstances. Read the following section carefully."}]}]}]},{"kind":"block","type":"paragraph","key":"7b5cf196e3a340e6b2af179a5c7ceb0c","isVoid":false,"data":{},"nodes":[{"kind":"text","key":"97f17f3addfd40559acc92607f20a230","ranges":[{"kind":"range","marks":[{"kind":"mark","data":{},"type":"bold"}],"text":"Developer Edition:\n"},{"kind":"range","marks":[],"text":"SCHEMA_CHANGE is not supported. Publish Schema will always \"DROP ALL\" (erase all data) before creating your new schema."}]}]},{"kind":"block","type":"paragraph","key":"617ef1bde60948209e1661ed42820c16","isVoid":false,"data":{},"nodes":[{"kind":"text","key":"5df9820a7872433ca9f5faadc0ed4655","ranges":[{"kind":"range","marks":[{"kind":"mark","data":{},"type":"bold"}],"text":"Enterprise Edition:"},{"kind":"range","marks":[],"text":"\nIf you are editing an existing graph schema, GraphStudio will analyze your changes. If the change to a vertex or edge type is to remove some attributes and / or to add some new attributes, GraphStudio will employ a GSQL SCHEMA_CHANGE job, in order to retain the graph data you already loaded."}]}]},{"kind":"block","type":"paragraph","key":"6019e04187664c4b8ea18e1f6b913ebf","isVoid":false,"data":{},"nodes":[{"kind":"text","key":"9558cbaa77da4c7d86a2abc8cbeb5b03","ranges":[{"kind":"range","marks":[],"text":"All other types of changes, including "},{"kind":"range","marks":[{"kind":"mark","data":{},"type":"bold"}],"text":"renaming"},{"kind":"range","marks":[],"text":" the vertex or edge type,"},{"kind":"range","marks":[{"kind":"mark","data":{},"type":"bold"}],"text":" "},{"kind":"range","marks":[],"text":"changing"},{"kind":"range","marks":[{"kind":"mark","data":{},"type":"bold"}],"text":" attribute name or data type"},{"kind":"range","marks":[],"text":", changing "},{"kind":"range","marks":[{"kind":"mark","data":{},"type":"bold"}],"text":"edge direction"},{"kind":"range","marks":[],"text":", adding or removing "},{"kind":"range","marks":[{"kind":"mark","data":{},"type":"bold"}],"text":"reverse edge"},{"kind":"range","marks":[],"text":" will result in removing the old vertex or edge type and then adding the new one with your desired configurations. In that case, the loaded data to that vertex or edge type will be erased. Please think twice before you do that kind of changes."}]}]},{"kind":"block","type":"hint","key":"abd6f905f7de4bd690403b43ed5a8184","isVoid":false,"data":{"style":"warning"},"nodes":[{"kind":"block","type":"paragraph","key":"9aa23cbd3ca1410bbcab56e61918b751","isVoid":false,"data":{},"nodes":[{"kind":"text","key":"fce75b0b2f504c36a50f7270a4d2dd0c","ranges":[{"kind":"range","marks":[],"text":"If a vertex type will be removed in order to change the schema, all edge types connected to that vertex type will also be removed."}]}]}]},{"kind":"block","type":"paragraph","key":"167b56af587b48b4903a23c80a239d81","isVoid":false,"data":{},"nodes":[{"kind":"text","key":"6674732d993d4a72964b3f870c0caa61","ranges":[{"kind":"range","marks":[],"text":"When you are editing a graph schema, a warning message in the top-right side of the working panel will show which old vertex and edge types will be removed. Make sure to check the message periodically to make sure it is as you expect: "}]}]},{"kind":"block","type":"image","key":"321badeccb6f462387ab2c04a645de46","isVoid":true,"data":{"assetID":"-LM9sWs6adqa-e0p5uPM","size":"line"},"nodes":[{"kind":"text","key":"fdf3c35231214bd8b1b78f0be981ecc2","ranges":[{"kind":"range","marks":[],"text":""}]}]},{"kind":"block","type":"paragraph","key":"113eefc9668140668b4b1d81d781dbd0","isVoid":false,"data":{},"nodes":[{"kind":"text","key":"483c608595834b48be9edb8e2fba8d85","ranges":[{"kind":"range","marks":[],"text":"Finally, when you click publish schema button"}]},{"kind":"inline","type":"inline-image","key":"8b27b03b28484e679ace65ac697aa4b9","isVoid":true,"data":{"assetID":"-LM9knNCK7OtuN0b8kg1","size":"original"},"nodes":[{"kind":"text","key":"e5d12a4c9177487a84b31c3a44124e3e","ranges":[{"kind":"range","marks":[],"text":""}]}]},{"kind":"text","key":"bd9d6c80b25b462ebdcfa9e362c83cdf","ranges":[{"kind":"range","marks":[],"text":", a pop up window will summarize your changes to the schema. The vertex and edge types that will be removed are highlighted. Make sure you confirm the changes before continue:"}]}]},{"kind":"block","type":"image","key":"892d07aa60ea44e18b71bc4f95f8a92b","isVoid":true,"data":{"assetID":"-LM9tcaXBqvLErotkDZo","size":"line"},"nodes":[{"kind":"text","key":"54d81eb336f547b283cc3695fb047196","ranges":[{"kind":"range","marks":[],"text":""}]}]},{"kind":"block","type":"paragraph","key":"9d9b7d667b2b46de92cb46706cd2a4f2","isVoid":false,"data":{},"nodes":[{"kind":"text","key":"4b1f8d596a334a2ba8b808e8ab9a2810","ranges":[{"kind":"range","marks":[],"text":"Click continue button, and GraphStudio will start changing your schema:"}]}]},{"kind":"block","type":"image","key":"024b5cd2cee147a4a4daf16f8160dba3","isVoid":true,"data":{"assetID":"-LM9v34-pNJlNLUqk_dF","size":"line"},"nodes":[{"kind":"text","key":"dd7b80b5ae194f2f9f2b17f89b53ab7a","ranges":[{"kind":"range","marks":[],"text":""}]}]},{"kind":"block","type":"paragraph","key":"a57ba612373247ab8cdd2e3578f60c2f","isVoid":false,"data":{},"nodes":[{"kind":"text","key":"43b64489ef104dea8e128450598b27b4","ranges":[{"kind":"range","marks":[],"text":"If you have already created a data mapping and written queries, GraphStudio will try its best to preserve your work when you publish your modified schema:"}]}]},{"kind":"block","type":"list-ordered","key":"f2a8923ab4714ebaa19b2cdb1bfbd96f","isVoid":false,"data":{},"nodes":[{"kind":"block","type":"list-item","key":"0fd6fb316202499f8b76dbe65f75d89d","isVoid":false,"data":{},"nodes":[{"kind":"block","type":"paragraph","key":"856f24940b7f46a8871b5424cf817ff7","isVoid":false,"data":{},"nodes":[{"kind":"text","key":"8bde462c5e7948a986ce4010c29348aa","ranges":[{"kind":"range","marks":[],"text":"All your queries will be saved as query drafts, so you can install the queries again after you change your schema. If a query has a conflict with the new schema (e.g., referring to a vertex type that is deleted), you need to fix it before installing the query."}]}]}]},{"kind":"block","type":"list-item","key":"df6f665b07cc412d839b9e93f02951e8","isVoid":false,"data":{},"nodes":[{"kind":"block","type":"paragraph","key":"9b50345978844fca91f9c47267575338","isVoid":false,"data":{},"nodes":[{"kind":"text","key":"00afa449464a4523bac911753f5f7ec8","ranges":[{"kind":"range","marks":[],"text":"GraphStudio will migrate your data mapping based on your changes to the schema. Since GraphStudio records your whole operation history, the migration is smart enough to cover most cases. The basic migration rules are the following:"}]}]},{"kind":"block","type":"list-ordered","key":"5ac14fed3e2c46219d97cabc60c867bc","isVoid":false,"data":{},"nodes":[{"kind":"block","type":"list-item","key":"1b81c3994acf47c0a7d69545453157e8","isVoid":false,"data":{},"nodes":[{"kind":"block","type":"paragraph","key":"4d34f7b308da4b79949980f19ead0bd7","isVoid":false,"data":{},"nodes":[{"kind":"text","key":"031cfb2086534212bd4f98ca0e53d6c3","ranges":[{"kind":"range","marks":[],"text":"Rename vertex types and edge types"}]}]}]},{"kind":"block","type":"list-item","key":"3e5d05646c1243059cff80eefa521c0c","isVoid":false,"data":{},"nodes":[{"kind":"block","type":"paragraph","key":"0beda8b98ecd47eaa029d0cbeea8e0d9","isVoid":false,"data":{},"nodes":[{"kind":"text","key":"e17feb051e194f4dbf40f725b2f22aef","ranges":[{"kind":"range","marks":[],"text":"Remove mappings to deleted vertex types and edge types."}]}]}]},{"kind":"block","type":"list-item","key":"ff84dac84b4d4c3b8ce467101a9a9bd9","isVoid":false,"data":{},"nodes":[{"kind":"block","type":"paragraph","key":"ba451f76b72c479ba11d687ae054c3d8","isVoid":false,"data":{},"nodes":[{"kind":"text","key":"de38fd13546e4e1f8041609100a29155","ranges":[{"kind":"range","marks":[],"text":"Remove mappings to deleted or modified attributes."}]}]}]},{"kind":"block","type":"list-item","key":"7ee79770be154c44bccb608728025a01","isVoid":false,"data":{},"nodes":[{"kind":"block","type":"paragraph","key":"18651ece082447e792c34d6366eda72c","isVoid":false,"data":{},"nodes":[{"kind":"text","key":"67d43d2830674b1daa5c25a41256268d","ranges":[{"kind":"range","marks":[],"text":"New vertex types, edge types and new attributes won't be mapped."}]}]}]},{"kind":"block","type":"list-item","key":"64806e3538c343b58a1ce15d5eefa054","isVoid":false,"data":{},"nodes":[{"kind":"block","type":"paragraph","key":"69bab1b7df474c19bbd37b98cfb3338d","isVoid":false,"data":{},"nodes":[{"kind":"text","key":"12654cb2ed3c4204be9b1f7e7ce0baaa","ranges":[{"kind":"range","marks":[],"text":"After the schema is successfully published, GraphStudio will instruct you to go to the Map Data To Graph page to verify and publish the revised data mapping. If any mapping is not correct, you can fix it. You "},{"kind":"range","marks":[{"kind":"mark","data":{},"type":"bold"}],"text":"must publish "},{"kind":"range","marks":[],"text":"the migrated data mapping; otherwise, it will be lost."}]}]}]}]}]}]},{"kind":"block","type":"paragraph","key":"8e7a39e67e4f41d480be905cc0751c8a","isVoid":false,"data":{},"nodes":[{"kind":"text","key":"12d245e1526d49f18a07ccb2ec1b3e7f","ranges":[{"kind":"range","marks":[],"text":"If you have published some data mapping through GraphStudio, then after schema is changed successfully, a pop up window will guide you to go to the Map Data To Graph page to confirm and publish the migrated data mapping:"}]}]},{"kind":"block","type":"image","key":"eb3ef64e46754fbeaae64c7c682401ad","isVoid":true,"data":{"assetID":"-LM9z1H7O0sifybc_ZYN","size":"line"},"nodes":[{"kind":"text","key":"541300af70d0406e8dd17e980e15a71e","ranges":[{"kind":"range","marks":[],"text":""}]}]}]}}