{"format_version":1,"document":{"kind":"document","key":"7e1860a177d949819d1b93067bdb6afb","data":{"schema_version":5},"nodes":[{"kind":"block","type":"paragraph","key":"b1ca24dc5a4b490a9ccf0935f014022a","isVoid":false,"data":{},"nodes":[{"kind":"text","key":"3e46022f7a354134913e0e745c2d602a","ranges":[{"kind":"range","marks":[],"text":"Below is the listing of the graph create&load command files and data files to generate the six example graphs used in this document: "},{"kind":"range","marks":[{"kind":"mark","data":{},"type":"bold"}],"text":"workNet "},{"kind":"range","marks":[],"text":", "},{"kind":"range","marks":[{"kind":"mark","data":{},"type":"bold"}],"text":"socialNet "},{"kind":"range","marks":[],"text":", "},{"kind":"range","marks":[{"kind":"mark","data":{},"type":"bold"}],"text":"friendNet "},{"kind":"range","marks":[],"text":", "},{"kind":"range","marks":[{"kind":"mark","data":{},"type":"bold"}],"text":"computerNet "},{"kind":"range","marks":[],"text":", "},{"kind":"range","marks":[{"kind":"mark","data":{},"type":"bold"}],"text":"minimalNet "},{"kind":"range","marks":[],"text":", and"},{"kind":"range","marks":[{"kind":"mark","data":{},"type":"bold"}],"text":"investmentNet "},{"kind":"range","marks":[],"text":".  The tar-gzip file"},{"kind":"range","marks":[{"kind":"mark","data":{},"type":"bold"}],"text":" gsql_ref_examples_2.0.gz"},{"kind":"range","marks":[],"text":" contains all of these files. Each graph has its own folder. To create a particular graph, go in its folder and run the following command: \ngsql graph_create.gsql"}]}]},{"kind":"block","type":"file","key":"eabcd8a82f764d61b5622db473f3de10","isVoid":true,"data":{"assetID":"-LNix2SBbRguSccCK-F7","caption":" gsql_ref_examples_2.0.gz"},"nodes":[{"kind":"text","key":"9b2cf9631cc94c59b8181681cabab1ea","ranges":[{"kind":"range","marks":[],"text":""}]}]},{"kind":"block","type":"heading-1","key":"62f472da7e284d3cb47ab4162452dfee","isVoid":false,"data":{},"nodes":[{"kind":"text","key":"65aaf596acbb4fc2a10d31f3c513d51c","ranges":[{"kind":"range","marks":[{"kind":"mark","data":{},"type":"bold"}],"text":"workNet"}]}]},{"kind":"block","type":"code","key":"d01b5a8f42314e9fa786ca7609b31286","isVoid":false,"data":{},"nodes":[{"kind":"block","type":"code-tab","key":"b4a115fac59c46fe8e9261ed0bb1b82c","isVoid":false,"data":{"syntax":"sql","title":"graph_create.gsql for workNet"},"nodes":[{"kind":"block","type":"code-line","key":"bccbd1ebfe64481e885efded52572c8f","isVoid":false,"data":{},"nodes":[{"kind":"text","key":"b76251e6e73949e5bba4ff71742f9069","ranges":[{"kind":"range","marks":[],"text":"# Updated 5/1/18 for v2.0"}]}]},{"kind":"block","type":"code-line","key":"a2e949b9e9df45a9b7484c55403a80c2","isVoid":false,"data":{},"nodes":[{"kind":"text","key":"14161cdbd501450f895fd04fb0523823","ranges":[{"kind":"range","marks":[],"text":"DROP ALL"}]}]},{"kind":"block","type":"code-line","key":"86589d135a38419abbf423ccca3365ef","isVoid":false,"data":{},"nodes":[{"kind":"text","key":"40f380d75b044701a78db449d72094df","ranges":[{"kind":"range","marks":[],"text":"CREATE VERTEX person(PRIMARY_ID personId STRING, id STRING, locationId STRING, skillSet SET<INT>, skillList LIST<INT>, interestSet SET<STRING COMPRESS>, interestList LIST<STRING COMPRESS>)"}]}]},{"kind":"block","type":"code-line","key":"5a67c8aa65904a0cb3af3c3a7be368fe","isVoid":false,"data":{},"nodes":[{"kind":"text","key":"52036ab3584443808a0246949c2d9d63","ranges":[{"kind":"range","marks":[],"text":"CREATE VERTEX company(PRIMARY_ID clientId STRING, id STRING, country STRING)"}]}]},{"kind":"block","type":"code-line","key":"cad9538de15544ef894bf3fe85a7463f","isVoid":false,"data":{},"nodes":[{"kind":"text","key":"748387a2d0084362819003ea50868194","ranges":[{"kind":"range","marks":[],"text":"CREATE UNDIRECTED EDGE worksFor(FROM person, TO company, startYear INT, startMonth INT, fullTime BOOL)"}]}]},{"kind":"block","type":"code-line","key":"4b525a5722a54324a2685614da0ddcd9","isVoid":false,"data":{},"nodes":[{"kind":"text","key":"d3859f4c6f96478e8f1ae607cf9cd6a8","ranges":[{"kind":"range","marks":[],"text":"CREATE GRAPH workNet(*)"}]}]},{"kind":"block","type":"code-line","key":"03947be7949f4b05b9ed4b8d49ae4b22","isVoid":false,"data":{},"nodes":[{"kind":"text","key":"719efa6db4d54f4ca574f5e3de499abf","ranges":[{"kind":"range","marks":[],"text":""}]}]},{"kind":"block","type":"code-line","key":"1d25b698f9074679b973e8c738d57282","isVoid":false,"data":{},"nodes":[{"kind":"text","key":"77eb4dc9fdd240fb98485c374d0d9e2d","ranges":[{"kind":"range","marks":[],"text":"USE GRAPH workNet // v1.2"}]}]},{"kind":"block","type":"code-line","key":"efe9c4bbda3c4001826b87c9afe01ff4","isVoid":false,"data":{},"nodes":[{"kind":"text","key":"a5c49d9e4b124a02bdcedaf7da921ec3","ranges":[{"kind":"range","marks":[],"text":"CREATE LOADING JOB loadMember FOR GRAPH workNet {"}]}]},{"kind":"block","type":"code-line","key":"09bf3a8018f544fe850c5e1c04ebe0ab","isVoid":false,"data":{},"nodes":[{"kind":"text","key":"7160d9529eb4413698e0a259216df4de","ranges":[{"kind":"range","marks":[],"text":"  DEFINE FILENAME f;"}]}]},{"kind":"block","type":"code-line","key":"e17d40ced49a4d868bde0791bb2f485f","isVoid":false,"data":{},"nodes":[{"kind":"text","key":"91d6be48eb434052a25d58a5580d3608","ranges":[{"kind":"range","marks":[],"text":"  LOAD f"}]}]},{"kind":"block","type":"code-line","key":"afd7791ccbdd4b3fb43111ceaf7113fd","isVoid":false,"data":{},"nodes":[{"kind":"text","key":"737f4352e5e7457dba45533c167a749c","ranges":[{"kind":"range","marks":[],"text":"    TO VERTEX person VALUES($0, $0, $1, _, _, SPLIT($3,\"|\"), SPLIT($3,\"|\") ),"}]}]},{"kind":"block","type":"code-line","key":"3f1a771b196a4496b1e15dc95a3c99b0","isVoid":false,"data":{},"nodes":[{"kind":"text","key":"f0465c2d09a44a11aab88983505d322c","ranges":[{"kind":"range","marks":[],"text":"    TO TEMP_TABLE t2(id, skill) VALUES ($0, flatten($2,\"|\",1));"}]}]},{"kind":"block","type":"code-line","key":"f6748071dad541e3989b7f47e880bdf3","isVoid":false,"data":{},"nodes":[{"kind":"text","key":"1906bba0d12645dc8004bf0adefe5c39","ranges":[{"kind":"range","marks":[],"text":""}]}]},{"kind":"block","type":"code-line","key":"ec8c04b9cdb54f239cb13489280bad56","isVoid":false,"data":{},"nodes":[{"kind":"text","key":"5f75f04eb21d47a8af715b757afdbe75","ranges":[{"kind":"range","marks":[],"text":"  LOAD TEMP_TABLE t2"}]}]},{"kind":"block","type":"code-line","key":"946ad1840a6744b8a47d368737d3de9b","isVoid":false,"data":{},"nodes":[{"kind":"text","key":"5fec04ec5cc64ab09d99a46108c4dfe1","ranges":[{"kind":"range","marks":[],"text":"    TO VERTEX person VALUES($0, _, _, $\"skill\", $\"skill\", _, _);"}]}]},{"kind":"block","type":"code-line","key":"70953caa1b444c198e189668af2a6b61","isVoid":false,"data":{},"nodes":[{"kind":"text","key":"914dd79c258748e9b593fb54b79a6114","ranges":[{"kind":"range","marks":[],"text":"}"}]}]},{"kind":"block","type":"code-line","key":"0959a671036041d484b9e8e5634bea16","isVoid":false,"data":{},"nodes":[{"kind":"text","key":"0a5751b241f84099a244af89ef02e154","ranges":[{"kind":"range","marks":[],"text":""}]}]},{"kind":"block","type":"code-line","key":"32d76943c7614c318e0bc1900d74cc83","isVoid":false,"data":{},"nodes":[{"kind":"text","key":"f48e38fce3844041ab4a854561a35ec8","ranges":[{"kind":"range","marks":[],"text":"CREATE LOADING JOB loadCompany FOR GRAPH workNet {"}]}]},{"kind":"block","type":"code-line","key":"8ef9f2ccdcd14f6ab08b9b4aee29fe0e","isVoid":false,"data":{},"nodes":[{"kind":"text","key":"de99a7799feb4254a8979bf84c0ba324","ranges":[{"kind":"range","marks":[],"text":"  DEFINE FILENAME f;"}]}]},{"kind":"block","type":"code-line","key":"b310f25a2078457fbee5585bb0f5ca5b","isVoid":false,"data":{},"nodes":[{"kind":"text","key":"f986c98926e748109e22db3fb10696f8","ranges":[{"kind":"range","marks":[],"text":"  LOAD f TO VERTEX company VALUES($0, $0, $1);"}]}]},{"kind":"block","type":"code-line","key":"aee9f67cca274fcc8d9f668999920ceb","isVoid":false,"data":{},"nodes":[{"kind":"text","key":"b8dfb7f16e7c4c42ba7331ce85f9f9a2","ranges":[{"kind":"range","marks":[],"text":"}"}]}]},{"kind":"block","type":"code-line","key":"7b86cedb1cf047fca0ecf7bbf93e5f82","isVoid":false,"data":{},"nodes":[{"kind":"text","key":"0f33fdceeab54d588c217b06f30b9d81","ranges":[{"kind":"range","marks":[],"text":""}]}]},{"kind":"block","type":"code-line","key":"41dc67d725fc46b1bb91ebc662c8965c","isVoid":false,"data":{},"nodes":[{"kind":"text","key":"f7fb3392e365453390bdd8f96d215873","ranges":[{"kind":"range","marks":[],"text":"CREATE LOADING JOB loadMemberCompany FOR GRAPH workNet {"}]}]},{"kind":"block","type":"code-line","key":"02973a0187bb40eb9250b9153dd16e21","isVoid":false,"data":{},"nodes":[{"kind":"text","key":"7756132b3e7240bba1bdc9580b9eae0b","ranges":[{"kind":"range","marks":[],"text":"  DEFINE FILENAME f;"}]}]},{"kind":"block","type":"code-line","key":"1a62547695d34c84a3de4b3b5e88f6cb","isVoid":false,"data":{},"nodes":[{"kind":"text","key":"a433e943643f47899a6d5d7cee3d9286","ranges":[{"kind":"range","marks":[],"text":"  LOAD f TO EDGE worksFor VALUES($0, $1, $2, $3, $4);"}]}]},{"kind":"block","type":"code-line","key":"9316006ae15d4d46b50c77e36d5effaa","isVoid":false,"data":{},"nodes":[{"kind":"text","key":"4cffa168f5b94d7bb443b3a8e2d684e5","ranges":[{"kind":"range","marks":[],"text":"}"}]}]},{"kind":"block","type":"code-line","key":"35b3f022c6034f8f8d0a6eeded580782","isVoid":false,"data":{},"nodes":[{"kind":"text","key":"721c49425a634b49a4472b81f074295f","ranges":[{"kind":"range","marks":[],"text":""}]}]},{"kind":"block","type":"code-line","key":"4b4794d9af464f2290dfc23562c3f867","isVoid":false,"data":{},"nodes":[{"kind":"text","key":"4c6d1194f2cb4b16b70b503acabddbd0","ranges":[{"kind":"range","marks":[],"text":"RUN LOADING JOB loadMember USING f=\"./persons\""}]}]},{"kind":"block","type":"code-line","key":"2821020298924daab9e5431c907d1731","isVoid":false,"data":{},"nodes":[{"kind":"text","key":"201de23990274fa2990ce6a91ac43c05","ranges":[{"kind":"range","marks":[],"text":"RUN LOADING JOB loadCompany USING f=\"./companies\""}]}]},{"kind":"block","type":"code-line","key":"e4c0bfe9e9934eb59f92fa497b97bf50","isVoid":false,"data":{},"nodes":[{"kind":"text","key":"c299e94a303b496dacad6d2b4e1e9989","ranges":[{"kind":"range","marks":[],"text":"RUN LOADING JOB loadMemberCompany USING f=\"./person_company\""}]}]}]}]},{"kind":"block","type":"code","key":"317805278d8541adb5e48ec887bc9ca3","isVoid":false,"data":{},"nodes":[{"kind":"block","type":"code-tab","key":"e230e9ac0e694516aa9e9e47c1d38299","isVoid":false,"data":{"syntax":"sql","title":"file: persons (vertices)"},"nodes":[{"kind":"block","type":"code-line","key":"cfe6e11cf407471ca28688141c3f24af","isVoid":false,"data":{},"nodes":[{"kind":"text","key":"d71f5802f44f4f94ab37dd3b125ea0ed","ranges":[{"kind":"range","marks":[],"text":"person1,us,1|2|3,management|financial"}]}]},{"kind":"block","type":"code-line","key":"5653a723c4324c5aa4aeec265677a5ac","isVoid":false,"data":{},"nodes":[{"kind":"text","key":"bf9c6f379d324461a69713d08836411d","ranges":[{"kind":"range","marks":[],"text":"person2,chn,2|3|5|6,engineering"}]}]},{"kind":"block","type":"code-line","key":"b8b88a6f74e44aec88dbe50e0390739a","isVoid":false,"data":{},"nodes":[{"kind":"text","key":"40720e33c9e1430cb04606072aad6160","ranges":[{"kind":"range","marks":[],"text":"person3,jp,4|1|6,teaching"}]}]},{"kind":"block","type":"code-line","key":"9b4acdb41d62422fb78417aff9c70d87","isVoid":false,"data":{},"nodes":[{"kind":"text","key":"584f86feb46b4f7cab76b1c28b8ba39c","ranges":[{"kind":"range","marks":[],"text":"person4,us,4|1|10,football"}]}]},{"kind":"block","type":"code-line","key":"34668030da974f4ca9f95636457fbbc3","isVoid":false,"data":{},"nodes":[{"kind":"text","key":"5aa97888d25a4dd28f43553242fe8209","ranges":[{"kind":"range","marks":[],"text":"person5,can,|8|2|5,sport|financial|engineering"}]}]},{"kind":"block","type":"code-line","key":"1ca91939371d4962b675128ba87c7853","isVoid":false,"data":{},"nodes":[{"kind":"text","key":"f68b8714a52449f3886d8eebc2c3e3a0","ranges":[{"kind":"range","marks":[],"text":"person6,jp,7|10,music|art"}]}]},{"kind":"block","type":"code-line","key":"457e7cc01b204892b6d05d997306f611","isVoid":false,"data":{},"nodes":[{"kind":"text","key":"3ed750424dd84b158298467a87143d62","ranges":[{"kind":"range","marks":[],"text":"person7,us,8|6,art|sport"}]}]},{"kind":"block","type":"code-line","key":"df2c42784d7c411f910936e9bdd1b3d5","isVoid":false,"data":{},"nodes":[{"kind":"text","key":"043706305cc84cd5bff19792100920fd","ranges":[{"kind":"range","marks":[],"text":"person8,chn,1|5|2,management"}]}]},{"kind":"block","type":"code-line","key":"32d2dfe8c4e04d4eb72ad6bad20471df","isVoid":false,"data":{},"nodes":[{"kind":"text","key":"e0f0611880d04807b784194e5e016f9d","ranges":[{"kind":"range","marks":[],"text":"person9,us,4|7|2,financial|teaching"}]}]},{"kind":"block","type":"code-line","key":"582a5bcd350b45f0b1ae32e078e09f17","isVoid":false,"data":{},"nodes":[{"kind":"text","key":"18e6efe4f6a343f2a297501422277e37","ranges":[{"kind":"range","marks":[],"text":"person10,us,3,football|sport"}]}]},{"kind":"block","type":"code-line","key":"bab99e2e31734bb7bba0960dcff06068","isVoid":false,"data":{},"nodes":[{"kind":"text","key":"ac48b94cf15748729a3e24ee79337fac","ranges":[{"kind":"range","marks":[],"text":"person11,can,10,sport|football"}]}]},{"kind":"block","type":"code-line","key":"93cc2b398ac44616b415fa3d46a55fcf","isVoid":false,"data":{},"nodes":[{"kind":"text","key":"0c8f9612f70445fe8f1d277c05004870","ranges":[{"kind":"range","marks":[],"text":"person12,jp,1|5|2|2|2,music|engineering|teaching|teaching|teaching"}]}]}]}]},{"kind":"block","type":"code","key":"506e2fd3121d410d87ca4f8b4c01d4fb","isVoid":false,"data":{},"nodes":[{"kind":"block","type":"code-tab","key":"a47675c660e54cb0ad4b27154d6ddf9b","isVoid":false,"data":{"syntax":"sql","title":"file: company (vertices)"},"nodes":[{"kind":"block","type":"code-line","key":"f62e5cf14b3945339be453806ba83aa5","isVoid":false,"data":{},"nodes":[{"kind":"text","key":"43f837635dc242be9b020c5784730418","ranges":[{"kind":"range","marks":[],"text":"company1,us"}]}]},{"kind":"block","type":"code-line","key":"9145ddbb7d994a53b24d50f333cae64a","isVoid":false,"data":{},"nodes":[{"kind":"text","key":"02f910857eab4a48ad21c5d28b8e70d1","ranges":[{"kind":"range","marks":[],"text":"company2,chn"}]}]},{"kind":"block","type":"code-line","key":"277702a782b641788b244ad54af0c32d","isVoid":false,"data":{},"nodes":[{"kind":"text","key":"7c8b0d055f7341ceabbcaf9af4c9dd4d","ranges":[{"kind":"range","marks":[],"text":"company3,jp"}]}]},{"kind":"block","type":"code-line","key":"81525957e21148d08733daf9ad025513","isVoid":false,"data":{},"nodes":[{"kind":"text","key":"136dd3d5e5334f9b8c6134c9e50f0a31","ranges":[{"kind":"range","marks":[],"text":"company4,us"}]}]},{"kind":"block","type":"code-line","key":"72b204cc73fb43f1bbd2d90be6634240","isVoid":false,"data":{},"nodes":[{"kind":"text","key":"d9a55655578946bcaf6c86eb0871b7f3","ranges":[{"kind":"range","marks":[],"text":"company5,can"}]}]}]}]},{"kind":"block","type":"code","key":"7896f2ad30a843c1a4efca2279de6558","isVoid":false,"data":{},"nodes":[{"kind":"block","type":"code-tab","key":"3805a9be08db460eb054bb662b6cbd55","isVoid":false,"data":{"syntax":"sql","title":"file: person_company (edges)"},"nodes":[{"kind":"block","type":"code-line","key":"2f67de84348742c499cc3b392db374c2","isVoid":false,"data":{},"nodes":[{"kind":"text","key":"ffa32580106d432a9d4f6199443665d2","ranges":[{"kind":"range","marks":[],"text":"person1,company1,2016,1,1"}]}]},{"kind":"block","type":"code-line","key":"6e09890225394a4d95a194aec6fafee5","isVoid":false,"data":{},"nodes":[{"kind":"text","key":"60abd22990884fab96bc44a6d40c579f","ranges":[{"kind":"range","marks":[],"text":"person1,company2,2014,3,0"}]}]},{"kind":"block","type":"code-line","key":"6209b67028f94b0fb7df02228a9b3518","isVoid":false,"data":{},"nodes":[{"kind":"text","key":"ef18a8673d8d4fae8c01584513bf0f23","ranges":[{"kind":"range","marks":[],"text":"person2,company1,2015,7,1"}]}]},{"kind":"block","type":"code-line","key":"373a1a33015f4a559272ea19069f6ce7","isVoid":false,"data":{},"nodes":[{"kind":"text","key":"395d5b2b9a534441b61cb94de58126ab","ranges":[{"kind":"range","marks":[],"text":"person2,company2,2012,6,0"}]}]},{"kind":"block","type":"code-line","key":"a5136848d7c84b6eb7b05a91e2ba6e7a","isVoid":false,"data":{},"nodes":[{"kind":"text","key":"8cf5df6700c742aa8905771e9ba93e5a","ranges":[{"kind":"range","marks":[],"text":"person3,company1,2016,6,1"}]}]},{"kind":"block","type":"code-line","key":"731aac50d8474404ae4087d8e4f0450d","isVoid":false,"data":{},"nodes":[{"kind":"text","key":"760904b5efde41ecb8938d8056db55d3","ranges":[{"kind":"range","marks":[],"text":"person4,company2,2013,2,1"}]}]},{"kind":"block","type":"code-line","key":"2a6db14c8a39416982b2ca8b60165fe4","isVoid":false,"data":{},"nodes":[{"kind":"text","key":"b255ec152a1a4f3ea087133d91376544","ranges":[{"kind":"range","marks":[],"text":"person5,company2,2016,4,0"}]}]},{"kind":"block","type":"code-line","key":"613aa1612cff46f99a7f45e2e4108560","isVoid":false,"data":{},"nodes":[{"kind":"text","key":"52e50207cf824137a9259f84e052ab1c","ranges":[{"kind":"range","marks":[],"text":"person6,company1,2015,1,1"}]}]},{"kind":"block","type":"code-line","key":"8bb3f7027cca4383bac1165fb3173c8b","isVoid":false,"data":{},"nodes":[{"kind":"text","key":"05ad93acebb845e4afb5c992808f3040","ranges":[{"kind":"range","marks":[],"text":"person7,company2,2016,3,0"}]}]},{"kind":"block","type":"code-line","key":"e1cbc7e90e7e4aabbf8e68575bddca37","isVoid":false,"data":{},"nodes":[{"kind":"text","key":"87fba6785b604762a842ea76e6882ee0","ranges":[{"kind":"range","marks":[],"text":"person7,company3,2014,1,0"}]}]},{"kind":"block","type":"code-line","key":"8ee4e461616944df89a93fb97ba8a6bc","isVoid":false,"data":{},"nodes":[{"kind":"text","key":"6d5a5b8a9d7e498bb5ba4cb608d71836","ranges":[{"kind":"range","marks":[],"text":"person8,company1,2013,2,1"}]}]},{"kind":"block","type":"code-line","key":"e579dbc502be4c0f826c693ba2abd386","isVoid":false,"data":{},"nodes":[{"kind":"text","key":"8464d328cdcb4c51b850b9d3af21551a","ranges":[{"kind":"range","marks":[],"text":"person9,company2,2015,12,1"}]}]},{"kind":"block","type":"code-line","key":"32bfb2b4ba3c4e058b9cb6d636a95eec","isVoid":false,"data":{},"nodes":[{"kind":"text","key":"7c7f7cfd39b4458fbe13b80e6a30b7ee","ranges":[{"kind":"range","marks":[],"text":"person9,company3,2016,11,1"}]}]},{"kind":"block","type":"code-line","key":"72cc045e1c5b49498713e4440730b2b5","isVoid":false,"data":{},"nodes":[{"kind":"text","key":"94810d3150874feeab000b2b3a4efbab","ranges":[{"kind":"range","marks":[],"text":"person10,company1,2016,2,1"}]}]},{"kind":"block","type":"code-line","key":"b8357da9168348abbf07f00681d27f31","isVoid":false,"data":{},"nodes":[{"kind":"text","key":"a252186e7f5f4151966d14c25b06cf9b","ranges":[{"kind":"range","marks":[],"text":"person10,company3,2014,5,0"}]}]},{"kind":"block","type":"code-line","key":"bc517f6c8ed9471388797047dc495b63","isVoid":false,"data":{},"nodes":[{"kind":"text","key":"cfa7f5046aef408eaf4cae09ed63aadf","ranges":[{"kind":"range","marks":[],"text":"person11,company5,2016,5,1"}]}]},{"kind":"block","type":"code-line","key":"5cc12277a94e403787c80c2c8d0a67d1","isVoid":false,"data":{},"nodes":[{"kind":"text","key":"0377e0557df2423fb3008c31fbad6d5b","ranges":[{"kind":"range","marks":[],"text":"person12,company4,2014,1,1"}]}]}]}]},{"kind":"block","type":"heading-1","key":"e45754aff86a41f89e134308ba6a31fb","isVoid":false,"data":{},"nodes":[{"kind":"text","key":"a713cca2884e403ca2df4889f3733f09","ranges":[{"kind":"range","marks":[{"kind":"mark","data":{},"type":"bold"}],"text":"socialNet"}]}]},{"kind":"block","type":"code","key":"43639a6211084892879584d880cf89ab","isVoid":false,"data":{},"nodes":[{"kind":"block","type":"code-tab","key":"6e6464fcf9a341aeb9ad2a6ff2130383","isVoid":false,"data":{"syntax":"sql","title":"graph_create.gsql for socialNet"},"nodes":[{"kind":"block","type":"code-line","key":"b6cc2618dcc64d318f9058d660f02bcc","isVoid":false,"data":{},"nodes":[{"kind":"text","key":"f585472dfaf646f2af037bd508c5b0d5","ranges":[{"kind":"range","marks":[],"text":"# Updated 5/1/18 for v2.0"}]}]},{"kind":"block","type":"code-line","key":"9b516f646a3c42c49d9fdd88d533023b","isVoid":false,"data":{},"nodes":[{"kind":"text","key":"9e596615d8b0410ebe5d935005a6e78a","ranges":[{"kind":"range","marks":[],"text":"DROP ALL"}]}]},{"kind":"block","type":"code-line","key":"254a654cc0464509a7dd4845ab631fe6","isVoid":false,"data":{},"nodes":[{"kind":"text","key":"c69f5f685b5f46cfbe7bc8e940f6557a","ranges":[{"kind":"range","marks":[],"text":"CREATE VERTEX person(PRIMARY_ID personId UINT, id STRING, gender STRING) WITH STATS=\"OUTDEGREE_BY_EDGETYPE\""}]}]},{"kind":"block","type":"code-line","key":"70e211c491284cdabf0940208b3c2f47","isVoid":false,"data":{},"nodes":[{"kind":"text","key":"3111c4e83edb4efebd9593a2288a14de","ranges":[{"kind":"range","marks":[],"text":"CREATE UNDIRECTED EDGE friend(FROM person, TO person)"}]}]},{"kind":"block","type":"code-line","key":"b732cd1eeb2d4bb3aef8b3b57f58d247","isVoid":false,"data":{},"nodes":[{"kind":"text","key":"b8a9300d05734a93aed8dd5c1eb12cdc","ranges":[{"kind":"range","marks":[],"text":"CREATE VERTEX post(PRIMARY_ID postId UINT, subject STRING, postTime DATETIME)"}]}]},{"kind":"block","type":"code-line","key":"8d095f5c944541b3af4dc174747e8458","isVoid":false,"data":{},"nodes":[{"kind":"text","key":"cf5f165019474d38934434d1c4e9e492","ranges":[{"kind":"range","marks":[],"text":"CREATE DIRECTED EDGE posted(FROM person, TO post)"}]}]},{"kind":"block","type":"code-line","key":"c9c4fede32a8492b9a0e5a30f5f316c7","isVoid":false,"data":{},"nodes":[{"kind":"text","key":"a5ce23fde2d44195bd71bc07f989db30","ranges":[{"kind":"range","marks":[],"text":"CREATE DIRECTED EDGE liked(FROM person, TO post, actionTime DATETIME)"}]}]},{"kind":"block","type":"code-line","key":"36831a25af8d40ca9b91e342a14fac0b","isVoid":false,"data":{},"nodes":[{"kind":"text","key":"f2c2f2bd4abd4656b4c989cd1bf1da2b","ranges":[{"kind":"range","marks":[],"text":"CREATE GRAPH socialNet(*)"}]}]},{"kind":"block","type":"code-line","key":"0864ced88e53427099874bde1d1cbd71","isVoid":false,"data":{},"nodes":[{"kind":"text","key":"13fbb9f779154da68b6a82d757c6d90c","ranges":[{"kind":"range","marks":[],"text":""}]}]},{"kind":"block","type":"code-line","key":"0798aa85bd8147f0ae506067d2046711","isVoid":false,"data":{},"nodes":[{"kind":"text","key":"75b40bbae09a44c6bbb44119fbbfb33c","ranges":[{"kind":"range","marks":[],"text":"USE GRAPH socialNet // v1.2"}]}]},{"kind":"block","type":"code-line","key":"5b6d3b4b0d904cd392c765cab43b9c44","isVoid":false,"data":{},"nodes":[{"kind":"text","key":"e73cc044340149cb8fdec53628620f2b","ranges":[{"kind":"range","marks":[],"text":"CREATE LOADING JOB loadMember FOR GRAPH socialNet {"}]}]},{"kind":"block","type":"code-line","key":"335a26b846e24abbb59e640091fe969b","isVoid":false,"data":{},"nodes":[{"kind":"text","key":"f93bd8d9dbbc4787ac106a9c457d7db5","ranges":[{"kind":"range","marks":[],"text":"  DEFINE FILENAME f;"}]}]},{"kind":"block","type":"code-line","key":"bcaf36d502294b1db716f557319caf07","isVoid":false,"data":{},"nodes":[{"kind":"text","key":"9800ff3852a1452884ca6f4128fe16b4","ranges":[{"kind":"range","marks":[],"text":"  LOAD f TO VERTEX person VALUES($0, $0, $1) ;"}]}]},{"kind":"block","type":"code-line","key":"564e16a3e35c46ca8c12acdcffdbdda0","isVoid":false,"data":{},"nodes":[{"kind":"text","key":"0c12eec0c4d545ffa0681786e22e47a4","ranges":[{"kind":"range","marks":[],"text":"}"}]}]},{"kind":"block","type":"code-line","key":"61eac07e94684403b34fd5c8b4305256","isVoid":false,"data":{},"nodes":[{"kind":"text","key":"613b6353c51549febe56b766d0ff7bd0","ranges":[{"kind":"range","marks":[],"text":""}]}]},{"kind":"block","type":"code-line","key":"0f92cbfa27d74252a80169ba679dccb4","isVoid":false,"data":{},"nodes":[{"kind":"text","key":"1dda8720c3b3475aaf9d056d00e357a2","ranges":[{"kind":"range","marks":[],"text":"CREATE LOADING JOB loadFriend FOR GRAPH socialNet {"}]}]},{"kind":"block","type":"code-line","key":"ce5d106cdd464c0ba490c4e89e0b2513","isVoid":false,"data":{},"nodes":[{"kind":"text","key":"2a2a4ee8059944b58e39e060f275e1c8","ranges":[{"kind":"range","marks":[],"text":"  DEFINE FILENAME f;"}]}]},{"kind":"block","type":"code-line","key":"f97a7387da414491a823ccfb72e86173","isVoid":false,"data":{},"nodes":[{"kind":"text","key":"2d2b8107d4d44f07b892f9e6833fa50b","ranges":[{"kind":"range","marks":[],"text":"  LOAD f TO EDGE friend VALUES($0, $1) ;"}]}]},{"kind":"block","type":"code-line","key":"f4913e7912d94251b9666e7461150f69","isVoid":false,"data":{},"nodes":[{"kind":"text","key":"6127d8da13c84a579d9470c778fd573d","ranges":[{"kind":"range","marks":[],"text":"}"}]}]},{"kind":"block","type":"code-line","key":"514fed8be65f4e1db05f8c898bd94515","isVoid":false,"data":{},"nodes":[{"kind":"text","key":"e746c295c4ef45e39b59c4c15ba83252","ranges":[{"kind":"range","marks":[],"text":""}]}]},{"kind":"block","type":"code-line","key":"22c935f78a7a483a8c05760185980e55","isVoid":false,"data":{},"nodes":[{"kind":"text","key":"d4f2d1cb4a1d4f11b730fc6b892a8909","ranges":[{"kind":"range","marks":[],"text":"CREATE LOADING JOB loadPost FOR GRAPH socialNet {"}]}]},{"kind":"block","type":"code-line","key":"0de31793928a43bdaff0a8de2ce1dc50","isVoid":false,"data":{},"nodes":[{"kind":"text","key":"6126752eb17249938d44a5b8b299b12f","ranges":[{"kind":"range","marks":[],"text":"  DEFINE FILENAME f;"}]}]},{"kind":"block","type":"code-line","key":"02d649c07b2646888de101eef0754305","isVoid":false,"data":{},"nodes":[{"kind":"text","key":"7b159796bdb245a0b4c3b4bb01cf1582","ranges":[{"kind":"range","marks":[],"text":"  LOAD f TO VERTEX post VALUES($0, $1, $2);"}]}]},{"kind":"block","type":"code-line","key":"d1a2b67bd6a94e5ca55b0dc08f5854a3","isVoid":false,"data":{},"nodes":[{"kind":"text","key":"72d701f30a2b4e44be218c5ca85704b6","ranges":[{"kind":"range","marks":[],"text":"}"}]}]},{"kind":"block","type":"code-line","key":"573ce8a3265c4a5e99a3ba18c6031fa8","isVoid":false,"data":{},"nodes":[{"kind":"text","key":"ee247ea87a8f4a289eafeaa56e136ddb","ranges":[{"kind":"range","marks":[],"text":""}]}]},{"kind":"block","type":"code-line","key":"a0cc8e0399364b6e98182f270711fdd4","isVoid":false,"data":{},"nodes":[{"kind":"text","key":"d261dc3123454b4d970324a689f57ace","ranges":[{"kind":"range","marks":[],"text":"CREATE LOADING JOB loadPosted FOR GRAPH socialNet {"}]}]},{"kind":"block","type":"code-line","key":"50161fdcf713496a9e7d3b12011d468d","isVoid":false,"data":{},"nodes":[{"kind":"text","key":"51aa47b321b44f34b0f63147934efec6","ranges":[{"kind":"range","marks":[],"text":"  DEFINE FILENAME f;"}]}]},{"kind":"block","type":"code-line","key":"8819363243dd476696e356ff56afdb9b","isVoid":false,"data":{},"nodes":[{"kind":"text","key":"461e023b8d184123b4fec21ed563bfc1","ranges":[{"kind":"range","marks":[],"text":"  LOAD f TO EDGE posted VALUES($0, $1) ;"}]}]},{"kind":"block","type":"code-line","key":"cea5811572e04e88b9c25e951438a649","isVoid":false,"data":{},"nodes":[{"kind":"text","key":"5b8c5ad6b8714e91b697cc49f7490de8","ranges":[{"kind":"range","marks":[],"text":"}"}]}]},{"kind":"block","type":"code-line","key":"29756bd3d3ae473491cac2ad085f4db1","isVoid":false,"data":{},"nodes":[{"kind":"text","key":"6cc5d966590747179bd0df67c1b40554","ranges":[{"kind":"range","marks":[],"text":""}]}]},{"kind":"block","type":"code-line","key":"a49aa99f873c477e8d84e1ad22f79fdf","isVoid":false,"data":{},"nodes":[{"kind":"text","key":"b608d2370199471a9533ef37cb26cb66","ranges":[{"kind":"range","marks":[],"text":"CREATE LOADING JOB loadLiked FOR GRAPH socialNet {"}]}]},{"kind":"block","type":"code-line","key":"24b6a10389ed42b4a273e276895c20ef","isVoid":false,"data":{},"nodes":[{"kind":"text","key":"0a01bfcc21e7442e91ae7e702322cc43","ranges":[{"kind":"range","marks":[],"text":"  DEFINE FILENAME f;"}]}]},{"kind":"block","type":"code-line","key":"73f5de5968ed417a88fb5f7736c66ae7","isVoid":false,"data":{},"nodes":[{"kind":"text","key":"71c04cae65ee4329b019b352dcde87e3","ranges":[{"kind":"range","marks":[],"text":"  LOAD f TO EDGE liked VALUES($0, $1, $2) ;"}]}]},{"kind":"block","type":"code-line","key":"ba812cdabdab49f5b1e1dabefdc2a860","isVoid":false,"data":{},"nodes":[{"kind":"text","key":"9cf1a5705d9b41d28d568412b08c32af","ranges":[{"kind":"range","marks":[],"text":"}"}]}]},{"kind":"block","type":"code-line","key":"5513076c803845229347e563cb7a90a0","isVoid":false,"data":{},"nodes":[{"kind":"text","key":"bf45c2453d424aab8af0844a6b7b764f","ranges":[{"kind":"range","marks":[],"text":""}]}]},{"kind":"block","type":"code-line","key":"640abe01644641b0aa3d8ece7c20e2bc","isVoid":false,"data":{},"nodes":[{"kind":"text","key":"4af945e752474f729971a79033547540","ranges":[{"kind":"range","marks":[],"text":"RUN LOADING JOB loadMember USING f=\"./persons\""}]}]},{"kind":"block","type":"code-line","key":"2bac6db1cdd2481f80dd22cab3059d23","isVoid":false,"data":{},"nodes":[{"kind":"text","key":"dc7a84de680149b4916ab8a79f334895","ranges":[{"kind":"range","marks":[],"text":"RUN LOADING JOB loadFriend USING f=\"./friends\""}]}]},{"kind":"block","type":"code-line","key":"8579d395251a4eaea96ce721d6043217","isVoid":false,"data":{},"nodes":[{"kind":"text","key":"a16414d74c824ccdbacf40347b58bcd0","ranges":[{"kind":"range","marks":[],"text":"RUN LOADING JOB loadPost USING f=\"./posts\""}]}]},{"kind":"block","type":"code-line","key":"10770bde2433488fac6e00e45fb25d91","isVoid":false,"data":{},"nodes":[{"kind":"text","key":"cc08c01a746845258a82c25fb9f2a6fe","ranges":[{"kind":"range","marks":[],"text":"RUN LOADING JOB loadPosted USING f=\"./posted\""}]}]},{"kind":"block","type":"code-line","key":"d3e21b6657f64f989c3457a5c92aa557","isVoid":false,"data":{},"nodes":[{"kind":"text","key":"e31f22466e6c40639b0087504f939b24","ranges":[{"kind":"range","marks":[],"text":"RUN LOADING JOB loadLiked USING f=\"./liked\""}]}]}]}]},{"kind":"block","type":"code","key":"710071c1d1d24e55be364b36e1252adb","isVoid":false,"data":{},"nodes":[{"kind":"block","type":"code-tab","key":"566b79afd463483ca4308f00dddae5b3","isVoid":false,"data":{"syntax":"sql","title":"file: persons (vertices)"},"nodes":[{"kind":"block","type":"code-line","key":"ef0a884d67894b588888852df2c19c96","isVoid":false,"data":{},"nodes":[{"kind":"text","key":"0a23f5b0ec9a4485b4dd23abf30ebcee","ranges":[{"kind":"range","marks":[],"text":"person1,Male"}]}]},{"kind":"block","type":"code-line","key":"7537c0fe6a5346269bd8c343e996f0b0","isVoid":false,"data":{},"nodes":[{"kind":"text","key":"0fb3878eda4f479288af376bb0f781b7","ranges":[{"kind":"range","marks":[],"text":"person2,Female"}]}]},{"kind":"block","type":"code-line","key":"45c10e192e9d413699d53866bf6bf2b0","isVoid":false,"data":{},"nodes":[{"kind":"text","key":"283b7c31749b485e9b39fec7ce45d112","ranges":[{"kind":"range","marks":[],"text":"person3,Male"}]}]},{"kind":"block","type":"code-line","key":"a3ad826efab24feb85a144c979c2a019","isVoid":false,"data":{},"nodes":[{"kind":"text","key":"4b183af44eb7407d91e05af2cb87cfd9","ranges":[{"kind":"range","marks":[],"text":"person4,Female"}]}]},{"kind":"block","type":"code-line","key":"1b5580155e3a4e409f03fd7614236d59","isVoid":false,"data":{},"nodes":[{"kind":"text","key":"7b29f55f89724b478925f294d75bf9fb","ranges":[{"kind":"range","marks":[],"text":"person5,Female"}]}]},{"kind":"block","type":"code-line","key":"d07806d173fd40f48ac85139590b58c8","isVoid":false,"data":{},"nodes":[{"kind":"text","key":"9632c5ba747f47b5b5ab61c01127f172","ranges":[{"kind":"range","marks":[],"text":"person6,Male"}]}]},{"kind":"block","type":"code-line","key":"ae64249eba6e4531a8e85f85fd36819d","isVoid":false,"data":{},"nodes":[{"kind":"text","key":"223d08cbf14948b8a4eb6a3df9a9badd","ranges":[{"kind":"range","marks":[],"text":"person7,Male"}]}]},{"kind":"block","type":"code-line","key":"4595df950bd748e693f94973c65ec2b1","isVoid":false,"data":{},"nodes":[{"kind":"text","key":"a20232940ae841cbb8f8cf458ae9e2a5","ranges":[{"kind":"range","marks":[],"text":"person8,Male"}]}]}]}]},{"kind":"block","type":"code","key":"338e3185b399476d96ebb3a4fb6c2c08","isVoid":false,"data":{},"nodes":[{"kind":"block","type":"code-tab","key":"796bbaa1946b4493a264a83834914f88","isVoid":false,"data":{"syntax":"sql","title":"file: friends (edges)"},"nodes":[{"kind":"block","type":"code-line","key":"b56ad56f9b9c4612aba3ac5033548df3","isVoid":false,"data":{},"nodes":[{"kind":"text","key":"33195f78ff4742d1bb5ea8212c59b73b","ranges":[{"kind":"range","marks":[],"text":"person1,person2"}]}]},{"kind":"block","type":"code-line","key":"fcdd4e2c1f1d497a835f6c0e64db4c96","isVoid":false,"data":{},"nodes":[{"kind":"text","key":"b72c0b8e90ef4a929783ffe5d2cb1784","ranges":[{"kind":"range","marks":[],"text":"person2,person3"}]}]},{"kind":"block","type":"code-line","key":"2a702c8f476d4b799fe1facbd1c910f7","isVoid":false,"data":{},"nodes":[{"kind":"text","key":"f2087412eb0b43ddb5246f64b9e360a2","ranges":[{"kind":"range","marks":[],"text":"person3,person4"}]}]},{"kind":"block","type":"code-line","key":"7e446c05ec70405ca699297f4654c052","isVoid":false,"data":{},"nodes":[{"kind":"text","key":"1c44195ea5d64b2c8ab67b4eba90b572","ranges":[{"kind":"range","marks":[],"text":"person4,person5"}]}]},{"kind":"block","type":"code-line","key":"91b6568e92c1479f8b6826895eb53da6","isVoid":false,"data":{},"nodes":[{"kind":"text","key":"b09dbae1a6c54bc0b9948e6de167d13a","ranges":[{"kind":"range","marks":[],"text":"person4,person6"}]}]},{"kind":"block","type":"code-line","key":"0c47a63da1aa42e69c036e895fb18929","isVoid":false,"data":{},"nodes":[{"kind":"text","key":"95f1742df8f1470cbbbe580ed1322127","ranges":[{"kind":"range","marks":[],"text":"person5,person7"}]}]},{"kind":"block","type":"code-line","key":"380893f9d3db4314adb28491a2983d56","isVoid":false,"data":{},"nodes":[{"kind":"text","key":"75e7b757c07949eca1a7444d4ea7d024","ranges":[{"kind":"range","marks":[],"text":"person6,person8"}]}]},{"kind":"block","type":"code-line","key":"e1d0ec52361b4adc8667e5e503cc3cd4","isVoid":false,"data":{},"nodes":[{"kind":"text","key":"3ae37959a3a74c4797efc3c643c04be7","ranges":[{"kind":"range","marks":[],"text":"person7,person8"}]}]},{"kind":"block","type":"code-line","key":"78284c4cb7e14b3da6933d5b42725f82","isVoid":false,"data":{},"nodes":[{"kind":"text","key":"e5a7250d0f42488bbad109e2282643a2","ranges":[{"kind":"range","marks":[],"text":"person8,person1"}]}]}]}]},{"kind":"block","type":"code","key":"1c90007b991348438f56bb63d4d6eea3","isVoid":false,"data":{},"nodes":[{"kind":"block","type":"code-tab","key":"2667975053c8479db045168a6503ee94","isVoid":false,"data":{"syntax":"sql","title":"file: posts (vertices)"},"nodes":[{"kind":"block","type":"code-line","key":"aec435272897470b8143879fdc9c6d2c","isVoid":false,"data":{},"nodes":[{"kind":"text","key":"c4570fcce8c347ddbec3a830dcccf99a","ranges":[{"kind":"range","marks":[],"text":"0,Graphs,2010-01-12 11:22:05"}]}]},{"kind":"block","type":"code-line","key":"828084688f6e4487ac315fe243bc937d","isVoid":false,"data":{},"nodes":[{"kind":"text","key":"0183b2bec12546ccb2b4171ed5c0d653","ranges":[{"kind":"range","marks":[],"text":"1,tigergraph,2011-03-03 23:02:00"}]}]},{"kind":"block","type":"code-line","key":"0386e01c9a6a4c599d2948b8668a75f1","isVoid":false,"data":{},"nodes":[{"kind":"text","key":"478226e5d74148c8bbdd8d7fdfc56e40","ranges":[{"kind":"range","marks":[],"text":"2,query languages,2011-02-03 01:02:42"}]}]},{"kind":"block","type":"code-line","key":"70f95f62ff944567a41f9de45395521b","isVoid":false,"data":{},"nodes":[{"kind":"text","key":"dec4d793a46c483ca7a0ed335363d6db","ranges":[{"kind":"range","marks":[],"text":"3,cats,2011-02-05 01:02:44"}]}]},{"kind":"block","type":"code-line","key":"c5005f73a6854ec9885c34add7dbebca","isVoid":false,"data":{},"nodes":[{"kind":"text","key":"24934b6c032b4bb08c4a17075d6ea35b","ranges":[{"kind":"range","marks":[],"text":"4,coffee,2011-02-07 05:02:51"}]}]},{"kind":"block","type":"code-line","key":"313a3cc2f99a45faa16c3def9a81072a","isVoid":false,"data":{},"nodes":[{"kind":"text","key":"5f600832c4e34395b6eb73c3c85816fc","ranges":[{"kind":"range","marks":[],"text":"5,tigergraph,2011-02-06 01:02:02"}]}]},{"kind":"block","type":"code-line","key":"45e5f3de472c4b519966a67766094d62","isVoid":false,"data":{},"nodes":[{"kind":"text","key":"0ae07077422b4bd48bc359542dcac43d","ranges":[{"kind":"range","marks":[],"text":"6,tigergraph,2011-02-05 02:02:05"}]}]},{"kind":"block","type":"code-line","key":"b75120c5758e488a8c1485d3d359af19","isVoid":false,"data":{},"nodes":[{"kind":"text","key":"c8916792d04c44ad8e345116aadbc8ff","ranges":[{"kind":"range","marks":[],"text":"7,Graphs,2011-02-04 17:02:41"}]}]},{"kind":"block","type":"code-line","key":"60c2387776cf4e8b9acf6157cf22ff0c","isVoid":false,"data":{},"nodes":[{"kind":"text","key":"f28f8df473a141c0811b487f4b860984","ranges":[{"kind":"range","marks":[],"text":"8,cats,2011-02-03 17:05:52"}]}]},{"kind":"block","type":"code-line","key":"950a6ef94b4a4b1ebe4f0f4542b50be7","isVoid":false,"data":{},"nodes":[{"kind":"text","key":"97c52590468c42f5bceddf3e2cf5a70e","ranges":[{"kind":"range","marks":[],"text":"9,cats,2011-02-05 23:12:42"}]}]},{"kind":"block","type":"code-line","key":"1dc25d9c1a31462b8083139edafcf5b4","isVoid":false,"data":{},"nodes":[{"kind":"text","key":"0a25db0876674a9c97ed856846247226","ranges":[{"kind":"range","marks":[],"text":"10,cats,2011-02-04 03:02:31"}]}]},{"kind":"block","type":"code-line","key":"5e576205138d4add859d5cc4bd1b86a8","isVoid":false,"data":{},"nodes":[{"kind":"text","key":"b7a8ccef6ad349b98b4617079d768e9d","ranges":[{"kind":"range","marks":[],"text":"11,cats,2011-02-03 01:02:21"}]}]}]}]},{"kind":"block","type":"code","key":"a44b1fffa08d4827b80af6712105222e","isVoid":false,"data":{},"nodes":[{"kind":"block","type":"code-tab","key":"d2bf2719f68a4f20af39480c5507b918","isVoid":false,"data":{"syntax":"sql","title":"file: posted (edges)"},"nodes":[{"kind":"block","type":"code-line","key":"02fb5c91ed6d45af94294866fc22e602","isVoid":false,"data":{},"nodes":[{"kind":"text","key":"ae04774370344eb7898b0a31c51e2768","ranges":[{"kind":"range","marks":[],"text":"person1,0"}]}]},{"kind":"block","type":"code-line","key":"d45a4206065c4877878767bbe872b678","isVoid":false,"data":{},"nodes":[{"kind":"text","key":"0b9714b2844d43ae8a865a7861b7ea61","ranges":[{"kind":"range","marks":[],"text":"person2,1"}]}]},{"kind":"block","type":"code-line","key":"990e6f47db754022b44f076496b95669","isVoid":false,"data":{},"nodes":[{"kind":"text","key":"fcc11217e0c4455d8aee07dff5baaadb","ranges":[{"kind":"range","marks":[],"text":"person3,2"}]}]},{"kind":"block","type":"code-line","key":"253a927198ce466e94bec65dcf41f4f1","isVoid":false,"data":{},"nodes":[{"kind":"text","key":"d107969af9df4b43ad4268aebe92000e","ranges":[{"kind":"range","marks":[],"text":"person4,3"}]}]},{"kind":"block","type":"code-line","key":"16ac6c2e94364e2cb52a0f4ff25b36a3","isVoid":false,"data":{},"nodes":[{"kind":"text","key":"d3ab5a8925ea430bb5991be2263c0900","ranges":[{"kind":"range","marks":[],"text":"person5,4"}]}]},{"kind":"block","type":"code-line","key":"4012c25557c7440b95386c90764083dd","isVoid":false,"data":{},"nodes":[{"kind":"text","key":"95986b2ba3e641d49bf1aa4f089e1026","ranges":[{"kind":"range","marks":[],"text":"person5,11"}]}]},{"kind":"block","type":"code-line","key":"7b24e771169e4cc8bfdc34fa35ab989d","isVoid":false,"data":{},"nodes":[{"kind":"text","key":"0dfb3f0984174bb68c677860f02b6d30","ranges":[{"kind":"range","marks":[],"text":"person6,5"}]}]},{"kind":"block","type":"code-line","key":"0cef21951a794801a9b41c914d9ba022","isVoid":false,"data":{},"nodes":[{"kind":"text","key":"ee05014adcf0435989b532a7c1c36d0d","ranges":[{"kind":"range","marks":[],"text":"person6,10"}]}]},{"kind":"block","type":"code-line","key":"5fea588d6161407e86c0f9aa1fa5ea96","isVoid":false,"data":{},"nodes":[{"kind":"text","key":"6c7dfb4dd98b45a994a40d67ddc5da1e","ranges":[{"kind":"range","marks":[],"text":"person7,6"}]}]},{"kind":"block","type":"code-line","key":"8f2b807fabf4404f9031c162727a0360","isVoid":false,"data":{},"nodes":[{"kind":"text","key":"408070a4315c4cee8fadbdf7e80b0559","ranges":[{"kind":"range","marks":[],"text":"person7,9"}]}]},{"kind":"block","type":"code-line","key":"fcf61df091794bf08f1c03204d4f4d69","isVoid":false,"data":{},"nodes":[{"kind":"text","key":"7f0593c6a76b4199936aa852532fb231","ranges":[{"kind":"range","marks":[],"text":"person8,7"}]}]},{"kind":"block","type":"code-line","key":"8e62a044584345879a9879231debb16e","isVoid":false,"data":{},"nodes":[{"kind":"text","key":"7cef1d32cff34451b628c2e90f1b482b","ranges":[{"kind":"range","marks":[],"text":"person8,8"}]}]}]}]},{"kind":"block","type":"code","key":"3c6212afd47147bd90cadf498653a800","isVoid":false,"data":{},"nodes":[{"kind":"block","type":"code-tab","key":"43b319857627460f9396b982efd2fb23","isVoid":false,"data":{"syntax":"sql","title":"file: liked (edges)"},"nodes":[{"kind":"block","type":"code-line","key":"47b513102b6c4c9ab152d6a3213c16bf","isVoid":false,"data":{},"nodes":[{"kind":"text","key":"0b6bff2783d746aeb97cc4ae63cc6fa9","ranges":[{"kind":"range","marks":[],"text":"person1,0,2010-01-11 11:32:00"}]}]},{"kind":"block","type":"code-line","key":"7c14337ca62f4958bad0099899379efb","isVoid":false,"data":{},"nodes":[{"kind":"text","key":"bdf48b5537d547288cf1dfac3e7739eb","ranges":[{"kind":"range","marks":[],"text":"person2,0,2010-01-12 10:52:15"}]}]},{"kind":"block","type":"code-line","key":"50ebd2f8e6f441b39ea3bb1dc398cdb9","isVoid":false,"data":{},"nodes":[{"kind":"text","key":"f0ae10386357479e87f627b1755c71ab","ranges":[{"kind":"range","marks":[],"text":"person2,3,2010-01-11 16:02:26"}]}]},{"kind":"block","type":"code-line","key":"692f7088f2714f89b1d09506a1fa71c6","isVoid":false,"data":{},"nodes":[{"kind":"text","key":"b7147f3059f3443abd220adcf51a9ace","ranges":[{"kind":"range","marks":[],"text":"person3,0,2010-01-16 05:15:53"}]}]},{"kind":"block","type":"code-line","key":"4f8e6553a5be4d72bca7017daff4ad27","isVoid":false,"data":{},"nodes":[{"kind":"text","key":"9358f258f6654fb3ad4f142c0df87e1f","ranges":[{"kind":"range","marks":[],"text":"person4,4,2010-01-13 03:16:05"}]}]},{"kind":"block","type":"code-line","key":"37c56190fa1b4f97a8e9d64d7b9e8eef","isVoid":false,"data":{},"nodes":[{"kind":"text","key":"2de90db87c36402880cacdb0cbb1aa84","ranges":[{"kind":"range","marks":[],"text":"person5,6,2010-01-12 21:12:05"}]}]},{"kind":"block","type":"code-line","key":"16562b49e8ce4fc4ad2c16ecbf0b9022","isVoid":false,"data":{},"nodes":[{"kind":"text","key":"33fd03d5cf89480991de52084e9b6200","ranges":[{"kind":"range","marks":[],"text":"person6,8,2010-01-14 11:23:05"}]}]},{"kind":"block","type":"code-line","key":"49b78a341226411a85bed8deddbef8e8","isVoid":false,"data":{},"nodes":[{"kind":"text","key":"1605e55b3e824826a7ed3f5b651603bd","ranges":[{"kind":"range","marks":[],"text":"person7,10,2010-01-12 11:22:05"}]}]},{"kind":"block","type":"code-line","key":"824fde7a02b541bbac0289c68e88842a","isVoid":false,"data":{},"nodes":[{"kind":"text","key":"3683b6f09e654f8e9e6235b569926769","ranges":[{"kind":"range","marks":[],"text":"person8,4,2010-01-11 03:26:05"}]}]}]}]},{"kind":"block","type":"heading-1","key":"571eb5a75d8e4e27ba837be7a2bab88d","isVoid":false,"data":{},"nodes":[{"kind":"text","key":"1ede8350c9454f8e92fb09ab1ce15301","ranges":[{"kind":"range","marks":[{"kind":"mark","data":{},"type":"bold"}],"text":"friendNet"}]}]},{"kind":"block","type":"code","key":"51c7a235bc57418989dae7e0e7008d33","isVoid":false,"data":{},"nodes":[{"kind":"block","type":"code-tab","key":"78b3c5b1be9a4660ab83003c5c3851fa","isVoid":false,"data":{"syntax":"sql","title":"graph_create.gsql for friendNet"},"nodes":[{"kind":"block","type":"code-line","key":"c884fd410d2943ad81423583a446ea6d","isVoid":false,"data":{},"nodes":[{"kind":"text","key":"22fb5871d0c548c1863a038334960b66","ranges":[{"kind":"range","marks":[],"text":"# Updated 5/1/18 for v2.0"}]}]},{"kind":"block","type":"code-line","key":"251ef938cabd45caada4b84ba9017355","isVoid":false,"data":{},"nodes":[{"kind":"text","key":"1aaa15c99b874575b29b78dc1664d3dc","ranges":[{"kind":"range","marks":[],"text":"DROP ALL"}]}]},{"kind":"block","type":"code-line","key":"28866b6a287140698ec3a926ab372c57","isVoid":false,"data":{},"nodes":[{"kind":"text","key":"f8160d3e999d4856aeec9b10b202e7ef","ranges":[{"kind":"range","marks":[],"text":"CREATE VERTEX person(PRIMARY_ID personId UINT, id STRING)"}]}]},{"kind":"block","type":"code-line","key":"f7512b747bb74c28afd99ffe25698814","isVoid":false,"data":{},"nodes":[{"kind":"text","key":"ae6d36f9afbe4f2194b993c5d2ac3caa","ranges":[{"kind":"range","marks":[],"text":"CREATE UNDIRECTED EDGE friend(FROM person, TO person)"}]}]},{"kind":"block","type":"code-line","key":"3043fded382b4fc297f8694994f72a57","isVoid":false,"data":{},"nodes":[{"kind":"text","key":"b0c592d0113b439e8a4d626660affa7d","ranges":[{"kind":"range","marks":[],"text":"CREATE UNDIRECTED EDGE coworker(FROM person, TO person)"}]}]},{"kind":"block","type":"code-line","key":"c1824fb972734cd5ad35250aae30674f","isVoid":false,"data":{},"nodes":[{"kind":"text","key":"8ccd4490e27e4f1e8ad9947534f30673","ranges":[{"kind":"range","marks":[],"text":"CREATE GRAPH friendNet(*)"}]}]},{"kind":"block","type":"code-line","key":"2e038f23725844cf8991ae74fa3bbff9","isVoid":false,"data":{},"nodes":[{"kind":"text","key":"a0779942bc634b269bf43110ef3d6ac5","ranges":[{"kind":"range","marks":[],"text":""}]}]},{"kind":"block","type":"code-line","key":"5a5cfe47a2614e3685278b1a8f68cb62","isVoid":false,"data":{},"nodes":[{"kind":"text","key":"464e094f036e4214b72314ef33b147e5","ranges":[{"kind":"range","marks":[],"text":"USE GRAPH friendNet // v1.2"}]}]},{"kind":"block","type":"code-line","key":"7036437187c646149b20d72f235ca8c3","isVoid":false,"data":{},"nodes":[{"kind":"text","key":"3bf379e12fe3474ab5f33d2cc1e202cb","ranges":[{"kind":"range","marks":[],"text":"CREATE LOADING JOB loadMember FOR GRAPH friendNet {"}]}]},{"kind":"block","type":"code-line","key":"38eb327570cc48ed95f0035cd3d9ead7","isVoid":false,"data":{},"nodes":[{"kind":"text","key":"4ec38069584141a8b1c955648abb5851","ranges":[{"kind":"range","marks":[],"text":"  DEFINE FILENAME f;"}]}]},{"kind":"block","type":"code-line","key":"7c7b25862fe44f28a9cd52cfd5a26d12","isVoid":false,"data":{},"nodes":[{"kind":"text","key":"866a57f19aa340b5882f2d3c101a17cb","ranges":[{"kind":"range","marks":[],"text":"  LOAD f TO VERTEX person VALUES($0, $0);"}]}]},{"kind":"block","type":"code-line","key":"4841c955512d40c4a837f85b224da4d9","isVoid":false,"data":{},"nodes":[{"kind":"text","key":"c9d974c964164e3c8d5c5e066eb23705","ranges":[{"kind":"range","marks":[],"text":"}"}]}]},{"kind":"block","type":"code-line","key":"b23530242b9846dabc17444c4211df2c","isVoid":false,"data":{},"nodes":[{"kind":"text","key":"b9ceae3040744fa68aa03b1d0a6d5ef9","ranges":[{"kind":"range","marks":[],"text":""}]}]},{"kind":"block","type":"code-line","key":"29d4474265ea470485d1ecfe296a509a","isVoid":false,"data":{},"nodes":[{"kind":"text","key":"3837a4cf97c5405caf7d23ca02079d13","ranges":[{"kind":"range","marks":[],"text":"CREATE LOADING JOB loadFriend FOR GRAPH friendNet {"}]}]},{"kind":"block","type":"code-line","key":"b66ce80af6b5414280fbb7a77e95ecf6","isVoid":false,"data":{},"nodes":[{"kind":"text","key":"2b641f6c70104625b2f3cf72c98c9381","ranges":[{"kind":"range","marks":[],"text":"  DEFINE FILENAME f;"}]}]},{"kind":"block","type":"code-line","key":"ace7fd9a927a49049c5ed2bae9fa2206","isVoid":false,"data":{},"nodes":[{"kind":"text","key":"7f061492e6d64fefa5fad99566f6c8fa","ranges":[{"kind":"range","marks":[],"text":"  LOAD f TO EDGE friend VALUES($0, $1);"}]}]},{"kind":"block","type":"code-line","key":"ac7d3b4a9ad24fb88ccb5feccb8193b1","isVoid":false,"data":{},"nodes":[{"kind":"text","key":"df06edf074e949eebbdf32675ae6ec0f","ranges":[{"kind":"range","marks":[],"text":"}"}]}]},{"kind":"block","type":"code-line","key":"284c36e833554fa3a2ef144e31072b1c","isVoid":false,"data":{},"nodes":[{"kind":"text","key":"908e2d181e2d442b9574a45c9f355e9f","ranges":[{"kind":"range","marks":[],"text":""}]}]},{"kind":"block","type":"code-line","key":"480211ff90014a17850414d5c6715791","isVoid":false,"data":{},"nodes":[{"kind":"text","key":"45049ff5a5d44f7e9a5517cba3243b43","ranges":[{"kind":"range","marks":[],"text":"CREATE LOADING JOB loadCoworker FOR GRAPH friendNet {"}]}]},{"kind":"block","type":"code-line","key":"b6f64c8bfb9b414985a5f36cb215e4b4","isVoid":false,"data":{},"nodes":[{"kind":"text","key":"8d1c54acc83949b6b173da7905b0295e","ranges":[{"kind":"range","marks":[],"text":"  DEFINE FILENAME f;"}]}]},{"kind":"block","type":"code-line","key":"ffecf104543a448f8d523af2a46d834c","isVoid":false,"data":{},"nodes":[{"kind":"text","key":"a177a708826541efb29c2745352a8242","ranges":[{"kind":"range","marks":[],"text":"  LOAD f TO EDGE coworker VALUES($0, $1);"}]}]},{"kind":"block","type":"code-line","key":"d8ef3e90fbfc4b52af7e895955bbbdb2","isVoid":false,"data":{},"nodes":[{"kind":"text","key":"e069cd01a1ed4498b7ea2f13d9f2b5fb","ranges":[{"kind":"range","marks":[],"text":"}"}]}]},{"kind":"block","type":"code-line","key":"6a0cc34d8aee4e26ab92e20084abe743","isVoid":false,"data":{},"nodes":[{"kind":"text","key":"6cf56bb10f374314869091b5d6acd417","ranges":[{"kind":"range","marks":[],"text":""}]}]},{"kind":"block","type":"code-line","key":"da970d2e97c747038c4f3d57c834bbb6","isVoid":false,"data":{},"nodes":[{"kind":"text","key":"b32041005f114285aadc1d510115844d","ranges":[{"kind":"range","marks":[],"text":"RUN LOADING JOB loadMember USING f=\"./persons\""}]}]},{"kind":"block","type":"code-line","key":"ed1a190e845f4d6884e78e3afd82b9f9","isVoid":false,"data":{},"nodes":[{"kind":"text","key":"7623b7eb59f44ce3961e1699dd8891fb","ranges":[{"kind":"range","marks":[],"text":"RUN LOADING JOB loadFriend USING f=\"./friends\""}]}]},{"kind":"block","type":"code-line","key":"c38c3534495a4fc2965843d6fbba57fc","isVoid":false,"data":{},"nodes":[{"kind":"text","key":"bc11947a230d4714b23c484403bf08ae","ranges":[{"kind":"range","marks":[],"text":"RUN LOADING JOB loadCoworker USING f=\"./coworkers\""}]}]}]}]},{"kind":"block","type":"code","key":"b189a88d6be6435a8cb29ffec9796f45","isVoid":false,"data":{},"nodes":[{"kind":"block","type":"code-tab","key":"f5a47d2fd8eb46af8f368276f477a35d","isVoid":false,"data":{"syntax":"sql","title":"file: persons (vertices)"},"nodes":[{"kind":"block","type":"code-line","key":"2cef5f3b5b494a44b07a09dfc79f570c","isVoid":false,"data":{},"nodes":[{"kind":"text","key":"1e69772f081d4739a9698c0211949c0b","ranges":[{"kind":"range","marks":[],"text":"person1"}]}]},{"kind":"block","type":"code-line","key":"b6e3dfee91b24306a9f70fd5f1858e6d","isVoid":false,"data":{},"nodes":[{"kind":"text","key":"1c626ded849448169134085f641c2aa1","ranges":[{"kind":"range","marks":[],"text":"person2"}]}]},{"kind":"block","type":"code-line","key":"3016d050bd444c78a8781db5efc87344","isVoid":false,"data":{},"nodes":[{"kind":"text","key":"7d7f28342cde4c59a50bd4db12ee1bc9","ranges":[{"kind":"range","marks":[],"text":"person3"}]}]},{"kind":"block","type":"code-line","key":"0786b662141046aea067fe2daa5ffbac","isVoid":false,"data":{},"nodes":[{"kind":"text","key":"6a4226b62eff45f6ade0858f23d30622","ranges":[{"kind":"range","marks":[],"text":"person4"}]}]},{"kind":"block","type":"code-line","key":"cf67affaacb540ee899e92895ad76e94","isVoid":false,"data":{},"nodes":[{"kind":"text","key":"2bbe8238cf614580aa1b074dcc0f3a85","ranges":[{"kind":"range","marks":[],"text":"person5"}]}]},{"kind":"block","type":"code-line","key":"0c047d0535d04cf894f063a116af260f","isVoid":false,"data":{},"nodes":[{"kind":"text","key":"e3f8c4d238ef47c1808163f8f1223ecf","ranges":[{"kind":"range","marks":[],"text":"person6"}]}]},{"kind":"block","type":"code-line","key":"2c2fb389cfbf4b4b8030456632fc7bf4","isVoid":false,"data":{},"nodes":[{"kind":"text","key":"fb7a2670de78453e8e048a8fa38081af","ranges":[{"kind":"range","marks":[],"text":"person7"}]}]},{"kind":"block","type":"code-line","key":"0956ba745a2f4b83bd27cbbaf260184e","isVoid":false,"data":{},"nodes":[{"kind":"text","key":"aaec07e7791b414ba2c445b9c2189c89","ranges":[{"kind":"range","marks":[],"text":"person8"}]}]},{"kind":"block","type":"code-line","key":"c804ea7c9c2142528455784b9a20d5c7","isVoid":false,"data":{},"nodes":[{"kind":"text","key":"41ee06bff4de41899fe1f7875fc26e5b","ranges":[{"kind":"range","marks":[],"text":"person9"}]}]},{"kind":"block","type":"code-line","key":"72e1b296d8e047bebc45d12b698a09b6","isVoid":false,"data":{},"nodes":[{"kind":"text","key":"8410808868b845eab98265e5b46f2c91","ranges":[{"kind":"range","marks":[],"text":"person10"}]}]},{"kind":"block","type":"code-line","key":"809c03c89e934dc681e196daee890a5a","isVoid":false,"data":{},"nodes":[{"kind":"text","key":"5ac972d4e789488b90aa24e0c3ce1067","ranges":[{"kind":"range","marks":[],"text":"person11"}]}]},{"kind":"block","type":"code-line","key":"3dce2fc48d4f495a81dc54e33c4de076","isVoid":false,"data":{},"nodes":[{"kind":"text","key":"1cac241c42e34b6a9c5791fca712a989","ranges":[{"kind":"range","marks":[],"text":"person12"}]}]}]}]},{"kind":"block","type":"code","key":"a0d9101ae0b145f8a9f1d63835b4fcb7","isVoid":false,"data":{},"nodes":[{"kind":"block","type":"code-tab","key":"9e50dc834d7a4be8b25a71a93e761a5d","isVoid":false,"data":{"syntax":"sql","title":"file: friends (edges)"},"nodes":[{"kind":"block","type":"code-line","key":"3b855eccc24f4f839f5c69819b619912","isVoid":false,"data":{},"nodes":[{"kind":"text","key":"db311975a6e341eba6c989b8c1fc6686","ranges":[{"kind":"range","marks":[],"text":"person1,person2"}]}]},{"kind":"block","type":"code-line","key":"0ca3ed87cbcb4d8a85c17e0addd2ef26","isVoid":false,"data":{},"nodes":[{"kind":"text","key":"659a194b7c1846f3b20db87740465a10","ranges":[{"kind":"range","marks":[],"text":"person1,person3"}]}]},{"kind":"block","type":"code-line","key":"2b056554881642b6a340c498e3311fb7","isVoid":false,"data":{},"nodes":[{"kind":"text","key":"51d6cccdc79d4c12b97264a5cb841ced","ranges":[{"kind":"range","marks":[],"text":"person1,person4"}]}]},{"kind":"block","type":"code-line","key":"ba90df4e977d427cb0339df7164207a0","isVoid":false,"data":{},"nodes":[{"kind":"text","key":"92c769895eae47a1b26b9522696072b1","ranges":[{"kind":"range","marks":[],"text":"person2,person8"}]}]},{"kind":"block","type":"code-line","key":"228fe4449d564ed582760a4e96b0d4a2","isVoid":false,"data":{},"nodes":[{"kind":"text","key":"a31a7a7638c242c08bda11fdf5b5a755","ranges":[{"kind":"range","marks":[],"text":"person3,person9"}]}]},{"kind":"block","type":"code-line","key":"c306b38c6c8b485e81bf2338514f8b69","isVoid":false,"data":{},"nodes":[{"kind":"text","key":"1e5eb88a0d7e405fbf3da7d6582c7625","ranges":[{"kind":"range","marks":[],"text":"person4,person6"}]}]},{"kind":"block","type":"code-line","key":"2b01392e31fe49a785e807a6902411a1","isVoid":false,"data":{},"nodes":[{"kind":"text","key":"4b0986cf7af141eeae2a4501095063f0","ranges":[{"kind":"range","marks":[],"text":"person5,person6"}]}]},{"kind":"block","type":"code-line","key":"305fc752ecd6416da537ceddd4866a46","isVoid":false,"data":{},"nodes":[{"kind":"text","key":"8d9e95be178b402e98b66f022de8afb6","ranges":[{"kind":"range","marks":[],"text":"person6,person9"}]}]},{"kind":"block","type":"code-line","key":"b8a31fc190d346ee942c93ae45e37a2e","isVoid":false,"data":{},"nodes":[{"kind":"text","key":"641ab298fdb8415894e877f9578d2f05","ranges":[{"kind":"range","marks":[],"text":"person7,person9"}]}]},{"kind":"block","type":"code-line","key":"dbc2b9e412a04b1ba8040fb47cb5fde4","isVoid":false,"data":{},"nodes":[{"kind":"text","key":"25f4903c6ee446a7ac89e1e3ba7f80a1","ranges":[{"kind":"range","marks":[],"text":"person8,person10"}]}]},{"kind":"block","type":"code-line","key":"fdfa65ab4dde4962beeca56aa94c9d0f","isVoid":false,"data":{},"nodes":[{"kind":"text","key":"0ffa21ce50714884b60a03b03538b791","ranges":[{"kind":"range","marks":[],"text":"person9,person8"}]}]},{"kind":"block","type":"code-line","key":"a07ddbb613404b738f5ee32638fe06f9","isVoid":false,"data":{},"nodes":[{"kind":"text","key":"7cb1122b8ab84e7ebe4a21539ff071d3","ranges":[{"kind":"range","marks":[],"text":"person10,person12"}]}]},{"kind":"block","type":"code-line","key":"5c030c4ec0ac4e3eba20c19f9284be78","isVoid":false,"data":{},"nodes":[{"kind":"text","key":"e1a61ac5b8654f3aa2a8b58b3a014274","ranges":[{"kind":"range","marks":[],"text":"person11,person12"}]}]},{"kind":"block","type":"code-line","key":"81d756fade704fe492261ec34e4c4caa","isVoid":false,"data":{},"nodes":[{"kind":"text","key":"aa9c557d5a8e4dd59bc9954bff91e584","ranges":[{"kind":"range","marks":[],"text":"person12,person8"}]}]},{"kind":"block","type":"code-line","key":"05e5222eb79d409ba8e5f2bb1ee5664c","isVoid":false,"data":{},"nodes":[{"kind":"text","key":"7727905a280a46d98b82e1dc1352b1de","ranges":[{"kind":"range","marks":[],"text":"person12,person9"}]}]}]}]},{"kind":"block","type":"code","key":"cea2dfc1e8e2491488a5eb2e1c0e894b","isVoid":false,"data":{},"nodes":[{"kind":"block","type":"code-tab","key":"d5efa1802ea34f6982b114d1a7fd7033","isVoid":false,"data":{"syntax":"sql","title":"file: coworkers (edges)"},"nodes":[{"kind":"block","type":"code-line","key":"7edce12345e3489ca20aba9956bdc89d","isVoid":false,"data":{},"nodes":[{"kind":"text","key":"31eb7358464d41028381b32b5e7f6c53","ranges":[{"kind":"range","marks":[],"text":"person1,person4"}]}]},{"kind":"block","type":"code-line","key":"d5e7f85c66504b298f195bde83fe98d0","isVoid":false,"data":{},"nodes":[{"kind":"text","key":"287a0f5964414a0abb7885a36275e0e9","ranges":[{"kind":"range","marks":[],"text":"person1,person5"}]}]},{"kind":"block","type":"code-line","key":"74767dc88b5b4fc38080d1a096272b6c","isVoid":false,"data":{},"nodes":[{"kind":"text","key":"7b7bd079530d4576a45cee7ec624fe49","ranges":[{"kind":"range","marks":[],"text":"person1,person6"}]}]},{"kind":"block","type":"code-line","key":"4043f715e44e48bb87f221f35aac0f2a","isVoid":false,"data":{},"nodes":[{"kind":"text","key":"5e19d02c9b484285b80af616a4b9b91a","ranges":[{"kind":"range","marks":[],"text":"person2,person3"}]}]},{"kind":"block","type":"code-line","key":"014f95bbf20a487f909b2d61c194e9a5","isVoid":false,"data":{},"nodes":[{"kind":"text","key":"121d7253b15041c6866f68bf529940c2","ranges":[{"kind":"range","marks":[],"text":"person2,person4"}]}]},{"kind":"block","type":"code-line","key":"e02827e0313d4f3fbb94e85dbbaf2812","isVoid":false,"data":{},"nodes":[{"kind":"text","key":"fa351890b93342528a207dff5ee25668","ranges":[{"kind":"range","marks":[],"text":"person3,person5"}]}]},{"kind":"block","type":"code-line","key":"ea14e6505e0941c2bc49f1242a5258ce","isVoid":false,"data":{},"nodes":[{"kind":"text","key":"986d0a5b2bec4046a5f6d3610b5364b7","ranges":[{"kind":"range","marks":[],"text":"person3,person6"}]}]},{"kind":"block","type":"code-line","key":"186bbc80d9cc491080cba9d795fac737","isVoid":false,"data":{},"nodes":[{"kind":"text","key":"863576c8dafe4860898be7f5456402ec","ranges":[{"kind":"range","marks":[],"text":"person4,person5"}]}]},{"kind":"block","type":"code-line","key":"0339d633864942efab7eb08f3f94adda","isVoid":false,"data":{},"nodes":[{"kind":"text","key":"21f5c659377c47529b022cbd891e2030","ranges":[{"kind":"range","marks":[],"text":"person4,person6"}]}]},{"kind":"block","type":"code-line","key":"50e57266b2e94ec3a99ca6adaa63f91f","isVoid":false,"data":{},"nodes":[{"kind":"text","key":"1311b668670545169564c642796fe465","ranges":[{"kind":"range","marks":[],"text":"person5,person6"}]}]},{"kind":"block","type":"code-line","key":"976734873ae4406ab3bd0b67c7989744","isVoid":false,"data":{},"nodes":[{"kind":"text","key":"1a7ca19c4c424453a5068f4d321c3052","ranges":[{"kind":"range","marks":[],"text":"person6,person5"}]}]},{"kind":"block","type":"code-line","key":"0c511e55118f4ec997d0ec68420faab0","isVoid":false,"data":{},"nodes":[{"kind":"text","key":"f7564cf23c554220b49c74b3e824f27d","ranges":[{"kind":"range","marks":[],"text":"person7,person9"}]}]},{"kind":"block","type":"code-line","key":"5d1adfdd474e419684c9ea3559ce35cb","isVoid":false,"data":{},"nodes":[{"kind":"text","key":"c3e1d8a1a4ac4ea0ae2d1331eb1996bd","ranges":[{"kind":"range","marks":[],"text":"person7,person5"}]}]},{"kind":"block","type":"code-line","key":"4dfb70f9ad3340c7ae9674a396c449f9","isVoid":false,"data":{},"nodes":[{"kind":"text","key":"223deb0129854987b90c36f894050aad","ranges":[{"kind":"range","marks":[],"text":"person7,person4"}]}]},{"kind":"block","type":"code-line","key":"7787d4a7c5444709b46492c2fac1c766","isVoid":false,"data":{},"nodes":[{"kind":"text","key":"70f5b4b44c6545c3a31cd35e06cd09d0","ranges":[{"kind":"range","marks":[],"text":"person8,person9"}]}]},{"kind":"block","type":"code-line","key":"e9c365cb29d64773ba4852dd0014a8ca","isVoid":false,"data":{},"nodes":[{"kind":"text","key":"47694299968e4c56ad5e5bceac7ab79e","ranges":[{"kind":"range","marks":[],"text":"person9,person2"}]}]},{"kind":"block","type":"code-line","key":"0efc716486bc491fab69b3b64ef90c6e","isVoid":false,"data":{},"nodes":[{"kind":"text","key":"19a426db53444ae19309b932bcd5de11","ranges":[{"kind":"range","marks":[],"text":"person10,person7"}]}]},{"kind":"block","type":"code-line","key":"c52288d4d8b6486992296bacd8cc0d26","isVoid":false,"data":{},"nodes":[{"kind":"text","key":"9fe786c189a144d6a170dfc447b4f123","ranges":[{"kind":"range","marks":[],"text":"person11,person7"}]}]},{"kind":"block","type":"code-line","key":"ff45afa58a594140803ebb8f880ba33e","isVoid":false,"data":{},"nodes":[{"kind":"text","key":"26662e94a1464489a882dad090c42a47","ranges":[{"kind":"range","marks":[],"text":"person12,person7"}]}]}]}]},{"kind":"block","type":"heading-1","key":"600fe2f5323145d3989e0b827e080107","isVoid":false,"data":{},"nodes":[{"kind":"text","key":"ecadfda5f9ac4116a8e5a841a0961ef5","ranges":[{"kind":"range","marks":[{"kind":"mark","data":{},"type":"bold"}],"text":"computerNet"}]}]},{"kind":"block","type":"code","key":"baa16f9d6276482c831a36adcd6a2889","isVoid":false,"data":{},"nodes":[{"kind":"block","type":"code-tab","key":"b03e6e7f610c4a2b8656bb4989d6ec25","isVoid":false,"data":{"syntax":"sql","title":"graph_create.gsql for computerNet"},"nodes":[{"kind":"block","type":"code-line","key":"ae33b4fd0b7245f7b99622354f3170af","isVoid":false,"data":{},"nodes":[{"kind":"text","key":"b8a43571d7994794bcf4e05063c26b02","ranges":[{"kind":"range","marks":[],"text":"# Updated 5/1/18 for v2.0"}]}]},{"kind":"block","type":"code-line","key":"290ad5c317254052a014f9c866d547eb","isVoid":false,"data":{},"nodes":[{"kind":"text","key":"ea3e98fb33f44497945440218734b160","ranges":[{"kind":"range","marks":[],"text":"DROP ALL"}]}]},{"kind":"block","type":"code-line","key":"e3e74aadb2d8413484e0a911c7c5ff32","isVoid":false,"data":{},"nodes":[{"kind":"text","key":"e8b04678a3584cd08774dc92f7defcc2","ranges":[{"kind":"range","marks":[],"text":"CREATE VERTEX computer(PRIMARY_ID compID UINT, id STRING)"}]}]},{"kind":"block","type":"code-line","key":"259abeb2bb5348bf9885bf3c7068d2a9","isVoid":false,"data":{},"nodes":[{"kind":"text","key":"9079f238371b47e08b78c7e6531d5026","ranges":[{"kind":"range","marks":[],"text":"CREATE DIRECTED EDGE connected(FROM computer, TO computer, connectionSpeed DOUBLE, securityLevel INT)"}]}]},{"kind":"block","type":"code-line","key":"a202a61beddb4be0a59ed8b855f221b0","isVoid":false,"data":{},"nodes":[{"kind":"text","key":"bd4841812b814e8080adde362e4fb445","ranges":[{"kind":"range","marks":[],"text":"CREATE GRAPH computerNet(*)"}]}]},{"kind":"block","type":"code-line","key":"54a928741d8d47ad909d2b065b40e171","isVoid":false,"data":{},"nodes":[{"kind":"text","key":"4fa0673195b74899aaeb7f7b1d48522f","ranges":[{"kind":"range","marks":[],"text":""}]}]},{"kind":"block","type":"code-line","key":"07bc7863ea4b4fe88486f2bd32ea9350","isVoid":false,"data":{},"nodes":[{"kind":"text","key":"86c0d2dcbdf44db0bd03e0ef8ad03f8e","ranges":[{"kind":"range","marks":[],"text":"USE GRAPH computerNet // v1.2"}]}]},{"kind":"block","type":"code-line","key":"fd61ba49ecbd4eb3aa8f62bf8cf26c96","isVoid":false,"data":{},"nodes":[{"kind":"text","key":"3cde3b00fa3343b18a9616030f7f855e","ranges":[{"kind":"range","marks":[],"text":"CREATE LOADING JOB loadComputer FOR GRAPH computerNet {"}]}]},{"kind":"block","type":"code-line","key":"68ff126c062d43a29c60fbfcb3956526","isVoid":false,"data":{},"nodes":[{"kind":"text","key":"dffa1f8bf92c4eceb5253ea5cc22e697","ranges":[{"kind":"range","marks":[],"text":"  DEFINE FILENAME f;"}]}]},{"kind":"block","type":"code-line","key":"cb913f0cd79749eea88109b5ed51c329","isVoid":false,"data":{},"nodes":[{"kind":"text","key":"21843c4f09a347609fc443b001a80db2","ranges":[{"kind":"range","marks":[],"text":"  LOAD f TO VERTEX computer VALUES($0, $0);"}]}]},{"kind":"block","type":"code-line","key":"120d379357ed4cf39b6debd5458671b1","isVoid":false,"data":{},"nodes":[{"kind":"text","key":"a8afe3276821475e866b1cd39c3b9676","ranges":[{"kind":"range","marks":[],"text":"}"}]}]},{"kind":"block","type":"code-line","key":"dc9147c4ea0f4eabbd1dcd2389b3d163","isVoid":false,"data":{},"nodes":[{"kind":"text","key":"9b2eec7a401847d882dac980d8640d61","ranges":[{"kind":"range","marks":[],"text":"CREATE LOADING JOB loadConnection FOR GRAPH computerNet {"}]}]},{"kind":"block","type":"code-line","key":"50b47ed3920242a9a7f38efcf92ef06f","isVoid":false,"data":{},"nodes":[{"kind":"text","key":"5b8ddbf28eae4fe7800d488ec59d38c4","ranges":[{"kind":"range","marks":[],"text":"  DEFINE FILENAME f;"}]}]},{"kind":"block","type":"code-line","key":"b176d7e6c8f24dc4bec32f52e7d468ae","isVoid":false,"data":{},"nodes":[{"kind":"text","key":"55abc3cf7bdb4aca977140986ae1d7ca","ranges":[{"kind":"range","marks":[],"text":"  LOAD f TO EDGE connected VALUES($0, $1, $2, $3);"}]}]},{"kind":"block","type":"code-line","key":"150db415b6dd471a8e89fe23181238e8","isVoid":false,"data":{},"nodes":[{"kind":"text","key":"5fc8605bf35849659260d0a24ff48394","ranges":[{"kind":"range","marks":[],"text":"}"}]}]},{"kind":"block","type":"code-line","key":"aa082253cdd7404e9a284ffba2b83d43","isVoid":false,"data":{},"nodes":[{"kind":"text","key":"873373acef2041228e737ec02f226d86","ranges":[{"kind":"range","marks":[],"text":""}]}]},{"kind":"block","type":"code-line","key":"1a41757a6a12482c9bc9d556d65aa4aa","isVoid":false,"data":{},"nodes":[{"kind":"text","key":"2924ac93a9174c56a43bbad4a385d9fd","ranges":[{"kind":"range","marks":[],"text":"RUN LOADING JOB loadComputer USING f=\"./computers\""}]}]},{"kind":"block","type":"code-line","key":"2f4808eab3e741cd8182d523e925c32d","isVoid":false,"data":{},"nodes":[{"kind":"text","key":"e6eccebb274540bba6a8599779429557","ranges":[{"kind":"range","marks":[],"text":"RUN LOADING JOB loadConnection USING f=\"./connections\""}]}]}]}]},{"kind":"block","type":"code","key":"55ce7bd6b2824f669045e15bb2ff2610","isVoid":false,"data":{},"nodes":[{"kind":"block","type":"code-tab","key":"f3ab608331a54cfc870b8fa3f23284ff","isVoid":false,"data":{"syntax":"sql","title":"file: computers (vertices)"},"nodes":[{"kind":"block","type":"code-line","key":"7e3b9ddc09aa4607a2895f049897df74","isVoid":false,"data":{},"nodes":[{"kind":"text","key":"0c01aadff4c84ba68218c799ae98c8df","ranges":[{"kind":"range","marks":[],"text":"c1"}]}]},{"kind":"block","type":"code-line","key":"753c370473d54e169d8f2587c0864db6","isVoid":false,"data":{},"nodes":[{"kind":"text","key":"fe6638262e484b77b624be14739473e9","ranges":[{"kind":"range","marks":[],"text":"c2"}]}]},{"kind":"block","type":"code-line","key":"503dfac9b76e4658a6ffd95db49f51a4","isVoid":false,"data":{},"nodes":[{"kind":"text","key":"bfbad7edaa7e4d60b8c39b86852996c4","ranges":[{"kind":"range","marks":[],"text":"c3"}]}]},{"kind":"block","type":"code-line","key":"0e3fe6ba9f7b4146bb9cf7fe5ddb6eab","isVoid":false,"data":{},"nodes":[{"kind":"text","key":"fa26d403790d44aba3edce5ef36fd0bb","ranges":[{"kind":"range","marks":[],"text":"c4"}]}]},{"kind":"block","type":"code-line","key":"24202a9c92d445058bfdc5734ab3b7e6","isVoid":false,"data":{},"nodes":[{"kind":"text","key":"558cd69e3d3e408494cc3c820c86b725","ranges":[{"kind":"range","marks":[],"text":"c5"}]}]},{"kind":"block","type":"code-line","key":"6427dbd93c9e466f9f10fcbfef7a16f8","isVoid":false,"data":{},"nodes":[{"kind":"text","key":"809f0f5e1802493db9f05b4c36620739","ranges":[{"kind":"range","marks":[],"text":"c6"}]}]},{"kind":"block","type":"code-line","key":"6cb8c6ea6d7c4c58ad509e91a2c959bf","isVoid":false,"data":{},"nodes":[{"kind":"text","key":"0bc80a5b9d5548fbb145a0e2a8474774","ranges":[{"kind":"range","marks":[],"text":"c7"}]}]},{"kind":"block","type":"code-line","key":"d8444a7fd26b4b808d9719c6d732e2cf","isVoid":false,"data":{},"nodes":[{"kind":"text","key":"b8a5039bd20a4426b711d7a12ed4b6ba","ranges":[{"kind":"range","marks":[],"text":"c8"}]}]},{"kind":"block","type":"code-line","key":"2931f0cc35204d5bac2f3b7e22855360","isVoid":false,"data":{},"nodes":[{"kind":"text","key":"0e29250f53024cc1a15d80e452e39af8","ranges":[{"kind":"range","marks":[],"text":"c9"}]}]},{"kind":"block","type":"code-line","key":"2dab52ea51de4d13b377433581d1ab88","isVoid":false,"data":{},"nodes":[{"kind":"text","key":"a2855b28b2914fdd9ba3692fa645d743","ranges":[{"kind":"range","marks":[],"text":"c10"}]}]},{"kind":"block","type":"code-line","key":"f8c18645bdce4bc8af3bf527c3a2b442","isVoid":false,"data":{},"nodes":[{"kind":"text","key":"beef237e4cf34f3d99b769b17bdf5402","ranges":[{"kind":"range","marks":[],"text":"c11"}]}]},{"kind":"block","type":"code-line","key":"03f74922e23f4f998ed7dfde3c57c4d1","isVoid":false,"data":{},"nodes":[{"kind":"text","key":"38e99ab569b7476f8ed6e8f330a4b404","ranges":[{"kind":"range","marks":[],"text":"c12"}]}]},{"kind":"block","type":"code-line","key":"40e1536c2a654f51b846215a00d1c2ef","isVoid":false,"data":{},"nodes":[{"kind":"text","key":"b1e3361cbf264879829594a692c9107c","ranges":[{"kind":"range","marks":[],"text":"c13"}]}]},{"kind":"block","type":"code-line","key":"2a38e21fae26470d885c6aaec8601b7f","isVoid":false,"data":{},"nodes":[{"kind":"text","key":"4f3bcccec814479b9f8f4add1bee9c92","ranges":[{"kind":"range","marks":[],"text":"c14"}]}]},{"kind":"block","type":"code-line","key":"82ff3f12a3854c18857bc374a71e001b","isVoid":false,"data":{},"nodes":[{"kind":"text","key":"d7986a50a58e41839c0c785002262198","ranges":[{"kind":"range","marks":[],"text":"c15"}]}]},{"kind":"block","type":"code-line","key":"15db3c742168481fb4945097e2a674de","isVoid":false,"data":{},"nodes":[{"kind":"text","key":"bd75ff4b6c194e809273fe7735d90030","ranges":[{"kind":"range","marks":[],"text":"c16"}]}]},{"kind":"block","type":"code-line","key":"3626166bc8954a998a7a834e45b7f6f3","isVoid":false,"data":{},"nodes":[{"kind":"text","key":"f70667568bf34fec9a0e25916d95d5b0","ranges":[{"kind":"range","marks":[],"text":"c17"}]}]},{"kind":"block","type":"code-line","key":"a9280fa8472f4f68b0e4c9ff139de8e2","isVoid":false,"data":{},"nodes":[{"kind":"text","key":"027e9e2c41b44f6687a881de91ccc465","ranges":[{"kind":"range","marks":[],"text":"c18"}]}]},{"kind":"block","type":"code-line","key":"ebb782d74659489ab10de55ac139ee62","isVoid":false,"data":{},"nodes":[{"kind":"text","key":"c8100ce8629d4e7f9040a6e1609cc8bd","ranges":[{"kind":"range","marks":[],"text":"c19"}]}]},{"kind":"block","type":"code-line","key":"942eb9420f4d432d8f31d93dec34db7e","isVoid":false,"data":{},"nodes":[{"kind":"text","key":"13337b7a74c3487daf3a7a24d8ff3437","ranges":[{"kind":"range","marks":[],"text":"c20"}]}]},{"kind":"block","type":"code-line","key":"d4bf2986014b457b82240cf730476093","isVoid":false,"data":{},"nodes":[{"kind":"text","key":"a1ca56e5bc594b9aa867b9c5269ca9c4","ranges":[{"kind":"range","marks":[],"text":"c21"}]}]},{"kind":"block","type":"code-line","key":"f132a6a8ba03478c9f34b7a052fc883d","isVoid":false,"data":{},"nodes":[{"kind":"text","key":"79a2424a7b09447196d4c88d74943681","ranges":[{"kind":"range","marks":[],"text":"c22"}]}]},{"kind":"block","type":"code-line","key":"eaf968c58ba145c38c547b6cee23f06d","isVoid":false,"data":{},"nodes":[{"kind":"text","key":"23264a03d82742f688cc5157bf1ac7a7","ranges":[{"kind":"range","marks":[],"text":"c23"}]}]},{"kind":"block","type":"code-line","key":"23dceebed1d94d198009199d8c0b0965","isVoid":false,"data":{},"nodes":[{"kind":"text","key":"63bae6689a4d4e8c99643b49c6ad6670","ranges":[{"kind":"range","marks":[],"text":"c24"}]}]},{"kind":"block","type":"code-line","key":"2e8230255f5440f78d3d983f67c30362","isVoid":false,"data":{},"nodes":[{"kind":"text","key":"b33123faa42e4fa69ae032179e408acb","ranges":[{"kind":"range","marks":[],"text":"c25"}]}]},{"kind":"block","type":"code-line","key":"5dfc6f1f89fa42c5aecbe037fdf4e696","isVoid":false,"data":{},"nodes":[{"kind":"text","key":"154aa61fbd9949af96437d81095bf5e7","ranges":[{"kind":"range","marks":[],"text":"c26"}]}]},{"kind":"block","type":"code-line","key":"6862c10588744784b8e26a1773b8768a","isVoid":false,"data":{},"nodes":[{"kind":"text","key":"8b828fa792834e5c87a3461e734fe9d8","ranges":[{"kind":"range","marks":[],"text":"c27"}]}]},{"kind":"block","type":"code-line","key":"6858f73ccc8748399a0785bdc47fc8c5","isVoid":false,"data":{},"nodes":[{"kind":"text","key":"3d1ebc0384df48e08778963ca3123af8","ranges":[{"kind":"range","marks":[],"text":"c28"}]}]},{"kind":"block","type":"code-line","key":"bb1243751bf44e3386cc61f2995f5ef8","isVoid":false,"data":{},"nodes":[{"kind":"text","key":"63f79eaf46464f5cb889a7d144e912df","ranges":[{"kind":"range","marks":[],"text":"c29"}]}]},{"kind":"block","type":"code-line","key":"11764f46ba6047489b9f2dd437bef952","isVoid":false,"data":{},"nodes":[{"kind":"text","key":"283fce8bf0ac40639527d39f0c1ffcfa","ranges":[{"kind":"range","marks":[],"text":"c30"}]}]},{"kind":"block","type":"code-line","key":"8bbd775de3eb44a4b0912112059da4b9","isVoid":false,"data":{},"nodes":[{"kind":"text","key":"ffc96d2a30ff47b199bf738fa7a81530","ranges":[{"kind":"range","marks":[],"text":"c31"}]}]}]}]},{"kind":"block","type":"code","key":"508b55f5c20a4741880d99dbb13fed43","isVoid":false,"data":{},"nodes":[{"kind":"block","type":"code-tab","key":"43f6035e2c214ae3b8098d81c2f7f90f","isVoid":false,"data":{"syntax":"sql","title":"file: connections (edges)"},"nodes":[{"kind":"block","type":"code-line","key":"89ed52dccf6d4493b5dd1b07576126a5","isVoid":false,"data":{},"nodes":[{"kind":"text","key":"377397ffaeeb4318be8094fc566a7a72","ranges":[{"kind":"range","marks":[],"text":"c1,c2,16.0,3"}]}]},{"kind":"block","type":"code-line","key":"698a288486ee497889353c24b94bc7f0","isVoid":false,"data":{},"nodes":[{"kind":"text","key":"c13166069c97489dacbbe0b54c6a838f","ranges":[{"kind":"range","marks":[],"text":"c1,c3,64.0,3"}]}]},{"kind":"block","type":"code-line","key":"d1d0c50f9bcf4ba0a2820cc8db9b4aa1","isVoid":false,"data":{},"nodes":[{"kind":"text","key":"6a497219595d47b8a31f15c9a6b4832c","ranges":[{"kind":"range","marks":[],"text":"c1,c4,64.0,2"}]}]},{"kind":"block","type":"code-line","key":"67950f5d290a42fbb12acd42bcddce52","isVoid":false,"data":{},"nodes":[{"kind":"text","key":"eb5549987c0b43a68939053a7cc891fc","ranges":[{"kind":"range","marks":[],"text":"c1,c5,16.5,3"}]}]},{"kind":"block","type":"code-line","key":"2f644c799d584daa98c41487c327fa15","isVoid":false,"data":{},"nodes":[{"kind":"text","key":"15801135fd6d45acbb9029605d0627f4","ranges":[{"kind":"range","marks":[],"text":"c1,c6,64.3,3"}]}]},{"kind":"block","type":"code-line","key":"657da0bdd865440b8a215224821cb6cf","isVoid":false,"data":{},"nodes":[{"kind":"text","key":"5f8289d675914d7fbbf64c74f46d3764","ranges":[{"kind":"range","marks":[],"text":"c1,c7,3.2,3"}]}]},{"kind":"block","type":"code-line","key":"4b213eb5b97345d9b3f411fd62ef8f38","isVoid":false,"data":{},"nodes":[{"kind":"text","key":"3843981fc808432c86cfd7d69260b0cd","ranges":[{"kind":"range","marks":[],"text":"c1,c8,-3.5,3"}]}]},{"kind":"block","type":"code-line","key":"f9b76f5555b44e608a7458cceb2cf381","isVoid":false,"data":{},"nodes":[{"kind":"text","key":"22216639419a4e9f949eba4ba8471af1","ranges":[{"kind":"range","marks":[],"text":"c1,c9,-5.1,1"}]}]},{"kind":"block","type":"code-line","key":"7f2ff1f23ab94d67afe8dc1433d4a9de","isVoid":false,"data":{},"nodes":[{"kind":"text","key":"5ffd98e0249849feae6dbff465c4ace6","ranges":[{"kind":"range","marks":[],"text":"c1,c10,15.5,3"}]}]},{"kind":"block","type":"code-line","key":"1c176c73e01e425898085f2a0e09bd9c","isVoid":false,"data":{},"nodes":[{"kind":"text","key":"432e57aae82346088a237fd8a98ccd83","ranges":[{"kind":"range","marks":[],"text":"c1,c10,.5,1"}]}]},{"kind":"block","type":"code-line","key":"1186267bad114264acbe0e48c6ebd4d1","isVoid":false,"data":{},"nodes":[{"kind":"text","key":"d718b6079244493eb8fb63b9e334713c","ranges":[{"kind":"range","marks":[],"text":"c1,c10,126,3"}]}]},{"kind":"block","type":"code-line","key":"21ff89a0348442ac8ae1d2f4e7071ab3","isVoid":false,"data":{},"nodes":[{"kind":"text","key":"697b2b6750094f728062aed395b5607f","ranges":[{"kind":"range","marks":[],"text":"c10,c11,16,3"}]}]},{"kind":"block","type":"code-line","key":"02551c376b05401bbc123ba485007535","isVoid":false,"data":{},"nodes":[{"kind":"text","key":"9151eaf24c64490b84401a21b8d9d1bc","ranges":[{"kind":"range","marks":[],"text":"c11,c12,.5,3"}]}]},{"kind":"block","type":"code-line","key":"cf530ee394b140f7b30c842137ddee56","isVoid":false,"data":{},"nodes":[{"kind":"text","key":"88eac8df975d4689a077b12d16e1b061","ranges":[{"kind":"range","marks":[],"text":"c12,c13,-0.5,3"}]}]},{"kind":"block","type":"code-line","key":"bab42c8dc25e45f3b976d5669615fe51","isVoid":false,"data":{},"nodes":[{"kind":"text","key":"79ccbed2189943d98c6ec9ba867ece59","ranges":[{"kind":"range","marks":[],"text":"c12,c14,0.16,4"}]}]},{"kind":"block","type":"code-line","key":"960c02a3a4bb47b0854d645555501a8c","isVoid":false,"data":{},"nodes":[{"kind":"text","key":"6a49ee5720e84598a70ec02ef2aebe99","ranges":[{"kind":"range","marks":[],"text":"c12,c15,1e2,3"}]}]},{"kind":"block","type":"code-line","key":"e5d4f0de9a5a459fa8da8ae1a45a4f03","isVoid":false,"data":{},"nodes":[{"kind":"text","key":"0348d1ebb3f344ec9e8cac5d41be137a","ranges":[{"kind":"range","marks":[],"text":"c12,c16,3.516e3,3"}]}]},{"kind":"block","type":"code-line","key":"ae7bf223770849a29c3c1df2b7d0437d","isVoid":false,"data":{},"nodes":[{"kind":"text","key":"ce6b1ea491b64924af19b0e018dd4b58","ranges":[{"kind":"range","marks":[],"text":"c12,c17,5.12e-3,2"}]}]},{"kind":"block","type":"code-line","key":"40dfb3cb7f8a4344a743f59b5c3936d6","isVoid":false,"data":{},"nodes":[{"kind":"text","key":"418c761d6eaa4c79bb58663e96667283","ranges":[{"kind":"range","marks":[],"text":"c12,c18,-2.34e-5,1"}]}]},{"kind":"block","type":"code-line","key":"4375f9bf87fb4896a926cd3e198e40de","isVoid":false,"data":{},"nodes":[{"kind":"text","key":"5c76fa397efd443e9ba66dbe351d7a31","ranges":[{"kind":"range","marks":[],"text":"c12,c19,-0.000000000234,5"}]}]},{"kind":"block","type":"code-line","key":"79a21a5d815749f5964020e0f256ccf3","isVoid":false,"data":{},"nodes":[{"kind":"text","key":"839cba006b6e4fe6986f4cd19c30cc86","ranges":[{"kind":"range","marks":[],"text":"c12,c20,0.000123e-5,4"}]}]},{"kind":"block","type":"code-line","key":"3928e509cae046479a4f20ba97fc2b78","isVoid":false,"data":{},"nodes":[{"kind":"text","key":"23e0df0f8ffa4dc0863048e48fd96373","ranges":[{"kind":"range","marks":[],"text":"c12,c21,1000e3,1"}]}]},{"kind":"block","type":"code-line","key":"7fa9033705b14561b51368c9f46c0d66","isVoid":false,"data":{},"nodes":[{"kind":"text","key":"6caf5a017d7b4dadb5df43c5aaa8ff0b","ranges":[{"kind":"range","marks":[],"text":"c12,c22,0.000123e10,1"}]}]},{"kind":"block","type":"code-line","key":"0ce28fdfd61b49a29109dc14a3250d3d","isVoid":false,"data":{},"nodes":[{"kind":"text","key":"b9adebb67d114f1cb9657146d476c71e","ranges":[{"kind":"range","marks":[],"text":"c14,c23,123456e-6,1"}]}]},{"kind":"block","type":"code-line","key":"a3cf8aaf48954c1a9d3dc4351f12719a","isVoid":false,"data":{},"nodes":[{"kind":"text","key":"619418044e2243e780b4d25f3762765b","ranges":[{"kind":"range","marks":[],"text":"c14,c24,123456e5,3"}]}]},{"kind":"block","type":"code-line","key":"c291ccd002654f39bbc0c0d6a884b9ed","isVoid":false,"data":{},"nodes":[{"kind":"text","key":"791278efb7eb4e13965984fd1c259e4f","ranges":[{"kind":"range","marks":[],"text":"c23,c24,64,2"}]}]},{"kind":"block","type":"code-line","key":"841008619c2b46c593d7e7be2a0444fe","isVoid":false,"data":{},"nodes":[{"kind":"text","key":"a3f0a55c7d06444da098c4fd937cbdb7","ranges":[{"kind":"range","marks":[],"text":"c23,c25,16,2"}]}]},{"kind":"block","type":"code-line","key":"8be752f252a54fe8a949fd994f640c93","isVoid":false,"data":{},"nodes":[{"kind":"text","key":"1a419535c6104cf5949480cc8421768c","ranges":[{"kind":"range","marks":[],"text":"c23,c26,32,2"}]}]},{"kind":"block","type":"code-line","key":"bdcf706de36e4943b1db59e21304a7c4","isVoid":false,"data":{},"nodes":[{"kind":"text","key":"18501909a5e944f58d0d901279a320a1","ranges":[{"kind":"range","marks":[],"text":"c23,c27,16,2"}]}]},{"kind":"block","type":"code-line","key":"33e6d20799594433aca3fa5bec2b2a5d","isVoid":false,"data":{},"nodes":[{"kind":"text","key":"b2a7264c49ec4471b53ff7a9e9fc7cd6","ranges":[{"kind":"range","marks":[],"text":"c23,c28,3,1"}]}]},{"kind":"block","type":"code-line","key":"16b9859370f8424f925ac7661f3218f4","isVoid":false,"data":{},"nodes":[{"kind":"text","key":"962488a302f2413aa9d7b1ca40215765","ranges":[{"kind":"range","marks":[],"text":"c23,c29,32,2"}]}]},{"kind":"block","type":"code-line","key":"67bfc2ed50ac4b55a1c2ccf41d1a4fd3","isVoid":false,"data":{},"nodes":[{"kind":"text","key":"acebafcb583845c1a716a9ae1bbf939f","ranges":[{"kind":"range","marks":[],"text":"c23,c30,16,2"}]}]},{"kind":"block","type":"code-line","key":"21e6463c249b4b18b08d1f3965c85363","isVoid":false,"data":{},"nodes":[{"kind":"text","key":"cb37a3f56764401f9bc268c7071517a0","ranges":[{"kind":"range","marks":[],"text":"c23,c25,3,2"}]}]},{"kind":"block","type":"code-line","key":"0b1ea54c10dc43be94d1fbb3eb74d849","isVoid":false,"data":{},"nodes":[{"kind":"text","key":"0936d2c5bd4149f3961ac63284e8cc5a","ranges":[{"kind":"range","marks":[],"text":"c23,c26,3,2"}]}]},{"kind":"block","type":"code-line","key":"395df5d699584a87b6b096cbb2eafba3","isVoid":false,"data":{},"nodes":[{"kind":"text","key":"5edefac0fc3a447a9aa77a991fded8f7","ranges":[{"kind":"range","marks":[],"text":"c23,c27,64,2"}]}]},{"kind":"block","type":"code-line","key":"536866ee9908401c8fb79fe89ff3909b","isVoid":false,"data":{},"nodes":[{"kind":"text","key":"c206ee7fc78c456fbdbc9bbe18ea145c","ranges":[{"kind":"range","marks":[],"text":"c23,c28,32,2"}]}]},{"kind":"block","type":"code-line","key":"4a3623a1dd0344e68c5b7a4f93b81c84","isVoid":false,"data":{},"nodes":[{"kind":"text","key":"b4d7e42a4bba4cd995500aaab1e06de7","ranges":[{"kind":"range","marks":[],"text":"c23,c29,3,2"}]}]},{"kind":"block","type":"code-line","key":"8f709aea969e4cc1bce2b18155050e84","isVoid":false,"data":{},"nodes":[{"kind":"text","key":"207845b61b08407894832b81a6f94ea9","ranges":[{"kind":"range","marks":[],"text":"c23,c30,3,2"}]}]},{"kind":"block","type":"code-line","key":"143f3665e5e34b01aded62a9faf1b405","isVoid":false,"data":{},"nodes":[{"kind":"text","key":"25bf714b39ac48fe92909e0da80158bb","ranges":[{"kind":"range","marks":[],"text":"c23,c31,32,2"}]}]},{"kind":"block","type":"code-line","key":"12b08016f8614d30a1190e4ab1c6f252","isVoid":false,"data":{},"nodes":[{"kind":"text","key":"6829c0712e4d4e9894c616ec010bd611","ranges":[{"kind":"range","marks":[],"text":"c4,c23,16,2"}]}]},{"kind":"block","type":"code-line","key":"f77f4c25356b4c13b519521f51c3ddf5","isVoid":false,"data":{},"nodes":[{"kind":"text","key":"03936e39d1e64303aa431e8a2127a438","ranges":[{"kind":"range","marks":[],"text":"c4,c23,32,2"}]}]},{"kind":"block","type":"code-line","key":"69f08eecbaea499b9e9b848d343484af","isVoid":false,"data":{},"nodes":[{"kind":"text","key":"65b89db2ad494d6c81d4a7685e9fede4","ranges":[{"kind":"range","marks":[],"text":"c4,c23,64,2"}]}]},{"kind":"block","type":"code-line","key":"2aebe3bdb9804df0b33cdf83c4f251ea","isVoid":false,"data":{},"nodes":[{"kind":"text","key":"21542fd49acb43ff80cac77dab608745","ranges":[{"kind":"range","marks":[],"text":"c4,c23,3,2"}]}]}]}]},{"kind":"block","type":"heading-1","key":"fb315cdcb391422883361f72fb48b598","isVoid":false,"data":{},"nodes":[{"kind":"text","key":"4b29fd115d4c410ba4be2bfbaed6046f","ranges":[{"kind":"range","marks":[{"kind":"mark","data":{},"type":"bold"}],"text":"minimalNet"}]}]},{"kind":"block","type":"code","key":"d0e8b4789a9446f694ddddddbea7c133","isVoid":false,"data":{},"nodes":[{"kind":"block","type":"code-tab","key":"e89b050365a442ca813b451f889e625c","isVoid":false,"data":{"syntax":"sql","title":"graph_create.gsql for minimalNet"},"nodes":[{"kind":"block","type":"code-line","key":"6afe5ba6d3e64824919d1a7584219d44","isVoid":false,"data":{},"nodes":[{"kind":"text","key":"4b887ab2e92741af8ee36935b8cf6b45","ranges":[{"kind":"range","marks":[],"text":"DROP ALL"}]}]},{"kind":"block","type":"code-line","key":"e7863a6482884c98920d9a18b47f2420","isVoid":false,"data":{},"nodes":[{"kind":"text","key":"529fd4f30dee4254892009e5f1d9f6f7","ranges":[{"kind":"range","marks":[],"text":"CREATE VERTEX testV(PRIMARY_ID id STRING)"}]}]},{"kind":"block","type":"code-line","key":"e18eff9501154e8386489783f3ee47c3","isVoid":false,"data":{},"nodes":[{"kind":"text","key":"21c6f27ee7044ea9a9d53b9c78d1b50f","ranges":[{"kind":"range","marks":[],"text":"CREATE UNDIRECTED EDGE testE(FROM testV, TO testV)"}]}]},{"kind":"block","type":"code-line","key":"0f2d003727014f329fce60e6bd66eeb9","isVoid":false,"data":{},"nodes":[{"kind":"text","key":"8afbb16d75944d4b9949bf22b11ff631","ranges":[{"kind":"range","marks":[],"text":"CREATE GRAPH minimalNet(*)"}]}]}]}]},{"kind":"block","type":"paragraph","key":"87eb067744244e92b0a51fc8fb03e5a5","isVoid":false,"data":{},"nodes":[{"kind":"text","key":"57b3a9bc2e104db1bdf1a5a2d6f5b2a8","ranges":[{"kind":"range","marks":[],"text":" There is no loading job or data for minimalNet (hence, \"minimal.\")"}]}]},{"kind":"block","type":"heading-1","key":"03de8b5fa3a34cc99cb98511b4c55449","isVoid":false,"data":{},"nodes":[{"kind":"text","key":"7a52f1b4828d419a9c472a80bc97c284","ranges":[{"kind":"range","marks":[{"kind":"mark","data":{},"type":"bold"}],"text":"investmentNet"}]}]},{"kind":"block","type":"code","key":"33dd3b53f7f3455e8145c1e1983ed062","isVoid":false,"data":{},"nodes":[{"kind":"block","type":"code-tab","key":"4eb37c407a094652a7055dbcccca71cd","isVoid":false,"data":{"syntax":"sql","title":"graph_create.gsql for investmentNet"},"nodes":[{"kind":"block","type":"code-line","key":"284edfe34ac04b48bf9543172fc4a9bb","isVoid":false,"data":{},"nodes":[{"kind":"text","key":"bf9c1962cd74404d8fafc89347f62851","ranges":[{"kind":"range","marks":[],"text":"# Updated 5/1/18 for v2.0"}]}]},{"kind":"block","type":"code-line","key":"4e57112518ac4cd3b573ab00c5711233","isVoid":false,"data":{},"nodes":[{"kind":"text","key":"7d8e6d0ba07b41f191a88b554362cd8f","ranges":[{"kind":"range","marks":[],"text":"DROP ALL"}]}]},{"kind":"block","type":"code-line","key":"c29532e348b34a70960e0271d537ed10","isVoid":false,"data":{},"nodes":[{"kind":"text","key":"fcb598cdf17345b1b55e786466ec7187","ranges":[{"kind":"range","marks":[],"text":"TYPEDEF TUPLE <age UINT (4), mothersName STRING(20) > SECRET_INFO"}]}]},{"kind":"block","type":"code-line","key":"4de6a4b9d18447a193b3e6460fe15277","isVoid":false,"data":{},"nodes":[{"kind":"text","key":"40c1d550b1b5440099bed624683aeedf","ranges":[{"kind":"range","marks":[],"text":"CREATE VERTEX person(PRIMARY_ID personId STRING, portfolio MAP<STRING, DOUBLE>, secretInfo SECRET_INFO)"}]}]},{"kind":"block","type":"code-line","key":"2c3d9218399245839f698a066fb1b222","isVoid":false,"data":{},"nodes":[{"kind":"text","key":"495ec8c649e14f86a09a935254b61476","ranges":[{"kind":"range","marks":[],"text":"CREATE VERTEX stockOrder(PRIMARY_ID orderId STRING, ticker STRING, orderSize UINT, price FLOAT)"}]}]},{"kind":"block","type":"code-line","key":"30f0da3de62a49f6b44ee9574c05320f","isVoid":false,"data":{},"nodes":[{"kind":"text","key":"5b541e0f71d641ad85944da9de5a3ee3","ranges":[{"kind":"range","marks":[],"text":"CREATE UNDIRECTED EDGE makeOrder(FROM person, TO stockOrder, orderTime DATETIME)"}]}]},{"kind":"block","type":"code-line","key":"5c2afd6e909a45a192d344bdaab71131","isVoid":false,"data":{},"nodes":[{"kind":"text","key":"db33b1ce6a8d4cf0bf35b38259819f7f","ranges":[{"kind":"range","marks":[],"text":"CREATE GRAPH investmentNet (*)"}]}]},{"kind":"block","type":"code-line","key":"03443b32dd2f4596b509a44317ffa334","isVoid":false,"data":{},"nodes":[{"kind":"text","key":"b1427b2bb0704085a74897a96d50fe9c","ranges":[{"kind":"range","marks":[],"text":""}]}]},{"kind":"block","type":"code-line","key":"296e0d4f891d448e8bbe18ef97ef1d01","isVoid":false,"data":{},"nodes":[{"kind":"text","key":"bcb6c4c3a86b4ee7bbd97e0a153540ce","ranges":[{"kind":"range","marks":[],"text":"USE GRAPH investmentNet // v1.2"}]}]},{"kind":"block","type":"code-line","key":"cab5b6c7091b4b42995726fd97308944","isVoid":false,"data":{},"nodes":[{"kind":"text","key":"b98cc92d3186438a84da7077810c0e62","ranges":[{"kind":"range","marks":[],"text":"CREATE LOADING JOB loadPerson FOR GRAPH investmentNet {"}]}]},{"kind":"block","type":"code-line","key":"02b5da04ec1046afb415939300de50fd","isVoid":false,"data":{},"nodes":[{"kind":"text","key":"c24076b86dc04c9dbbae242c9b3e0e76","ranges":[{"kind":"range","marks":[],"text":"  DEFINE FILENAME f;"}]}]},{"kind":"block","type":"code-line","key":"9803b2228573417896bb31b4fd734a5d","isVoid":false,"data":{},"nodes":[{"kind":"text","key":"3de6224f539740f3a0b009e8e41f5825","ranges":[{"kind":"range","marks":[],"text":"    LOAD f"}]}]},{"kind":"block","type":"code-line","key":"d3365a5d25734daab784610c1b3d7645","isVoid":false,"data":{},"nodes":[{"kind":"text","key":"d0e5163824814b37894ce142cb7b120d","ranges":[{"kind":"range","marks":[],"text":"    TO VERTEX person VALUES($0, SPLIT($1, \":\", \";\"), SECRET_INFO( $2, $3 ) );"}]}]},{"kind":"block","type":"code-line","key":"39ff0770843c44af987f3ddcca1035df","isVoid":false,"data":{},"nodes":[{"kind":"text","key":"613acf9dc559484d83b6e156155f5a70","ranges":[{"kind":"range","marks":[],"text":"}"}]}]},{"kind":"block","type":"code-line","key":"5371e795ef7c436b80e105531042b451","isVoid":false,"data":{},"nodes":[{"kind":"text","key":"4e33ec886ed14b8280eea40f2e839546","ranges":[{"kind":"range","marks":[],"text":""}]}]},{"kind":"block","type":"code-line","key":"dcfedaaa54fd4c87b0cc935a90b5db88","isVoid":false,"data":{},"nodes":[{"kind":"text","key":"79054bb8d5b345aa9bac1fa376d1f4f5","ranges":[{"kind":"range","marks":[],"text":"CREATE LOADING JOB loadOrder FOR GRAPH investmentNet {"}]}]},{"kind":"block","type":"code-line","key":"40fc958c177d44c79a79f9ff3f694673","isVoid":false,"data":{},"nodes":[{"kind":"text","key":"425b7367555e4a699fdef149f96c0da0","ranges":[{"kind":"range","marks":[],"text":"  DEFINE FILENAME f;"}]}]},{"kind":"block","type":"code-line","key":"3d1a935a9887438b9bc29f66c42a8d36","isVoid":false,"data":{},"nodes":[{"kind":"text","key":"5965c1b3f3d445afbcbc6beaaaeb7b55","ranges":[{"kind":"range","marks":[],"text":"    LOAD f"}]}]},{"kind":"block","type":"code-line","key":"b994d790f5dc4027a1f416552254f90a","isVoid":false,"data":{},"nodes":[{"kind":"text","key":"f3130f1a4a624496947df1e4eeaee917","ranges":[{"kind":"range","marks":[],"text":"    TO VERTEX stockOrder VALUES($1, $3, $4, $5),"}]}]},{"kind":"block","type":"code-line","key":"67fa0f47559146edbf1e4958c81d87b0","isVoid":false,"data":{},"nodes":[{"kind":"text","key":"287515898dc74a6ebbbf7a8a4fa5ba68","ranges":[{"kind":"range","marks":[],"text":"    TO EDGE makeOrder VALUES($0, $1, $2);"}]}]},{"kind":"block","type":"code-line","key":"d3f255dace564930bd6b867167d92c28","isVoid":false,"data":{},"nodes":[{"kind":"text","key":"da6351666953458c9964cb8726a7fbea","ranges":[{"kind":"range","marks":[],"text":"}"}]}]},{"kind":"block","type":"code-line","key":"a89aedb43eb44adebf0a9a799d6448dd","isVoid":false,"data":{},"nodes":[{"kind":"text","key":"75976f1eb5274149afcbcad13bc7da4d","ranges":[{"kind":"range","marks":[],"text":""}]}]},{"kind":"block","type":"code-line","key":"759846a455e045c9933711af0c1ba9f0","isVoid":false,"data":{},"nodes":[{"kind":"text","key":"1e01f0ad56b74ca9b67d8db33f867a1e","ranges":[{"kind":"range","marks":[],"text":"RUN LOADING JOB loadPerson USING f=\"./persons\""}]}]},{"kind":"block","type":"code-line","key":"3a40541995cd41a1ab7b612095cb553a","isVoid":false,"data":{},"nodes":[{"kind":"text","key":"fce7e7f36a6943b89f6b77752a1e4f5d","ranges":[{"kind":"range","marks":[],"text":"RUN LOADING JOB loadOrder USING f=\"./orders\""}]}]}]}]},{"kind":"block","type":"code","key":"105959c44bc944d096586e2342bebe06","isVoid":false,"data":{},"nodes":[{"kind":"block","type":"code-tab","key":"9b0322831df04a9a8620a3747c34da30","isVoid":false,"data":{"syntax":"sql","title":"file: persons (vertices)"},"nodes":[{"kind":"block","type":"code-line","key":"fafdc93466a4496da94b4ea5346c2885","isVoid":false,"data":{},"nodes":[{"kind":"text","key":"80e5216053734b3382ca098f6e804b0d","ranges":[{"kind":"range","marks":[],"text":"person1,AAPL:3142.24;G:6112.23;MS:5000.00,25,JAMES"}]}]},{"kind":"block","type":"code-line","key":"f19976039d804e12ade7d196ace07dcb","isVoid":false,"data":{},"nodes":[{"kind":"text","key":"a1bc52f3ded94036b586f5e1d3ab9bb0","ranges":[{"kind":"range","marks":[],"text":"person2,A:5242.62;GCI:5331.21;BAH:3200.00,67,SMITH"}]}]},{"kind":"block","type":"code-line","key":"9437d041edcd433e94caa37f8a935241","isVoid":false,"data":{},"nodes":[{"kind":"text","key":"747aaa23cdea4f2aa0830509567934be","ranges":[{"kind":"range","marks":[],"text":"person3,AA:5223.73;P:7935.00;BAK:6923.52,45,WILLIAMS"}]}]},{"kind":"block","type":"code-line","key":"bb6ebb3618e24e918f9c5d8cce683d82","isVoid":false,"data":{},"nodes":[{"kind":"text","key":"8ea2f94385a746cf99f7b5175edb7264","ranges":[{"kind":"range","marks":[],"text":"person4,ACH:3542.62;S:6521.55;BABA:4030.52,51,ANTHONY"}]}]}]}]},{"kind":"block","type":"code","key":"289201ae59e148c3a88a4cbaf58bdfc8","isVoid":false,"data":{},"nodes":[{"kind":"block","type":"code-tab","key":"50a2a228ec5d4244a5c1f232ef6e13d2","isVoid":false,"data":{"syntax":"sql","title":"file: orders (vertices and edges)"},"nodes":[{"kind":"block","type":"code-line","key":"8298cf5a481d4a09840a595f1db72905","isVoid":false,"data":{},"nodes":[{"kind":"text","key":"80d561b6c9b94afbbff2bd1e51b7a411","ranges":[{"kind":"range","marks":[],"text":"person1,0,1488566548,AAPL,500,34.42"}]}]},{"kind":"block","type":"code-line","key":"56c5891bef3041c8a33f6127f1d225f7","isVoid":false,"data":{},"nodes":[{"kind":"text","key":"088a35ce860f4a6ca56aa998c3173220","ranges":[{"kind":"range","marks":[],"text":"person1,1,1488566549,A,210,50.55"}]}]},{"kind":"block","type":"code-line","key":"9f97d61c671b46c6bfcf49e0194e6511","isVoid":false,"data":{},"nodes":[{"kind":"text","key":"3e9ce97bbd6f40b796ce839d486cdedd","ranges":[{"kind":"range","marks":[],"text":"person1,2,1488566550,B,211,202.32"}]}]},{"kind":"block","type":"code-line","key":"340ffa7cbfab48bf9636afd840d79197","isVoid":false,"data":{},"nodes":[{"kind":"text","key":"f193abad16b54283ba7450c0dca5780d","ranges":[{"kind":"range","marks":[],"text":"person2,3,1488566555,S,2,42.44"}]}]},{"kind":"block","type":"code-line","key":"d0d9eb56b9694eaeae3d78f07fb71fa8","isVoid":false,"data":{},"nodes":[{"kind":"text","key":"80df3c57a7f24e9cb5a64485fa2744a0","ranges":[{"kind":"range","marks":[],"text":"person3,4,1488566155,ABC,2,52.44"}]}]},{"kind":"block","type":"code-line","key":"9a21a5df100b4830b47d659ac191286d","isVoid":false,"data":{},"nodes":[{"kind":"text","key":"06f050d8e0f84881b9af7e3fb1ad28d2","ranges":[{"kind":"range","marks":[],"text":"person4,5,1488566255,Z,2,62.34"}]}]},{"kind":"block","type":"code-line","key":"18bd07dd2f8849da90c5c531822e6971","isVoid":false,"data":{},"nodes":[{"kind":"text","key":"600b12b782594577818985bfd24d7624","ranges":[{"kind":"range","marks":[],"text":"person4,6,1488566655,S,2,10.01"}]}]}]}]}]}}