{"format_version":1,"document":{"kind":"document","key":"490ee508279d45bb95ea0d25bbdf36c0","data":{"schema_version":5},"nodes":[{"kind":"block","type":"paragraph","key":"0ef9bf674f1e4fe2816a8f3735578c63","isVoid":false,"data":{},"nodes":[{"kind":"text","key":"58ac4ba9f5a444eb8954ff674b0c0972","ranges":[{"kind":"range","marks":[],"text":"This section describes how the GSQL language responds to exceptions and supports user-defined exception handling . An exception is a run-time error. The GSQL language supports both built-in system exceptions and user-defined exceptions. Built-in exceptions include GSQL language exceptions (such as out-of-range value, wrong data type, and illegal operation), and errors arising in other TigerGraph components or from the operation system."}]}]},{"kind":"block","type":"paragraph","key":"e8759ad16bcb481980f41895644f04a4","isVoid":false,"data":{},"nodes":[{"kind":"text","key":"24530f991f7c478e9bbca487ee6e18b7","ranges":[{"kind":"range","marks":[],"text":"The GSQL query language also supports user-defined exception responses, also known as exception handling.  This section covers the following syntax for user-defined exception behavior:"}]}]},{"kind":"block","type":"code","key":"8d623aebd03a4a21a5b61835dce7efc0","isVoid":false,"data":{},"nodes":[{"kind":"block","type":"code-tab","key":"bde8294938c5438788fb7215ef879d95","isVoid":false,"data":{"syntax":"text"},"nodes":[{"kind":"block","type":"code-line","key":"290520f5de9e465da612a91b2a705884","isVoid":false,"data":{},"nodes":[{"kind":"text","key":"2e569b499829405ca1faf3be3bdd5e17","ranges":[{"kind":"range","marks":[],"text":"#########################################################"}]}]},{"kind":"block","type":"code-line","key":"afc09bf9fb8d4f2eb6e54987ab5b6ba1","isVoid":false,"data":{},"nodes":[{"kind":"text","key":"dd7c9e48be9f435d9edd70f1f94ea71c","ranges":[{"kind":"range","marks":[],"text":"## Exception Statements ##"}]}]},{"kind":"block","type":"code-line","key":"3ca1140bdb714dc3b64daaf30dd2efd0","isVoid":false,"data":{},"nodes":[{"kind":"text","key":"6e116aa0d5fa4cf18ab6039dd07931d5","ranges":[{"kind":"range","marks":[],"text":" "}]}]},{"kind":"block","type":"code-line","key":"8ba6cda45f5141ba8436587acda73cb5","isVoid":false,"data":{},"nodes":[{"kind":"text","key":"34a981c86793452da1fef69a09d2d973","ranges":[{"kind":"range","marks":[],"text":"declExceptStmt := EXCEPTION exceptVarName \"(\" errorCode \")\""}]}]},{"kind":"block","type":"code-line","key":"72d3ee94e38949989f32a03d494fe9fe","isVoid":false,"data":{},"nodes":[{"kind":"text","key":"4a23a4a022e2461d8dbab5c2b08c8138","ranges":[{"kind":"range","marks":[],"text":"exceptVarName  := name"}]}]},{"kind":"block","type":"code-line","key":"d353e3eb723e410e86127f48fb338c82","isVoid":false,"data":{},"nodes":[{"kind":"text","key":"3ead1ac81ff9413d8c41fd3b8b5a1562","ranges":[{"kind":"range","marks":[],"text":"errorCode      := integer"}]}]},{"kind":"block","type":"code-line","key":"9c171718e49145f8941aa069d5a9cf6f","isVoid":false,"data":{},"nodes":[{"kind":"text","key":"5e1769411aef498aa023db59bd9cb3d2","ranges":[{"kind":"range","marks":[],"text":" "}]}]},{"kind":"block","type":"code-line","key":"1bcd9f13ddf84eebae656b7e7a1ce797","isVoid":false,"data":{},"nodes":[{"kind":"text","key":"779d2e27583243109f8711424395b60b","ranges":[{"kind":"range","marks":[],"text":"raiseStmt       := RAISE exceptVarName [errorMsg]"}]}]},{"kind":"block","type":"code-line","key":"3ac1329b4ad8434e922758ca48f66398","isVoid":false,"data":{},"nodes":[{"kind":"text","key":"e78d9e2f11a94e27b9f079451412b7e5","ranges":[{"kind":"range","marks":[],"text":"errorMsg        := \"(\" expr \")\""}]}]},{"kind":"block","type":"code-line","key":"232fc149c5d740519bdd1823782dfe26","isVoid":false,"data":{},"nodes":[{"kind":"text","key":"23c88f7800584465ac5fd3eba9ac33d3","ranges":[{"kind":"range","marks":[],"text":" "}]}]},{"kind":"block","type":"code-line","key":"51b9071cecbe41cf8cae9828670c8581","isVoid":false,"data":{},"nodes":[{"kind":"text","key":"eb9f46e5889e412484ee4a8f4acb5814","ranges":[{"kind":"range","marks":[],"text":"tryStmt         := TRY queryBodyStmts EXCEPTION caseExceptBlock+"}]}]},{"kind":"block","type":"code-line","key":"438e6beb5c0545c8a92dc3681dfc6dc1","isVoid":false,"data":{},"nodes":[{"kind":"text","key":"433d1f75cf21442d8ca31b4954594de3","ranges":[{"kind":"range","marks":[],"text":"                   [elseExceptBlock] END \";\""}]}]},{"kind":"block","type":"code-line","key":"bc03f1451d7748d19b2c6956560f3795","isVoid":false,"data":{},"nodes":[{"kind":"text","key":"0b9ae64988504ea8a28ba83630301e92","ranges":[{"kind":"range","marks":[],"text":"caseExceptBlock := WHEN exceptVarName THEN queryBodyStmts"}]}]},{"kind":"block","type":"code-line","key":"f798d0d6283a47219067acb06783f2f7","isVoid":false,"data":{},"nodes":[{"kind":"text","key":"b3edd8718b524feca2afc1b3f37599d3","ranges":[{"kind":"range","marks":[],"text":"elseExceptBlock := ELSE queryBodyStmts"}]}]}]}]},{"kind":"block","type":"heading-1","key":"c0411e599ba44a5f84c43f537a23320d","isVoid":false,"data":{},"nodes":[{"kind":"text","key":"6f1bb6d41a9548178dd6d4e0e1e545e9","ranges":[{"kind":"range","marks":[{"kind":"mark","data":{},"type":"bold"}],"text":"Default Exception Response"}]}]},{"kind":"block","type":"paragraph","key":"43380b5c175344fc96a8b5a9810e857b","isVoid":false,"data":{},"nodes":[{"kind":"text","key":"ac93e4db0d2045ef93a47a77a6776d41","ranges":[{"kind":"range","marks":[],"text":"When an exception occurs during the execution of a query, the default response is the following:"}]}]},{"kind":"block","type":"list-unordered","key":"3634ee79dd6543f0b87a6d8f5dad7c1b","isVoid":false,"data":{},"nodes":[{"kind":"block","type":"list-item","key":"4709ac955e784848bd0e4791f9cc3c00","isVoid":false,"data":{},"nodes":[{"kind":"block","type":"paragraph","key":"3c5f25335c374d829c85726294d17d0d","isVoid":false,"data":{},"nodes":[{"kind":"text","key":"fcde0ff8ad0e4f2a942df6b6d236eebb","ranges":[{"kind":"range","marks":[],"text":"The query will not execute any more statements; it will exit."}]}]}]},{"kind":"block","type":"list-item","key":"0b96b98cfe8d4bfbb88707bdd12fc3ce","isVoid":false,"data":{},"nodes":[{"kind":"block","type":"paragraph","key":"45b9b52ef24847db87b2740c66fca607","isVoid":false,"data":{},"nodes":[{"kind":"text","key":"b893f785ee644904967645b5b3817e3b","ranges":[{"kind":"range","marks":[],"text":"If the query was run using the RUN QUERY command, then an error message will be displayed."}]}]}]},{"kind":"block","type":"list-item","key":"0963e982f2c94532adcab43c43c106ed","isVoid":false,"data":{},"nodes":[{"kind":"block","type":"paragraph","key":"397c61fd2522433b9a6857c68f3f0816","isVoid":false,"data":{},"nodes":[{"kind":"text","key":"8051644b66c64a26a3ca0f76d5f19e5c","ranges":[{"kind":"range","marks":[],"text":"If the query was run by invoking the GET /query REST++ endpoint, then the output will be a simple JSON object. Some errors have a error \"code\" field; others do no t:"}]}]}]}]},{"kind":"block","type":"code","key":"414bd9927a544f5dae0605ed71b960a4","isVoid":false,"data":{},"nodes":[{"kind":"block","type":"code-tab","key":"e2844503c940479a8e8712249928361a","isVoid":false,"data":{"syntax":"sql","title":"Output of Unhandled Exception (query run as REST Endpoint)"},"nodes":[{"kind":"block","type":"code-line","key":"c1171e7dfbb04f9d8f52afc7b2693bbc","isVoid":false,"data":{},"nodes":[{"kind":"text","key":"414401e502d346cf9b79467669e36607","ranges":[{"kind":"range","marks":[],"text":"{"}]}]},{"kind":"block","type":"code-line","key":"994ceb88e62e42ddbb93d26b677147ad","isVoid":false,"data":{},"nodes":[{"kind":"text","key":"155d7a4444314b3ca39ef26613d71727","ranges":[{"kind":"range","marks":[],"text":"  \"error\": true,"}]}]},{"kind":"block","type":"code-line","key":"7ddccef4110f4336a004d8ad0699c83a","isVoid":false,"data":{},"nodes":[{"kind":"text","key":"bb25c848ff874c9eb1d4312c53d08503","ranges":[{"kind":"range","marks":[],"text":"  \"message\": \"<errorMsg>\""}]}]},{"kind":"block","type":"code-line","key":"d674bd756a6c4c0593895bcc08cb678b","isVoid":false,"data":{},"nodes":[{"kind":"text","key":"aacf5e22b42d451798b3bb37e3e7d421","ranges":[{"kind":"range","marks":[],"text":"  \"code\": \"<errType><errorCode>\""}]}]},{"kind":"block","type":"code-line","key":"0e4b883640634995a3664c97afd04a71","isVoid":false,"data":{},"nodes":[{"kind":"text","key":"c548f795ba6e408b85da168da7264c96","ranges":[{"kind":"range","marks":[],"text":"}"}]}]}]}]},{"kind":"block","type":"paragraph","key":"67d8c9dbfb144e208f0a321989dcd63a","isVoid":false,"data":{},"nodes":[{"kind":"text","key":"fd0370dc9f404316b74aa068968edaba","ranges":[{"kind":"range","marks":[],"text":"The example below show two common errors: wrong data type and divide-by-zero. First we define a simple query that divides 100.0 by the query's input parameter."}]}]},{"kind":"block","type":"code","key":"50867c605ddf4b0aac0afcf85f3d2f92","isVoid":false,"data":{},"nodes":[{"kind":"block","type":"code-tab","key":"f2729da4c67349d3b83b54b3b1cd73bd","isVoid":false,"data":{"syntax":"sql","title":"Example: query excpBuiltin"},"nodes":[{"kind":"block","type":"code-line","key":"ad858a763aff4bb08ed03360441c6df3","isVoid":false,"data":{},"nodes":[{"kind":"text","key":"7a1d4ab0876a4fd18038c6b83c44a5d9","ranges":[{"kind":"range","marks":[],"text":"CREATE QUERY excpBuiltin(INT n1) FOR GRAPH minimalNet {"}]}]},{"kind":"block","type":"code-line","key":"7690116f63374c0db3780cbcd12004d8","isVoid":false,"data":{},"nodes":[{"kind":"text","key":"e495fdcc4fc245528ad8475679cc98b0","ranges":[{"kind":"range","marks":[],"text":"  PRINT 100.0/n1;"}]}]},{"kind":"block","type":"code-line","key":"4ab51f9f26974eebb969b5c47474d947","isVoid":false,"data":{},"nodes":[{"kind":"text","key":"95ca9b1b94bf4c368e8b6b61dfaf60a9","ranges":[{"kind":"range","marks":[],"text":"}"}]}]}]}]},{"kind":"block","type":"paragraph","key":"362888cb90464a43b4e08014c7f69355","isVoid":false,"data":{},"nodes":[{"kind":"text","key":"ac7fbb39605b4d19bead565d830cb660","ranges":[{"kind":"range","marks":[],"text":"We then test three cases:"}]}]},{"kind":"block","type":"list-ordered","key":"d13a5a901a014ba4ba6bf19597030350","isVoid":false,"data":{},"nodes":[{"kind":"block","type":"list-item","key":"00789311b0f54ba29c708c1e3c6a3e90","isVoid":false,"data":{},"nodes":[{"kind":"block","type":"paragraph","key":"e59fdbfb69564fef8457905138b8b7c1","isVoid":false,"data":{},"nodes":[{"kind":"text","key":"abce0cf017c4437096f25d4c1c8a5158","ranges":[{"kind":"range","marks":[],"text":"A valid input (such as n1 = 7)"}]}]}]},{"kind":"block","type":"list-item","key":"23714223818f4105b19b605a69dbff8f","isVoid":false,"data":{},"nodes":[{"kind":"block","type":"paragraph","key":"95c6bc967b2c48808dd9e984798ab1bc","isVoid":false,"data":{},"nodes":[{"kind":"text","key":"96fbe54e5d3848b3a3eb25384b34cd4d","ranges":[{"kind":"range","marks":[],"text":"Wrong data type (n1 = \"A\")"}]}]}]},{"kind":"block","type":"list-item","key":"49c5cf332a684cce8a937bba87afcb8d","isVoid":false,"data":{},"nodes":[{"kind":"block","type":"paragraph","key":"530f26f1342f4373add49c76e0102022","isVoid":false,"data":{},"nodes":[{"kind":"text","key":"f9aa0e59a3cc4dacaf09b0e6a481604a","ranges":[{"kind":"range","marks":[],"text":"Divide by zero (n1 = 0)"}]}]}]}]},{"kind":"block","type":"paragraph","key":"ef084aa7e6f3446ab7344d51eb0e7ff3","isVoid":false,"data":{},"nodes":[{"kind":"text","key":"df52c04bef984b9fa5454bb3378565a2","ranges":[{"kind":"range","marks":[],"text":"First we test using the GSQL interface. When the query runs without error, the output is in JSON format. Where there is a built-in exception, however, only an error message is displayed."}]}]},{"kind":"block","type":"code","key":"7adcbf5ffed6449d93438242b160114f","isVoid":false,"data":{},"nodes":[{"kind":"block","type":"code-tab","key":"6fb8c3025f5c48148646d225878895fe","isVoid":false,"data":{"syntax":"sql","title":"Exception response for RUN QUERY"},"nodes":[{"kind":"block","type":"code-line","key":"06b1fe0fd6ef4b9185d9122f11dc54ab","isVoid":false,"data":{},"nodes":[{"kind":"text","key":"8858a515cd68403a8f1e14ea5dbf6f2d","ranges":[{"kind":"range","marks":[],"text":"GSQL > RUN QUERY excpBuiltin(7)"}]}]},{"kind":"block","type":"code-line","key":"05d6217aaf574cbfb43de72d30dc7e99","isVoid":false,"data":{},"nodes":[{"kind":"text","key":"866607ad84e34cc983d49e9ca3ee093d","ranges":[{"kind":"range","marks":[],"text":"{"}]}]},{"kind":"block","type":"code-line","key":"e536acc5610d4860ae3d415e06102386","isVoid":false,"data":{},"nodes":[{"kind":"text","key":"4129a91e9d6048529bfad63de6b7b624","ranges":[{"kind":"range","marks":[],"text":"  \"error\": false,"}]}]},{"kind":"block","type":"code-line","key":"68d2f5f0d39544c9a9d0938fa2192ecc","isVoid":false,"data":{},"nodes":[{"kind":"text","key":"fe7ac544f28e4fb8826de8c1e422275a","ranges":[{"kind":"range","marks":[],"text":"  \"message\": \"\","}]}]},{"kind":"block","type":"code-line","key":"323004496c0c4e8f8f748394ed12f81e","isVoid":false,"data":{},"nodes":[{"kind":"text","key":"0ba531ccf1c44a6fa072e9345ecb7701","ranges":[{"kind":"range","marks":[],"text":"  \"version\": {"}]}]},{"kind":"block","type":"code-line","key":"ec471fd5c5fa42db80dde08060a7175f","isVoid":false,"data":{},"nodes":[{"kind":"text","key":"f4ebc90c57ff49a988712b0261c90e38","ranges":[{"kind":"range","marks":[],"text":"    \"schema\": 0,"}]}]},{"kind":"block","type":"code-line","key":"9fef6bd5651047dd843be7e8e0928d9d","isVoid":false,"data":{},"nodes":[{"kind":"text","key":"1085bb55aca24821867e7359db13828b","ranges":[{"kind":"range","marks":[],"text":"    \"api\": \"v2\""}]}]},{"kind":"block","type":"code-line","key":"4beacf658fed4c89a5890a6313275372","isVoid":false,"data":{},"nodes":[{"kind":"text","key":"46527fe5b74a41a3a58756fb0a7e6be5","ranges":[{"kind":"range","marks":[],"text":"  },"}]}]},{"kind":"block","type":"code-line","key":"b1abb199ca1749779b7de2e2f506e2a2","isVoid":false,"data":{},"nodes":[{"kind":"text","key":"2ee212088471423ca65128b69b1458f7","ranges":[{"kind":"range","marks":[],"text":"  \"results\": [{\"100.0/n1\": 14.28571}]"}]}]},{"kind":"block","type":"code-line","key":"f7e93a4fa26d4d89b965299b1472f46a","isVoid":false,"data":{},"nodes":[{"kind":"text","key":"f9990d4aa93a4e77ae014d88bd12d57e","ranges":[{"kind":"range","marks":[],"text":"}"}]}]},{"kind":"block","type":"code-line","key":"d24993163ce0484dafac1543c68f1b68","isVoid":false,"data":{},"nodes":[{"kind":"text","key":"a6917dd893b641c58588dc9e09a79a42","ranges":[{"kind":"range","marks":[],"text":""}]}]},{"kind":"block","type":"code-line","key":"2a17917776f6403fb6c73ba173fba692","isVoid":false,"data":{},"nodes":[{"kind":"text","key":"e24081dbcd0246079dbfd94f71375d4f","ranges":[{"kind":"range","marks":[],"text":"GSQL > RUN QUERY excpBuiltin(\"a\")"}]}]},{"kind":"block","type":"code-line","key":"4209fa42441b443e88b8d99754950811","isVoid":false,"data":{},"nodes":[{"kind":"text","key":"450abfdb40ff498eb3b89e46ff09de3c","ranges":[{"kind":"range","marks":[],"text":"Values of parameter n1 must be INT64 type, invalid value [a] provided."}]}]},{"kind":"block","type":"code-line","key":"695d3eac90384ba78844c3b0d10db56a","isVoid":false,"data":{},"nodes":[{"kind":"text","key":"ab816cd9e69f4f788d52a964570cce19","ranges":[{"kind":"range","marks":[],"text":""}]}]},{"kind":"block","type":"code-line","key":"217c401c33984ed9b7f6880745060996","isVoid":false,"data":{},"nodes":[{"kind":"text","key":"5fea1ea21f0e4cdd9aff1646afb3c012","ranges":[{"kind":"range","marks":[],"text":"GSQL > RUN QUERY excpBuiltin(0)"}]}]},{"kind":"block","type":"code-line","key":"7cdecb328c364eec8754671a3804c23a","isVoid":false,"data":{},"nodes":[{"kind":"text","key":"58903fa59ac341569c84cf0322011861","ranges":[{"kind":"range","marks":[],"text":"Runtime Error: divider is zero."}]}]}]}]},{"kind":"block","type":"paragraph","key":"e76e09de2d26493ba7a3abea5b3a3155","isVoid":false,"data":{},"nodes":[{"kind":"text","key":"890af21f7cf84d79aeb2fc4ed0e1aab5","ranges":[{"kind":"range","marks":[],"text":"The situation is a little different when running the query as a REST++ endpoint. The output is always in JSON format."}]}]},{"kind":"block","type":"hint","key":"34fe19941b9a4fa394938a837dcdee1c","isVoid":false,"data":{"style":"danger"},"nodes":[{"kind":"block","type":"paragraph","key":"2961cc4b5bc94e2582d38cf3a4dd392e","isVoid":false,"data":{},"nodes":[{"kind":"text","key":"d573c8f6df3c4e0681472974b5ceaf53","ranges":[{"kind":"range","marks":[],"text":" As of TigerGraph v1.2, the format for the GET /query endpoint has changed.  The graph name must now be specified after /query: \n"},{"kind":"range","marks":[{"kind":"mark","data":{},"type":"code"}],"text":"/query/{graph_name}/{query_name}"}]}]}]},{"kind":"block","type":"code","key":"329e76c364d5475fb5073fd405e786d5","isVoid":false,"data":{},"nodes":[{"kind":"block","type":"code-tab","key":"3fda4cb1654748e39d92b17a4d0624b0","isVoid":false,"data":{"syntax":"sql","title":"Exception response for GET /query request"},"nodes":[{"kind":"block","type":"code-line","key":"8119f92471554252ac53729d29c5287d","isVoid":false,"data":{},"nodes":[{"kind":"text","key":"5b151954f78349538a2c8d7288f00ca9","ranges":[{"kind":"range","marks":[],"text":"$ curl -X GET \"http://localhost:9000/query/minimalNet/excpBuiltin?n1=7\""}]}]},{"kind":"block","type":"code-line","key":"2159c46fe0ad4e11a325a1afd41b74ba","isVoid":false,"data":{},"nodes":[{"kind":"text","key":"a73ecf121bc5404187580edba4a3c1ba","ranges":[{"kind":"range","marks":[],"text":"{"}]}]},{"kind":"block","type":"code-line","key":"611e52ef80b34c41909b4cf595afe153","isVoid":false,"data":{},"nodes":[{"kind":"text","key":"677980c1711b4e5391077507750504c9","ranges":[{"kind":"range","marks":[],"text":"    \"error\": false,"}]}]},{"kind":"block","type":"code-line","key":"2031a007f3024ebbbde63ba66cda443d","isVoid":false,"data":{},"nodes":[{"kind":"text","key":"52606a673b9e4b649ec6bbcb7b2b4187","ranges":[{"kind":"range","marks":[],"text":"    \"message\": \"\","}]}]},{"kind":"block","type":"code-line","key":"31e7f870f23849cc846e3e9a4ab09783","isVoid":false,"data":{},"nodes":[{"kind":"text","key":"4d91fbf6a4c24797a8c6e4e63402d233","ranges":[{"kind":"range","marks":[],"text":"    \"results\": ["}]}]},{"kind":"block","type":"code-line","key":"841dda58a73d4c7e85a85e2394ffcdef","isVoid":false,"data":{},"nodes":[{"kind":"text","key":"a60ed7aa97754d958b4ca78bc2f1e107","ranges":[{"kind":"range","marks":[],"text":"        {"}]}]},{"kind":"block","type":"code-line","key":"f316a19c5a2542eb99294b6c6d9e00a9","isVoid":false,"data":{},"nodes":[{"kind":"text","key":"3e25754a0c1143d39e9e3f0822dd42cf","ranges":[{"kind":"range","marks":[],"text":"            \"100.0/n1\": 14.28571"}]}]},{"kind":"block","type":"code-line","key":"f16893b01f9a451c9fd2e8becafde95e","isVoid":false,"data":{},"nodes":[{"kind":"text","key":"023488c5290f468085e25cd6838a7cc7","ranges":[{"kind":"range","marks":[],"text":"        }"}]}]},{"kind":"block","type":"code-line","key":"1e03378fe44d4385aa40f80aa677d84e","isVoid":false,"data":{},"nodes":[{"kind":"text","key":"cadea512fee045a6b96896b9e7280a5a","ranges":[{"kind":"range","marks":[],"text":"    ],"}]}]},{"kind":"block","type":"code-line","key":"4a1b3318d57e4f8483c972c4b8596dfe","isVoid":false,"data":{},"nodes":[{"kind":"text","key":"de45c6cecdff482f9cef7c68274cddfc","ranges":[{"kind":"range","marks":[],"text":"    \"version\": {"}]}]},{"kind":"block","type":"code-line","key":"c09a573a358d4085af000fd74b14d02e","isVoid":false,"data":{},"nodes":[{"kind":"text","key":"dfa08b1c76a4438f8b2d0da7a6dbe394","ranges":[{"kind":"range","marks":[],"text":"        \"api\": \"v2\","}]}]},{"kind":"block","type":"code-line","key":"f45539d8d4c64fca91fd6686852aed02","isVoid":false,"data":{},"nodes":[{"kind":"text","key":"4fb55621487d42748f283bf0d1d2920c","ranges":[{"kind":"range","marks":[],"text":"        \"schema\": 0"}]}]},{"kind":"block","type":"code-line","key":"38a6d4694c7e4908a80f419097347f8d","isVoid":false,"data":{},"nodes":[{"kind":"text","key":"adf7d92f6596445ba3f4bc3433cb553c","ranges":[{"kind":"range","marks":[],"text":"    }"}]}]},{"kind":"block","type":"code-line","key":"73da887cc27b46be8fd5c1fa5706af13","isVoid":false,"data":{},"nodes":[{"kind":"text","key":"9172b00b4ad740d7a991171b107e681a","ranges":[{"kind":"range","marks":[],"text":"}"}]}]},{"kind":"block","type":"code-line","key":"cecc979f51bc4a9fa751d7295db72493","isVoid":false,"data":{},"nodes":[{"kind":"text","key":"640e964ee66b4066845bdb6a77a50862","ranges":[{"kind":"range","marks":[],"text":""}]}]},{"kind":"block","type":"code-line","key":"f9d5bd4bda164f1e9ca694707b941359","isVoid":false,"data":{},"nodes":[{"kind":"text","key":"3596293881f84009b244871b29577ca7","ranges":[{"kind":"range","marks":[],"text":"$ curl -X GET \"http://localhost:9000/query/minimalNet/excpBuiltin?n1=a\""}]}]},{"kind":"block","type":"code-line","key":"e503f3b93f74435d8152ea1b399cbb7e","isVoid":false,"data":{},"nodes":[{"kind":"text","key":"6fbfa4224e704336822474aca869bf4c","ranges":[{"kind":"range","marks":[],"text":"{"}]}]},{"kind":"block","type":"code-line","key":"4fa748a80f164869b6067e0eca6483fa","isVoid":false,"data":{},"nodes":[{"kind":"text","key":"fe8803b35fa94162a280e2757089c79b","ranges":[{"kind":"range","marks":[],"text":"    \"code\": \"REST-30000\","}]}]},{"kind":"block","type":"code-line","key":"39a69645922741cb9b3e2716c92989c8","isVoid":false,"data":{},"nodes":[{"kind":"text","key":"fcd7d03ffbcd4d8ab820feea60d13ce1","ranges":[{"kind":"range","marks":[],"text":"    \"error\": true,"}]}]},{"kind":"block","type":"code-line","key":"9845d1c412b8498c890b75e581c7a1b6","isVoid":false,"data":{},"nodes":[{"kind":"text","key":"aef4b534f23742f1a7c31a18b9fd7af7","ranges":[{"kind":"range","marks":[],"text":"    \"message\": \"Values of parameter n1 must be INT64 type, invalid value [a] provided.\","}]}]},{"kind":"block","type":"code-line","key":"1d6290994e2a469298ccce73151b8e2c","isVoid":false,"data":{},"nodes":[{"kind":"text","key":"fd571ca2cf564afaa14d8d41d9aee780","ranges":[{"kind":"range","marks":[],"text":"    \"version\": {"}]}]},{"kind":"block","type":"code-line","key":"7c49cd698d3d49d0b5802bda1bd9f79d","isVoid":false,"data":{},"nodes":[{"kind":"text","key":"2e0e100fffa843c690d511db5e3ad0ea","ranges":[{"kind":"range","marks":[],"text":"        \"api\": \"v2\","}]}]},{"kind":"block","type":"code-line","key":"bb480c6aeb174ed0b58dede6e96d20a2","isVoid":false,"data":{},"nodes":[{"kind":"text","key":"ea7f6916d4ae413697436f2c9e78d3c7","ranges":[{"kind":"range","marks":[],"text":"        \"schema\": 0"}]}]},{"kind":"block","type":"code-line","key":"59275ad0db4a46918e3ab138541ae074","isVoid":false,"data":{},"nodes":[{"kind":"text","key":"6a51f9b956af406c80cbad8cecee2109","ranges":[{"kind":"range","marks":[],"text":"    }"}]}]},{"kind":"block","type":"code-line","key":"a98f485c60e249f99c1b45017ad8ba02","isVoid":false,"data":{},"nodes":[{"kind":"text","key":"f3852cce8f9647a599cc097b668812a2","ranges":[{"kind":"range","marks":[],"text":"}"}]}]},{"kind":"block","type":"code-line","key":"7dffe28b009148938d140647873c2231","isVoid":false,"data":{},"nodes":[{"kind":"text","key":"fc1fd4b7636d4d61acbb9eb21a9079de","ranges":[{"kind":"range","marks":[],"text":""}]}]},{"kind":"block","type":"code-line","key":"3272cf9d01b7479c94a141ebb7eaf78a","isVoid":false,"data":{},"nodes":[{"kind":"text","key":"f7233bd164004f0ca4dd07c524ace273","ranges":[{"kind":"range","marks":[],"text":"$ curl -X GET \"http://localhost:9000/query/minimalNet/excpBuiltin?n1=0\""}]}]},{"kind":"block","type":"code-line","key":"14a59ef2bbf84e3ebc47d021747dd5bc","isVoid":false,"data":{},"nodes":[{"kind":"text","key":"fee09f852f164685a28daf82917b6656","ranges":[{"kind":"range","marks":[],"text":"{"}]}]},{"kind":"block","type":"code-line","key":"4e39e90f19a54b3e9f4bd105112c5181","isVoid":false,"data":{},"nodes":[{"kind":"text","key":"f4eec0f2c3694d61a222aa666794a00e","ranges":[{"kind":"range","marks":[],"text":"    \"error\": true,"}]}]},{"kind":"block","type":"code-line","key":"4ece86ae11a94ce0aadc5f1a267c660a","isVoid":false,"data":{},"nodes":[{"kind":"text","key":"af088046bbd54100818537ccb64db4e4","ranges":[{"kind":"range","marks":[],"text":"    \"message\": \"Runtime Error: divider is zero.\","}]}]},{"kind":"block","type":"code-line","key":"fa9858a34fee4e6aa1379711c2d0b445","isVoid":false,"data":{},"nodes":[{"kind":"text","key":"d7fd6e136bbf4a0e8ad70d346f00bde1","ranges":[{"kind":"range","marks":[],"text":"    \"version\": {"}]}]},{"kind":"block","type":"code-line","key":"fcc3001c5cf449debd41eef598c5383c","isVoid":false,"data":{},"nodes":[{"kind":"text","key":"17c8fe3094f74334813b013390ed629c","ranges":[{"kind":"range","marks":[],"text":"        \"api\": \"v2\","}]}]},{"kind":"block","type":"code-line","key":"08a20a1ef74f477f85bd35984ce53999","isVoid":false,"data":{},"nodes":[{"kind":"text","key":"f478e866b33841b99d7dc02d0e3f1758","ranges":[{"kind":"range","marks":[],"text":"        \"schema\": 0"}]}]},{"kind":"block","type":"code-line","key":"09c3ae60a6964cc9bc8c5484940bed7a","isVoid":false,"data":{},"nodes":[{"kind":"text","key":"c408ac39783942f5ac4d0581a5ad8489","ranges":[{"kind":"range","marks":[],"text":"    }"}]}]},{"kind":"block","type":"code-line","key":"5f507a1a8ff5463098678e208ebd45b1","isVoid":false,"data":{},"nodes":[{"kind":"text","key":"4b07f04b70a24127b7f058cb832af0e3","ranges":[{"kind":"range","marks":[],"text":"}"}]}]}]}]},{"kind":"block","type":"heading-1","key":"f1c1bf3f045a4983aee4ef66af5d9789","isVoid":false,"data":{},"nodes":[{"kind":"text","key":"6920d8d22dd64c868fb7315a38d4c3c7","ranges":[{"kind":"range","marks":[{"kind":"mark","data":{},"type":"bold"}],"text":"User-Defined Exception Behavior"}]}]},{"kind":"block","type":"paragraph","key":"09540282223542bc9281e36153974328","isVoid":false,"data":{},"nodes":[{"kind":"text","key":"b90f2382bc1d442ba20b1cf600d8b6a9","ranges":[{"kind":"range","marks":[],"text":"A query author can specify what should be the response if a particular type of exception occurs within a particular specified block of statements. "}]}]},{"kind":"block","type":"paragraph","key":"cd08983f7dd54277895df0f2c6f9be90","isVoid":false,"data":{},"nodes":[{"kind":"text","key":"7328fa54cca9488e9fa34407139ec705","ranges":[{"kind":"range","marks":[],"text":"The following statement types are available to specify a user-defined exception condition or a user-defined exception response."}]}]},{"kind":"block","type":"list-unordered","key":"529ae617f45741f7a9c5253a1398232e","isVoid":false,"data":{},"nodes":[{"kind":"block","type":"list-item","key":"f25e1c3097874589a41718233b43d7a4","isVoid":false,"data":{},"nodes":[{"kind":"block","type":"paragraph","key":"f5458c24445a4eba9909b1981434aaaf","isVoid":false,"data":{},"nodes":[{"kind":"text","key":"acc74dbf06ae47cf8f355681b7e7e1d9","ranges":[{"kind":"range","marks":[],"text":"The EXCEPTION Declaration Statement names a user-defined exception."}]}]}]},{"kind":"block","type":"list-item","key":"e54a28ba625049eba9999ce4a12dec81","isVoid":false,"data":{},"nodes":[{"kind":"block","type":"paragraph","key":"72cf626b7bad4d0e8916306b31c8a6f6","isVoid":false,"data":{},"nodes":[{"kind":"text","key":"c52899aba97b4b94829caadce866b27a","ranges":[{"kind":"range","marks":[],"text":"The RAISE Statement indicates that one of the user-defined exceptions has occurred."}]}]}]},{"kind":"block","type":"list-item","key":"aa512288ff134cd3aa04e0fd28c36ba3","isVoid":false,"data":{},"nodes":[{"kind":"block","type":"paragraph","key":"203461b838aa45d3abd7822ba9e65e62","isVoid":false,"data":{},"nodes":[{"kind":"text","key":"6e4858e4669246bbb57e55bdf2d6e144","ranges":[{"kind":"range","marks":[],"text":"The TRY…EXCEPTION Statement is used to define and apply user-defined exception handling to a block of query-body statements. This can be used with or without preceding user-defined EXCEPTION and RAISE statements."}]}]}]}]},{"kind":"block","type":"hint","key":"cc65b72655cf4dac80f1961e0d849372","isVoid":false,"data":{"style":"info"},"nodes":[{"kind":"block","type":"paragraph","key":"09068cd77b7a42ec9396ed3354efa82b","isVoid":false,"data":{},"nodes":[{"kind":"text","key":"bc3ad8cf50d049acb06bc49b12725be1","ranges":[{"kind":"range","marks":[],"text":" Built-in exceptions always take precedence over user-defined exceptions. Therefore, user-defined exceptions can only be used to catch conditions that would not be caught by a built-in exception. This means that built–in exceptions are best used to capture situations which are legal according to the general syntax and semantics of the GSQL query language, but which are illegal or undesirable for a particular user application."}]}]}]},{"kind":"block","type":"heading-2","key":"8e90afe3e6674f0a8e7d5a5eab22393b","isVoid":false,"data":{},"nodes":[{"kind":"text","key":"2345ec8b8f7d438e9b2520e107e2ffe1","ranges":[{"kind":"range","marks":[{"kind":"mark","data":{},"type":"bold"}],"text":"EXCEPTION Declaration Statement"}]}]},{"kind":"block","type":"code","key":"85c908949f9345d291bbe18f943ffd59","isVoid":false,"data":{},"nodes":[{"kind":"block","type":"code-tab","key":"5f9f8a7d0dc04db780f4dec9d89f8c14","isVoid":false,"data":{"syntax":"text"},"nodes":[{"kind":"block","type":"code-line","key":"e9c348255b9b475abb645ece64c23859","isVoid":false,"data":{},"nodes":[{"kind":"text","key":"a8c46b774f1448b6b1f8e33a0443f2eb","ranges":[{"kind":"range","marks":[],"text":"declExceptStmt := EXCEPTION exceptVarName \"(\" errorCode \")\""}]}]},{"kind":"block","type":"code-line","key":"93614ceddd3d471f9927fcf19a15b08d","isVoid":false,"data":{},"nodes":[{"kind":"text","key":"8612179326e34f2fbd0316e107d8ae11","ranges":[{"kind":"range","marks":[],"text":"exceptVarName := name"}]}]},{"kind":"block","type":"code-line","key":"d8451ae14e2f431da9344bf5f37af6b3","isVoid":false,"data":{},"nodes":[{"kind":"text","key":"bb2f13e44bd143518797d9244621e6a2","ranges":[{"kind":"range","marks":[],"text":"errorCode     := integer"}]}]}]}]},{"kind":"block","type":"paragraph","key":"c2e787ec0f184bb5815d986a460477a6","isVoid":false,"data":{},"nodes":[{"kind":"text","key":"3500d303c8af49e395ac0c0a428f2946","ranges":[{"kind":"range","marks":[],"text":"To use a user-defined exception, it must first be declared. An exception declaration statement declares a user-defined exception type, assigning a name and identification number. The id number errorCode must be greater than 40,000.  Numbers 40,000 and lower are reserved for system exceptions. Exception statements must be placed before any query-body statements, after accumulator declaration statements . A query can declare multiple exception types."}]}]},{"kind":"block","type":"heading-2","key":"9fdb6d29bdcf49afb0f2c4bee8b1a670","isVoid":false,"data":{},"nodes":[{"kind":"text","key":"3bce902923d54f058880b643d3311adc","ranges":[{"kind":"range","marks":[{"kind":"mark","data":{},"type":"bold"}],"text":"RAISE Statement"}]}]},{"kind":"block","type":"code","key":"a2127b09afbb4c749a837360e9747096","isVoid":false,"data":{},"nodes":[{"kind":"block","type":"code-tab","key":"f157ea3e13f64420809ccfac29bb519e","isVoid":false,"data":{"syntax":"text"},"nodes":[{"kind":"block","type":"code-line","key":"a76f51cfa7ef47f48006a11cb8b1f32c","isVoid":false,"data":{},"nodes":[{"kind":"text","key":"1a672ed28c484a37a62dfa12e132f738","ranges":[{"kind":"range","marks":[],"text":"raiseStmt := RAISE exceptVarName [errorMsg]"}]}]},{"kind":"block","type":"code-line","key":"58e4769cb0984308b9d832e8fc340349","isVoid":false,"data":{},"nodes":[{"kind":"text","key":"26cfc9c2ae96431d886b43f140157bd6","ranges":[{"kind":"range","marks":[],"text":"errorMsg := \"(\" expr \")\""}]}]}]}]},{"kind":"block","type":"paragraph","key":"6be07d85d3444ff594eb8912c65cbce3","isVoid":false,"data":{},"nodes":[{"kind":"text","key":"751aa95d1eda4d75b4f3eeb1b4fe11bf","ranges":[{"kind":"range","marks":[],"text":"The RAISE statement announces that a user-defined exception has just occurred.  The exceptVarName must match one of the exceptions that was previously declared.  An optional error message can be specified. Once the RAISE statement is executed, the flow of execution changes. If the RAISE statement is not within a TRY clause, then the query ends with the default exception response, using the error code and error message defined by the exception type and RAISE statements. If the RAISE is within a TRY statement, then execution jumps to the EXCEPTION handling clause of the TRY statement."}]}]},{"kind":"block","type":"paragraph","key":"1c547cc55ef74a31ab3c2beca4dab2d1","isVoid":false,"data":{},"nodes":[{"kind":"text","key":"7b256e13c73e410b906db04701c18be4","ranges":[{"kind":"range","marks":[],"text":"A RAISE statement itself does not include the conditions that define the exception. Typically, the user will use an IF…THEN statement and place the RAISE statement within the THEN clause."}]}]},{"kind":"block","type":"hint","key":"41f512e5d75443fa8e62b0196b432a90","isVoid":false,"data":{"style":"danger"},"nodes":[{"kind":"block","type":"paragraph","key":"46d299a8a6924af08e3e00054849b7a8","isVoid":false,"data":{},"nodes":[{"kind":"text","key":"5c2185b7163b4eac8d842fdd7d6ce3ed","ranges":[{"kind":"range","marks":[],"text":" In the current version, a RAISE statement can only be used as a query-body-statement. It cannot be used as a DML-sub-statement. In particular, you cannot RAISE an exception inside a SELECT statement."}]}]}]},{"kind":"block","type":"paragraph","key":"61fd431595394caaaafdeaa306c56a67","isVoid":false,"data":{},"nodes":[{"kind":"text","key":"cf26e128963247a7890a7a75ab3927a6","ranges":[{"kind":"range","marks":[],"text":"The example below defines and checks for two types of exceptions: an empty input set (40001) and no matching edges (40002). Remember that the minimum allowed code number is 40001."}]}]},{"kind":"block","type":"code","key":"d2691b2ac14b4144a34193d6d8bc19b9","isVoid":false,"data":{},"nodes":[{"kind":"block","type":"code-tab","key":"a9ce03e4efd747d9b56aceec11d73b12","isVoid":false,"data":{"syntax":"sql","title":"Example: Unhandled User-Defined Exceptions"},"nodes":[{"kind":"block","type":"code-line","key":"c84e13edc8074474a66ecb77b2804bfc","isVoid":false,"data":{},"nodes":[{"kind":"text","key":"415b23a0bdb74c1cba8cd6f7211ce639","ranges":[{"kind":"range","marks":[],"text":"CREATE QUERY excpCountActivity(SET<VERTEX<person>> vSet, STRING eType) FOR GRAPH socialNet {"}]}]},{"kind":"block","type":"code-line","key":"8fbdfa935e88497da76d7aaef7eb1b3a","isVoid":false,"data":{},"nodes":[{"kind":"text","key":"a73b128a2e6f4af880dac28e21b61579","ranges":[{"kind":"range","marks":[],"text":"  # Count how many edges there are from each member of the input person set to posts,"}]}]},{"kind":"block","type":"code-line","key":"f87c2fdd37074e70ad6ab7f265cffac1","isVoid":false,"data":{},"nodes":[{"kind":"text","key":"e273c24efbad49a7b5e4bd4b9eaf3047","ranges":[{"kind":"range","marks":[],"text":"  # along the specified edge type."}]}]},{"kind":"block","type":"code-line","key":"8a131266d4a64f1ea6b66d0551860b6b","isVoid":false,"data":{},"nodes":[{"kind":"text","key":"b0c576d25b844305aa6491b5b60074c3","ranges":[{"kind":"range","marks":[],"text":""}]}]},{"kind":"block","type":"code-line","key":"2e94b25d51b9404ca00249273498fdde","isVoid":false,"data":{},"nodes":[{"kind":"text","key":"4953453726244c47a8d8e0d2511f4685","ranges":[{"kind":"range","marks":[],"text":"  MapAccum<STRING,INT> @@allCount;"}]}]},{"kind":"block","type":"code-line","key":"34a678cdb144477492db1378e702516c","isVoid":false,"data":{},"nodes":[{"kind":"text","key":"f4d8dcc8fd85471dad286d511f6f0849","ranges":[{"kind":"range","marks":[],"text":"  EXCEPTION emptyList (40001);"}]}]},{"kind":"block","type":"code-line","key":"03f042828c514dcc9381ff0973935ca9","isVoid":false,"data":{},"nodes":[{"kind":"text","key":"b1221c429a834eb5a44a4a48b7b7aa0d","ranges":[{"kind":"range","marks":[],"text":"  EXCEPTION noEdges   (40002);"}]}]},{"kind":"block","type":"code-line","key":"51067587d060418fa4e66a5a9eef322e","isVoid":false,"data":{},"nodes":[{"kind":"text","key":"e6bebccabc0c45709432e41f9d874f98","ranges":[{"kind":"range","marks":[],"text":""}]}]},{"kind":"block","type":"code-line","key":"731fe2616d744c69b9e4c486366d9fb1","isVoid":false,"data":{},"nodes":[{"kind":"text","key":"c4602f17e9c8442abd7cb3985d56069c","ranges":[{"kind":"range","marks":[],"text":"  IF ISEMPTY(vSet) THEN ## Raise 40001"}]}]},{"kind":"block","type":"code-line","key":"9d0315050f2b45c1af05bf3e73d7e931","isVoid":false,"data":{},"nodes":[{"kind":"text","key":"38ad443a99b340bfbd5ef6325aa13f5b","ranges":[{"kind":"range","marks":[],"text":"    RAISE emptyList (\"Error: Input parameter 'vSet' (type SET<VERTEX<person>>) is empty\");"}]}]},{"kind":"block","type":"code-line","key":"3903d1bece2c4f899d26e066283e7a63","isVoid":false,"data":{},"nodes":[{"kind":"text","key":"a56d0a9eb3cd4db7abcd4eb685ba3e82","ranges":[{"kind":"range","marks":[],"text":"  END;"}]}]},{"kind":"block","type":"code-line","key":"c9ef5739a89d495daa26e24077f1bc9f","isVoid":false,"data":{},"nodes":[{"kind":"text","key":"dac09279340d457b98f71383762ad11b","ranges":[{"kind":"range","marks":[],"text":"  "}]}]},{"kind":"block","type":"code-line","key":"6c2fcf25a21e4049904413bc63b533fe","isVoid":false,"data":{},"nodes":[{"kind":"text","key":"3ddfa6bf7b5847b6afffc91db2951978","ranges":[{"kind":"range","marks":[],"text":"  Start = vSet;"}]}]},{"kind":"block","type":"code-line","key":"b32ad3d212274a109b1584167e825045","isVoid":false,"data":{},"nodes":[{"kind":"text","key":"2c05abe56349452aad4422132c5ea8e4","ranges":[{"kind":"range","marks":[],"text":"  Results = SELECT s"}]}]},{"kind":"block","type":"code-line","key":"ea17631dcedf483bafece8ff78851bcb","isVoid":false,"data":{},"nodes":[{"kind":"text","key":"717bd9e9022848e3ad587f662e3f8f81","ranges":[{"kind":"range","marks":[],"text":"    FROM Start:s -(:e)-> post:t"}]}]},{"kind":"block","type":"code-line","key":"190fb362e4f04a54a15a1f0da3e89610","isVoid":false,"data":{},"nodes":[{"kind":"text","key":"ff21e90bd25c46368c51b9e53e3bc7c5","ranges":[{"kind":"range","marks":[],"text":"    WHERE e.type == eType"}]}]},{"kind":"block","type":"code-line","key":"979c984005f24eb287e1cc1de79935bb","isVoid":false,"data":{},"nodes":[{"kind":"text","key":"a76fad5117024458b7c806fb8563c3a6","ranges":[{"kind":"range","marks":[],"text":"    ACCUM @@allCount += (t.subject -> 1);"}]}]},{"kind":"block","type":"code-line","key":"a17cc8cbb71e4b7bbeafa908c24834b5","isVoid":false,"data":{},"nodes":[{"kind":"text","key":"6ec9e6466986470c9828b75c18c68f04","ranges":[{"kind":"range","marks":[],"text":"    "}]}]},{"kind":"block","type":"code-line","key":"1174812df21548bf862a9c8876ce0b20","isVoid":false,"data":{},"nodes":[{"kind":"text","key":"6efd3e62ce4a4880b306c973f1eae921","ranges":[{"kind":"range","marks":[],"text":"  IF Results.size() == 0 THEN ## Raise 40002"}]}]},{"kind":"block","type":"code-line","key":"cb4929cb06d0464eae5cc0f196122ea9","isVoid":false,"data":{},"nodes":[{"kind":"text","key":"3f7659faafa74c4cad7cb47b11e5392d","ranges":[{"kind":"range","marks":[],"text":"    RAISE noEdges (\"Error: No '\" + eType + \"' edges from the vertex set\");"}]}]},{"kind":"block","type":"code-line","key":"96c85179e04b4b879e49769c972b7cb5","isVoid":false,"data":{},"nodes":[{"kind":"text","key":"042a1ecddf814a009550b4e302191346","ranges":[{"kind":"range","marks":[],"text":"  END;"}]}]},{"kind":"block","type":"code-line","key":"b203b90559cc429cb7ec9b6b6e08d2c7","isVoid":false,"data":{},"nodes":[{"kind":"text","key":"1d2ded1a32db465aaa933dfa8a21477c","ranges":[{"kind":"range","marks":[],"text":"  PRINT @@allCount;"}]}]},{"kind":"block","type":"code-line","key":"45063e0b8bc44de598b8b0a937ed7bcc","isVoid":false,"data":{},"nodes":[{"kind":"text","key":"f90c457b7e264d7eb2100314607e4a8c","ranges":[{"kind":"range","marks":[],"text":"}"}]}]}]}]},{"kind":"block","type":"code","key":"b5633a8d9ec940e3ba097f67e21e1d50","isVoid":false,"data":{},"nodes":[{"kind":"block","type":"code-tab","key":"4b32d86bed8149f6913a33d068fcdea5","isVoid":false,"data":{"syntax":"sql","title":"Results"},"nodes":[{"kind":"block","type":"code-line","key":"c15b702ab1f34fae873a61e3e3657403","isVoid":false,"data":{},"nodes":[{"kind":"text","key":"e3e2528974604d1597d69edb8ac074b5","ranges":[{"kind":"range","marks":[],"text":"// Valid input: no exceptions"}]}]},{"kind":"block","type":"code-line","key":"6da65df037cb43ddb62cb21729e9ea3f","isVoid":false,"data":{},"nodes":[{"kind":"text","key":"67e05bdfcebf4dbb83f923d919fafb1e","ranges":[{"kind":"range","marks":[],"text":"$ curl -X GET \"http://localhost:9000/query/socialNet/excpCountActivity?vSet=person2&vSet=person6&eType=posted\""}]}]},{"kind":"block","type":"code-line","key":"4e40b47bf02d4a51bcf89e8ebfc39785","isVoid":false,"data":{},"nodes":[{"kind":"text","key":"f1fd1c04da674cdc99ae1b81e0829d73","ranges":[{"kind":"range","marks":[],"text":"{"}]}]},{"kind":"block","type":"code-line","key":"b02357eec156403f87316e57a2ab7212","isVoid":false,"data":{},"nodes":[{"kind":"text","key":"4f1d69906b0c468280f47d98c0847922","ranges":[{"kind":"range","marks":[],"text":"  \"error\": false,"}]}]},{"kind":"block","type":"code-line","key":"3266a9c8aeae41e4a65e27ab2e445a95","isVoid":false,"data":{},"nodes":[{"kind":"text","key":"c945cd163bf6456abea209ea02c6d84a","ranges":[{"kind":"range","marks":[],"text":"  \"message\": \"\","}]}]},{"kind":"block","type":"code-line","key":"091b3766b2174a6e8d62471c0033c47f","isVoid":false,"data":{},"nodes":[{"kind":"text","key":"6b43ba156a9e415588e62e261d376e57","ranges":[{"kind":"range","marks":[],"text":"  \"version\": {"}]}]},{"kind":"block","type":"code-line","key":"0eb27f2abe7a44e1b11f1f76fc68a2a5","isVoid":false,"data":{},"nodes":[{"kind":"text","key":"d5c301b3c4d144199a5fcae9198cd7a6","ranges":[{"kind":"range","marks":[],"text":"    \"schema\": 0,"}]}]},{"kind":"block","type":"code-line","key":"ded6a96411a94cbabde99af7d3d2f69c","isVoid":false,"data":{},"nodes":[{"kind":"text","key":"d8392d4336804189b38da98af6b3f78d","ranges":[{"kind":"range","marks":[],"text":"    \"api\": \"v2\""}]}]},{"kind":"block","type":"code-line","key":"5575add13f4a4f3f97b86e6b62db86e4","isVoid":false,"data":{},"nodes":[{"kind":"text","key":"a29dc545451448348821084842fd12e8","ranges":[{"kind":"range","marks":[],"text":"  },"}]}]},{"kind":"block","type":"code-line","key":"0bb3dcf52fff402089e66d0d20019660","isVoid":false,"data":{},"nodes":[{"kind":"text","key":"2b8aa3fab3104308a97b1db371d3b2bf","ranges":[{"kind":"range","marks":[],"text":"  \"results\": [{"}]}]},{"kind":"block","type":"code-line","key":"abbb6dbec3d04ba096c50d494a4f5029","isVoid":false,"data":{},"nodes":[{"kind":"text","key":"2ed3f8355171405988b196d19d2e0376","ranges":[{"kind":"range","marks":[],"text":"    \"@@allCount\": {"}]}]},{"kind":"block","type":"code-line","key":"4d0549591da24a378882d36e6ab8ef42","isVoid":false,"data":{},"nodes":[{"kind":"text","key":"4e94befabae34c409f52478fae5d12d4","ranges":[{"kind":"range","marks":[],"text":"      \"cats\": 1,"}]}]},{"kind":"block","type":"code-line","key":"672a3f8125b941178f5242672a97876f","isVoid":false,"data":{},"nodes":[{"kind":"text","key":"6aa9a6776cde478b98d2b05ff20f1c4c","ranges":[{"kind":"range","marks":[],"text":"      \"tigergraph\": 2"}]}]},{"kind":"block","type":"code-line","key":"bbfe0351a63b443da34687d64043ff56","isVoid":false,"data":{},"nodes":[{"kind":"text","key":"8e2371c212d8400c97e915218f17a970","ranges":[{"kind":"range","marks":[],"text":"    }"}]}]},{"kind":"block","type":"code-line","key":"eaf16f315baa4350b2ec8f6fc5d74928","isVoid":false,"data":{},"nodes":[{"kind":"text","key":"f070102743f4464ea8d5813d9c9f7db7","ranges":[{"kind":"range","marks":[],"text":"  }]"}]}]},{"kind":"block","type":"code-line","key":"33e088f8db8f4461a2ff039a8ccf881b","isVoid":false,"data":{},"nodes":[{"kind":"text","key":"fb524137575b48f9a304e518480d084b","ranges":[{"kind":"range","marks":[],"text":"}"}]}]},{"kind":"block","type":"code-line","key":"47491d63e6e94dc8a9649eeab25f8e4f","isVoid":false,"data":{},"nodes":[{"kind":"text","key":"d7161e406e2d40c69fe36bef09830eca","ranges":[{"kind":"range","marks":[],"text":""}]}]},{"kind":"block","type":"code-line","key":"aa082db7bd444a0a9576d996c6c1048d","isVoid":false,"data":{},"nodes":[{"kind":"text","key":"85eb92d47e684669aa443833168c4d22","ranges":[{"kind":"range","marks":[],"text":"// empty input set (due to spelling error in parameter name)"}]}]},{"kind":"block","type":"code-line","key":"a1cfb776fe1246e69607d9b7ee25079d","isVoid":false,"data":{},"nodes":[{"kind":"text","key":"8d339409a70d4af88f9d239e9beb075d","ranges":[{"kind":"range","marks":[],"text":"$ curl -X GET \"http://localhost:9000/query/socialNet/excpCountActivity?vset=person2&vset=person6&eType=posted\""}]}]},{"kind":"block","type":"code-line","key":"d366dc064be4492ba68b1509e0e3e28e","isVoid":false,"data":{},"nodes":[{"kind":"text","key":"3eaa0896e6b24016ad2951cb60ef21f2","ranges":[{"kind":"range","marks":[],"text":"{"}]}]},{"kind":"block","type":"code-line","key":"0021ee5813484d8899aec3f37828c961","isVoid":false,"data":{},"nodes":[{"kind":"text","key":"44e5fdb4a19d4adfab5293eb8207ef16","ranges":[{"kind":"range","marks":[],"text":"  \"code\": \"40001\","}]}]},{"kind":"block","type":"code-line","key":"17391e200f3b42ffb3859665bdd0ac16","isVoid":false,"data":{},"nodes":[{"kind":"text","key":"9446dc0cf7a04de980789175ed9f5a02","ranges":[{"kind":"range","marks":[],"text":"  \"error\": true,"}]}]},{"kind":"block","type":"code-line","key":"c8725f6c7a374a54a6f1edb251918675","isVoid":false,"data":{},"nodes":[{"kind":"text","key":"7773abb1f8f94d42bee355a154480039","ranges":[{"kind":"range","marks":[],"text":"  \"version\": {"}]}]},{"kind":"block","type":"code-line","key":"e4485d664bf54a9c945894c6f8e62768","isVoid":false,"data":{},"nodes":[{"kind":"text","key":"91c6b86df72b44f4b0900dbd66b7ac5e","ranges":[{"kind":"range","marks":[],"text":"    \"schema\": 0,"}]}]},{"kind":"block","type":"code-line","key":"87578ddf3de242398ed8d2fe587553ac","isVoid":false,"data":{},"nodes":[{"kind":"text","key":"c48a3e22c6f443d191c85f04fe45610a","ranges":[{"kind":"range","marks":[],"text":"    \"api\": \"v2\""}]}]},{"kind":"block","type":"code-line","key":"dbfd8b37c9624f1a9048abdaba417213","isVoid":false,"data":{},"nodes":[{"kind":"text","key":"204a214bcf6e49689c3aca420c138ade","ranges":[{"kind":"range","marks":[],"text":"  },"}]}]},{"kind":"block","type":"code-line","key":"654e974d89f9448cac66d66e232e1761","isVoid":false,"data":{},"nodes":[{"kind":"text","key":"e9fb83840df04657820e60fae5879af7","ranges":[{"kind":"range","marks":[],"text":"  \"message\": \"Error: Input parameter 'vSet' (type SET<VERTEX<person>>) is empty\""}]}]},{"kind":"block","type":"code-line","key":"e51ac7a853324725a57a1b44601360e6","isVoid":false,"data":{},"nodes":[{"kind":"text","key":"20b817a851da457ca25701ffeb3a0f24","ranges":[{"kind":"range","marks":[],"text":"}"}]}]},{"kind":"block","type":"code-line","key":"3850be90c71c49f1a1f90a1ce32557ed","isVoid":false,"data":{},"nodes":[{"kind":"text","key":"024234994b0a45f5b14f957ca834316d","ranges":[{"kind":"range","marks":[],"text":""}]}]},{"kind":"block","type":"code-line","key":"a8a2b2ee6e7146539cf6f0d9bcd58aa3","isVoid":false,"data":{},"nodes":[{"kind":"text","key":"711dc2cfb42f4ad6aba4f309b1d858fb","ranges":[{"kind":"range","marks":[],"text":""}]}]},{"kind":"block","type":"code-line","key":"75421a8355034b79a4f63cdadd8d6312","isVoid":false,"data":{},"nodes":[{"kind":"text","key":"9f254c51a7cc40cf8212a9d23d375884","ranges":[{"kind":"range","marks":[],"text":"// no edges (due to unknown edge type)"}]}]},{"kind":"block","type":"code-line","key":"50a4a191fe7a4e0ab509a574222868d4","isVoid":false,"data":{},"nodes":[{"kind":"text","key":"1c1714d436f84df3a3df91ece84d9621","ranges":[{"kind":"range","marks":[],"text":"$ curl -X GET \"http://localhost:9000/query/socialNet/excpCountActivity?vSet=person2&vSet=person6&eType=commented\""}]}]},{"kind":"block","type":"code-line","key":"343c6d7b717b47f3ac68747a8997f8c2","isVoid":false,"data":{},"nodes":[{"kind":"text","key":"0816a188880449d4b9d4b37a86c8f297","ranges":[{"kind":"range","marks":[],"text":"{"}]}]},{"kind":"block","type":"code-line","key":"ba0ee1436e9d4b67851aa273ad1a6e9c","isVoid":false,"data":{},"nodes":[{"kind":"text","key":"0bba6a348a2242e787414ea22bf7595b","ranges":[{"kind":"range","marks":[],"text":"  \"code\": \"40002\","}]}]},{"kind":"block","type":"code-line","key":"8541f628b26243af8ace27faee906742","isVoid":false,"data":{},"nodes":[{"kind":"text","key":"d6d8cadfbf8d4261a5a13c011f9eb148","ranges":[{"kind":"range","marks":[],"text":"  \"error\": true,"}]}]},{"kind":"block","type":"code-line","key":"0c4549020d0042e28622929e83435517","isVoid":false,"data":{},"nodes":[{"kind":"text","key":"b1993fc2e09144faa8c4dd01c2013544","ranges":[{"kind":"range","marks":[],"text":"  \"version\": {"}]}]},{"kind":"block","type":"code-line","key":"47d774b905a1415c8fd4a0675c55f058","isVoid":false,"data":{},"nodes":[{"kind":"text","key":"03ac9d4c4d614336971fbfc6a3de3689","ranges":[{"kind":"range","marks":[],"text":"    \"schema\": 0,"}]}]},{"kind":"block","type":"code-line","key":"676e6d4d0e8d49ec88f58a5fd9746a54","isVoid":false,"data":{},"nodes":[{"kind":"text","key":"5f344e98fadf44de9652fb7f1cd213b2","ranges":[{"kind":"range","marks":[],"text":"    \"api\": \"v2\""}]}]},{"kind":"block","type":"code-line","key":"4e49195d61f342dab054e621386c2ac0","isVoid":false,"data":{},"nodes":[{"kind":"text","key":"bcc11756b27e448fbbb9efecd89a0075","ranges":[{"kind":"range","marks":[],"text":"  },"}]}]},{"kind":"block","type":"code-line","key":"f81af3ad77b743d6abf4f4a2d7a8d72d","isVoid":false,"data":{},"nodes":[{"kind":"text","key":"2c519e12690a47599a95ccbfeb856b24","ranges":[{"kind":"range","marks":[],"text":"  \"message\": \"Error: No 'commented' edges from the vertex set\""}]}]},{"kind":"block","type":"code-line","key":"4f398815a61b42d8a127d38445ff46df","isVoid":false,"data":{},"nodes":[{"kind":"text","key":"9526fd4a23714bbca14a2580463df807","ranges":[{"kind":"range","marks":[],"text":"}"}]}]}]}]},{"kind":"block","type":"heading-2","key":"19506571ede3421aa030eee5fec0aaea","isVoid":false,"data":{},"nodes":[{"kind":"text","key":"f6f92a0cd7b04918b63ba432c2c14b45","ranges":[{"kind":"range","marks":[{"kind":"mark","data":{},"type":"bold"}],"text":"TRY...EXCEPTION Statement for Custom Error Handling"}]}]},{"kind":"block","type":"code","key":"0201e36af1f344d0866f744ff57011c0","isVoid":false,"data":{},"nodes":[{"kind":"block","type":"code-tab","key":"89a5f04f03664bef954467251f8baa26","isVoid":false,"data":{"syntax":"text"},"nodes":[{"kind":"block","type":"code-line","key":"661b301a0d2c4edc968744595a61fcec","isVoid":false,"data":{},"nodes":[{"kind":"text","key":"12d66c1c640d4a1f85d610706a06ce9d","ranges":[{"kind":"range","marks":[],"text":"tryStmt         := TRY queryBodyStmts EXCEPTION caseExceptBlock [elseExceptBlock] END \";\""}]}]},{"kind":"block","type":"code-line","key":"9b6add4d187b4de78f5393f1827e8897","isVoid":false,"data":{},"nodes":[{"kind":"text","key":"f40c183e4a5f45a0b6bc32b65f8fd8ec","ranges":[{"kind":"range","marks":[],"text":"caseExceptBlock := WHEN exceptVarName THEN queryBodyStmts+"}]}]},{"kind":"block","type":"code-line","key":"36afe2c4773b401485a66749d4e82c74","isVoid":false,"data":{},"nodes":[{"kind":"text","key":"ba7f1f653d98495993c8c6f30670320e","ranges":[{"kind":"range","marks":[],"text":"elseExceptBlock := ELSE queryBodyStmts"}]}]}]}]},{"kind":"block","type":"paragraph","key":"fc2b536f5a3d46ff983390563b16dda6","isVoid":false,"data":{},"nodes":[{"kind":"text","key":"f50c109e6ee04e52ac50509868dc8985","ranges":[{"kind":"range","marks":[],"text":"The TRY…EXCEPTION Statement is used to define and apply user-defined exception handling to a block of query-body statements. A TRY...EXCEPTION statement can be nested within a TRY block or EXCEPTION block."}]}]},{"kind":"block","type":"hint","key":"2eb9dbc2dae74057bebff086b45256b6","isVoid":false,"data":{"style":"danger"},"nodes":[{"kind":"block","type":"paragraph","key":"3bac510e49d84a63b128c341ccc5e377","isVoid":false,"data":{},"nodes":[{"kind":"text","key":"a1ef944b173745bbb36ce28d7251d23c","ranges":[{"kind":"range","marks":[],"text":" The current version of GSQL does not support custom handling of built-in exceptions. Therefore, if a built-in exception occurs, it ignores the TRY..EXCEPTION blocks and simply applies the default handling, and the query aborts. In future updates, we plan to support custom handling of both custom exceptions (RAISE) and built-in exception with the TRY...EXCEPTION block."}]}]}]},{"kind":"block","type":"paragraph","key":"9cfb5df96ac94157a19899c8c0475dc8","isVoid":false,"data":{},"nodes":[{"kind":"text","key":"9fb0ff2af6b74ef1b2d9c430f4a8f49a","ranges":[{"kind":"range","marks":[],"text":"The TRY…EXCEPTION Statement is a compound statement containing two blocks. The first block (TRY) consists of the query-body statements for which custom error handling should be applied. The second block (EXCEPTION) contains a series of WHEN…THEN exception handling clauses.  Each exception handling clause names an exception type and specifies what actions to take in the event of the exception. An optional ELSE clause contains handling statements for all other exceptions. The following text and visual flowchart details how the TRY... EXCEPTION block handles an exception."}]}]},{"kind":"block","type":"paragraph","key":"f4cde6969a8f4d34b66af5801170c3cc","isVoid":false,"data":{},"nodes":[{"kind":"text","key":"774fc3b490934a8c805a2b285f754673","ranges":[{"kind":"range","marks":[],"text":"When an exception occurs within a TRY block, the flow of execution skips the remainder of the TRY block and jumps to the EXCEPTION block. The GSQL flow now seeks to match the exception type with a handler. After executing the handling statements in the THEN or ELSE clause, the flow skips the remainder of the EXCEPTION block and continues with the statement following the END statement. However, if there is no matching WHEN or ELSE handler, then the exception is propagated. That is, the RAISE state is maintained after exiting the EXCEPTION block. If the TRY...EXCEPTION block is nested inside another TRY block, then the handling process is repeated at this upper level. This repeats until either the exception is handled or there are no more TRY...EXCEPTION blocks."}]}]},{"kind":"block","type":"paragraph","key":"43cc4b90ffab4cb0a10461aa913b4665","isVoid":false,"data":{},"nodes":[{"kind":"text","key":"08af6c731cf7452f859b49cde2f3ec20","ranges":[{"kind":"range","marks":[],"text":"Finally, if the unhandled exception is not within a TRY block, then the the query is aborted, and the default exception response is the output."}]}]},{"kind":"block","type":"image","key":"96e8956611aa421484d9ca08a7fea313","isVoid":true,"data":{"assetID":"-LNivaIySGYw-WPJE5Xo"},"nodes":[{"kind":"text","key":"5f8e67a49809473a9a50ac8ba16bb18d","ranges":[{"kind":"range","marks":[],"text":""}]}]},{"kind":"block","type":"paragraph","key":"0fd296b98ed64aa0906a7c1a1b3ad15f","isVoid":false,"data":{},"nodes":[{"kind":"text","key":"b9a2a2e380dd4e32a5fed087f4362ced","ranges":[{"kind":"range","marks":[{"kind":"mark","data":{},"type":"bold"}],"text":"Case 1: If cond1 is true "},{"kind":"range","marks":[],"text":"in the outer TRY block,"}]}]},{"kind":"block","type":"list-unordered","key":"5055addab92647fcadbad2fc54e2820a","isVoid":false,"data":{},"nodes":[{"kind":"block","type":"list-item","key":"17f9945bbb2345198db4538f65151807","isVoid":false,"data":{},"nodes":[{"kind":"block","type":"paragraph","key":"4569f73f0c56442db8d0d64c73241392","isVoid":false,"data":{},"nodes":[{"kind":"text","key":"edd907315cd34eb28605d22117ed5c44","ranges":[{"kind":"range","marks":[],"text":"RAISE A and jump to the output EXCEPTION block."}]}]}]}]},{"kind":"block","type":"paragraph","key":"d85d15a1ec5d4882bce60de05206245d","isVoid":false,"data":{},"nodes":[{"kind":"text","key":"71100aaf8a154111af6d8c3eabc2bd26","ranges":[{"kind":"range","marks":[],"text":"Handled by ELSE HandStmtsZ."}]}]},{"kind":"block","type":"paragraph","key":"90cd0f6e7cec48d59c617b7646c60e8b","isVoid":false,"data":{},"nodes":[{"kind":"text","key":"a4784a5cc5c14084a5abfdf605b856a1","ranges":[{"kind":"range","marks":[{"kind":"mark","data":{},"type":"bold"}],"text":"Case 2: If cond2 is true "},{"kind":"range","marks":[],"text":"in the inner TRY block,"}]}]},{"kind":"block","type":"list-unordered","key":"95917ce32c974841a2e5647a943d870f","isVoid":false,"data":{},"nodes":[{"kind":"block","type":"list-item","key":"d0a2e3ebe7b247fe8e692591d5d07515","isVoid":false,"data":{},"nodes":[{"kind":"block","type":"paragraph","key":"47f0372d251d4a5081e20cd1e7830ac4","isVoid":false,"data":{},"nodes":[{"kind":"text","key":"d060aa499f184bef872d2e51dee4ae82","ranges":[{"kind":"range","marks":[],"text":"RAISE A and jump to the inner EXCEPTION block."}]}]}]}]},{"kind":"block","type":"paragraph","key":"aaf9a4137b994e12bd4bab71a942089f","isVoid":false,"data":{},"nodes":[{"kind":"text","key":"71f62e7e2a76400686ab1c6e5522512e","ranges":[{"kind":"range","marks":[],"text":"Handled by handStmtsX;"}]}]},{"kind":"block","type":"paragraph","key":"38735da8b48f45e18ac01c82cc2368f2","isVoid":false,"data":{},"nodes":[{"kind":"text","key":"2e2814eaa3b744f28ad0ef98acac2174","ranges":[{"kind":"range","marks":[{"kind":"mark","data":{},"type":"bold"}],"text":"Case 3: If cond3 is true"},{"kind":"range","marks":[],"text":" in the inner TRY block,"}]}]},{"kind":"block","type":"list-unordered","key":"e4668d529108428d8daa7214e17d22ec","isVoid":false,"data":{},"nodes":[{"kind":"block","type":"list-item","key":"c031d28c94904eb1abd381e19094d833","isVoid":false,"data":{},"nodes":[{"kind":"block","type":"paragraph","key":"f8398f9051484732863ca2851af551d3","isVoid":false,"data":{},"nodes":[{"kind":"text","key":"d8331bd8b49f4f6ab4e86f40f79ef057","ranges":[{"kind":"range","marks":[],"text":"RAISE B and jump to the inner EXCEPTION block. There is no matching handler here, so propagate the exception. Jump to the outer EXCEPTION block. Handled by handStmtsY."}]}]}]}]},{"kind":"block","type":"paragraph","key":"fc69bff1c27a485b8585bf7628326252","isVoid":false,"data":{},"nodes":[{"kind":"text","key":"177ecb2c708e4467b837ee9babcc3309","ranges":[{"kind":"range","marks":[{"kind":"mark","data":{},"type":"bold"}],"text":"Custom Handling Example:"}]}]},{"kind":"block","type":"paragraph","key":"1ef895b9cb75470492df5ac8a5575914","isVoid":false,"data":{},"nodes":[{"kind":"text","key":"5570b372bbee482e9864e06e07035bd6","ranges":[{"kind":"range","marks":[],"text":"The following example is a modified shortest path query.  It looks for all paths from a source to a target in a computer network. It uses breadth-first search and stops at depth N when it has found at least one path at depth N, or it has searched the entire graph. There are three conditions which will cause it to RAISE an exception and abort the search:"}]}]},{"kind":"block","type":"list-ordered","key":"afae779d7e034346b42210a629f5e63b","isVoid":false,"data":{},"nodes":[{"kind":"block","type":"list-item","key":"54c29bb822a84be487f69b4a5886cebe","isVoid":false,"data":{},"nodes":[{"kind":"block","type":"paragraph","key":"aef2d6a7422e403db97acbd9e010867e","isVoid":false,"data":{},"nodes":[{"kind":"text","key":"33ccab98460b46389b07503ce41b6ae4","ranges":[{"kind":"range","marks":[],"text":"Seeing an edge with a negative connection speed (because the graph has bad data)."}]}]}]},{"kind":"block","type":"list-item","key":"bacd8bf3b5004a98aac64e28e45cb92c","isVoid":false,"data":{},"nodes":[{"kind":"block","type":"paragraph","key":"066e83309e1f4adf97cf6fe930ecac23","isVoid":false,"data":{},"nodes":[{"kind":"text","key":"a2013bb79f7841dbbe05e52f0add1412","ranges":[{"kind":"range","marks":[],"text":"Seeing an edge with a very slow connection speed (again because the graph has bad data)."}]}]}]},{"kind":"block","type":"list-item","key":"d7124ce93fac4367b79d9bd8f552bd0e","isVoid":false,"data":{},"nodes":[{"kind":"block","type":"paragraph","key":"8fa5905311be4a4b854c24f63d3c38ab","isVoid":false,"data":{},"nodes":[{"kind":"text","key":"64cff74201c142508bd1f414853a7a35","ranges":[{"kind":"range","marks":[],"text":"If no path was found in the graph (the search is already over, but we skip printing results)."}]}]}]}]},{"kind":"block","type":"paragraph","key":"fcc4e684867f47a2999e955740477e3e","isVoid":false,"data":{},"nodes":[{"kind":"text","key":"10ed036f3f66479593bdeccd005f5eab","ranges":[{"kind":"range","marks":[],"text":"Note that cases 1 and 2 do NOT mean that a negative or slow speed edge is actually on a shortest path, only that the query noticed a bad edge during its search. Also, because we cannot RAISE within the SELECT block, we use a workaround: set an integer variable with an error code.  Immediately after the SELECT block, test the integer variable and RAISE exceptions as needed."}]}]},{"kind":"block","type":"code","key":"65455361189a477a85dd723814625367","isVoid":false,"data":{},"nodes":[{"kind":"block","type":"code-tab","key":"a48d4c32f1bc4999be090671d326119d","isVoid":false,"data":{"syntax":"sql","title":"Example: Path Search with Exceptions"},"nodes":[{"kind":"block","type":"code-line","key":"9d13722c2d684deea3e5f75a3c37779a","isVoid":false,"data":{},"nodes":[{"kind":"text","key":"49c588922b17464b955480f6dbda4820","ranges":[{"kind":"range","marks":[],"text":"CREATE QUERY compPathValid (vertex<computer> src, vertex<computer> tgt, BOOL enExcp)"}]}]},{"kind":"block","type":"code-line","key":"a950139ad23d41f093f83bd73f71e355","isVoid":false,"data":{},"nodes":[{"kind":"text","key":"839e5271f8994d11b35e980ddf9692e0","ranges":[{"kind":"range","marks":[],"text":"FOR GRAPH computerNet {"}]}]},{"kind":"block","type":"code-line","key":"b81b2a6d865a4c5e8777b4ba15585ca5","isVoid":false,"data":{},"nodes":[{"kind":"text","key":"3bf0c52fb0664c4984f59af364e73afd","ranges":[{"kind":"range","marks":[],"text":"# Find valid paths in a computer network from a source to a target."}]}]},{"kind":"block","type":"code-line","key":"7864693d3f5541d1abaa7207134d8f92","isVoid":false,"data":{},"nodes":[{"kind":"text","key":"47192d59949641d7a87eb7dfedb98415","ranges":[{"kind":"range","marks":[],"text":"# Stop search once you have found some paths."}]}]},{"kind":"block","type":"code-line","key":"0641e900306e41ff8aac7912cea28dd0","isVoid":false,"data":{},"nodes":[{"kind":"text","key":"016e0a50fdaf43d1a55468c13645f3a1","ranges":[{"kind":"range","marks":[],"text":"# 3 Exceptions: (1) Negative connection speed, (2) Slow connection speed, (3) No path."}]}]},{"kind":"block","type":"code-line","key":"4e009c3f01d6441cb005c6bd9dede6fc","isVoid":false,"data":{},"nodes":[{"kind":"text","key":"7e3a698592894e4588c0d174da907d33","ranges":[{"kind":"range","marks":[],"text":"# Set enExcp=true to raise exceptions. enExcp=false will find paths, good or bad."}]}]},{"kind":"block","type":"code-line","key":"81bf5161c5234162a3b35e88b4151c32","isVoid":false,"data":{},"nodes":[{"kind":"text","key":"13ac8714d3fe41f8933b46d5640649bd","ranges":[{"kind":"range","marks":[],"text":""}]}]},{"kind":"block","type":"code-line","key":"acc539b6db0340329704884998b0e18b","isVoid":false,"data":{},"nodes":[{"kind":"text","key":"e7038f021be84371824273260af550ee","ranges":[{"kind":"range","marks":[],"text":"\tOrAccum @@reached, @visited;"}]}]},{"kind":"block","type":"code-line","key":"f2077194580341f2897c4a6b5ac0bcc6","isVoid":false,"data":{},"nodes":[{"kind":"text","key":"763574a19488475b9de2914119b53ac7","ranges":[{"kind":"range","marks":[],"text":"\tListAccum<STRING> @paths;"}]}]},{"kind":"block","type":"code-line","key":"a6e5f01972a44aa3a590adf6bb3c1b68","isVoid":false,"data":{},"nodes":[{"kind":"text","key":"5afbc25afb564f6c9571aa668bbe5be5","ranges":[{"kind":"range","marks":[],"text":"\tDOUBLE minSpeed = 0.4;"}]}]},{"kind":"block","type":"code-line","key":"aa13e6941ce544e58adb919cea6811ba","isVoid":false,"data":{},"nodes":[{"kind":"text","key":"74d8a77002e542a7a6bd500610eb99d5","ranges":[{"kind":"range","marks":[],"text":"\tINT err;"}]}]},{"kind":"block","type":"code-line","key":"4388306a52fc42b59585883dd065a71c","isVoid":false,"data":{},"nodes":[{"kind":"text","key":"2b07b67db20f406fb4b6e22511e55713","ranges":[{"kind":"range","marks":[],"text":""}]}]},{"kind":"block","type":"code-line","key":"fa4cc89f7d774c968509b3d4f7db2413","isVoid":false,"data":{},"nodes":[{"kind":"text","key":"54fc6c72281e411293c2038605d678f7","ranges":[{"kind":"range","marks":[],"text":"\tEXCEPTION negSpeed (40001);"}]}]},{"kind":"block","type":"code-line","key":"755be29840a1474bbdcd4faf2afdd69e","isVoid":false,"data":{},"nodes":[{"kind":"text","key":"65e01ce2dc3041dabd0d5202d316b769","ranges":[{"kind":"range","marks":[],"text":"\tEXCEPTION slowSpeed (40002);"}]}]},{"kind":"block","type":"code-line","key":"91391cebf5654fe0805a6711a836af38","isVoid":false,"data":{},"nodes":[{"kind":"text","key":"802153753f914617995602597318794e","ranges":[{"kind":"range","marks":[],"text":"\tEXCEPTION notReached (40003);"}]}]},{"kind":"block","type":"code-line","key":"54a77ead491f44adac357d2fe06fb70b","isVoid":false,"data":{},"nodes":[{"kind":"text","key":"98b904b930db431e8cac8d814d9d0fc9","ranges":[{"kind":"range","marks":[],"text":""}]}]},{"kind":"block","type":"code-line","key":"61791c1313f14e219889d46c6b50899d","isVoid":false,"data":{},"nodes":[{"kind":"text","key":"25f717db50ce4820a183eca89b128fbe","ranges":[{"kind":"range","marks":[],"text":"\tTRY"}]}]},{"kind":"block","type":"code-line","key":"aa0fc9f2d9c149f185025183a072eb2e","isVoid":false,"data":{},"nodes":[{"kind":"text","key":"d2779ba6cefb4329b04e35f2987c4cc0","ranges":[{"kind":"range","marks":[],"text":"\t\tStart = {src};"}]}]},{"kind":"block","type":"code-line","key":"fe1fd44236d14c8c817d70166dc8dbf8","isVoid":false,"data":{},"nodes":[{"kind":"text","key":"a0e7e11a48d041a8b4236a3d1e3e61a3","ranges":[{"kind":"range","marks":[],"text":"\t\t# Initialize: path to src is itself."}]}]},{"kind":"block","type":"code-line","key":"059ef9fb81214ee3bc484b7ae3979a37","isVoid":false,"data":{},"nodes":[{"kind":"text","key":"c3ad122376824d3cbe855e37a048afa3","ranges":[{"kind":"range","marks":[],"text":"\t\tStart = SELECT s"}]}]},{"kind":"block","type":"code-line","key":"3171c704546c41c69b53eeee7c898e63","isVoid":false,"data":{},"nodes":[{"kind":"text","key":"3b1cc36a191242da89579fc864e96c0d","ranges":[{"kind":"range","marks":[],"text":"\t\t\tFROM Start:s"}]}]},{"kind":"block","type":"code-line","key":"5a155324469844b3bd01ce1176a61ce5","isVoid":false,"data":{},"nodes":[{"kind":"text","key":"d768d4b94ffe460780e1514b6a26166f","ranges":[{"kind":"range","marks":[],"text":"\t\t\tACCUM s.@paths = s.id;"}]}]},{"kind":"block","type":"code-line","key":"b03d2205c6ca4b1c91f0b4d3bc1a5a52","isVoid":false,"data":{},"nodes":[{"kind":"text","key":"0f27efca80e9473c9ca5e13b5b1161ce","ranges":[{"kind":"range","marks":[],"text":""}]}]},{"kind":"block","type":"code-line","key":"1d8bc4b6f5da47ad9f102e5e17999a17","isVoid":false,"data":{},"nodes":[{"kind":"text","key":"2763d041a37c4b98ac73c98514cce4a3","ranges":[{"kind":"range","marks":[],"text":"\t\tWHILE Start.size() != 0 AND NOT @@reached DO"}]}]},{"kind":"block","type":"code-line","key":"8fcfa5c2e12644798ce4853f3ec7b3b8","isVoid":false,"data":{},"nodes":[{"kind":"text","key":"7b470ddf79cd46f09c52c3a7f5a553c2","ranges":[{"kind":"range","marks":[],"text":"\t\t\tStart = SELECT t"}]}]},{"kind":"block","type":"code-line","key":"0c001f3841cb475d9f9ee21996d39ace","isVoid":false,"data":{},"nodes":[{"kind":"text","key":"596eaf196bd74b67b10ecceebf4fd3da","ranges":[{"kind":"range","marks":[],"text":"\t\t\t\tFROM Start:s -(:e)-> :t"}]}]},{"kind":"block","type":"code-line","key":"cf90342f22b34e35af6cb0fdf1047953","isVoid":false,"data":{},"nodes":[{"kind":"text","key":"265eb15da8514f278f20861943819780","ranges":[{"kind":"range","marks":[],"text":"\t\t\t\tWHERE t.@visited == false"}]}]},{"kind":"block","type":"code-line","key":"f03faf97dfe94b4ca6260a65d02c031a","isVoid":false,"data":{},"nodes":[{"kind":"text","key":"c92338ce5d7e451581462edc6e3c1231","ranges":[{"kind":"range","marks":[],"text":"\t\t\t\tACCUM CASE"}]}]},{"kind":"block","type":"code-line","key":"082ff469d3d149439adb4ddf233a50cc","isVoid":false,"data":{},"nodes":[{"kind":"text","key":"0cd596cc5715470997d375915e5dfe80","ranges":[{"kind":"range","marks":[],"text":"\t\t\t\t\tWHEN e.connectionSpeed < 0 THEN err = 1"}]}]},{"kind":"block","type":"code-line","key":"9b569d5919ce4e25b1898bd1601d417d","isVoid":false,"data":{},"nodes":[{"kind":"text","key":"0b5feba2e3cd45e3bb2d5b5d003ccc63","ranges":[{"kind":"range","marks":[],"text":"\t\t\t\t\tWHEN e.connectionSpeed < minSpeed THEN err = 2"}]}]},{"kind":"block","type":"code-line","key":"64225a38eeaf4cb6a07fbddd808630cd","isVoid":false,"data":{},"nodes":[{"kind":"text","key":"989355ae9444479cb518a757b423cc45","ranges":[{"kind":"range","marks":[],"text":"\t\t\t\t\tWHEN t == tgt THEN @@reached += true"}]}]},{"kind":"block","type":"code-line","key":"a948836b7c9a4b8990a872ce077149d8","isVoid":false,"data":{},"nodes":[{"kind":"text","key":"aca237ef79b64e02a6afe518675cc82e","ranges":[{"kind":"range","marks":[],"text":"\t\t\t\t\tEND,"}]}]},{"kind":"block","type":"code-line","key":"34c52519b87644fea61ccf479e32b7d2","isVoid":false,"data":{},"nodes":[{"kind":"text","key":"bc4e6925e8d548b791e5fc56e554f09a","ranges":[{"kind":"range","marks":[],"text":"\t\t\t# List1 * List2 -> List(each elem of List1 concat w/each elem of List2)"}]}]},{"kind":"block","type":"code-line","key":"65fcc5dfd2254a7fbc5f8476c70fe652","isVoid":false,"data":{},"nodes":[{"kind":"text","key":"383dc1024ac4417da5b6b56a9e60f744","ranges":[{"kind":"range","marks":[],"text":"\t\t\t\t\tt.@paths += (s.@paths * [\"~\"]) * [t.id]"}]}]},{"kind":"block","type":"code-line","key":"86d533b83c6b4f11a6ede457d92d527b","isVoid":false,"data":{},"nodes":[{"kind":"text","key":"7cd33372fe1046cc964051cd73d63d97","ranges":[{"kind":"range","marks":[],"text":"\t\t\t\tPOST-ACCUM t.@visited = true;"}]}]},{"kind":"block","type":"code-line","key":"f5f40f44e3d4459188a59489db9af4ec","isVoid":false,"data":{},"nodes":[{"kind":"text","key":"acf262a408614260899dcd9f208d3ad0","ranges":[{"kind":"range","marks":[],"text":"\t\t\tIF err == 1 AND enExcp THEN"}]}]},{"kind":"block","type":"code-line","key":"a00ca0fca4e847f0b048c093587714a9","isVoid":false,"data":{},"nodes":[{"kind":"text","key":"a5f7c1ca3b7e490f9bf567eb6ab41782","ranges":[{"kind":"range","marks":[],"text":"\t\t\t\tRAISE negSpeed (\"Negative Speed\");"}]}]},{"kind":"block","type":"code-line","key":"1b2d25d012ed48faaa39da15a0a4c24b","isVoid":false,"data":{},"nodes":[{"kind":"text","key":"83d1608d66cd4215a7c85643e6064109","ranges":[{"kind":"range","marks":[],"text":"\t\t\tELSE IF err == 2 AND enExcp THEN"}]}]},{"kind":"block","type":"code-line","key":"d54e5348777b4a7b8c17f0e4e574ada3","isVoid":false,"data":{},"nodes":[{"kind":"text","key":"57b8ae44f76c4b52852ead200330e57c","ranges":[{"kind":"range","marks":[],"text":"\t\t\t\tRAISE slowSpeed (\"Slow Speed\");"}]}]},{"kind":"block","type":"code-line","key":"c21d15264c5849f882c62ca7862638f6","isVoid":false,"data":{},"nodes":[{"kind":"text","key":"d1fa9644096f45c2b259a4ea28a49024","ranges":[{"kind":"range","marks":[],"text":"\t\t\tEND;"}]}]},{"kind":"block","type":"code-line","key":"3dbee1234b004cb7b03e7d5a09e669ee","isVoid":false,"data":{},"nodes":[{"kind":"text","key":"eab1e87d0bc848c9a01607310e322d1f","ranges":[{"kind":"range","marks":[],"text":"\t\tEND; # WHILE"}]}]},{"kind":"block","type":"code-line","key":"85af26faedb04203947ff868e88f17d4","isVoid":false,"data":{},"nodes":[{"kind":"text","key":"31cd94e3da7d4082b76a15f2e585c37c","ranges":[{"kind":"range","marks":[],"text":""}]}]},{"kind":"block","type":"code-line","key":"659bd6ed78b64ebf8653e2662a8196b3","isVoid":false,"data":{},"nodes":[{"kind":"text","key":"b5fc277da2094249ac982c6ba1323fe2","ranges":[{"kind":"range","marks":[],"text":"\t\tIF NOT @@reached AND enExcp THEN"}]}]},{"kind":"block","type":"code-line","key":"4ab21c08ee064899a9d25281fa7b6416","isVoid":false,"data":{},"nodes":[{"kind":"text","key":"165f2c78ed1347d39aca61b053fa7912","ranges":[{"kind":"range","marks":[],"text":"\t\t\tRAISE notReached (\"No path to target\");"}]}]},{"kind":"block","type":"code-line","key":"98e8250281cd4a1d9fe30187d3fc2a81","isVoid":false,"data":{},"nodes":[{"kind":"text","key":"e16cae9fcae84010b757903014eedd73","ranges":[{"kind":"range","marks":[],"text":"\t\tELSE"}]}]},{"kind":"block","type":"code-line","key":"b6659a57578e4ed8ba15048976d9cd90","isVoid":false,"data":{},"nodes":[{"kind":"text","key":"b76ac2607b39480bafc2084178e0f28d","ranges":[{"kind":"range","marks":[],"text":"\t\t\tResult = {tgt};"}]}]},{"kind":"block","type":"code-line","key":"b5c242318ecc4dc79759129e0bb6cf0f","isVoid":false,"data":{},"nodes":[{"kind":"text","key":"ba081bd5445b425cb7c9004e282453a5","ranges":[{"kind":"range","marks":[],"text":"\t\t\tPRINT Result[Result.@paths]; // api v2"}]}]},{"kind":"block","type":"code-line","key":"995f7167e436470eac4eaaee6736dc80","isVoid":false,"data":{},"nodes":[{"kind":"text","key":"59de7a23a77442038aa22a785429de72","ranges":[{"kind":"range","marks":[],"text":"\t\tEND;"}]}]},{"kind":"block","type":"code-line","key":"62983db0e61d4c868490b9a92c7d8154","isVoid":false,"data":{},"nodes":[{"kind":"text","key":"8183e2171cb440db862916f9d4452558","ranges":[{"kind":"range","marks":[],"text":"\tEXCEPTION"}]}]},{"kind":"block","type":"code-line","key":"0d57fd32a92d47f2867819f444c94bb1","isVoid":false,"data":{},"nodes":[{"kind":"text","key":"c3a7e1b238ef42ac870d9b5e5a9cc6dd","ranges":[{"kind":"range","marks":[],"text":"\t\tWHEN negSpeed THEN PRINT \"bad path: negative speed\";"}]}]},{"kind":"block","type":"code-line","key":"0e8cc3cb6b0d44388b862e5cd2377feb","isVoid":false,"data":{},"nodes":[{"kind":"text","key":"5dfc35dc1c9a42c597805fc630f356df","ranges":[{"kind":"range","marks":[],"text":"\t\tWHEN slowSpeed THEN PRINT \"bad path: slow speed\";"}]}]},{"kind":"block","type":"code-line","key":"b0f1f796c1ec458ab908af0a41d0fc9a","isVoid":false,"data":{},"nodes":[{"kind":"text","key":"677b69f311154b739414196dc852882a","ranges":[{"kind":"range","marks":[],"text":"\t\tWHEN notReached THEN PRINT \"no path from source to target\";"}]}]},{"kind":"block","type":"code-line","key":"72ab435220d3465ab5c2552fbfacd06b","isVoid":false,"data":{},"nodes":[{"kind":"text","key":"2ab987b3db87428ca09d2254dc20cbb6","ranges":[{"kind":"range","marks":[],"text":"\tEND;"}]}]},{"kind":"block","type":"code-line","key":"7976d0e7317741e5bdac3e1655ffe21b","isVoid":false,"data":{},"nodes":[{"kind":"text","key":"9ea1d05057cb41fd833bb87c4e3c583e","ranges":[{"kind":"range","marks":[],"text":"}"}]}]}]}]},{"kind":"block","type":"paragraph","key":"47bb6eae9a334b6e8dc008f72e7d5d32","isVoid":false,"data":{},"nodes":[{"kind":"text","key":"eed960846cf348e9b0f0ecf8d1706a54","ranges":[{"kind":"range","marks":[],"text":"As the data in Appendix D show:"}]}]},{"kind":"block","type":"list-unordered","key":"c2ab1d56b08b40fc8258ea69b0201164","isVoid":false,"data":{},"nodes":[{"kind":"block","type":"list-item","key":"9fe15af47ba3421680751a6bb36430c5","isVoid":false,"data":{},"nodes":[{"kind":"block","type":"paragraph","key":"478333b07f7e481ea0e2d4e142d7ca88","isVoid":false,"data":{},"nodes":[{"kind":"text","key":"bc335ff47c124043bde309afeca87d3d","ranges":[{"kind":"range","marks":[],"text":"Any search passing through c1 will see negative edges."}]}]}]},{"kind":"block","type":"list-item","key":"0c9e189cf44e45c68ec9a50307cd9517","isVoid":false,"data":{},"nodes":[{"kind":"block","type":"paragraph","key":"945afd35774f466a9680c1fd2085dbcb","isVoid":false,"data":{},"nodes":[{"kind":"text","key":"2443090d49f74710b6121573fcc2008e","ranges":[{"kind":"range","marks":[],"text":"Any search passing through c12 will see negative and slow edges."}]}]}]},{"kind":"block","type":"list-item","key":"cba0e1326d544ed3a570fa4a53161702","isVoid":false,"data":{},"nodes":[{"kind":"block","type":"paragraph","key":"2fa7780f439a416caa0d206d48096ba4","isVoid":false,"data":{},"nodes":[{"kind":"text","key":"a2b00c692b9e4f179a9b29034be2257c","ranges":[{"kind":"range","marks":[],"text":"Any search passing through c14 will see negative edges."}]}]}]}]},{"kind":"block","type":"paragraph","key":"19edfcfc3aee44e280550699ca38940b","isVoid":false,"data":{},"nodes":[{"kind":"text","key":"f761f2544c034c04b292688e5f6ca1ee","ranges":[{"kind":"range","marks":[],"text":"The results for 5 cases are shown: 1 valid search plus each of the 3 exception conditions.  The 5th case is the same as the 4th, but exception handling is not enabled."}]}]},{"kind":"block","type":"code","key":"3ab57b29eb4e4ad995be115dc0a4ad14","isVoid":false,"data":{},"nodes":[{"kind":"block","type":"code-tab","key":"36b16c46adcf4601b687dd5023981616","isVoid":false,"data":{"syntax":"sql","title":"compPathValid.json"},"nodes":[{"kind":"block","type":"code-line","key":"bf328b98b6b140ff8eb7c5bebbfe5d7d","isVoid":false,"data":{},"nodes":[{"kind":"text","key":"b08bee55f8d8448387bec068a383c740","ranges":[{"kind":"range","marks":[],"text":"GSQL > RUN QUERY compPathValid(\"c10\",\"c12\",true)"}]}]},{"kind":"block","type":"code-line","key":"9d0a741af03e4d1694d91293ea76142b","isVoid":false,"data":{},"nodes":[{"kind":"text","key":"e6311fae40584b93b979a70ca2290bff","ranges":[{"kind":"range","marks":[],"text":"{"}]}]},{"kind":"block","type":"code-line","key":"34c2b6f592694f4c90e812a3e1192d93","isVoid":false,"data":{},"nodes":[{"kind":"text","key":"8d0008dce07041bf9620c3821f4cb9a0","ranges":[{"kind":"range","marks":[],"text":"  \"error\": false,"}]}]},{"kind":"block","type":"code-line","key":"fd1efe0b887a40fd9f5acf0aefcf5a55","isVoid":false,"data":{},"nodes":[{"kind":"text","key":"90b2ea18a2b74d7ea81022aaa4460f4f","ranges":[{"kind":"range","marks":[],"text":"  \"message\": \"\","}]}]},{"kind":"block","type":"code-line","key":"dc586eee0de24d169ed0ca4ec50e0a1e","isVoid":false,"data":{},"nodes":[{"kind":"text","key":"76d7eb3c6b73457f828e77b9f39c10ce","ranges":[{"kind":"range","marks":[],"text":"  \"version\": {"}]}]},{"kind":"block","type":"code-line","key":"a7ef1b20ba754ff0967decf0fe9cd5f5","isVoid":false,"data":{},"nodes":[{"kind":"text","key":"7bcc096bab4845c3bbee5e323939437c","ranges":[{"kind":"range","marks":[],"text":"    \"schema\": 0,"}]}]},{"kind":"block","type":"code-line","key":"f00af6fbb15a44e5b3402f48c8c4d244","isVoid":false,"data":{},"nodes":[{"kind":"text","key":"abc20e29cbf949b8b36f2fb4b19ba9a3","ranges":[{"kind":"range","marks":[],"text":"    \"api\": \"v2\""}]}]},{"kind":"block","type":"code-line","key":"ccbf5c3076aa46b0a99b53a5b1a930c0","isVoid":false,"data":{},"nodes":[{"kind":"text","key":"30bcffc1e89d48f3bcc4b832fed0bf0e","ranges":[{"kind":"range","marks":[],"text":"  },"}]}]},{"kind":"block","type":"code-line","key":"195dc964a0574a4faf77ea6f38497717","isVoid":false,"data":{},"nodes":[{"kind":"text","key":"c836f3d8199b451f94cd96fe9e9f91d1","ranges":[{"kind":"range","marks":[],"text":"  \"results\": [{\"Result\": [{"}]}]},{"kind":"block","type":"code-line","key":"0978a5b5e0bd48c795ec3c3852696de8","isVoid":false,"data":{},"nodes":[{"kind":"text","key":"f777338360eb45168cf9ad5ebd76a7a0","ranges":[{"kind":"range","marks":[],"text":"    \"v_id\": \"c12\","}]}]},{"kind":"block","type":"code-line","key":"290a1b8dab754ab5a63767b0921a2b7f","isVoid":false,"data":{},"nodes":[{"kind":"text","key":"f28fbd3373824b579592c4b794d9812e","ranges":[{"kind":"range","marks":[],"text":"    \"attributes\": {\"Result.@paths\": [\"c10~c11~c12\"]},"}]}]},{"kind":"block","type":"code-line","key":"c3e24f18aa3940a9bcf799fa23b0630b","isVoid":false,"data":{},"nodes":[{"kind":"text","key":"bfd5a31aeca346a0908936141c9a6606","ranges":[{"kind":"range","marks":[],"text":"    \"v_type\": \"computer\""}]}]},{"kind":"block","type":"code-line","key":"2ef551d4aa7a4622916a02040ae01269","isVoid":false,"data":{},"nodes":[{"kind":"text","key":"f37199bd6a0a4a63821964bbdb300abe","ranges":[{"kind":"range","marks":[],"text":"  }]}]"}]}]},{"kind":"block","type":"code-line","key":"f8e3cbb59d5442c7974bf8d3bce9e9f2","isVoid":false,"data":{},"nodes":[{"kind":"text","key":"f6d660eb4d7e4f15872e94328299cb35","ranges":[{"kind":"range","marks":[],"text":"}"}]}]},{"kind":"block","type":"code-line","key":"768398cb40a54585abde1ccb8e19f2fc","isVoid":false,"data":{},"nodes":[{"kind":"text","key":"73f7c519682a47868da938498edaae00","ranges":[{"kind":"range","marks":[],"text":"GSQL > RUN QUERY compPathValid(\"c1\",\"c12\",true)"}]}]},{"kind":"block","type":"code-line","key":"940cf3db876843fa8074a8e70d1032b1","isVoid":false,"data":{},"nodes":[{"kind":"text","key":"26b20e31414142a381ce4657661092d9","ranges":[{"kind":"range","marks":[],"text":"{"}]}]},{"kind":"block","type":"code-line","key":"466bf27348b243f9b46e537afc0aa994","isVoid":false,"data":{},"nodes":[{"kind":"text","key":"b5ea8765a96043aab8aca2f9d58f2347","ranges":[{"kind":"range","marks":[],"text":"  \"error\": false,"}]}]},{"kind":"block","type":"code-line","key":"92caf65a15b34830b0473eb819dec51f","isVoid":false,"data":{},"nodes":[{"kind":"text","key":"fef17b3435f643eaa66899f5f11d4f0f","ranges":[{"kind":"range","marks":[],"text":"  \"message\": \"\","}]}]},{"kind":"block","type":"code-line","key":"d27c202591a64000b80492d842696853","isVoid":false,"data":{},"nodes":[{"kind":"text","key":"51278d94a63949828515f3532e8c78be","ranges":[{"kind":"range","marks":[],"text":"  \"version\": {"}]}]},{"kind":"block","type":"code-line","key":"f3422e71bf2e4e7db4f24e5fcef237ed","isVoid":false,"data":{},"nodes":[{"kind":"text","key":"53a3521e082a4b1e8e2ffc9f4349f9a7","ranges":[{"kind":"range","marks":[],"text":"    \"schema\": 0,"}]}]},{"kind":"block","type":"code-line","key":"742a0dce8e264c8381c4498f5803246e","isVoid":false,"data":{},"nodes":[{"kind":"text","key":"e42978e804684c948a15ed17f21dd7da","ranges":[{"kind":"range","marks":[],"text":"    \"api\": \"v2\""}]}]},{"kind":"block","type":"code-line","key":"da472a9148434fd590d6dc91b0ed3400","isVoid":false,"data":{},"nodes":[{"kind":"text","key":"7555e15ff9e94d7e8051a45decf8213a","ranges":[{"kind":"range","marks":[],"text":"  },"}]}]},{"kind":"block","type":"code-line","key":"ab4b974960104974875d354cebdfabce","isVoid":false,"data":{},"nodes":[{"kind":"text","key":"1566a547cd4f4e4eafb84bfe845ae6ff","ranges":[{"kind":"range","marks":[],"text":"  \"results\": [{\"bad path: negative speed\": \"bad path: negative speed\"}]"}]}]},{"kind":"block","type":"code-line","key":"94ad2d1ea713403c9dc6510cbd51ef4c","isVoid":false,"data":{},"nodes":[{"kind":"text","key":"85c4ec266604431e918edcba9c953d23","ranges":[{"kind":"range","marks":[],"text":"}"}]}]},{"kind":"block","type":"code-line","key":"57d6cbacb6694053b404243718becd15","isVoid":false,"data":{},"nodes":[{"kind":"text","key":"70086301065f425c88103535614e32fb","ranges":[{"kind":"range","marks":[],"text":"GSQL > RUN QUERY compPathValid(\"c10\",\"c13\",true)"}]}]},{"kind":"block","type":"code-line","key":"bb2136554f574cf8a295b3ae7b97e32d","isVoid":false,"data":{},"nodes":[{"kind":"text","key":"a07536c5e0de4638b452c0acf98e5056","ranges":[{"kind":"range","marks":[],"text":"{"}]}]},{"kind":"block","type":"code-line","key":"bfd3e1e0b2024cfaaf0669369bb79476","isVoid":false,"data":{},"nodes":[{"kind":"text","key":"f2519c1b269240fba506c694e0c30e53","ranges":[{"kind":"range","marks":[],"text":"  \"error\": false,"}]}]},{"kind":"block","type":"code-line","key":"70693bcc57ac4da98ba9ac028069a28c","isVoid":false,"data":{},"nodes":[{"kind":"text","key":"fa71f8c1504e4d3790fd05acc998146c","ranges":[{"kind":"range","marks":[],"text":"  \"message\": \"\","}]}]},{"kind":"block","type":"code-line","key":"faefbb53290a4fdfb06d64c3c86a77f3","isVoid":false,"data":{},"nodes":[{"kind":"text","key":"cb751a12d8e54a98a24f26c6a6098bea","ranges":[{"kind":"range","marks":[],"text":"  \"version\": {"}]}]},{"kind":"block","type":"code-line","key":"3956c958044c49afaa195abd45ca1dfd","isVoid":false,"data":{},"nodes":[{"kind":"text","key":"ee0c858a0b9149b89dc927316800896b","ranges":[{"kind":"range","marks":[],"text":"    \"schema\": 0,"}]}]},{"kind":"block","type":"code-line","key":"4a8e6b444321471aadc20c3f80faacf4","isVoid":false,"data":{},"nodes":[{"kind":"text","key":"81e162f0dd8e497bb3c1d255c405314a","ranges":[{"kind":"range","marks":[],"text":"    \"api\": \"v2\""}]}]},{"kind":"block","type":"code-line","key":"b6e47943298b41a3a4f46618655de8ea","isVoid":false,"data":{},"nodes":[{"kind":"text","key":"15cf240f57e04512b5f51ffd71b5d767","ranges":[{"kind":"range","marks":[],"text":"  },"}]}]},{"kind":"block","type":"code-line","key":"f1cbd01141e94d8a9f357eeb6cf42418","isVoid":false,"data":{},"nodes":[{"kind":"text","key":"ed593d50bade4782af20bd6bae28034e","ranges":[{"kind":"range","marks":[],"text":"  \"results\": [{\"bad path: slow speed\": \"bad path: slow speed\"}]"}]}]},{"kind":"block","type":"code-line","key":"88a43096c7994f628134abc9c2491986","isVoid":false,"data":{},"nodes":[{"kind":"text","key":"a280aa94d79c40cca38c5b86651d8a36","ranges":[{"kind":"range","marks":[],"text":"}"}]}]},{"kind":"block","type":"code-line","key":"5479041ca29b4a5d9a13c9f0c8499cce","isVoid":false,"data":{},"nodes":[{"kind":"text","key":"9590541997d24f2f9c1cfde5c7b4dc01","ranges":[{"kind":"range","marks":[],"text":"GSQL > RUN QUERY compPathValid(\"c24\",\"c25\",true)"}]}]},{"kind":"block","type":"code-line","key":"485e528efba0446588fd4a584f67e87a","isVoid":false,"data":{},"nodes":[{"kind":"text","key":"9465cad70cb844639aa75bc2c8c4c25e","ranges":[{"kind":"range","marks":[],"text":"{"}]}]},{"kind":"block","type":"code-line","key":"b0f3be40f8b44ce287664aed43c23ed1","isVoid":false,"data":{},"nodes":[{"kind":"text","key":"d78fb01ea1b34272aa4aedf3fe8db57b","ranges":[{"kind":"range","marks":[],"text":"  \"error\": false,"}]}]},{"kind":"block","type":"code-line","key":"c9c330e246e84fa08c9c9785e9affea6","isVoid":false,"data":{},"nodes":[{"kind":"text","key":"90755dee37ec481c85b0daff6447777e","ranges":[{"kind":"range","marks":[],"text":"  \"message\": \"\","}]}]},{"kind":"block","type":"code-line","key":"8307570392ab4739ba38df22da4e225a","isVoid":false,"data":{},"nodes":[{"kind":"text","key":"ac26529c054d4b8c845eb80c70a774ad","ranges":[{"kind":"range","marks":[],"text":"  \"version\": {"}]}]},{"kind":"block","type":"code-line","key":"76fc9ac389bf405382bb57f7622ff28c","isVoid":false,"data":{},"nodes":[{"kind":"text","key":"a86c477fed06476eaefc7b5bb235eccc","ranges":[{"kind":"range","marks":[],"text":"    \"schema\": 0,"}]}]},{"kind":"block","type":"code-line","key":"5876a1b9e2aa42fb94d24bacb8bb2ea2","isVoid":false,"data":{},"nodes":[{"kind":"text","key":"ecdc56a105494de3b772fe0190566c0a","ranges":[{"kind":"range","marks":[],"text":"    \"api\": \"v2\""}]}]},{"kind":"block","type":"code-line","key":"73ded0f4afbd4d8b94a38195b07bb026","isVoid":false,"data":{},"nodes":[{"kind":"text","key":"937cfc09bd5244dc98d5cadf1752e5ff","ranges":[{"kind":"range","marks":[],"text":"  },"}]}]},{"kind":"block","type":"code-line","key":"2bfaa7748b89422fb2777feb804be90e","isVoid":false,"data":{},"nodes":[{"kind":"text","key":"7c6f1e71f18145f7b84edf1ce6b630c2","ranges":[{"kind":"range","marks":[],"text":"  \"results\": [{\"no path from source to target\": \"no path from source to target\"}]"}]}]},{"kind":"block","type":"code-line","key":"193a466c4d424347b75b2f842f6d0d81","isVoid":false,"data":{},"nodes":[{"kind":"text","key":"b59d0f8e4913428dbee13c9492312586","ranges":[{"kind":"range","marks":[],"text":"}"}]}]},{"kind":"block","type":"code-line","key":"ea4009e44aea40f4b2ac97ae13da8f3b","isVoid":false,"data":{},"nodes":[{"kind":"text","key":"e133f7c7daa34bdb96ed25ea65900db7","ranges":[{"kind":"range","marks":[],"text":"GSQL > RUN QUERY compPathValid(\"c24\",\"c25\",false)"}]}]},{"kind":"block","type":"code-line","key":"0c8f008c2fe84dd18c57b1661248e9a2","isVoid":false,"data":{},"nodes":[{"kind":"text","key":"fc3d9fde56954c0d836710355a98f030","ranges":[{"kind":"range","marks":[],"text":"{"}]}]},{"kind":"block","type":"code-line","key":"9078941cad9a46928fbf7435a12284da","isVoid":false,"data":{},"nodes":[{"kind":"text","key":"d170056ad9cf4a67ab2f0a35402ecf12","ranges":[{"kind":"range","marks":[],"text":"  \"error\": false,"}]}]},{"kind":"block","type":"code-line","key":"3652e5ac15fc4bc08526067465a187fa","isVoid":false,"data":{},"nodes":[{"kind":"text","key":"2f9af7a1694c4ab2818c9058ca4e6346","ranges":[{"kind":"range","marks":[],"text":"  \"message\": \"\","}]}]},{"kind":"block","type":"code-line","key":"a96a9355e4c041caac5980f47fbdb4f6","isVoid":false,"data":{},"nodes":[{"kind":"text","key":"1079351cc8584d24acc5b72c88390513","ranges":[{"kind":"range","marks":[],"text":"  \"version\": {"}]}]},{"kind":"block","type":"code-line","key":"16e300a8dcc3474f9d6e0285b2ae90c6","isVoid":false,"data":{},"nodes":[{"kind":"text","key":"6b3e161e1ed749b89f981bd8167ea116","ranges":[{"kind":"range","marks":[],"text":"    \"schema\": 0,"}]}]},{"kind":"block","type":"code-line","key":"da93228a1aff4e8e836bb8e230228bb2","isVoid":false,"data":{},"nodes":[{"kind":"text","key":"b74ece007b6945c1aab7c7408a42996f","ranges":[{"kind":"range","marks":[],"text":"    \"api\": \"v2\""}]}]},{"kind":"block","type":"code-line","key":"64e6b633fa8d4a35aa02e3a235b89bf0","isVoid":false,"data":{},"nodes":[{"kind":"text","key":"5c27c62193424e58990c9f419e483625","ranges":[{"kind":"range","marks":[],"text":"  },"}]}]},{"kind":"block","type":"code-line","key":"d172cdf307f444b2aefc80b6735ca3f4","isVoid":false,"data":{},"nodes":[{"kind":"text","key":"66abf5ba6c8f475bb42c70ef49b1a0be","ranges":[{"kind":"range","marks":[],"text":"  \"results\": [{\"Result\": [{"}]}]},{"kind":"block","type":"code-line","key":"39b113e1ffba4bfbad07062df61bbaa1","isVoid":false,"data":{},"nodes":[{"kind":"text","key":"0189854c435a4b3695726383bacf2cc1","ranges":[{"kind":"range","marks":[],"text":"    \"v_id\": \"c25\","}]}]},{"kind":"block","type":"code-line","key":"92ea4644dba24ddcb4bf9509e450c956","isVoid":false,"data":{},"nodes":[{"kind":"text","key":"ef4d58a2cbbb4689af6484145e03855a","ranges":[{"kind":"range","marks":[],"text":"    \"attributes\": {\"Result.@paths\": []},"}]}]},{"kind":"block","type":"code-line","key":"349ee920f32342cdaf281400a39ffb79","isVoid":false,"data":{},"nodes":[{"kind":"text","key":"36472b60fd81449d8250050e3542c094","ranges":[{"kind":"range","marks":[],"text":"    \"v_type\": \"computer\""}]}]},{"kind":"block","type":"code-line","key":"643e1e468f204d6f8da635158cc941da","isVoid":false,"data":{},"nodes":[{"kind":"text","key":"25078ccae97842278b61ab2acf3fd259","ranges":[{"kind":"range","marks":[],"text":"  }]}]"}]}]},{"kind":"block","type":"code-line","key":"8b7502a141074b58b9ccc3acd1bb5c41","isVoid":false,"data":{},"nodes":[{"kind":"text","key":"952ccaca58f44c609ca98e7362a61777","ranges":[{"kind":"range","marks":[],"text":"}"}]}]}]}]},{"kind":"block","type":"heading-1","key":"a4693c19d9254febb47ada968205f021","isVoid":false,"data":{},"nodes":[{"kind":"text","key":"b75847cd0af74b859bd2600bdc31729d","ranges":[{"kind":"range","marks":[],"text":"Exception Handling Flowchart"}]}]},{"kind":"block","type":"paragraph","key":"3303765a7b8245dab79eb6b05a385f07","isVoid":false,"data":{},"nodes":[{"kind":"text","key":"b8f9f63eae5644ca8bbcae4f621b1e6b","ranges":[{"kind":"range","marks":[],"text":"The flowchart below summarizes all the cases for triggering and handling exceptions, both user-defined and built-in."}]}]},{"kind":"block","type":"image","key":"2ced7bc535284f85a2fe2af1f922e89e","isVoid":true,"data":{"assetID":"-LNivXIt_8N_FgHiGe1k"},"nodes":[{"kind":"text","key":"b79e386fc0cd4b4b81ec8c73d686abd9","ranges":[{"kind":"range","marks":[],"text":""}]}]},{"kind":"block","type":"paragraph","key":"8623074766d9459a880e6bef14a7fe85","isVoid":false,"data":{},"nodes":[{"kind":"text","key":"83753b9f124c460c9e8165cc78c63d03","ranges":[{"kind":"range","marks":[],"text":""}]}]}]}}