{"format_version":1,"document":{"kind":"document","key":"3cfc6d06c6c643dcb53781427e311a6d","data":{"schema_version":5},"nodes":[{"kind":"block","type":"heading-1","key":"c498c2a3877342a892679fc7b7c17036","isVoid":false,"data":{"id":"TigerGraphGraphStudioUIGuide-export_and_importExportAndImportSolution"},"nodes":[{"kind":"text","key":"c73eb840c8d2402c92b47c8fc9d34197","ranges":[{"kind":"range","marks":[],"text":"Export And Import Solution"}]}]},{"kind":"block","type":"paragraph","key":"790d2aacb1834935a55932082cfa1985","isVoid":false,"data":{},"nodes":[{"kind":"text","key":"a03e08e3eaab47f0bfbe2677372f4fbf","ranges":[{"kind":"range","marks":[],"text":"These two features can be found in the GraphStudio Home page. You can return to the Home page by clicking \"Home\" the Menu Bar on the left or clicking the \"GraphStudio\" logo at the top."}]}]},{"kind":"block","type":"heading-2","key":"c326e9c4d4ec47a282107394b656d16b","isVoid":false,"data":{"id":"TigerGraphGraphStudioUIGuide-Export"},"nodes":[{"kind":"text","key":"585ec1e1d84d424c952bddff76887932","ranges":[{"kind":"range","marks":[],"text":"Export"}]}]},{"kind":"block","type":"paragraph","key":"91fb72f970ad424f905784af03d996b2","isVoid":false,"data":{},"nodes":[{"kind":"text","key":"98b325b1f165473782295ee8e793dfa2","ranges":[{"kind":"range","marks":[],"text":"Click on the \"Export Current Solution\" link to export the whole solution and download it as a tarball, including the schema, the loading jobs and the queries."}]}]},{"kind":"block","type":"image","key":"473f7ad482204f8795a81bf906cf1735","isVoid":true,"data":{"assetID":"-LMOTr3XY-xlOqkAfZXg","size":"line"},"nodes":[{"kind":"text","key":"db7a1f5663d8405b9578e465220b29d6","ranges":[{"kind":"range","marks":[],"text":""}]}]},{"kind":"block","type":"hint","key":"de157162129a40dcb419c7fad8b7be85","isVoid":false,"data":{"style":"danger"},"nodes":[{"kind":"block","type":"paragraph","key":"3c671c431cdb42f698ea7de571d71178","isVoid":false,"data":{},"nodes":[{"kind":"text","key":"e91058c54a1241c7a54b165ecdb54e35","ranges":[{"kind":"range","marks":[],"text":"ATTENTION:"}]}]},{"kind":"block","type":"list-ordered","key":"e15538a017554986ad14b2266e965b7a","isVoid":false,"data":{},"nodes":[{"kind":"block","type":"list-item","key":"203c8d9e8a5d48cd82f41471f18329c3","isVoid":false,"data":{},"nodes":[{"kind":"block","type":"paragraph","key":"f98f906e4f9940049c99ab9536bb0dae","isVoid":false,"data":{},"nodes":[{"kind":"text","key":"79f12d7c0b3c4469a1d755501ccd87f1","ranges":[{"kind":"range","marks":[],"text":"The graph data and data files will not be exported."}]}]}]},{"kind":"block","type":"list-item","key":"94663995d7ed46418fdb668fb12c45c2","isVoid":false,"data":{},"nodes":[{"kind":"block","type":"paragraph","key":"b7c7c72311ea4362a87816338f1b6c83","isVoid":false,"data":{},"nodes":[{"kind":"text","key":"45e888012bfb4a3fa7f7edf5901ba41b","ranges":[{"kind":"range","marks":[],"text":"If a query has been modified since it was last installed, GraphStudio will export the modified draft instead of the version that have been installed in the TigerGraph engine."}]}]}]}]}]},{"kind":"block","type":"heading-2","key":"5b1d65f7731a4312891e6f4ba76bb20e","isVoid":false,"data":{"id":"TigerGraphGraphStudioUIGuide-Import"},"nodes":[{"kind":"text","key":"4e27ca38afa642cb915ede51b6dee843","ranges":[{"kind":"range","marks":[],"text":"Import"}]}]},{"kind":"block","type":"paragraph","key":"c465645eba2948208a0881b7695e24dd","isVoid":false,"data":{},"nodes":[{"kind":"text","key":"af0608af20f142c7857d89ca575402a1","ranges":[{"kind":"range","marks":[],"text":"Click on the \"Import an Existing Solution\" will upload a previously exported tarball of a solution."}]}]},{"kind":"block","type":"image","key":"a319f21bc1214ae38dff0247a61cbc11","isVoid":true,"data":{"assetID":"-LMOTtnkt_dJ9-f7G_ga","size":"line"},"nodes":[{"kind":"text","key":"948cca5acd8449078575f65542c8c385","ranges":[{"kind":"range","marks":[],"text":""}]}]},{"kind":"block","type":"hint","key":"d38f993e835e444bb08f89debec61829","isVoid":false,"data":{"style":"info"},"nodes":[{"kind":"block","type":"paragraph","key":"e792c9a276f6416492046a8d48119dc2","isVoid":false,"data":{},"nodes":[{"kind":"text","key":"86f8a31f16034a1cac2302d8c9add42b","ranges":[{"kind":"range","marks":[],"text":"In order to optimize the time required for Import, the imported queries will not be installed but saved as drafts. You need to install them manually."}]}]}]}]}}