{"format_version":1,"document":{"kind":"document","key":"11f6cda15039439698c336fe9aae616a","data":{"schema_version":5},"nodes":[{"kind":"block","type":"heading-1","key":"aec7cceb618e426488b6e2d6c698e68c","isVoid":false,"data":{},"nodes":[{"kind":"text","key":"9ba7c6c837794460b5dc490e78807307","ranges":[{"kind":"range","marks":[],"text":"Introduction"}]}]},{"kind":"block","type":"paragraph","key":"6fb12c4d29b0411f8292b94b701e0edb","isVoid":false,"data":{},"nodes":[{"kind":"text","key":"4a73ccd6968a48f6a7735950562f3706","ranges":[{"kind":"range","marks":[],"text":"In this tutorial, we will show you how to create a graph schema, load data in your graph, write simple parameterized queries, and run your queries. Before you start, you need to have installed the TigerGraph system, verified that it is working, and cleared out any previous data. It'll also help to become familiar with our graph terminology."}]}]},{"kind":"block","type":"heading-1","key":"a23d4e10a13b4476aec64063d074252d","isVoid":false,"data":{},"nodes":[{"kind":"text","key":"b6c9c566186046aebb77bef6f6432486","ranges":[{"kind":"range","marks":[],"text":"What is a Graph?"}]}]},{"kind":"block","type":"paragraph","key":"37fff60047be47a8b4311e9f26be0e1e","isVoid":false,"data":{},"nodes":[{"kind":"text","key":"32c599f8c0e74521adf31e3eb04f6366","ranges":[{"kind":"range","marks":[],"text":"A graph is a collection of data entities and the connections between them.  That is, it's a network of data entities."}]}]},{"kind":"block","type":"paragraph","key":"91ba1c28cf5c40a482853c756a382149","isVoid":false,"data":{},"nodes":[{"kind":"text","key":"e3fd9061f65b4310a67e7c99b96e1184","ranges":[{"kind":"range","marks":[],"text":"Many people call a data entity a "},{"kind":"range","marks":[{"kind":"mark","data":{},"type":"bold"}],"text":"node "},{"kind":"range","marks":[],"text":"; at TigerGraph we called it a "},{"kind":"range","marks":[{"kind":"mark","data":{},"type":"bold"}],"text":"vertex"},{"kind":"range","marks":[],"text":". The plural is "},{"kind":"range","marks":[{"kind":"mark","data":{},"type":"bold"}],"text":"vertices"},{"kind":"range","marks":[],"text":". We call a connection an edge.  Both vertices and edges can have properties or attributes.  The figure below is a visual representation of a graph containing 7 vertices (shown as circles) and 7 edges (the lines)."}]}]},{"kind":"block","type":"image","key":"916299ab5b724f8da6427b3b537fcb05","isVoid":true,"data":{"assetID":"-LNqXD8KS4vq1NQb7bRf","caption":"Friendship Social Graph"},"nodes":[{"kind":"text","key":"f0ce79c448b4442a923d2f97b88f456a","ranges":[{"kind":"range","marks":[],"text":""}]}]},{"kind":"block","type":"paragraph","key":"0aed8d2fc95b4bb79aa9679bf8c7aeab","isVoid":false,"data":{},"nodes":[{"kind":"text","key":"f11ad1e9059f4d4db73390ced6ba0ce8","ranges":[{"kind":"range","marks":[],"text":"A graph schema is the model which describes the "},{"kind":"range","marks":[{"kind":"mark","data":{},"type":"bold"}],"text":"types "},{"kind":"range","marks":[],"text":"of vertices (nodes) and edge (connections) which can appear in your graph.  The graph above has one type of vertex (person) and one type of edge (friendship)."}]}]},{"kind":"block","type":"paragraph","key":"70c5d609534142d2bc57da529276ae09","isVoid":false,"data":{},"nodes":[{"kind":"text","key":"92b9be5e418f4e2fa6ac1e60936e6fcb","ranges":[{"kind":"range","marks":[],"text":"A schema diagram looks like a small graph, except each node represents one "},{"kind":"range","marks":[{"kind":"mark","data":{},"type":"bold"}],"text":"type "},{"kind":"range","marks":[],"text":"of vertex, and each link represents one "},{"kind":"range","marks":[{"kind":"mark","data":{},"type":"bold"}],"text":"type "},{"kind":"range","marks":[],"text":"of edge."}]}]},{"kind":"block","type":"image","key":"fea2f6b9e3db416e8cd77299cef352c4","isVoid":true,"data":{"assetID":"-LNqXNVwAwhzgop57TIR","caption":"Friendship Social Graph Schema"},"nodes":[{"kind":"text","key":"f280617dc0bf4f1590e57d8f4937590e","ranges":[{"kind":"range","marks":[],"text":""}]}]},{"kind":"block","type":"paragraph","key":"39090b0afc9f490581b105f05afd17be","isVoid":false,"data":{},"nodes":[{"kind":"text","key":"44eb91b36f9a40fa91c2fe7fa40fe2c1","ranges":[{"kind":"range","marks":[],"text":"The friendship loop shows that a friendship is between a person and another person."}]}]},{"kind":"block","type":"heading-2","key":"15478ca6e218430e8aa729bfb9907390","isVoid":false,"data":{"id":"GSQL101-DataSet"},"nodes":[{"kind":"text","key":"af94e04c500b43c4bbdc7fdc39e72290","ranges":[{"kind":"range","marks":[],"text":"Data Set"}]}]},{"kind":"block","type":"paragraph","key":"9e31a90b9a0e4f2d86d156c8467b747a","isVoid":false,"data":{},"nodes":[{"kind":"text","key":"0abb03c2de404fd182f5ea4fc4485619","ranges":[{"kind":"range","marks":[],"text":"For this tutorial, we will create and query the simple friendship social graph shown in Figure Friendship Social Graph. The data for this graph consists of two files in csv (comma-separated values) format. To follow along with this tutorial, please save these two files, person.csv and friendship.csv, to your TigerGraph local disk. In our running example, we use the "},{"kind":"range","marks":[{"kind":"mark","data":{},"type":"code"}],"text":"/home/tigergraph/"},{"kind":"range","marks":[],"text":" folder to store the two csv files."}]}]},{"kind":"block","type":"code","key":"fadee528a0c644faac4c79c90af8c269","isVoid":false,"data":{},"nodes":[{"kind":"block","type":"code-tab","key":"297520137cf54f00b8f3d8b8ba995b95","isVoid":false,"data":{"syntax":"coffeescript","title":"person.csv"},"nodes":[{"kind":"block","type":"code-line","key":"d913f4f2f4e94d0b8da1890d702de918","isVoid":false,"data":{},"nodes":[{"kind":"text","key":"6faed16964194c718afa819f37d914b5","ranges":[{"kind":"range","marks":[],"text":"name,gender,age,state"}]}]},{"kind":"block","type":"code-line","key":"9d1cac37699841358a863d1400d940e6","isVoid":false,"data":{},"nodes":[{"kind":"text","key":"edbfe655fcd7415598b32d214b054364","ranges":[{"kind":"range","marks":[],"text":"Tom,male,40,ca"}]}]},{"kind":"block","type":"code-line","key":"354f7acda1c5457f96893d65562575a2","isVoid":false,"data":{},"nodes":[{"kind":"text","key":"df3f0a0673a4451884e44567b63fc6d3","ranges":[{"kind":"range","marks":[],"text":"Dan,male,34,ny"}]}]},{"kind":"block","type":"code-line","key":"a934862771cc4fc0986e9904fdd49345","isVoid":false,"data":{},"nodes":[{"kind":"text","key":"96baef8906374e5c9b7defd4c23aca08","ranges":[{"kind":"range","marks":[],"text":"Jenny,female,25,tx"}]}]},{"kind":"block","type":"code-line","key":"4babbc4a69904a9ab2687a38628790a2","isVoid":false,"data":{},"nodes":[{"kind":"text","key":"4dd88ca62663485a913f6e0e227f923f","ranges":[{"kind":"range","marks":[],"text":"Kevin,male,28,az"}]}]},{"kind":"block","type":"code-line","key":"4fd4aa1eb31b4742a8863285b1e61a3a","isVoid":false,"data":{},"nodes":[{"kind":"text","key":"34fbfe81aa6741d9aadb1ee8133cbc0c","ranges":[{"kind":"range","marks":[],"text":"Amily,female,22,ca"}]}]},{"kind":"block","type":"code-line","key":"6d4011bc56854581a3e7bd750c07ad75","isVoid":false,"data":{},"nodes":[{"kind":"text","key":"3f85485784df4e54a782cb8e1c4e60f1","ranges":[{"kind":"range","marks":[],"text":"Nancy,female,20,ky"}]}]},{"kind":"block","type":"code-line","key":"9a6d47b966ce4cccbdce5477858850db","isVoid":false,"data":{},"nodes":[{"kind":"text","key":"05291076ecd6419b85552bf59f19e316","ranges":[{"kind":"range","marks":[],"text":"Jack,male,26,fl"}]}]}]}]},{"kind":"block","type":"code","key":"0b940a6fe8f24c8b88edad59e64e04f5","isVoid":false,"data":{},"nodes":[{"kind":"block","type":"code-tab","key":"270e25b08fa941908da9ccf888c2dd54","isVoid":false,"data":{"syntax":"coffeescript","title":"friendship.csv"},"nodes":[{"kind":"block","type":"code-line","key":"9c5344057eab4d72ba89a56d46880991","isVoid":false,"data":{},"nodes":[{"kind":"text","key":"6f7c78bd70a840aeb3334f74c02351e5","ranges":[{"kind":"range","marks":[],"text":"person1,person2,date"}]}]},{"kind":"block","type":"code-line","key":"863a38f759f9404baca9b385463e4c99","isVoid":false,"data":{},"nodes":[{"kind":"text","key":"7d55a99b9523454ba5a53c077a34929c","ranges":[{"kind":"range","marks":[],"text":"Tom,Dan,2017-06-03"}]}]},{"kind":"block","type":"code-line","key":"f4ef75322ade4681beccf05e1e929cd1","isVoid":false,"data":{},"nodes":[{"kind":"text","key":"0fd732c03dad496681864436e4c2f7a2","ranges":[{"kind":"range","marks":[],"text":"Tom,Jenny,2015-01-01"}]}]},{"kind":"block","type":"code-line","key":"c36751cc485f46898239ecbbc4b544af","isVoid":false,"data":{},"nodes":[{"kind":"text","key":"dbdfd05e512d4c1788ba234d7389a0ba","ranges":[{"kind":"range","marks":[],"text":"Dan,Jenny,2016-08-03"}]}]},{"kind":"block","type":"code-line","key":"9f4566fd8d304d9a8929d31466524197","isVoid":false,"data":{},"nodes":[{"kind":"text","key":"af98245d5bbf4685a04ee3c9effabd24","ranges":[{"kind":"range","marks":[],"text":"Jenny,Amily,2015-06-08"}]}]},{"kind":"block","type":"code-line","key":"e0a746e3c3954e24a465284977628bad","isVoid":false,"data":{},"nodes":[{"kind":"text","key":"7c0f71b1b2d4462b873b2aacdd4eb929","ranges":[{"kind":"range","marks":[],"text":"Dan,Nancy,2016-01-03"}]}]},{"kind":"block","type":"code-line","key":"c35bce5d335f4537aaf9eaaa87291e8a","isVoid":false,"data":{},"nodes":[{"kind":"text","key":"4e4f7a007f214af68dd857a8c488ab8b","ranges":[{"kind":"range","marks":[],"text":"Nancy,Jack,2017-03-02"}]}]},{"kind":"block","type":"code-line","key":"dd0ebf61123142bdb922e1325dd8e458","isVoid":false,"data":{},"nodes":[{"kind":"text","key":"4ffeeb15f5f14356bf6b1c7dda4a6d20","ranges":[{"kind":"range","marks":[],"text":"Dan,Kevin,2015-12-30"}]}]}]}]},{"kind":"block","type":"heading-2","key":"89d8cf875a7f443388b2f59f7834599a","isVoid":false,"data":{"id":"GSQL101-dropallPrepareYourTigerGraphEnvironment"},"nodes":[{"kind":"text","key":"3a902612e6074a4c94dc0320a0eb836d","ranges":[{"kind":"range","marks":[],"text":"Prepare Your TigerGraph Environment"}]}]},{"kind":"block","type":"paragraph","key":"5939fc38ee8c44119d44200170b8c5b0","isVoid":false,"data":{},"nodes":[{"kind":"text","key":"9122041751f24b439ccb6a87069511cf","ranges":[{"kind":"range","marks":[],"text":"First, let's check that you can access GSQL."}]}]},{"kind":"block","type":"list-ordered","key":"0f32f5f09c3a4873a4c8e5a33a79e1cd","isVoid":false,"data":{},"nodes":[{"kind":"block","type":"list-item","key":"88d4c75f25094e4789fa0d8dd2168591","isVoid":false,"data":{},"nodes":[{"kind":"block","type":"paragraph","key":"ca145042dce1422ba12344f1cb3b42e1","isVoid":false,"data":{},"nodes":[{"kind":"text","key":"59e4748d71d342d4a7f88446896d140a","ranges":[{"kind":"range","marks":[],"text":"Open a Linux shell."}]}]}]},{"kind":"block","type":"list-item","key":"b79a289855084f3ca9454afdefa27270","isVoid":false,"data":{},"nodes":[{"kind":"block","type":"paragraph","key":"64abc7aaedf5494ba2e49e0df49a9a03","isVoid":false,"data":{},"nodes":[{"kind":"text","key":"ba04243f0594436692fe6cfb0f5b59c0","ranges":[{"kind":"range","marks":[],"text":"Type gsql as below. A GSQL shell prompt should appear as below."}]}]},{"kind":"block","type":"code","key":"a272d0b0db344eaeb9491faa55566439","isVoid":false,"data":{},"nodes":[{"kind":"block","type":"code-tab","key":"2d2c129042954f51ad56351e37ea0ec3","isVoid":false,"data":{"syntax":"bash","title":"Linux Shell"},"nodes":[{"kind":"block","type":"code-line","key":"0bd21200e23c481f9503acfb1aaab9bb","isVoid":false,"data":{},"nodes":[{"kind":"text","key":"10e5a43426f947bbbf35351f17e5c390","ranges":[{"kind":"range","marks":[],"text":"$ gsql "}]}]},{"kind":"block","type":"code-line","key":"445f03917e614023a526547c2e110193","isVoid":false,"data":{},"nodes":[{"kind":"text","key":"64234be689414c87a2b208dca0dae0f4","ranges":[{"kind":"range","marks":[],"text":"GSQL >"}]}]}]}]}]},{"kind":"block","type":"list-item","key":"80e6e0c276c5498f8455683e2162b05c","isVoid":false,"data":{},"nodes":[{"kind":"block","type":"paragraph","key":"3ee8493e479f4f4c87f1de078d1015bd","isVoid":false,"data":{},"nodes":[{"kind":"text","key":"0440277d0a224dbea624e9d7eaaec8b0","ranges":[{"kind":"range","marks":[],"text":"If the GSQL shell does not launch, try resetting the system with \"gadmin restart all\". If you need further help, please see the "}]},{"kind":"inline","type":"link","key":"d805da7815d241128ad4413f7df68c83","isVoid":false,"data":{"pageID":"-LMW83p8IWENIdLPqmBG"},"nodes":[{"kind":"text","key":"2861a8b134de4a32ac008439ff88712c","ranges":[{"kind":"range","marks":[],"text":"TigerGraph Knowledge Base and FAQs "}]}]},{"kind":"text","key":"a3840380f0304bd5a31de1302e4ecdfc","ranges":[{"kind":"range","marks":[],"text":"."}]}]}]}]},{"kind":"block","type":"paragraph","key":"2c3eb324794045bca96623cbb4c5e9e8","isVoid":false,"data":{},"nodes":[{"kind":"text","key":"d6a5d34e9c9b4f249721bc14d6b3a832","ranges":[{"kind":"range","marks":[],"text":"If this is your first time using GSQL, the TigerGraph data store is probably empty.  However, if you or someone else has already been working on the system, there may already be a database.  You can check by listing out the database catalog with the \"ls\" command. This is what should look like if it is empty:"}]}]},{"kind":"block","type":"code","key":"bc1ebc5f45004339ad8a37e32b0d0505","isVoid":false,"data":{},"nodes":[{"kind":"block","type":"code-tab","key":"594e693277324e30a93064d973074a0c","isVoid":false,"data":{"syntax":"text","title":"GSQL shell - an empty database catalog"},"nodes":[{"kind":"block","type":"code-line","key":"d926c593c098460e9af2e09b750eaeee","isVoid":false,"data":{},"nodes":[{"kind":"text","key":"5d769ecfbe7f42709fca57bf74e63a4b","ranges":[{"kind":"range","marks":[],"text":"GSQL > ls"}]}]},{"kind":"block","type":"code-line","key":"d6922dc4dda24abb990c4ca8461a34e6","isVoid":false,"data":{},"nodes":[{"kind":"text","key":"44538920067d45aab190ef372f573f9f","ranges":[{"kind":"range","marks":[],"text":"---- Global vertices, edges, and all graphs"}]}]},{"kind":"block","type":"code-line","key":"fd1e0dfe17ef435094057754027ef1e8","isVoid":false,"data":{},"nodes":[{"kind":"text","key":"d94ac7fc74a94cb58b3993da0b40b3cd","ranges":[{"kind":"range","marks":[],"text":"Vertex Types:"}]}]},{"kind":"block","type":"code-line","key":"829740b3acb64f1c8b5f0128ab129588","isVoid":false,"data":{},"nodes":[{"kind":"text","key":"c31ad77151d9447d8f5d350b36e94c12","ranges":[{"kind":"range","marks":[],"text":"Edge Types:"}]}]},{"kind":"block","type":"code-line","key":"8071869b34f5497c9b956a4fa38f32d7","isVoid":false,"data":{},"nodes":[{"kind":"text","key":"6a2420f137954ad69d12a2f9f58ae693","ranges":[{"kind":"range","marks":[],"text":""}]}]},{"kind":"block","type":"code-line","key":"66458a701dd84b8384b7e8369947c83b","isVoid":false,"data":{},"nodes":[{"kind":"text","key":"e655687d7e8d419fbcebf915af94d498","ranges":[{"kind":"range","marks":[],"text":"Graphs:"}]}]},{"kind":"block","type":"code-line","key":"251f01bffbea456aae9554276da207ac","isVoid":false,"data":{},"nodes":[{"kind":"text","key":"c54864ca7e84455a98e0a039c12019c7","ranges":[{"kind":"range","marks":[],"text":"Jobs:"}]}]},{"kind":"block","type":"code-line","key":"4e5a4c59109142a1ac79694954b2078a","isVoid":false,"data":{},"nodes":[{"kind":"text","key":"e44f3dd30c3245bfb37ae34b8a6316c6","ranges":[{"kind":"range","marks":[],"text":""}]}]},{"kind":"block","type":"code-line","key":"fc093ee37710458b8e348d2e07dfa3b2","isVoid":false,"data":{},"nodes":[{"kind":"text","key":"1ac5d973c4fe49d9a5eb0d66044e97e2","ranges":[{"kind":"range","marks":[],"text":"Json API version: v2"}]}]}]}]},{"kind":"block","type":"paragraph","key":"cdb6f9c9af284cfc8f3d1d8848bf4afc","isVoid":false,"data":{},"nodes":[{"kind":"text","key":"5157e04158424cb594d921240dacf1b0","ranges":[{"kind":"range","marks":[],"text":"If the data catalog is not empty, you will need to empty it to start this tutorial. We'll assume you have your coworkers' permission.  Use the command DROP ALL to delete all the database data, its schema, and all related definitions. This command takes about a minute to run."}]}]},{"kind":"block","type":"code","key":"10a3a59a260a4b70b040acdca4184f5e","isVoid":false,"data":{},"nodes":[{"kind":"block","type":"code-tab","key":"31e90730d4ab4ddda7d901f90e6d53cb","isVoid":false,"data":{"syntax":"text","title":"GSQL shell - DROP ALL"},"nodes":[{"kind":"block","type":"code-line","key":"8bdc15c8a02e471aad869b7fdf2821be","isVoid":false,"data":{},"nodes":[{"kind":"text","key":"01731418e452444a8d29e6ee4ff1b6a6","ranges":[{"kind":"range","marks":[],"text":"GSQL > drop all\n"}]}]},{"kind":"block","type":"code-line","key":"51a6d78a050b4774b29d945fef13c302","isVoid":false,"data":{},"nodes":[{"kind":"text","key":"3285b3a010ba4f1e8c86c52f867a85d4","ranges":[{"kind":"range","marks":[],"text":"Dropping all, about 1 minute ..."}]}]},{"kind":"block","type":"code-line","key":"c3490da811d0430981bb8881b18b7626","isVoid":false,"data":{},"nodes":[{"kind":"text","key":"5542338815ba4e7b9b090eb13bc7a903","ranges":[{"kind":"range","marks":[],"text":"Abort all active loading jobs "}]}]},{"kind":"block","type":"code-line","key":"94b202b8f9e8470180e08035a61102a5","isVoid":false,"data":{},"nodes":[{"kind":"text","key":"28d96476816a4490b8db3815bb10793b","ranges":[{"kind":"range","marks":[],"text":"[ABORT_SUCCESS] No active Loading Job to abort."}]}]},{"kind":"block","type":"code-line","key":"b67b673a0b024193a3833884836bb58b","isVoid":false,"data":{},"nodes":[{"kind":"text","key":"023e40ce510c452885f25629a8fce890","ranges":[{"kind":"range","marks":[],"text":""}]}]},{"kind":"block","type":"code-line","key":"dad9e05628244130af4ef2bbef0a2784","isVoid":false,"data":{},"nodes":[{"kind":"text","key":"9f6c687791d842c6a368bf1d8e98b26c","ranges":[{"kind":"range","marks":[],"text":"Shutdown restpp gse gpe ..."}]}]},{"kind":"block","type":"code-line","key":"2a928f6a3921483195236c71a0b67552","isVoid":false,"data":{},"nodes":[{"kind":"text","key":"a592ad30b18a4b80ae306a8dca92ca86","ranges":[{"kind":"range","marks":[],"text":"Graph store /usr/local/tigergraph/gstore/0/ has been cleared!"}]}]},{"kind":"block","type":"code-line","key":"d7d86131592e406a876922368cfb9126","isVoid":false,"data":{},"nodes":[{"kind":"text","key":"10299a70d6a746969686dadd4f364738","ranges":[{"kind":"range","marks":[],"text":"Everything is dropped."}]}]}]}]},{"kind":"block","type":"hint","key":"c7b2457e7a68414b947fe3831e23a0df","isVoid":false,"data":{"style":"warning"},"nodes":[{"kind":"block","type":"paragraph","key":"f3c5c236b6594231abc722eeb4ebae23","isVoid":false,"data":{},"nodes":[{"kind":"text","key":"4e43989b98bb417a8a6b90abfba5a7c0","ranges":[{"kind":"range","marks":[{"kind":"mark","data":{},"type":"bold"}],"text":"Restarting TigerGraph"}]}]},{"kind":"block","type":"paragraph","key":"5ca34972a0434f1eb457f3e605df5d63","isVoid":false,"data":{},"nodes":[{"kind":"text","key":"6d1d87e5c7e24f7abfe36b7c05e3cb98","ranges":[{"kind":"range","marks":[],"text":"If you need to restart TigerGraph for any reason, use the following command sequence:"}]}]},{"kind":"block","type":"code","key":"46b4bd8ff3394b1f8478ad3e88abacd2","isVoid":false,"data":{},"nodes":[{"kind":"block","type":"code-tab","key":"d59f5568b03f4dc4bfa64f0230f1ac38","isVoid":false,"data":{"syntax":"bash","title":"Linux Shell - Restarting TigerGraph services"},"nodes":[{"kind":"block","type":"code-line","key":"757cec9b68584e07a459b60b1e54136f","isVoid":false,"data":{},"nodes":[{"kind":"text","key":"ab622ded6f09447d81f51d1b3caf986c","ranges":[{"kind":"range","marks":[],"text":"# Switch to the user account set up during installation"}]}]},{"kind":"block","type":"code-line","key":"b8b60a18918b445c893ebde784258cec","isVoid":false,"data":{},"nodes":[{"kind":"text","key":"33ac6256cf074ed2bd02e9f95ba502c5","ranges":[{"kind":"range","marks":[],"text":"# The default is user=tigergraph, password=tigergraph"}]}]},{"kind":"block","type":"code-line","key":"104f463eae4c45cda47052e50e2a2251","isVoid":false,"data":{},"nodes":[{"kind":"text","key":"19d2320e1ecd4d0082f3e06c776f1886","ranges":[{"kind":"range","marks":[],"text":"$ su tigergraph"}]}]},{"kind":"block","type":"code-line","key":"6f962df6e6f84322a2770ec8906bb3f0","isVoid":false,"data":{},"nodes":[{"kind":"text","key":"3c74c98312694aecbbb5e86bd98c5cc4","ranges":[{"kind":"range","marks":[],"text":"Password:tigergraph"}]}]},{"kind":"block","type":"code-line","key":"5634473415cd476cb9ace1a9f8a7362a","isVoid":false,"data":{},"nodes":[{"kind":"text","key":"4fbf0394b5054a84b80d6244f4ff7ad2","ranges":[{"kind":"range","marks":[],"text":""}]}]},{"kind":"block","type":"code-line","key":"55fb95ce07d848df9405b97124c97a4e","isVoid":false,"data":{},"nodes":[{"kind":"text","key":"e8b1c340c58f4c59987e52b7fe55f00d","ranges":[{"kind":"range","marks":[],"text":"# Start all services"}]}]},{"kind":"block","type":"code-line","key":"b4a8abfeed1b411b8a3dcc9688b8623d","isVoid":false,"data":{},"nodes":[{"kind":"text","key":"99173666ea684b7bbe823c26d07dce08","ranges":[{"kind":"range","marks":[],"text":"$ gadmin restart -fy"}]}]}]}]}]},{"kind":"block","type":"hint","key":"7f84c37c88b84dc3af60a783f489d918","isVoid":false,"data":{"style":"success"},"nodes":[{"kind":"block","type":"paragraph","key":"39df81f187904c6d991ad7d77e367891","isVoid":false,"data":{},"nodes":[{"kind":"text","key":"7d33878e5b7b44d08d73adf52ecf8067","ranges":[{"kind":"range","marks":[{"kind":"mark","data":{},"type":"bold"}],"text":"Running GSQL commands from Linux"}]}]},{"kind":"block","type":"paragraph","key":"2220303d1ea44878847f7c7a4d174e57","isVoid":false,"data":{},"nodes":[{"kind":"text","key":"9a3dc233b18549b0816f55ca41ec79db","ranges":[{"kind":"range","marks":[],"text":"You can also run GSQL commands from a Linux shell. To run a single command, just use \"gsql\" followed by the command line enclosed in single quotes. (The quotes aren't necessary if there is no parsing ambiguity; it's safer to just use them.)  For example,"}]}]},{"kind":"block","type":"code","key":"5cc995343846446cbb2bb3b35e178465","isVoid":false,"data":{},"nodes":[{"kind":"block","type":"code-tab","key":"70d6dc5077c94a08976f4b1f037c1d54","isVoid":false,"data":{"syntax":"bash","title":"Linux shell - GSQL commands from a Linux shell"},"nodes":[{"kind":"block","type":"code-line","key":"705daad109854b4f8871f6fae998313f","isVoid":false,"data":{},"nodes":[{"kind":"text","key":"4c66c53e48764ebcab11ee22c7c716a5","ranges":[{"kind":"range","marks":[],"text":"# \"-g graphname\" is need for a given graph"}]}]},{"kind":"block","type":"code-line","key":"e655754a18784acbbc127c2d220b9138","isVoid":false,"data":{},"nodes":[{"kind":"text","key":"0c9707ab2eab423abc387addfc896fc6","ranges":[{"kind":"range","marks":[],"text":"gsql -g social 'ls'"}]}]},{"kind":"block","type":"code-line","key":"d244619389824873a73ad8d147676c1d","isVoid":false,"data":{},"nodes":[{"kind":"text","key":"8765d10c6a3d4fd4bd02e8a45b0ccbde","ranges":[{"kind":"range","marks":[],"text":"gsql 'drop all'"}]}]},{"kind":"block","type":"code-line","key":"64daf83146b6403d9e2060a352ff2084","isVoid":false,"data":{},"nodes":[{"kind":"text","key":"89598139876b4c23b5e9e19001d5f6aa","ranges":[{"kind":"range","marks":[],"text":"gsql 'ls'"}]}]}]}]},{"kind":"block","type":"paragraph","key":"30712c872e61421192b965ba03e852bb","isVoid":false,"data":{},"nodes":[{"kind":"text","key":"7f45f9019ba74b1a8249b5109ffadf98","ranges":[{"kind":"range","marks":[],"text":"You can also execute a series of commands which you have stored in a file, by simply invoking \"gsql\" following by the name of the file."}]}]}]},{"kind":"block","type":"paragraph","key":"70ec9e41fe4c46909b37182e168d1e03","isVoid":false,"data":{},"nodes":[{"kind":"text","key":"9875136ad04a4b9da20a698f7e9a54aa","ranges":[{"kind":"range","marks":[],"text":"When you are done, you can exit the GSQL shell with the command \"quit\" (without the quotes)."}]}]}]}}