{"format_version":1,"document":{"kind":"document","key":"965bdcbf38864b22bac31acd609c728f","data":{"schema_version":5},"nodes":[{"kind":"block","type":"paragraph","key":"8d03347d6f9a4fb8a179c0ad3adb26cc","isVoid":false,"data":{},"nodes":[{"kind":"text","key":"d17dcbced6fd4f1593ec0d2f2f0425a8","ranges":[{"kind":"range","marks":[],"text":"The following words are reserved for use by the Data Definition Language.  That is, a graph schema or loading job may not use any of these words for a user-defined identifier, for the name of a vertex type, edge type, graph, or attribute. \nThe compiler will reject the use of a Reserved Word as a user-defined identifier."}]}]},{"kind":"block","type":"code","key":"f72e4584dc7b493cbeb298ac8cad11eb","isVoid":false,"data":{},"nodes":[{"kind":"block","type":"code-tab","key":"e368f69833ad4e64bb415a98d0a5e8f3","isVoid":false,"data":{"syntax":"text"},"nodes":[{"kind":"block","type":"code-line","key":"08241b518f044eb7b36ef5558a6a03e2","isVoid":false,"data":{},"nodes":[{"kind":"text","key":"b513ae9106964a14a5183be66fb2ce02","ranges":[{"kind":"range","marks":[],"text":"ABORT              ACCESS             ADD                ADMIN              "}]}]},{"kind":"block","type":"code-line","key":"3f174fb66f0549c2853bdff81cf035e8","isVoid":false,"data":{},"nodes":[{"kind":"text","key":"2b2b5b9e3aff44fa8e45a726a7ac03b2","ranges":[{"kind":"range","marks":[],"text":"AFTER              ALL                ALLOCATE           ALTER              "}]}]},{"kind":"block","type":"code-line","key":"392d8a27c5164da2aa770eceae51f55e","isVoid":false,"data":{},"nodes":[{"kind":"text","key":"cdd5c0e9ee2240868ff243f74a486750","ranges":[{"kind":"range","marks":[],"text":"ANALYZE            AND                ANY                ARCHIVE            "}]}]},{"kind":"block","type":"code-line","key":"917241f9b0f34bada53c1e2ab98a0223","isVoid":false,"data":{},"nodes":[{"kind":"text","key":"89e0f099766c46e9bac092b0f9fbc1f9","ranges":[{"kind":"range","marks":[],"text":"ARE                ARRANGE            ARRAY              AS                 "}]}]},{"kind":"block","type":"code-line","key":"ef632be88b1b409088d7cbe6fe4f2e1f","isVoid":false,"data":{},"nodes":[{"kind":"text","key":"a2c8cae20379475792940c8fbc604d31","ranges":[{"kind":"range","marks":[],"text":"ASC                ASENSITIVE         ASYMMETRIC         AT                 "}]}]},{"kind":"block","type":"code-line","key":"d840a4ad89134a4195902e85495655e3","isVoid":false,"data":{},"nodes":[{"kind":"text","key":"819c1eaba12e47cc90dbc44c12974c5c","ranges":[{"kind":"range","marks":[],"text":"ATOMIC             ATTRIBUTE          AUTHORIZATION      AV                 "}]}]},{"kind":"block","type":"code-line","key":"0ffa933dcc474190bb2b71c9039ef2c5","isVoid":false,"data":{},"nodes":[{"kind":"text","key":"c03f6b1fcda042849c5a1e3a1a3a4177","ranges":[{"kind":"range","marks":[],"text":"AVG                BAG                BASIC              BEFORE             "}]}]},{"kind":"block","type":"code-line","key":"1f951879c5fb43aa82fb2c77da2c1890","isVoid":false,"data":{},"nodes":[{"kind":"text","key":"98a36ead99aa4d8e84e9d9ca556da81c","ranges":[{"kind":"range","marks":[],"text":"BEGIN              BETWEEN            BIGINT             BINARY             "}]}]},{"kind":"block","type":"code-line","key":"7b293ab84993488090e79ca7dccc5591","isVoid":false,"data":{},"nodes":[{"kind":"text","key":"ded48fcc6e8a43718f04072ca6a30fed","ranges":[{"kind":"range","marks":[],"text":"BINSTORAGE         BLOB               BOOL               BOOLEAN            "}]}]},{"kind":"block","type":"code-line","key":"02b5617d4d9e434f98ae734200c208e0","isVoid":false,"data":{},"nodes":[{"kind":"text","key":"4d2965c1f6354f0e929a030b566b8eaa","ranges":[{"kind":"range","marks":[],"text":"BOTH               BUCKET             BUCKETS            BY                 "}]}]},{"kind":"block","type":"code-line","key":"2b03847520c1466f97a3bea7b77a4185","isVoid":false,"data":{},"nodes":[{"kind":"text","key":"5be4360e143a4b4c8ef68fc8310ea468","ranges":[{"kind":"range","marks":[],"text":"BYTEARRAY          CACHE              CALL               CALLED             "}]}]},{"kind":"block","type":"code-line","key":"47f81e0d499f45548b20ac2bec16dbe3","isVoid":false,"data":{},"nodes":[{"kind":"text","key":"dc9ab623950b41ef8e4e144a29b50b32","ranges":[{"kind":"range","marks":[],"text":"CASCADE            CASCADED           CASE               CAST               "}]}]},{"kind":"block","type":"code-line","key":"d30d4ff9d26e4a648d15da168e697001","isVoid":false,"data":{},"nodes":[{"kind":"text","key":"8af461220d2d4cbf8b429a90c3d1a19e","ranges":[{"kind":"range","marks":[],"text":"CAT                CD                 CHANGE             CHAR               "}]}]},{"kind":"block","type":"code-line","key":"a8de425020444bfca2c9164cd9d29ff4","isVoid":false,"data":{},"nodes":[{"kind":"text","key":"f76e0ac56ee0439088bdd958a0824691","ranges":[{"kind":"range","marks":[],"text":"CHARACTER          CHARARRAY          CHECK              CLEAR              "}]}]},{"kind":"block","type":"code-line","key":"179cf96e979649a69110cb1a2b8dac1e","isVoid":false,"data":{},"nodes":[{"kind":"text","key":"bb6749e0f6564ca4ab6c75cef7aec677","ranges":[{"kind":"range","marks":[],"text":"CLOB               CLOSE              CLUSTER            CLUSTERED          "}]}]},{"kind":"block","type":"code-line","key":"6c2e053ca20049e78fd03bb50a2cf477","isVoid":false,"data":{},"nodes":[{"kind":"text","key":"faf8dcb971874253bfae2b6a7d21cfac","ranges":[{"kind":"range","marks":[],"text":"CLUSTERSTATUS      COGROUP            COLLATE            COLLECTION         "}]}]},{"kind":"block","type":"code-line","key":"357f6d59ff6e4936921c9d75af7b86c0","isVoid":false,"data":{},"nodes":[{"kind":"text","key":"401a25fcfd3848c28f6924490d294178","ranges":[{"kind":"range","marks":[],"text":"COLUMN             COLUMNS            COMMENT            COMMIT             "}]}]},{"kind":"block","type":"code-line","key":"99b860f18d8f43539420f0b0e5b0f8c6","isVoid":false,"data":{},"nodes":[{"kind":"text","key":"e3a10a8c8afb4d94bf93fde950633e26","ranges":[{"kind":"range","marks":[],"text":"COMPACT            COMPACTIONS        COMPRESS           COMPUTE            "}]}]},{"kind":"block","type":"code-line","key":"234e0501ea074d4aaea164fbdda508c7","isVoid":false,"data":{},"nodes":[{"kind":"text","key":"6e369542e79348b3945f48d30d95c466","ranges":[{"kind":"range","marks":[],"text":"CONCAT             CONCATENATE                           CONF               "}]}]},{"kind":"block","type":"code-line","key":"1b3ed87f92be4282b7fb95bb5610a530","isVoid":false,"data":{},"nodes":[{"kind":"text","key":"2ac3fb5e7d9d4ef78fde4d6c62b082ee","ranges":[{"kind":"range","marks":[],"text":"CONNECT            CONST              CONSTRAINT         CONTINUE           "}]}]},{"kind":"block","type":"code-line","key":"a4f0063b83554d09a7798ab30d15cfbd","isVoid":false,"data":{},"nodes":[{"kind":"text","key":"6859f146f38a4ae98c1f43813b3ef7d6","ranges":[{"kind":"range","marks":[],"text":"COPYFROMLOCAL      COPYTOLOCAL        CORRESPONDING      COUNT              "}]}]},{"kind":"block","type":"code-line","key":"50dcd23257ad42138ef058b7cbefeede","isVoid":false,"data":{},"nodes":[{"kind":"text","key":"103ab7b99e43420c94a936cc3b90a712","ranges":[{"kind":"range","marks":[],"text":"CP                 CREATE             CROSS              CUBE               "}]}]},{"kind":"block","type":"code-line","key":"21a78fd9b9d14615aa483ab1f0e171a3","isVoid":false,"data":{},"nodes":[{"kind":"text","key":"413faf6af415409f8b8c126055fd92fb","ranges":[{"kind":"range","marks":[],"text":"CURRENT            CURRENT_DATE       CURRENT_PATH       CURRENT_ROLE       "}]}]},{"kind":"block","type":"code-line","key":"de78bfd2e81e4b80b18f770086db0ea3","isVoid":false,"data":{},"nodes":[{"kind":"text","key":"15db068aa86c4d73bd3d7e6936ca6e5f","ranges":[{"kind":"range","marks":[],"text":"CURRENT_TIME       CURRENT_TIMESTAMP  CURRENT_USER       CURSOR             "}]}]},{"kind":"block","type":"code-line","key":"6e1ff789406b41fd9196fb24ed135e3d","isVoid":false,"data":{},"nodes":[{"kind":"text","key":"8f600b4c7c92415baafe86f0363abb25","ranges":[{"kind":"range","marks":[],"text":"CYCLE              DATA               DATABASE           DATABASES          "}]}]},{"kind":"block","type":"code-line","key":"3386799cb9f549f89efb6e05190f0192","isVoid":false,"data":{},"nodes":[{"kind":"text","key":"3c0689e91e6d48049c198aaf6b0c41b7","ranges":[{"kind":"range","marks":[],"text":"DATE               DATETIME           DAY                DBPROPERTIES       "}]}]},{"kind":"block","type":"code-line","key":"91c60b55b17c4d758d0702a3ad0a986d","isVoid":false,"data":{},"nodes":[{"kind":"text","key":"cdd0c36da3e44f938b4dbbe429b7e29c","ranges":[{"kind":"range","marks":[],"text":"DD                 DEALLOCATE         DEC                DECIMAL            "}]}]},{"kind":"block","type":"code-line","key":"109572267a32425bb2e87e901181eb52","isVoid":false,"data":{},"nodes":[{"kind":"text","key":"c045a490abed4a308c99d38be48c91ac","ranges":[{"kind":"range","marks":[],"text":"DECLARE            DECRYPT            DEFAULT            DEFERRED           "}]}]},{"kind":"block","type":"code-line","key":"dfbbe9e3aca540978166cba788b1f4ea","isVoid":false,"data":{},"nodes":[{"kind":"text","key":"74e4f8ab80444c83bf673b592dac435e","ranges":[{"kind":"range","marks":[],"text":"DEFINE             DEFINED            DELETE             DELIMITED          "}]}]},{"kind":"block","type":"code-line","key":"74065d61a6514fe7af7938ca863be65f","isVoid":false,"data":{},"nodes":[{"kind":"text","key":"e60014b1d3784d09a29ce34bc535fcdb","ranges":[{"kind":"range","marks":[],"text":"DEPENDENCY         DEREF              DESC               DESCRIBE           "}]}]},{"kind":"block","type":"code-line","key":"af012b3eaf4647b38c54570a66eed213","isVoid":false,"data":{},"nodes":[{"kind":"text","key":"4f31b63f83cb4250ab540666bbb7f2e2","ranges":[{"kind":"range","marks":[],"text":"DETERMINISTIC      DIFF               DIRECTED           DIRECTORIES        "}]}]},{"kind":"block","type":"code-line","key":"bec74a5dd9b24923a592188b25947c70","isVoid":false,"data":{},"nodes":[{"kind":"text","key":"9057cb53d46d4ac986bd78afd50dc397","ranges":[{"kind":"range","marks":[],"text":"DIRECTORY          DISABLE            DISCONNECT         DISTINCT           "}]}]},{"kind":"block","type":"code-line","key":"417212a102c54b959228d9212ddb050a","isVoid":false,"data":{},"nodes":[{"kind":"text","key":"f66253eaf19f4e4d94e4c239baa79dc9","ranges":[{"kind":"range","marks":[],"text":"DISTRIBUTE         DM                 DO                 DOUBLE             "}]}]},{"kind":"block","type":"code-line","key":"7c85395e6ee6437ca889ae4b0e35bc9c","isVoid":false,"data":{},"nodes":[{"kind":"text","key":"0f81d4b243514c1c9456f77ab2f08e01","ranges":[{"kind":"range","marks":[],"text":"DROP               DRYRUN             DU                 DUMP               "}]}]},{"kind":"block","type":"code-line","key":"11b7707f7cda452da56399f26459b34d","isVoid":false,"data":{},"nodes":[{"kind":"text","key":"554277f0b30741b6a73b544ed5c6c844","ranges":[{"kind":"range","marks":[],"text":"DYNAMIC            EACH               EDGE               ELEMENT            "}]}]},{"kind":"block","type":"code-line","key":"ca6b26d9d3b04403b468936d3519bcfc","isVoid":false,"data":{},"nodes":[{"kind":"text","key":"e5df1c620830432db7e1b6ec737a642b","ranges":[{"kind":"range","marks":[],"text":"ELEM_TYPE          ELSE               ELSEIF             EMPTY              "}]}]},{"kind":"block","type":"code-line","key":"95c18a36238343399fa6540ced49fa0a","isVoid":false,"data":{},"nodes":[{"kind":"text","key":"0fbe2dadc13844b9947e16047099de34","ranges":[{"kind":"range","marks":[],"text":"ENABLE             END                EOL                ESCAPE             "}]}]},{"kind":"block","type":"code-line","key":"ee02c58d917c4f9c9e2a1f3987e733b8","isVoid":false,"data":{},"nodes":[{"kind":"text","key":"55f558f11727487f8bc64fd8bc17d5eb","ranges":[{"kind":"range","marks":[],"text":"ESCAPED            EVAL               EXCEPT             EXCHANGE           "}]}]},{"kind":"block","type":"code-line","key":"918242069318482fb20e2a7accd87e2f","isVoid":false,"data":{},"nodes":[{"kind":"text","key":"1eb888ff68994eafb68322d76717a8b5","ranges":[{"kind":"range","marks":[],"text":"EXCLUSIVE          EXEC               EXECUTE            EXISTS             "}]}]},{"kind":"block","type":"code-line","key":"1a4a0fbd20804c66905a1d62a97fc962","isVoid":false,"data":{},"nodes":[{"kind":"text","key":"53a8dfe664f544de85d54b0a1502b3db","ranges":[{"kind":"range","marks":[],"text":"EXIT               EXPLAIN            EXPORT             EXTENDED           "}]}]},{"kind":"block","type":"code-line","key":"7036c94001d8443cbbf1be9e63f7f0fc","isVoid":false,"data":{},"nodes":[{"kind":"text","key":"67eaede1270f446e990af68c67288dc1","ranges":[{"kind":"range","marks":[],"text":"EXTERN             EXTERNAL           FALSE              FETCH              "}]}]},{"kind":"block","type":"code-line","key":"a0c784180f544890b89bcda227113273","isVoid":false,"data":{},"nodes":[{"kind":"text","key":"88184fa001b549e3bc5da31f7e9e27b6","ranges":[{"kind":"range","marks":[],"text":"FIELDS             FILE               FILEFORMAT        .FILTER             "}]}]},{"kind":"block","type":"code-line","key":"15d186d87f3345ee813135266c967c9d","isVoid":false,"data":{},"nodes":[{"kind":"text","key":"f81b61bc85054e0cb9ea9d832d62f746","ranges":[{"kind":"range","marks":[],"text":"FIRST              FIXED_BINARY       FLATTEN            FLATTEN_JSON_ARRAY "}]}]},{"kind":"block","type":"code-line","key":"cb185416a39845b69be65d6c300bbffa","isVoid":false,"data":{},"nodes":[{"kind":"text","key":"b82fa1a801ef4100ba9b7f80326db588","ranges":[{"kind":"range","marks":[],"text":"FLOAT              FOLLOWING          FOR                FOREACH            "}]}]},{"kind":"block","type":"code-line","key":"d536cc96e0e644c6971cd075d20422b8","isVoid":false,"data":{},"nodes":[{"kind":"text","key":"337193065e9b4fa98d7c646922f427c7","ranges":[{"kind":"range","marks":[],"text":"FOREIGN            FORMAT             FORMATTED          FREE               "}]}]},{"kind":"block","type":"code-line","key":"c1cd570f697447f48a05aed33d24675e","isVoid":false,"data":{},"nodes":[{"kind":"text","key":"0b4fdcfd55964a7caaf79cbb23118ed6","ranges":[{"kind":"range","marks":[],"text":"FROM               FULL               FUNCTION           FUNCTIONS          "}]}]},{"kind":"block","type":"code-line","key":"5dab2814ec0147b99cba7d28e3bf3f56","isVoid":false,"data":{},"nodes":[{"kind":"text","key":"76c3a3c1fb8741f5814c5e9f49b6cfa6","ranges":[{"kind":"range","marks":[],"text":"GENERATE           GET                GLOBAL             GPATH              "}]}]},{"kind":"block","type":"code-line","key":"09dca78400434daf818814bf37f51e1b","isVoid":false,"data":{},"nodes":[{"kind":"text","key":"31411ea25d194f15adb5b4e4781aeeee","ranges":[{"kind":"range","marks":[],"text":"GPATH_QUERY        GQL                GQUERY             GRANT              "}]}]},{"kind":"block","type":"code-line","key":"85f9710b46384cedafb36256ace7daa9","isVoid":false,"data":{},"nodes":[{"kind":"text","key":"aeb2e8fcdb1e4e668d2e988490324827","ranges":[{"kind":"range","marks":[],"text":"GRAPH              GRAPHSQL           GROUP              GROUPING           "}]}]},{"kind":"block","type":"code-line","key":"ed1fb89e04ac45f0b1e19c803427fbd3","isVoid":false,"data":{},"nodes":[{"kind":"text","key":"233a517e0fd9497ba6eaa76f049b08d6","ranges":[{"kind":"range","marks":[],"text":"GSHELL             HANDLER            HARD               HASH_PARTITION     "}]}]},{"kind":"block","type":"code-line","key":"ffb97dab91664e7bae972d9d78b9c0c1","isVoid":false,"data":{},"nodes":[{"kind":"text","key":"4d3eab0966a14f409f0552c595dfdfb3","ranges":[{"kind":"range","marks":[],"text":"HAVING             HEADER             HELP               HOLD               "}]}]},{"kind":"block","type":"code-line","key":"fac047dc682241b59705b7ab1e095356","isVoid":false,"data":{},"nodes":[{"kind":"text","key":"362f03a16ad74a56a88a671b712677df","ranges":[{"kind":"range","marks":[],"text":"HOLD_DDLTIME       HOST_GRAPH         HOUR               ICON               "}]}]},{"kind":"block","type":"code-line","key":"0e3cb5e0be0f47acbcef2659e55af4e7","isVoid":false,"data":{},"nodes":[{"kind":"text","key":"0edc2f7c98834a4780ba3ba7c11e17a9","ranges":[{"kind":"range","marks":[],"text":"IDENTIFIED         IDENTITY           IDXPROPERTIES      IF                 "}]}]},{"kind":"block","type":"code-line","key":"a856ab6053b64335b1cce8d4c0d305f7","isVoid":false,"data":{},"nodes":[{"kind":"text","key":"be934d6ca5b2426a8bafe255f1f92d11","ranges":[{"kind":"range","marks":[],"text":"IGNORE             IGNORE_IF_EXISTED  IGNORE_IF_EXISTS   ILLUSTRATE         "}]}]},{"kind":"block","type":"code-line","key":"a834ae2ddf1c40eeb09dc118f8a1e2fc","isVoid":false,"data":{},"nodes":[{"kind":"text","key":"c9184879f1094b92aebc33055572f91a","ranges":[{"kind":"range","marks":[],"text":"IMMEDIATE          IMPORT             IN                 INCREMENTAL        "}]}]},{"kind":"block","type":"code-line","key":"a0364a7903024fb4b42fe59f64f30fe2","isVoid":false,"data":{},"nodes":[{"kind":"text","key":"7398151cd52e427497e145105f8a7cc9","ranges":[{"kind":"range","marks":[],"text":"INDEX              INDEXES            INDICATOR          INIT               "}]}]},{"kind":"block","type":"code-line","key":"43edefd3b49e4190807d7d8421f3dadb","isVoid":false,"data":{},"nodes":[{"kind":"text","key":"9683933413784852b95f5ae4b63349b8","ranges":[{"kind":"range","marks":[],"text":"INNER              INOUT              INPATH             INPUT              "}]}]},{"kind":"block","type":"code-line","key":"fc687c5d4ccc4d40a96f7981948673aa","isVoid":false,"data":{},"nodes":[{"kind":"text","key":"83ec29953ac148e5be961e827d9829ae","ranges":[{"kind":"range","marks":[],"text":"INPUTDRIVER        INPUTFORMAT        INPUT_LINE.FILTER  INSENSITIVE        "}]}]},{"kind":"block","type":"code-line","key":"181eaf5df92e419f9f21b19ae1b69397","isVoid":false,"data":{},"nodes":[{"kind":"text","key":"09470895f90f40fe9689fee349c5f3a6","ranges":[{"kind":"range","marks":[],"text":"INSERT             INSTALL            INT                INT16              "}]}]},{"kind":"block","type":"code-line","key":"6ad67ba0b36e48b988e6d3e1ab16b695","isVoid":false,"data":{},"nodes":[{"kind":"text","key":"0c46741f4fb64ffb8d881c47b4cb7eb9","ranges":[{"kind":"range","marks":[],"text":"INT32              INT32_T            INT64_T            INT8               "}]}]},{"kind":"block","type":"code-line","key":"b57fcea61aa94342a4d95445e5e88350","isVoid":false,"data":{},"nodes":[{"kind":"text","key":"7c69bf3edb9340e6af06843bb8d094a7","ranges":[{"kind":"range","marks":[],"text":"INTEGER            INTERSECT          INTERVAL           INTO               "}]}]},{"kind":"block","type":"code-line","key":"39e4e183b9b4492c90148b5114969124","isVoid":false,"data":{},"nodes":[{"kind":"text","key":"ed7a3fcf5aa94a398cb3d3d8d092908c","ranges":[{"kind":"range","marks":[],"text":"INT_LIST           INT_SET            IS                 ITEMS              "}]}]},{"kind":"block","type":"code-line","key":"2435a93c4a314dd7989649bcb5360aaa","isVoid":false,"data":{},"nodes":[{"kind":"text","key":"94b9d8a697d3424aaa91ce3c931bdcf8","ranges":[{"kind":"range","marks":[],"text":"ITERATE            JAR                JOB                JOIN               "}]}]},{"kind":"block","type":"code-line","key":"5de838c4afd547de8c2820f6d8af7b5d","isVoid":false,"data":{},"nodes":[{"kind":"text","key":"06cf2978463641b3bf46908181c64d04","ranges":[{"kind":"range","marks":[],"text":"JSON               KEY                KEYS               KEY_TYPE           "}]}]},{"kind":"block","type":"code-line","key":"9b5af973744d4586a362150d73d828b0","isVoid":false,"data":{},"nodes":[{"kind":"text","key":"1d70946c22fa493f80cc226ae5bb4282","ranges":[{"kind":"range","marks":[],"text":"KILL               LANGUAGE           LARGE              LATERAL            "}]}]},{"kind":"block","type":"code-line","key":"3736cc8909ba485296747038d5864b05","isVoid":false,"data":{},"nodes":[{"kind":"text","key":"f2cc87781570404cbb5f91550218137b","ranges":[{"kind":"range","marks":[],"text":"LEADING            LEAVE              LEFT               LESS               "}]}]},{"kind":"block","type":"code-line","key":"40ca9fbd236d4d88b6b2814ff3552a59","isVoid":false,"data":{},"nodes":[{"kind":"text","key":"842408f198924f38997fff44a6d503b5","ranges":[{"kind":"range","marks":[],"text":"LIKE               LIMIT              LINES              LOAD               "}]}]},{"kind":"block","type":"code-line","key":"33d2759a977e4bce96b852ceeb7dfd19","isVoid":false,"data":{},"nodes":[{"kind":"text","key":"4cb322993edb412ab0278c3528addcaa","ranges":[{"kind":"range","marks":[],"text":"LOADING            LOCAL              LOCALTIME          LOCALTIMESTAMP     "}]}]},{"kind":"block","type":"code-line","key":"3449f2dcbcd94cc29d1412597b1e10f9","isVoid":false,"data":{},"nodes":[{"kind":"text","key":"14f45e59d7ff4eb58d5b1c1d88d02b67","ranges":[{"kind":"range","marks":[],"text":"                   LOCK               LOCKS              LOGICAL            "}]}]},{"kind":"block","type":"code-line","key":"f5e3c10869074273bdbbc2a84d3269a4","isVoid":false,"data":{},"nodes":[{"kind":"text","key":"efca36e8e8ca42c398c4e21d32bcd5cc","ranges":[{"kind":"range","marks":[],"text":"LONG               LOOP               LS                 MACRO              "}]}]},{"kind":"block","type":"code-line","key":"c39467ccc88e4fcdbea9fa7121eaf64a","isVoid":false,"data":{},"nodes":[{"kind":"text","key":"4c27878f604448d39bc208a362029a06","ranges":[{"kind":"range","marks":[],"text":"MAP                MAPJOIN            MATCH              MATCHES            "}]}]},{"kind":"block","type":"code-line","key":"d63dead7e3894d16afd974cd920918fc","isVoid":false,"data":{},"nodes":[{"kind":"text","key":"0a7a59b4f1704d82bc704c8a6fcab1e1","ranges":[{"kind":"range","marks":[],"text":"MATERIALIZED       MAX                MERGE              METHOD             "}]}]},{"kind":"block","type":"code-line","key":"aef46b5aeec64c9fa655930be7736fcd","isVoid":false,"data":{},"nodes":[{"kind":"text","key":"5b24b683b66d4c6b8349585f1646a6f5","ranges":[{"kind":"range","marks":[],"text":"MIN                MINUS              MINUTE             MKDIR              "}]}]},{"kind":"block","type":"code-line","key":"eaf7a13fd3aa45baac41fff84f9174dd","isVoid":false,"data":{},"nodes":[{"kind":"text","key":"4a9c04316c6549b3bec8dc89262f1aa3","ranges":[{"kind":"range","marks":[],"text":"MODIFIES           MODULE             MONTH              MSCK               "}]}]},{"kind":"block","type":"code-line","key":"e351a95ea3fe462bb8d9d1126cae9f56","isVoid":false,"data":{},"nodes":[{"kind":"text","key":"cc65a1b09dd94bf891e19539b9929b29","ranges":[{"kind":"range","marks":[],"text":"MULTISET           MV                 NATIONAL           NATURAL            "}]}]},{"kind":"block","type":"code-line","key":"a79eba04a6a544ad90fe2b2d8b47b6ff","isVoid":false,"data":{},"nodes":[{"kind":"text","key":"d2a0a1a8297943928ace89f707866e19","ranges":[{"kind":"range","marks":[],"text":"NCHAR              NCLOB              NEW                NO                 "}]}]},{"kind":"block","type":"code-line","key":"58e7a61b847f48f79017fdc6ebab0d92","isVoid":false,"data":{},"nodes":[{"kind":"text","key":"33834df32ee74128a2e2e0676d84eece","ranges":[{"kind":"range","marks":[],"text":"NONE               NOSCAN             NOT                NO_DROP            "}]}]},{"kind":"block","type":"code-line","key":"67628b293882477787360b8b90bd51be","isVoid":false,"data":{},"nodes":[{"kind":"text","key":"82650b52544e43f6a37de4ca90de01db","ranges":[{"kind":"range","marks":[],"text":"NULL               NUMERIC            OF                 OFFLINE            "}]}]},{"kind":"block","type":"code-line","key":"a7b935a3cf144c64995eecede562409b","isVoid":false,"data":{},"nodes":[{"kind":"text","key":"2a590f35cb2247f3bf4d63abb1fae922","ranges":[{"kind":"range","marks":[],"text":"OLD                ON                 ONLINE_POST        ONLY               "}]}]},{"kind":"block","type":"code-line","key":"c4d6505037b7426680294e3d41fb397c","isVoid":false,"data":{},"nodes":[{"kind":"text","key":"9f27bc01b060402784e545686dbf8277","ranges":[{"kind":"range","marks":[],"text":"ONSCHEMA           OPEN               OPTIMIZE           OPTION             "}]}]},{"kind":"block","type":"code-line","key":"5269a562b8b34e789f32b57d587bcee9","isVoid":false,"data":{},"nodes":[{"kind":"text","key":"5f9de3923e0c4e5d80f9ed7731baa49f","ranges":[{"kind":"range","marks":[],"text":"OR                 ORDER              OUT                OUTER              "}]}]},{"kind":"block","type":"code-line","key":"49af74ad877c4ecbafc30fb0dc4f1850","isVoid":false,"data":{},"nodes":[{"kind":"text","key":"392de22968b644ca9d44e5eac3d99ef4","ranges":[{"kind":"range","marks":[],"text":"OUTPUT             OUTPUTDRIVER       OUTPUTFORMAT       OVER               "}]}]},{"kind":"block","type":"code-line","key":"73f24e40f84b4ca9b25fc27a1f8d541a","isVoid":false,"data":{},"nodes":[{"kind":"text","key":"31a3a3117fed497c9a21593440d06c4e","ranges":[{"kind":"range","marks":[],"text":"OVERLAPS           OVERWRITE          OWNER              PARALLEL           "}]}]},{"kind":"block","type":"code-line","key":"93d70a59d899464ab5f5f84811eb98c0","isVoid":false,"data":{},"nodes":[{"kind":"text","key":"47fd176b017c44b98bfd50b131b555f5","ranges":[{"kind":"range","marks":[],"text":"PARAMETER          PARTIALSCAN        PARTITION          PARTITIONED        "}]}]},{"kind":"block","type":"code-line","key":"faaf71893d3d49c79a27397abeff5bd6","isVoid":false,"data":{},"nodes":[{"kind":"text","key":"5440e170f63a49178ff897446c859375","ranges":[{"kind":"range","marks":[],"text":"PARTITIONS         PERCENT            PIG                PIGDUMP            "}]}]},{"kind":"block","type":"code-line","key":"8e2e0f747ec642a0b80eaf9281392ee8","isVoid":false,"data":{},"nodes":[{"kind":"text","key":"4eb51a7e02f54b0da5d852aef025123a","ranges":[{"kind":"range","marks":[],"text":"PIGSTORAGE         PLUS               PRECEDING          PRECISION          "}]}]},{"kind":"block","type":"code-line","key":"a06e837c26cf4396bfcac32429d090f2","isVoid":false,"data":{},"nodes":[{"kind":"text","key":"89674bdb03204d62b2408fc3c7fb72f8","ranges":[{"kind":"range","marks":[],"text":"PREPARE            PRESERVE           PRETTY             PRIMARY            "}]}]},{"kind":"block","type":"code-line","key":"9bafc7c9a1214955b09278a4ea65c897","isVoid":false,"data":{},"nodes":[{"kind":"text","key":"9f84b876a5684696abf04e9f865c2985","ranges":[{"kind":"range","marks":[],"text":"PRIMARY_ID         PRINCIPALS         PROCEDURE          PROTECTION         "}]}]},{"kind":"block","type":"code-line","key":"ea43a2d9a4f149a59d3ddffc0caf00b3","isVoid":false,"data":{},"nodes":[{"kind":"text","key":"576a75601d9d4bdaad38dbde0177cf9f","ranges":[{"kind":"range","marks":[],"text":"PURGE              PWD                QUERY              QUIT               "}]}]},{"kind":"block","type":"code-line","key":"e5be7ad43fef4211a389c578ee20b0b7","isVoid":false,"data":{},"nodes":[{"kind":"text","key":"21d5ea5edb654b919469ecd37ba71746","ranges":[{"kind":"range","marks":[],"text":"QUOTE              RANGE              RANGE_PARTITION    READ               "}]}]},{"kind":"block","type":"code-line","key":"2535a9d903614dbb9ae83175115154f1","isVoid":false,"data":{},"nodes":[{"kind":"text","key":"161c0a1aadf34655a3edb9cd91b4bcb0","ranges":[{"kind":"range","marks":[],"text":"READONLY           READS              REAL               REBUILD            "}]}]},{"kind":"block","type":"code-line","key":"1a54012a356043c5b6faf5885306afda","isVoid":false,"data":{},"nodes":[{"kind":"text","key":"a8581eb8db0b40b686754ea02bdef14d","ranges":[{"kind":"range","marks":[],"text":"RECORDREADER       RECORDWRITER       RECURSIVE          REDUCE             "}]}]},{"kind":"block","type":"code-line","key":"03f1049e4f1546829de96d72a0e0ec09","isVoid":false,"data":{},"nodes":[{"kind":"text","key":"ee1ed427b1914f38a07d3d8a26598eae","ranges":[{"kind":"range","marks":[],"text":"REF                REFERENCES         REFERENCING        REFRESH            "}]}]},{"kind":"block","type":"code-line","key":"9bb17e58c36742b7841363b8f35cedef","isVoid":false,"data":{},"nodes":[{"kind":"text","key":"8a08e0c150994848b8fa264900b6fa78","ranges":[{"kind":"range","marks":[],"text":"REGEXP             REGISTER           RELEASE            RENAME             "}]}]},{"kind":"block","type":"code-line","key":"89ad32f805354f4584ccae30a2788fdb","isVoid":false,"data":{},"nodes":[{"kind":"text","key":"2e9e498b354741a997e22c8b7fc58749","ranges":[{"kind":"range","marks":[],"text":"REPAIR             REPEAT             REPLACE            RESIGNAL           "}]}]},{"kind":"block","type":"code-line","key":"2338365a839249bab93431906e243d7d","isVoid":false,"data":{},"nodes":[{"kind":"text","key":"6b293d8e05544047a403cd3e7f95eb1c","ranges":[{"kind":"range","marks":[],"text":"RESTRICT           RESULT             RETURN             RETURNS            "}]}]},{"kind":"block","type":"code-line","key":"6fc4779a3a5b4819beec933d03c6930e","isVoid":false,"data":{},"nodes":[{"kind":"text","key":"a14a0e41a3b94578a27b086b2fcdfb7d","ranges":[{"kind":"range","marks":[],"text":"REVERSE_EDGE       REVOKE             REWRITE            RIGHT              "}]}]},{"kind":"block","type":"code-line","key":"f9805560be924a22b168b52a1da1ab1a","isVoid":false,"data":{},"nodes":[{"kind":"text","key":"588f120ea638416c9a4918d41ed0735a","ranges":[{"kind":"range","marks":[],"text":"RLIKE              RM                 RMF                ROLE               "}]}]},{"kind":"block","type":"code-line","key":"8981307e2c37480e98f7884219b60045","isVoid":false,"data":{},"nodes":[{"kind":"text","key":"e94cd8d3f9e44bd28a989b946e4557e6","ranges":[{"kind":"range","marks":[],"text":"ROLES              ROLLBACK           ROLLUP             ROW                "}]}]},{"kind":"block","type":"code-line","key":"701fac72c99a40d398acde7efee684e8","isVoid":false,"data":{},"nodes":[{"kind":"text","key":"5cbf64f905d24b0d8bb89dd811d79d55","ranges":[{"kind":"range","marks":[],"text":"ROWS               RUN                SAMPLE             SAVEPOINT          "}]}]},{"kind":"block","type":"code-line","key":"2b5d17cf2cf0412a822dc6dcde2e6b04","isVoid":false,"data":{},"nodes":[{"kind":"text","key":"91ed6c540437446298d627598382dead","ranges":[{"kind":"range","marks":[],"text":"SCHEMA             SCHEMAS            SCHEMA_CHANGE      SCOPE              "}]}]},{"kind":"block","type":"code-line","key":"1f9a51508a7f4808bb1d57726a899c39","isVoid":false,"data":{},"nodes":[{"kind":"text","key":"2608ab2eac88443cb6b5a1e9b9f31cab","ranges":[{"kind":"range","marks":[],"text":"SCROLL             SEARCH             SECOND             SECONDARY_ID       "}]}]},{"kind":"block","type":"code-line","key":"b5bc58c9941948daafcc4c4d4a965f8e","isVoid":false,"data":{},"nodes":[{"kind":"text","key":"aa4994dce70c49cb8405552fad62bc53","ranges":[{"kind":"range","marks":[],"text":"SELECT             SEMI               SENSITIVE          SEPARATOR          "}]}]},{"kind":"block","type":"code-line","key":"f0f6f614ffa04dc784a3fc4110059b9f","isVoid":false,"data":{},"nodes":[{"kind":"text","key":"967d6b9a7dd64bb588c7650a1f89b7dd","ranges":[{"kind":"range","marks":[],"text":"SERDE              SERDEPROPERTIES    SERVER             SESSION_USER       "}]}]},{"kind":"block","type":"code-line","key":"82658fd906b44f8085cf520deb5b47c9","isVoid":false,"data":{},"nodes":[{"kind":"text","key":"9852e10bf7554d1b937e67b143693af4","ranges":[{"kind":"range","marks":[],"text":"SET                SETS               SHARED             SHIP               "}]}]},{"kind":"block","type":"code-line","key":"780aee1292a749c2ba4e42dc3dfa8ec0","isVoid":false,"data":{},"nodes":[{"kind":"text","key":"6f6feeecefc3443a976845f1c363a08d","ranges":[{"kind":"range","marks":[],"text":"SHOW               SHOW_DATABASE      SIGNAL             SIMILAR            "}]}]},{"kind":"block","type":"code-line","key":"ddb12e9a2bd946de98f84d256c4af7cd","isVoid":false,"data":{},"nodes":[{"kind":"text","key":"0be17c8a80274fc594fad49c05b32aff","ranges":[{"kind":"range","marks":[],"text":"SIZE               SKEWED             SMALLINT           SOME               "}]}]},{"kind":"block","type":"code-line","key":"f945a65eb4d54ddaab6402902e267649","isVoid":false,"data":{},"nodes":[{"kind":"text","key":"e767e8f71c674eb6aa46425b80425d7d","ranges":[{"kind":"range","marks":[],"text":"SORT               SORTED             SPECIFIC           SPECIFICTYPE       "}]}]},{"kind":"block","type":"code-line","key":"58f812e4c0ce49bc87af84026756f43f","isVoid":false,"data":{},"nodes":[{"kind":"text","key":"1c3be7499cd64946ae1741471d60de4f","ranges":[{"kind":"range","marks":[],"text":"SPLIT              SQL                SQLEXCEPTION       SQLSTATE           "}]}]},{"kind":"block","type":"code-line","key":"ee146e5e39df4417b3a09828cc1333b0","isVoid":false,"data":{},"nodes":[{"kind":"text","key":"439a1375eab14c23b2e2c21fd35d8160","ranges":[{"kind":"range","marks":[],"text":"SQLWARNING         SSL                START              START_ID           "}]}]},{"kind":"block","type":"code-line","key":"5e59fbc15b724aa78406ed3eb4eccc27","isVoid":false,"data":{},"nodes":[{"kind":"text","key":"757a76703d0d44b2863c374aa3cb10c3","ranges":[{"kind":"range","marks":[],"text":"STATIC             STATISTICS         STATS              STDERR             "}]}]},{"kind":"block","type":"code-line","key":"0dfb0a709870453ea8ec5670a2815338","isVoid":false,"data":{},"nodes":[{"kind":"text","key":"31b4fa7322d745b7a6587fec74412e05","ranges":[{"kind":"range","marks":[],"text":"STDIN              STDOUT             STORE              STORED             "}]}]},{"kind":"block","type":"code-line","key":"b16d32dc0ffe4bb6b72ddfb353e48bf2","isVoid":false,"data":{},"nodes":[{"kind":"text","key":"67dc9aa110674b7695995bf90572ff8c","ranges":[{"kind":"range","marks":[],"text":"STREAM             STREAMTABLE        STRING             STRING_LIST        "}]}]},{"kind":"block","type":"code-line","key":"9565eeb809dd485096afbefdea11a1bf","isVoid":false,"data":{},"nodes":[{"kind":"text","key":"40e61d0f4d7f43f3b1c91ac7545fb5b6","ranges":[{"kind":"range","marks":[],"text":"STRING_SET         STRUCT             SUBMULTISET        SUM                "}]}]},{"kind":"block","type":"code-line","key":"e7402099fcb7436a96884f16e5395479","isVoid":false,"data":{},"nodes":[{"kind":"text","key":"1fdf1c00398f4e708bc6869b3a34404e","ranges":[{"kind":"range","marks":[],"text":"SYMMETRIC          SYSTEM             SYSTEM_USER        TABLE              "}]}]},{"kind":"block","type":"code-line","key":"2e8d9479b1f0481e9ff9eb02c6fc4d58","isVoid":false,"data":{},"nodes":[{"kind":"text","key":"f149731a487a4db497d9331103076025","ranges":[{"kind":"range","marks":[],"text":"TABLES             TABLESAMPLE        TBLPROPERTIES      TEMPORARY          "}]}]},{"kind":"block","type":"code-line","key":"2e4ba4bac1564a268b450e337eec3959","isVoid":false,"data":{},"nodes":[{"kind":"text","key":"5924180647c84ab7bb91ff4749eec368","ranges":[{"kind":"range","marks":[],"text":"TEMP_TABLE         TERMINATED         TEXTLOADER         THEN               "}]}]},{"kind":"block","type":"code-line","key":"a15b0c1ee2664c209b7e19476821522a","isVoid":false,"data":{},"nodes":[{"kind":"text","key":"fd9fe5d6f0b44f1483c169acc9e09964","ranges":[{"kind":"range","marks":[],"text":"THROUGH            TIME               TIMESTAMP          TIMEZONE_HOUR      "}]}]},{"kind":"block","type":"code-line","key":"1c692ae0f9a74b40a87b3e6a5a681eba","isVoid":false,"data":{},"nodes":[{"kind":"text","key":"c041e27360874708bfd6fffc30661659","ranges":[{"kind":"range","marks":[],"text":"TIMEZONE_MINUTE    TINYINT            TO                 TOKENIZE           "}]}]},{"kind":"block","type":"code-line","key":"f9f56718354546b6891bd66ba9c98982","isVoid":false,"data":{},"nodes":[{"kind":"text","key":"088f4dfb9f524ab3821a9fd7bd3918ea","ranges":[{"kind":"range","marks":[],"text":"TOKEN_LEN          TOUCH              TO_FLOAT           TO_INT             "}]}]},{"kind":"block","type":"code-line","key":"0f2a8714cb53472299ec12d4d361a2ab","isVoid":false,"data":{},"nodes":[{"kind":"text","key":"8d1e3eafafdd488381f19f477ccae5d8","ranges":[{"kind":"range","marks":[],"text":"TRAILING           TRANSACTIONS       TRANSFORM          TRANSLATION        "}]}]},{"kind":"block","type":"code-line","key":"86fe23733d6a4637a65c21370ade853e","isVoid":false,"data":{},"nodes":[{"kind":"text","key":"63184595811f430fb26af0f8d37c78ae","ranges":[{"kind":"range","marks":[],"text":"TREAT              TRIGGER            TRUE               TRUNCATE           "}]}]},{"kind":"block","type":"code-line","key":"97368d3b8b6042ecb2bcdaa782ab771f","isVoid":false,"data":{},"nodes":[{"kind":"text","key":"8b316cc6fc7c4000984e5235beddccae","ranges":[{"kind":"range","marks":[],"text":"TUPLE              TYPE               TYPEDEF            UDF_PARTITION      "}]}]},{"kind":"block","type":"code-line","key":"c0cd027088ad450483d468fd59683d18","isVoid":false,"data":{},"nodes":[{"kind":"text","key":"8a7a851a37b74dffa7d379af63ae00b6","ranges":[{"kind":"range","marks":[],"text":"UINT               UINT16             UINT32             UINT32_T           "}]}]},{"kind":"block","type":"code-line","key":"7b555b342c4e49b9bac094c50569cd87","isVoid":false,"data":{},"nodes":[{"kind":"text","key":"3f8a01bb3b3f4fc2a6b4e1bd39352d91","ranges":[{"kind":"range","marks":[],"text":"UINT64_T           UINT8              UINT_SET           UNARCHIVE          "}]}]},{"kind":"block","type":"code-line","key":"28542df86662428badc30d9b69d6bd73","isVoid":false,"data":{},"nodes":[{"kind":"text","key":"200a45f3500e4479bca1dd8c5c27bfa3","ranges":[{"kind":"range","marks":[],"text":"UNBOUNDED          UNDIRECTED         UNDO               UNION              "}]}]},{"kind":"block","type":"code-line","key":"f206e84a4403478792043d0dc223b4b2","isVoid":false,"data":{},"nodes":[{"kind":"text","key":"9ffc678481dc4207acfd6da83615eb5c","ranges":[{"kind":"range","marks":[],"text":"UNIONTYPE          UNIQUE             UNIQUEJOIN         UNKNOWN            "}]}]},{"kind":"block","type":"code-line","key":"a495ba3b002b43feacbbd5b5fa5a2ae6","isVoid":false,"data":{},"nodes":[{"kind":"text","key":"bc31e3deeefe4deebbd18aaff261a481","ranges":[{"kind":"range","marks":[],"text":"UNLOCK             UNNEST             UNSET              UNSIGNED           "}]}]},{"kind":"block","type":"code-line","key":"8a8a7e0106f344e489694182be896212","isVoid":false,"data":{},"nodes":[{"kind":"text","key":"82ebca5a742c4d16948170f650f34573","ranges":[{"kind":"range","marks":[],"text":"UNTIL              UPDATE             UPSERT             URI                "}]}]},{"kind":"block","type":"code-line","key":"1b870289b52b4bd8bc8a0294326b9a1d","isVoid":false,"data":{},"nodes":[{"kind":"text","key":"c87a7bf399e2470d83e31d8007ee77d4","ranges":[{"kind":"range","marks":[],"text":"USE                USING              UTC                UTCTIMESTAMP       "}]}]},{"kind":"block","type":"code-line","key":"c0e26b839f53484fbeee01a38328d1b4","isVoid":false,"data":{},"nodes":[{"kind":"text","key":"f4270879d3a74461bfb4e68506cb78fb","ranges":[{"kind":"range","marks":[],"text":"VAL                VALUE              VALUES             VALUE_TYPE         "}]}]},{"kind":"block","type":"code-line","key":"4d095577baea440eac94e5cdd0d13bc0","isVoid":false,"data":{},"nodes":[{"kind":"text","key":"dd8eca76c3204f25b0f2a3fc85d69acf","ranges":[{"kind":"range","marks":[],"text":"VARCHAR            VARYING            VECTOR             VERSION            "}]}]},{"kind":"block","type":"code-line","key":"06342060c37f4ed98f414d8ddeb19bde","isVoid":false,"data":{},"nodes":[{"kind":"text","key":"2467f227e6854cbe8453ab120eaf16bd","ranges":[{"kind":"range","marks":[],"text":"VERTEX             VIEW               VOID               WHEN               "}]}]},{"kind":"block","type":"code-line","key":"781c23bf00ad4e2aa3a0545bee844b5a","isVoid":false,"data":{},"nodes":[{"kind":"text","key":"5ea587eca01849d9b99918b3305471be","ranges":[{"kind":"range","marks":[],"text":"WHENEVER           WHERE              WHILE              WINDOW             "}]}]},{"kind":"block","type":"code-line","key":"ded6596753bc46e586cee5ea59fe7deb","isVoid":false,"data":{},"nodes":[{"kind":"text","key":"b8610103ff8e4dfda19ef4d4017cef12","ranges":[{"kind":"range","marks":[],"text":"WITH               WITHIN             WITHOUT            YEAR               "}]}]},{"kind":"block","type":"code-line","key":"45dee660237a4652b89ade2cc2371fac","isVoid":false,"data":{},"nodes":[{"kind":"text","key":"886b90605b284d7f8369ba65e294b2b7","ranges":[{"kind":"range","marks":[],"text":"CURRENT_DEFAULT_TRANSFORM_GROUP       CURRENT_TRANSFORM_GROUP_FOR_TYPE      "}]}]},{"kind":"block","type":"code-line","key":"fa40105123144750b324cc4a5b65af16","isVoid":false,"data":{},"nodes":[{"kind":"text","key":"301f6393623d4ffcabbea91d7e551067","ranges":[{"kind":"range","marks":[],"text":"INT32_INT32_KV_LIST                   UINT32_UDT_KV_LIST "}]}]},{"kind":"block","type":"code-line","key":"339760f2793443738c5d0e57bc798417","isVoid":false,"data":{},"nodes":[{"kind":"text","key":"94503f9ab8cf4df9a0e015fb4cb3b9d8","ranges":[{"kind":"range","marks":[],"text":"UINT32_UINT32_KV_LIST    "}]}]}]}]}]}}