{"format_version":1,"document":{"kind":"document","key":"ce09d1959df74963bacb8794356ad799","data":{"schema_version":5},"nodes":[{"kind":"block","type":"paragraph","key":"f98eb32f9b134bf882978a55983e2f1f","isVoid":false,"data":{},"nodes":[{"kind":"text","key":"4d5eed83617c4ea08e874223d96fc4a9","ranges":[{"kind":"range","marks":[],"text":"Version 2.0 to 2.2. Copyright (c) 2018 TigerGraph. All Rights Reserved."}]}]},{"kind":"block","type":"heading-1","key":"1998878159a04f638604ac06b6308232","isVoid":false,"data":{"id":"ManagingTigerGraphServerswithgadmin-ManagingTigerGraphServerswithgadmin"},"nodes":[{"kind":"text","key":"78af010e3f8e4d9994f629f7133743af","ranges":[{"kind":"range","marks":[],"text":"Managing TigerGraph Servers with gadmin"}]}]},{"kind":"block","type":"heading-2","key":"650abcac08454a23aa67b7cc86b5517f","isVoid":false,"data":{"id":"ManagingTigerGraphServerswithgadmin-Introduction"},"nodes":[{"kind":"text","key":"8b4df04ce3bf49efa17b8881ba6a665e","ranges":[{"kind":"range","marks":[],"text":"Introduction"}]}]},{"kind":"block","type":"paragraph","key":"24bd049b69d3473f8a5f001a78514fb9","isVoid":false,"data":{},"nodes":[{"kind":"text","key":"446640d13f044bf0b764b022265be35c","ranges":[{"kind":"range","marks":[],"text":"TigerGraph Graph Administrator (gadmin) is a tool for managing TigerGraph servers. It has a self-contained help function and a man page, whose output is shown below for reference. If you are unfamiliar with the TigerGraph servers, please see "}]},{"kind":"inline","type":"link","key":"96fbc5930f29426e9b06e09a93d2a819","isVoid":false,"data":{"pageID":"-LM5HfXM0Tj-AIQ81gvv"},"nodes":[{"kind":"text","key":"31e74418725649d5a67e52a8310853f6","ranges":[{"kind":"range","marks":[{"kind":"mark","data":{},"type":"italic"},{"kind":"mark","data":{},"type":"bold"}],"text":"GET STARTED with TigerGraph"},{"kind":"range","marks":[],"text":"."}]}]},{"kind":"text","key":"5ded8f51628948e4b917087269fdc685","ranges":[{"kind":"range","marks":[],"text":""}]}]},{"kind":"block","type":"paragraph","key":"988452ea1fe9484a9b247ddefd3c6a82","isVoid":false,"data":{},"nodes":[{"kind":"text","key":"042577e7216d4e119a5180b5a03df609","ranges":[{"kind":"range","marks":[],"text":"To see a listing of all the options or commands available for gadmin, run any of the following commands:"}]}]},{"kind":"block","type":"code","key":"c19bc50b40224c48993ff17ab31ccdff","isVoid":false,"data":{},"nodes":[{"kind":"block","type":"code-tab","key":"0910100dc32b41a69467442c3780c6b7","isVoid":false,"data":{"syntax":"text"},"nodes":[{"kind":"block","type":"code-line","key":"f71e86b771e84b9da5a8301189b15ef2","isVoid":false,"data":{},"nodes":[{"kind":"text","key":"2e561d61798244769e97948a06ba71c5","ranges":[{"kind":"range","marks":[],"text":"$ gadmin -h"}]}]},{"kind":"block","type":"code-line","key":"9648692e0a1245978253536fdd063db9","isVoid":false,"data":{},"nodes":[{"kind":"text","key":"588b783fe8e147e0be59e59c1972254d","ranges":[{"kind":"range","marks":[],"text":"$ man gadmin"}]}]},{"kind":"block","type":"code-line","key":"73be6a56e91b4a8f91a7673be986cb38","isVoid":false,"data":{},"nodes":[{"kind":"text","key":"3d4ce2c454cb43869328b8f1931c00de","ranges":[{"kind":"range","marks":[],"text":"$ info gadmin"}]}]}]}]},{"kind":"block","type":"hint","key":"43e0a48263184e17ab465f2b87aaf937","isVoid":false,"data":{"style":"info"},"nodes":[{"kind":"block","type":"paragraph","key":"74df8263a5ae43aeb82780788cbb21ef","isVoid":false,"data":{},"nodes":[{"kind":"text","key":"f671a1290b374506ac1887d8c948ffa3","ranges":[{"kind":"range","marks":[],"text":" After changing a configuration setting, it is generally necessary to run "},{"kind":"range","marks":[{"kind":"mark","data":{},"type":"bold"}],"text":"gadmin config-apply. "},{"kind":"range","marks":[],"text":"Some commands invoke config-apply automatically. If you are not certain, just run config-apply"}]}]}]},{"kind":"block","type":"heading-2","key":"8579962b83ea438bb097a88455eeb3fa","isVoid":false,"data":{"id":"ManagingTigerGraphServerswithgadmin-CommandListing"},"nodes":[{"kind":"text","key":"7a7bcfd5d57246f9a1083e3662d97337","ranges":[{"kind":"range","marks":[],"text":"Command Listing"}]}]},{"kind":"block","type":"paragraph","key":"499842fb93c04bccbdce639eaed75e8b","isVoid":false,"data":{},"nodes":[{"kind":"text","key":"c29c145b8c36457fb1ca5728a2d65837","ranges":[{"kind":"range","marks":[],"text":"Below is the man page for gadmin. Most of the commands are self-explanatory."}]}]},{"kind":"block","type":"code","key":"260961815ae244d3a0a26ec274ff4da7","isVoid":false,"data":{},"nodes":[{"kind":"block","type":"code-tab","key":"1c4d06e6899b40a7ab8d11e00d9de0cf","isVoid":false,"data":{"syntax":"text"},"nodes":[{"kind":"block","type":"code-line","key":"02adaf42d77344ff9046a3c43a4d0c47","isVoid":false,"data":{},"nodes":[{"kind":"text","key":"5381890d5dc447a6a6113551aa2fcb16","ranges":[{"kind":"range","marks":[],"text":"GADMIN(1)                         User Commands                                GADMIN(1)"}]}]},{"kind":"block","type":"code-line","key":"a1216c58656f448da94d4802fef13cb7","isVoid":false,"data":{},"nodes":[{"kind":"text","key":"07c2f11f88424b8fae6aaae15c12d1cf","ranges":[{"kind":"range","marks":[],"text":""}]}]},{"kind":"block","type":"code-line","key":"547deeb8d9aa4d3cbef2d586719c3448","isVoid":false,"data":{},"nodes":[{"kind":"text","key":"7d93ffd60b6947568d4fe0c15a145004","ranges":[{"kind":"range","marks":[],"text":"NAME"}]}]},{"kind":"block","type":"code-line","key":"c97af3be793645b6b0a7ec4801b8f5b2","isVoid":false,"data":{},"nodes":[{"kind":"text","key":"2ded8993c7924bc4870e9554c2cea1e5","ranges":[{"kind":"range","marks":[],"text":"       gadmin - manual page for TigerGraph Administrator."}]}]},{"kind":"block","type":"code-line","key":"de036a5835ab469fb08a0d0e2e946642","isVoid":false,"data":{},"nodes":[{"kind":"text","key":"5446eebb1345465fbf94191b2d50248d","ranges":[{"kind":"range","marks":[],"text":""}]}]},{"kind":"block","type":"code-line","key":"b510abd1f85844ac8b27700111f421c9","isVoid":false,"data":{},"nodes":[{"kind":"text","key":"b3e1675c9b2846f785a48970e604ac1f","ranges":[{"kind":"range","marks":[],"text":"SYNOPSIS"}]}]},{"kind":"block","type":"code-line","key":"a63a40df407e429ca8059aca9c114934","isVoid":false,"data":{},"nodes":[{"kind":"text","key":"04ab5b1736e64e648093fcc38695f1af","ranges":[{"kind":"range","marks":[],"text":"       gadmin [options] COMMAND [parameters]"}]}]},{"kind":"block","type":"code-line","key":"9e11e8ff4a2142408ea71091d2466552","isVoid":false,"data":{},"nodes":[{"kind":"text","key":"50ad4bf99fb649878544c2a71276ee8a","ranges":[{"kind":"range","marks":[],"text":""}]}]},{"kind":"block","type":"code-line","key":"b78db7f1a2054fda92b0c4859298d885","isVoid":false,"data":{},"nodes":[{"kind":"text","key":"485c1ae26e654af998341aa106021c2c","ranges":[{"kind":"range","marks":[],"text":"DESCRIPTION"}]}]},{"kind":"block","type":"code-line","key":"3d24892325244595b08c13a81765fe3b","isVoid":false,"data":{},"nodes":[{"kind":"text","key":"37f70da0b06b4243a492a9668ca54960","ranges":[{"kind":"range","marks":[],"text":"       Version 1.0, Sept, 19, 2017"}]}]},{"kind":"block","type":"code-line","key":"199b30b4fad64f9885b3ecedde4a5b62","isVoid":false,"data":{},"nodes":[{"kind":"text","key":"94a460eadbed47edb839eb68f4083b5c","ranges":[{"kind":"range","marks":[],"text":""}]}]},{"kind":"block","type":"code-line","key":"aa37ebf5c53a47298e9d3723d6446984","isVoid":false,"data":{},"nodes":[{"kind":"text","key":"c69ddf6b3d3a40dca44938112ca8cc70","ranges":[{"kind":"range","marks":[],"text":"       gadmin is a tool for managing TigerGraph servers"}]}]},{"kind":"block","type":"code-line","key":"325309ab10814f8e9ca969cb1ef48c2d","isVoid":false,"data":{},"nodes":[{"kind":"text","key":"2738c30e756a4a5da6e93b83c5ec65f8","ranges":[{"kind":"range","marks":[],"text":""}]}]},{"kind":"block","type":"code-line","key":"6a2f3d510aa44c5582106a0752febe53","isVoid":false,"data":{},"nodes":[{"kind":"text","key":"9267fd39153447e087face511bebaea2","ranges":[{"kind":"range","marks":[],"text":"OPTIONS"}]}]},{"kind":"block","type":"code-line","key":"43168fba17e940be90881d4ee8da351a","isVoid":false,"data":{},"nodes":[{"kind":"text","key":"36fd4e28f4a74631a1bb7474d950b7c0","ranges":[{"kind":"range","marks":[],"text":"  -h, --help"}]}]},{"kind":"block","type":"code-line","key":"a851e16d8af54a5891ec4cdf70a6c7c9","isVoid":false,"data":{},"nodes":[{"kind":"text","key":"e231cb1008d54c9db9a0f505a4f24d95","ranges":[{"kind":"range","marks":[],"text":"    show this help message and exit"}]}]},{"kind":"block","type":"code-line","key":"b756f17d3c5c45d8a862d80219346813","isVoid":false,"data":{},"nodes":[{"kind":"text","key":"53547974bad94385a5b1f1c22ca347b8","ranges":[{"kind":"range","marks":[],"text":""}]}]},{"kind":"block","type":"code-line","key":"4fe89159e5f44e9fa131dc756d301241","isVoid":false,"data":{},"nodes":[{"kind":"text","key":"01bd3c3bd1c94b0291dd1cfe922f0fb6","ranges":[{"kind":"range","marks":[],"text":"  --configure"}]}]},{"kind":"block","type":"code-line","key":"7e561cc927d54bdb838aeed45cdc950b","isVoid":false,"data":{},"nodes":[{"kind":"text","key":"f99f897c5d3640c78352493100b2e7da","ranges":[{"kind":"range","marks":[],"text":"    invoke interactive (re)configuration tool. Options:"}]}]},{"kind":"block","type":"code-line","key":"8ad2cb97b06a4160baa8b2c6dd8bdfa8","isVoid":false,"data":{},"nodes":[{"kind":"text","key":"abb6377f74ff4f21852853be9afccb1e","ranges":[{"kind":"range","marks":[],"text":"      single_dir:/xxx/yyy(deploy directory will be /xxx/yyy),"}]}]},{"kind":"block","type":"code-line","key":"811f0e2213cd46cfa44ec53d7bb51120","isVoid":false,"data":{},"nodes":[{"kind":"text","key":"70faf52918654e5b93f34b8e2a22b870","ranges":[{"kind":"range","marks":[],"text":"      or a keyword(e.g., 'gadmin --configure port',"}]}]},{"kind":"block","type":"code-line","key":"ac8af0bb02584f2f86f2fcb4ec14ae38","isVoid":false,"data":{},"nodes":[{"kind":"text","key":"93ed720951654078916d35f35976d8a6","ranges":[{"kind":"range","marks":[],"text":"      will configure any entry whose name has string 'port')"}]}]},{"kind":"block","type":"code-line","key":"55b86243cf6b4b5aa1a1406563bac214","isVoid":false,"data":{},"nodes":[{"kind":"text","key":"0a0d4c36789f44eda8b6f91c0bafcc7f","ranges":[{"kind":"range","marks":[],"text":""}]}]},{"kind":"block","type":"code-line","key":"cdebe7809ccf4cd4a880775e78d6a113","isVoid":false,"data":{},"nodes":[{"kind":"text","key":"52adad897c2b413887f78728d7086b25","ranges":[{"kind":"range","marks":[],"text":"  --set  set one configuration"}]}]},{"kind":"block","type":"code-line","key":"e995f92bf93f4ec2bf00891314aeda9d","isVoid":false,"data":{},"nodes":[{"kind":"text","key":"8552489bf9f745baa18fda047016c499","ranges":[{"kind":"range","marks":[],"text":""}]}]},{"kind":"block","type":"code-line","key":"973578be860e4ddab561cc96736e107b","isVoid":false,"data":{},"nodes":[{"kind":"text","key":"6ff85dcf0be641f3baa7cb29b715364d","ranges":[{"kind":"range","marks":[],"text":"  --dump-config"}]}]},{"kind":"block","type":"code-line","key":"3b1122318832480e810649cb00e4c3fe","isVoid":false,"data":{},"nodes":[{"kind":"text","key":"e866e81254304bd4abe95e1998e116a6","ranges":[{"kind":"range","marks":[],"text":"  dump current configuration after parsing config files and command line options and exit"}]}]},{"kind":"block","type":"code-line","key":"87e78c5ab0614483bdf1b647371b926a","isVoid":false,"data":{},"nodes":[{"kind":"text","key":"ce363dc1b43c4b12a6cac347e667a451","ranges":[{"kind":"range","marks":[],"text":""}]}]},{"kind":"block","type":"code-line","key":"3927e43c82044b9ab2f4679d8ce26119","isVoid":false,"data":{},"nodes":[{"kind":"text","key":"373e758aaece40329fcd2e7684d24fe9","ranges":[{"kind":"range","marks":[],"text":"  --dry-run"}]}]},{"kind":"block","type":"code-line","key":"fdac2543bb424784a6a055463bea7af0","isVoid":false,"data":{},"nodes":[{"kind":"text","key":"3a01c48854f54320865398b696eb4c78","ranges":[{"kind":"range","marks":[],"text":"    show what operation will be performed but don't actually do it"}]}]},{"kind":"block","type":"code-line","key":"0ca98744469b433491f0142586339694","isVoid":false,"data":{},"nodes":[{"kind":"text","key":"856f6083f61248788f29b5343f50010a","ranges":[{"kind":"range","marks":[],"text":""}]}]},{"kind":"block","type":"code-line","key":"402ddd92bd31475bb680047b3dd89f19","isVoid":false,"data":{},"nodes":[{"kind":"text","key":"dc2f3b7bb6cd43e7a8fe5093b707efc1","ranges":[{"kind":"range","marks":[],"text":"  -p SSH_PASSWORD, --password=SSH_PASSWORD"}]}]},{"kind":"block","type":"code-line","key":"6e4e8692c365460ebed773063f9735a9","isVoid":false,"data":{},"nodes":[{"kind":"text","key":"5eea5d851ce44c0e892301c84c24ef0b","ranges":[{"kind":"range","marks":[],"text":"    the password to ssh to other nodes"}]}]},{"kind":"block","type":"code-line","key":"82605d9fb1e54325ab2c69747ee3392b","isVoid":false,"data":{},"nodes":[{"kind":"text","key":"3d3249587d2f4f449957fcea5968e68d","ranges":[{"kind":"range","marks":[],"text":""}]}]},{"kind":"block","type":"code-line","key":"5738da13b2e94fcda63ab835aa739c9a","isVoid":false,"data":{},"nodes":[{"kind":"text","key":"e9d6d79510c349f58c25875bbcc8598e","ranges":[{"kind":"range","marks":[],"text":"  -y, --yes"}]}]},{"kind":"block","type":"code-line","key":"23bdec523e0a42c68031d6c6a0dc79a6","isVoid":false,"data":{},"nodes":[{"kind":"text","key":"126da84eacf24e2dbd47f13a2d3573bf","ranges":[{"kind":"range","marks":[],"text":"    silently answer Yes to all prompts"}]}]},{"kind":"block","type":"code-line","key":"ad3d2cb31e774cdf9d3d2211109757bb","isVoid":false,"data":{},"nodes":[{"kind":"text","key":"3d475a10a75748608ede8d9372d4a824","ranges":[{"kind":"range","marks":[],"text":""}]}]},{"kind":"block","type":"code-line","key":"62019724fb9a48e29508629c44e04334","isVoid":false,"data":{},"nodes":[{"kind":"text","key":"f517390d809f460a9da0b1ea23447963","ranges":[{"kind":"range","marks":[],"text":"  -v, --verbose"}]}]},{"kind":"block","type":"code-line","key":"af05e34dad084ec582ea3628eff923bd","isVoid":false,"data":{},"nodes":[{"kind":"text","key":"7051062ddf48474e86b023776ca7eafb","ranges":[{"kind":"range","marks":[],"text":"    enable verbose output"}]}]},{"kind":"block","type":"code-line","key":"c2d28c7b91bd4c329036c2907d2323b0","isVoid":false,"data":{},"nodes":[{"kind":"text","key":"ff05c0992ff947ab94516aa1221a1d59","ranges":[{"kind":"range","marks":[],"text":""}]}]},{"kind":"block","type":"code-line","key":"c23dcc61f32340ba89fbb486684346ea","isVoid":false,"data":{},"nodes":[{"kind":"text","key":"21efec711d7444b1b97273ca7a0a9ff3","ranges":[{"kind":"range","marks":[],"text":"  --version"}]}]},{"kind":"block","type":"code-line","key":"5c37057490bf468787186bd3b6aa1d91","isVoid":false,"data":{},"nodes":[{"kind":"text","key":"8d9aa7f9511744bf93f919e5883af46a","ranges":[{"kind":"range","marks":[],"text":"    show gadmin version and exit"}]}]},{"kind":"block","type":"code-line","key":"f91c88fa6feb4e45af01a81b37e6dd2b","isVoid":false,"data":{},"nodes":[{"kind":"text","key":"62a178eb78ee424d8480a0d3ca3ee2cc","ranges":[{"kind":"range","marks":[],"text":""}]}]},{"kind":"block","type":"code-line","key":"c83ca5b8cc5148c89edf312d2e8294f2","isVoid":false,"data":{},"nodes":[{"kind":"text","key":"c3eaa6c9ecad46119ec8540c89ce4b98","ranges":[{"kind":"range","marks":[],"text":"  -f, --force"}]}]},{"kind":"block","type":"code-line","key":"a1d4f971ed00495099772771f1632c4c","isVoid":false,"data":{},"nodes":[{"kind":"text","key":"73a48c0a086b4a9e823b95e86cd83c51","ranges":[{"kind":"range","marks":[],"text":"    execute without performing checks"}]}]},{"kind":"block","type":"code-line","key":"149de7079d0049d0b644c11dc4012fe9","isVoid":false,"data":{},"nodes":[{"kind":"text","key":"d6991fad852b448c8343f902fa0c35ee","ranges":[{"kind":"range","marks":[],"text":""}]}]},{"kind":"block","type":"code-line","key":"2928d72edba74650979da61593678243","isVoid":false,"data":{},"nodes":[{"kind":"text","key":"3c8c053db003459aa7ecb14b797f4d65","ranges":[{"kind":"range","marks":[],"text":"  --wait wait for the last command to finish (e.g., snapshot)"}]}]},{"kind":"block","type":"code-line","key":"f3841335dc564be4b11f8211ce0da295","isVoid":false,"data":{},"nodes":[{"kind":"text","key":"331cb880cfc147f1b5e5b45534fa969b","ranges":[{"kind":"range","marks":[],"text":""}]}]},{"kind":"block","type":"code-line","key":"30081f47083e46b394a9f8297f07e8c9","isVoid":false,"data":{},"nodes":[{"kind":"text","key":"c295a32abeb14ef786462aae43a7e559","ranges":[{"kind":"range","marks":[],"text":"   Commands:"}]}]},{"kind":"block","type":"code-line","key":"d38bdf05f26f4bdeaea69e7fb06aae78","isVoid":false,"data":{},"nodes":[{"kind":"text","key":"1ad34be7448949b9a829ccfb7d52d107","ranges":[{"kind":"range","marks":[],"text":"  Server status"}]}]},{"kind":"block","type":"code-line","key":"c66955e6b1574f549ddc0f8c15a45ce7","isVoid":false,"data":{},"nodes":[{"kind":"text","key":"e2d431d0ef5a428d8618696530f3db03","ranges":[{"kind":"range","marks":[],"text":"    gadmin status [gpe gse restpp dict,...]"}]}]},{"kind":"block","type":"code-line","key":"5446a9b7838b4ad7be5df288b1ccc94d","isVoid":false,"data":{},"nodes":[{"kind":"text","key":"4d598609840045bf86e23371ed9065e0","ranges":[{"kind":"range","marks":[],"text":""}]}]},{"kind":"block","type":"code-line","key":"4897516b1b59410fb8be86b56d92d233","isVoid":false,"data":{},"nodes":[{"kind":"text","key":"c47a1537ad0f4c7cb3f0dfe0f0c6f523","ranges":[{"kind":"range","marks":[],"text":"  IUM status"}]}]},{"kind":"block","type":"code-line","key":"85d3a07ae3d84b31b903554595798067","isVoid":false,"data":{},"nodes":[{"kind":"text","key":"26d15dae29c543429666fe0d6eeb6e43","ranges":[{"kind":"range","marks":[],"text":"    gadmin ium_status"}]}]},{"kind":"block","type":"code-line","key":"0d496ada8a5a41abb402228413b7ce68","isVoid":false,"data":{},"nodes":[{"kind":"text","key":"d0cc5fb2c0b34e3787c6c3ccbd5bd8ff","ranges":[{"kind":"range","marks":[],"text":""}]}]},{"kind":"block","type":"code-line","key":"ea2d5216a24b4307b32dfb1a15b4cdd5","isVoid":false,"data":{},"nodes":[{"kind":"text","key":"4482ca10802745feb5f7dab7097650d4","ranges":[{"kind":"range","marks":[],"text":"  Disk space of devices"}]}]},{"kind":"block","type":"code-line","key":"25f8e1ebc33a40e5831329106e8d9381","isVoid":false,"data":{},"nodes":[{"kind":"text","key":"f28e7ba533e54d23b0ee436d9a183077","ranges":[{"kind":"range","marks":[],"text":"    gadmin ds [path]"}]}]},{"kind":"block","type":"code-line","key":"fa78dc877895411ba092c718f378c229","isVoid":false,"data":{},"nodes":[{"kind":"text","key":"c83736ba50cd46ee8f574d4f58091494","ranges":[{"kind":"range","marks":[],"text":""}]}]},{"kind":"block","type":"code-line","key":"fb2e873a393641c4bd1cc5a3f97cb971","isVoid":false,"data":{},"nodes":[{"kind":"text","key":"ce68b7b910c94fd3a21fd3507156e028","ranges":[{"kind":"range","marks":[],"text":"  Mount info of a path"}]}]},{"kind":"block","type":"code-line","key":"1ab46fac506048deb8eb7a14ec7021c1","isVoid":false,"data":{},"nodes":[{"kind":"text","key":"d98977e78d3d4fd5af015b4f5a18c6c7","ranges":[{"kind":"range","marks":[],"text":"    gadmin mount {path}"}]}]},{"kind":"block","type":"code-line","key":"91b6b83e4df140b6a0e229235d3c01e6","isVoid":false,"data":{},"nodes":[{"kind":"text","key":"abe35b21a5f545b995900dedfc778488","ranges":[{"kind":"range","marks":[],"text":""}]}]},{"kind":"block","type":"code-line","key":"6d80a7aafb3e4af6a7b4bc0ea5b66b80","isVoid":false,"data":{},"nodes":[{"kind":"text","key":"b0ebeef02a4b4930b7c76219d26e1da3","ranges":[{"kind":"range","marks":[],"text":"  Memory usage of TigerGraph components"}]}]},{"kind":"block","type":"code-line","key":"d7c90c6fd357408cade77c1b161d5cae","isVoid":false,"data":{},"nodes":[{"kind":"text","key":"0736cb6a212d466dbf2398f0bfdc2ed8","ranges":[{"kind":"range","marks":[],"text":"    gadmin mem [gse gpe restpp dict,...]"}]}]},{"kind":"block","type":"code-line","key":"e820b7a230284be8912d580abdda9dc2","isVoid":false,"data":{},"nodes":[{"kind":"text","key":"ede6b341d4b045acadd5db02ad0db943","ranges":[{"kind":"range","marks":[],"text":""}]}]},{"kind":"block","type":"code-line","key":"9c17b0fcc60f4514add879c8e2f408b4","isVoid":false,"data":{},"nodes":[{"kind":"text","key":"6e96dc3b9650440db264627dc5b15d14","ranges":[{"kind":"range","marks":[],"text":"  CPU usage of TigerGraph components"}]}]},{"kind":"block","type":"code-line","key":"92cedb218af648b3ae903c63f3620be2","isVoid":false,"data":{},"nodes":[{"kind":"text","key":"42de3b2f32e244f5a64b25eed4151531","ranges":[{"kind":"range","marks":[],"text":"    gadmin cpu [gse gpe restpp dict,...]"}]}]},{"kind":"block","type":"code-line","key":"4fa7305a7f15466fbe0a265b7575fe54","isVoid":false,"data":{},"nodes":[{"kind":"text","key":"324cdb368989480bb17213c65088c85f","ranges":[{"kind":"range","marks":[],"text":""}]}]},{"kind":"block","type":"code-line","key":"00f404f212a84b579bc566e14f24b671","isVoid":false,"data":{},"nodes":[{"kind":"text","key":"e5390db349354ef38cc900d6b6105110","ranges":[{"kind":"range","marks":[],"text":"  Check TigerGraph system prerequisites and resources"}]}]},{"kind":"block","type":"code-line","key":"a8729dd6fc90444585499a1023cd4a0c","isVoid":false,"data":{},"nodes":[{"kind":"text","key":"c04acb9acbd84302b530de68b8c12e0b","ranges":[{"kind":"range","marks":[],"text":"    gadmin check"}]}]},{"kind":"block","type":"code-line","key":"3a168030a48c4550a0f611042617eece","isVoid":false,"data":{},"nodes":[{"kind":"text","key":"d4b2a578d4ea4dae9db1497986a00785","ranges":[{"kind":"range","marks":[],"text":""}]}]},{"kind":"block","type":"code-line","key":"4f38ffdd5417471ba3c56e8b40cede31","isVoid":false,"data":{},"nodes":[{"kind":"text","key":"d75e52caa1b14a96b11700729383b94b","ranges":[{"kind":"range","marks":[],"text":"  Show log of gpe, gse, restpp and issued fab commands"}]}]},{"kind":"block","type":"code-line","key":"056d47eb42a446aeae6074b54f7140a9","isVoid":false,"data":{},"nodes":[{"kind":"text","key":"54ab9c980b4549f3a087ba1dcd24b4c0","ranges":[{"kind":"range","marks":[],"text":"    gadmin log [gse gpe restpp dict fab,...]"}]}]},{"kind":"block","type":"code-line","key":"32a95bd057b34316b79b39d42d8af45c","isVoid":false,"data":{},"nodes":[{"kind":"text","key":"cd9981e90497467f98cb446672ab0439","ranges":[{"kind":"range","marks":[],"text":""}]}]},{"kind":"block","type":"code-line","key":"3c4a1818f6d04b02b28bc53606e53ec1","isVoid":false,"data":{},"nodes":[{"kind":"text","key":"30b38211a176491d9105f9f316d70c53","ranges":[{"kind":"range","marks":[],"text":"  Get various information about gpe, gse and restpp"}]}]},{"kind":"block","type":"code-line","key":"80f5a4aea42c4ed7a1c95a7e97173443","isVoid":false,"data":{},"nodes":[{"kind":"text","key":"56b74d051b4a41be9ffa582dd4c4d7cc","ranges":[{"kind":"range","marks":[],"text":"    gadmin info [gse gpe restpp dict,...]"}]}]},{"kind":"block","type":"code-line","key":"1421491ac8854f50b6b15257900ebef7","isVoid":false,"data":{},"nodes":[{"kind":"text","key":"c199fb673f034e599999a31d479ddef7","ranges":[{"kind":"range","marks":[],"text":""}]}]},{"kind":"block","type":"code-line","key":"6f89ca9302654061aeaefa9d4ef832ea","isVoid":false,"data":{},"nodes":[{"kind":"text","key":"c9c99780f00d49c4b9501e37ae488889","ranges":[{"kind":"range","marks":[],"text":"  Software version(s) of TigerGraph components"}]}]},{"kind":"block","type":"code-line","key":"8b3df90e5e954508912e915735414b0e","isVoid":false,"data":{},"nodes":[{"kind":"text","key":"272bd8373ea54c43b082e9b37c38c0ec","ranges":[{"kind":"range","marks":[],"text":"    gadmin version [gse gpe restpp dict,...]"}]}]},{"kind":"block","type":"code-line","key":"4b20703374c045f5ad31b22098cc08d5","isVoid":false,"data":{},"nodes":[{"kind":"text","key":"ab09f0a540bd4637b57159d130a81cf2","ranges":[{"kind":"range","marks":[],"text":""}]}]},{"kind":"block","type":"code-line","key":"a917b45bea614835888b7cd79367f8ba","isVoid":false,"data":{},"nodes":[{"kind":"text","key":"ab03f120611e426cb870990dad5771f6","ranges":[{"kind":"range","marks":[],"text":"  Stop specified or all services"}]}]},{"kind":"block","type":"code-line","key":"da256c351e9044da8ce8db3224ad43c0","isVoid":false,"data":{},"nodes":[{"kind":"text","key":"53ab0d1905a44ca588664ebe773a8acc","ranges":[{"kind":"range","marks":[],"text":"    gadmin stop [gse gpe restpp dict,...]"}]}]},{"kind":"block","type":"code-line","key":"d01f88f83ea1407fb18ad2f50e468f93","isVoid":false,"data":{},"nodes":[{"kind":"text","key":"0f85e72e8ed5443daa9cada08a0fbdd7","ranges":[{"kind":"range","marks":[],"text":""}]}]},{"kind":"block","type":"code-line","key":"5a5bd118d56e4b56ad6d38d9e1d9612a","isVoid":false,"data":{},"nodes":[{"kind":"text","key":"516a84319d64483da7aa06807aff4f2f","ranges":[{"kind":"range","marks":[],"text":"  Restart specified or all services"}]}]},{"kind":"block","type":"code-line","key":"f73f6ef8d9a34736adfebd3fb186c978","isVoid":false,"data":{},"nodes":[{"kind":"text","key":"3f6423f182294587bae87d22afb73b5d","ranges":[{"kind":"range","marks":[],"text":"    gadmin restart [gse gpe restpp dict,...]"}]}]},{"kind":"block","type":"code-line","key":"a4d31b31fc684e66a38fbcafcccb3de0","isVoid":false,"data":{},"nodes":[{"kind":"text","key":"8237497013b64627a24388ac05696d8f","ranges":[{"kind":"range","marks":[],"text":""}]}]},{"kind":"block","type":"code-line","key":"62088ade575f48dabd7de8b59d294dae","isVoid":false,"data":{},"nodes":[{"kind":"text","key":"d0b687fbc29743b89e6c63a4d9bf2690","ranges":[{"kind":"range","marks":[],"text":"  Start specified or all services"}]}]},{"kind":"block","type":"code-line","key":"61a5e2e09a634f08bb0b5d5e8671fa84","isVoid":false,"data":{},"nodes":[{"kind":"text","key":"320555d376194079aee702075a9aa8d9","ranges":[{"kind":"range","marks":[],"text":"    gadmin start [gse gpe restpp dict,...]"}]}]},{"kind":"block","type":"code-line","key":"dbfe58fbb76347c4afb2d944e1d1dcaf","isVoid":false,"data":{},"nodes":[{"kind":"text","key":"c43e9042d6ff4b13a35dbf2ec704a11c","ranges":[{"kind":"range","marks":[],"text":""}]}]},{"kind":"block","type":"code-line","key":"8a17cb86f6194c1f80876fc1f7bfe370","isVoid":false,"data":{},"nodes":[{"kind":"text","key":"4dfdef3afcd442448b3df8882ec50ab2","ranges":[{"kind":"range","marks":[],"text":"  Start the RESTPP loaders"}]}]},{"kind":"block","type":"code-line","key":"629f56b6733c4c3f89dcade05526de95","isVoid":false,"data":{},"nodes":[{"kind":"text","key":"2c4b10593c84425c935b2d78ea9d30e3","ranges":[{"kind":"range","marks":[],"text":"    gadmin start_restpp_loaders"}]}]},{"kind":"block","type":"code-line","key":"43797c87b3f04ad5a85c311452c1b99d","isVoid":false,"data":{},"nodes":[{"kind":"text","key":"d08bafa9c41947a59753771f1f37198e","ranges":[{"kind":"range","marks":[],"text":""}]}]},{"kind":"block","type":"code-line","key":"4f15eef9bd3d41358139268be89d0f3b","isVoid":false,"data":{},"nodes":[{"kind":"text","key":"2a97ec2765a644e182372e4a2e07d106","ranges":[{"kind":"range","marks":[],"text":"  Start the KAFKA loaders"}]}]},{"kind":"block","type":"code-line","key":"184630bc89784aaea802d8b5cefced2a","isVoid":false,"data":{},"nodes":[{"kind":"text","key":"0e8426b0aba04e46a2de6a510d66d088","ranges":[{"kind":"range","marks":[],"text":"    gadmin start_kafka_loaders"}]}]},{"kind":"block","type":"code-line","key":"512e8927064a42feb91189f6722b6018","isVoid":false,"data":{},"nodes":[{"kind":"text","key":"750f852304424d128f1608ab09611fe0","ranges":[{"kind":"range","marks":[],"text":""}]}]},{"kind":"block","type":"code-line","key":"1e77d95216c34ba384d8516612180d2a","isVoid":false,"data":{},"nodes":[{"kind":"text","key":"a980d7f086804dd49f921b28321122a1","ranges":[{"kind":"range","marks":[],"text":" Stop the RESTPP loaders"}]}]},{"kind":"block","type":"code-line","key":"509e37c5ecbd4c47ab4afcac9b7f0404","isVoid":false,"data":{},"nodes":[{"kind":"text","key":"7d91f54f1a3c4581b43d9f46fdc9f8cf","ranges":[{"kind":"range","marks":[],"text":"    gadmin stop_restpp_loaders"}]}]},{"kind":"block","type":"code-line","key":"b4dcb725f82e422cb89ddd770e687f0a","isVoid":false,"data":{},"nodes":[{"kind":"text","key":"33adec29daf34278a8b3f774a94b6a1b","ranges":[{"kind":"range","marks":[],"text":""}]}]},{"kind":"block","type":"code-line","key":"b8c6410a4a1c44e59592a10a028b9046","isVoid":false,"data":{},"nodes":[{"kind":"text","key":"36326ead9fd641a99d6f2088f6888661","ranges":[{"kind":"range","marks":[],"text":"  Stop the KAFKA loaders"}]}]},{"kind":"block","type":"code-line","key":"a7d3928d8fd04bee9e287d638d8cf050","isVoid":false,"data":{},"nodes":[{"kind":"text","key":"9061cfe9d0d34aa1aee4c83f30859414","ranges":[{"kind":"range","marks":[],"text":"    gadmin stop_kafka_loaders"}]}]},{"kind":"block","type":"code-line","key":"f803e7f99efb454e904ef9074bb605cf","isVoid":false,"data":{},"nodes":[{"kind":"text","key":"49a6326b6ea74fe7998934dfc4bcfadb","ranges":[{"kind":"range","marks":[],"text":""}]}]},{"kind":"block","type":"code-line","key":"66187ba36eba4b189cd41e14c69839df","isVoid":false,"data":{},"nodes":[{"kind":"text","key":"a7aab102736d4af08052a7e7900c4196","ranges":[{"kind":"range","marks":[],"text":"  Dump partial or full graph to a directory"}]}]},{"kind":"block","type":"code-line","key":"349779c5f0f04c6799021e22a04f6ffa","isVoid":false,"data":{},"nodes":[{"kind":"text","key":"1d6f5a7a81ea43788bd744be52c61460","ranges":[{"kind":"range","marks":[],"text":"    gadmin dump_graph {gse, gpe [*, segment], all}, dir, separator"}]}]},{"kind":"block","type":"code-line","key":"ae4d127f19f541d79181fd64e912c103","isVoid":false,"data":{},"nodes":[{"kind":"text","key":"8868d1ca4b48455d9df6ad7c47e13671","ranges":[{"kind":"range","marks":[],"text":""}]}]},{"kind":"block","type":"code-line","key":"f7176eafeb7a4d519e0dac2f782e707e","isVoid":false,"data":{},"nodes":[{"kind":"text","key":"4a6409a74fe8457f9201d1ef743fbf5a","ranges":[{"kind":"range","marks":[],"text":"  Snapshot gpe and gse"}]}]},{"kind":"block","type":"code-line","key":"7eaa55492eac4271bac7d16650d01cfa","isVoid":false,"data":{},"nodes":[{"kind":"text","key":"8c6fcc52c6eb431598b2ab8bca063cbe","ranges":[{"kind":"range","marks":[],"text":"    gadmin snapshot"}]}]},{"kind":"block","type":"code-line","key":"5f5c24cc478f43b29b7bb4b19d02cf70","isVoid":false,"data":{},"nodes":[{"kind":"text","key":"80d95531e5f247b6ba70264e57068c2e","ranges":[{"kind":"range","marks":[],"text":""}]}]},{"kind":"block","type":"code-line","key":"7b0c9ecbdd0c4313b00fe339be62e3b6","isVoid":false,"data":{},"nodes":[{"kind":"text","key":"2ebe3c0b73a64d25bf1bdd2cc00576af","ranges":[{"kind":"range","marks":[],"text":"  Reset the kafka queues"}]}]},{"kind":"block","type":"code-line","key":"64d46af05cdc45db9efd4670a5de59f1","isVoid":false,"data":{},"nodes":[{"kind":"text","key":"36077c14a3ff4a25b88bb599f2f43c74","ranges":[{"kind":"range","marks":[],"text":"    gadmin reset"}]}]},{"kind":"block","type":"code-line","key":"e00f3ad0e5cf4557a79900c5fd7fa619","isVoid":false,"data":{},"nodes":[{"kind":"text","key":"1f46907061c541668775e63fc8d9e1de","ranges":[{"kind":"range","marks":[],"text":""}]}]},{"kind":"block","type":"code-line","key":"0c15e8a6c60f4084afdc3827acbe188a","isVoid":false,"data":{},"nodes":[{"kind":"text","key":"5252b37c52ba4e1cabb0ff0885c51a59","ranges":[{"kind":"range","marks":[],"text":"  Show the available packages"}]}]},{"kind":"block","type":"code-line","key":"2e9991bf3ed54bc696c6ed1f65b634a9","isVoid":false,"data":{},"nodes":[{"kind":"text","key":"c24ff079e31c423bb5f31e4416e3f900","ranges":[{"kind":"range","marks":[],"text":"    gadmin pkg-info"}]}]},{"kind":"block","type":"code-line","key":"06adef601515443f83346529d6406ffc","isVoid":false,"data":{},"nodes":[{"kind":"text","key":"565c14ec49c24047aa4609ec1a518997","ranges":[{"kind":"range","marks":[],"text":""}]}]},{"kind":"block","type":"code-line","key":"e987ef353ebb4412b89af0aff838fce6","isVoid":false,"data":{},"nodes":[{"kind":"text","key":"a588ea57a4a24e7993f265d623348022","ranges":[{"kind":"range","marks":[],"text":"  Install new package to TigerGraph system"}]}]},{"kind":"block","type":"code-line","key":"df891827379d4972af48afb343083e10","isVoid":false,"data":{},"nodes":[{"kind":"text","key":"3d1a77392be442a89b48163119df7dec","ranges":[{"kind":"range","marks":[],"text":"    gadmin pkg-install"}]}]},{"kind":"block","type":"code-line","key":"e12c61abeb49453f9aa45d2788c57502","isVoid":false,"data":{},"nodes":[{"kind":"text","key":"1c9ec4feee7648908ba7ae0fc0e9b7d4","ranges":[{"kind":"range","marks":[],"text":""}]}]},{"kind":"block","type":"code-line","key":"eb685f4d1d954e9e9c31bca5b4d3e196","isVoid":false,"data":{},"nodes":[{"kind":"text","key":"3e4f73e749604c1c8c078b164f385724","ranges":[{"kind":"range","marks":[],"text":"  Update gpe, gse, restpp, dict, etc. without configuration change"}]}]},{"kind":"block","type":"code-line","key":"c6dd4024e02f49b18f2a6b40f5d91974","isVoid":false,"data":{},"nodes":[{"kind":"text","key":"4bd70bd0d6eb4d3b83b0940a5ec639bc","ranges":[{"kind":"range","marks":[],"text":"    gadmin pkg-update"}]}]},{"kind":"block","type":"code-line","key":"df232d159fe54f40b2cf0240ab23f72f","isVoid":false,"data":{},"nodes":[{"kind":"text","key":"d359609f196c473e8ce5bd243d5b12f0","ranges":[{"kind":"range","marks":[],"text":""}]}]},{"kind":"block","type":"code-line","key":"91e1f954cc344929a0d63c519f80e8c5","isVoid":false,"data":{},"nodes":[{"kind":"text","key":"9b6d293dd2b349918d9a3e9452a513f8","ranges":[{"kind":"range","marks":[],"text":"  Remove available packages or binaries from package pool"}]}]},{"kind":"block","type":"code-line","key":"8fc5a99b760f48d88f6d871d457eda9c","isVoid":false,"data":{},"nodes":[{"kind":"text","key":"37a06794c06a495f83be04de4c0a58f5","ranges":[{"kind":"range","marks":[],"text":"    gadmin pkg-rm [files]"}]}]},{"kind":"block","type":"code-line","key":"a744b6a13e8b4060ba0dcb57ad6feeb3","isVoid":false,"data":{},"nodes":[{"kind":"text","key":"cebad541cbc44f6db1385f394a4ed33c","ranges":[{"kind":"range","marks":[],"text":""}]}]},{"kind":"block","type":"code-line","key":"4af9c9bb04304c2e8127d4f43c47dc30","isVoid":false,"data":{},"nodes":[{"kind":"text","key":"f954165fd2744f8997698ca43a40aa19","ranges":[{"kind":"range","marks":[],"text":"  Apply new configure. Note some modules may need to restart"}]}]},{"kind":"block","type":"code-line","key":"8806f36168b943d0b1dd6f32b7d29558","isVoid":false,"data":{},"nodes":[{"kind":"text","key":"8c07ec84c725441db1e87418f3ff63c1","ranges":[{"kind":"range","marks":[],"text":"    gadmin config-apply [gse gpe restpp dict kafka zk]"}]}]},{"kind":"block","type":"code-line","key":"df02bf0131004397b95d18ac8f598b99","isVoid":false,"data":{},"nodes":[{"kind":"text","key":"76bf2d88931d4ab1aadc0236fe5f6caa","ranges":[{"kind":"range","marks":[],"text":""}]}]},{"kind":"block","type":"code-line","key":"b8e18dc2e20541f398d05dfaaea8808a","isVoid":false,"data":{},"nodes":[{"kind":"text","key":"fb08383a8207450cb924b96984b26b2a","ranges":[{"kind":"range","marks":[],"text":"  Set a new license key"}]}]},{"kind":"block","type":"code-line","key":"d757bb9c1f2449a7a95308d90b1043d7","isVoid":false,"data":{},"nodes":[{"kind":"text","key":"4a198efc522e4640b0f1d446dc719f57","ranges":[{"kind":"range","marks":[],"text":"    gadmin set-license-key license key string"}]}]},{"kind":"block","type":"code-line","key":"e2bc3c31c63445678097cc9bb31ab152","isVoid":false,"data":{},"nodes":[{"kind":"text","key":"3a28f238acfa4f8e87edc9a849bb520d","ranges":[{"kind":"range","marks":[],"text":""}]}]},{"kind":"block","type":"code-line","key":"a5a904f44a724be89fca381673162adb","isVoid":false,"data":{},"nodes":[{"kind":"text","key":"aaac3226395c471aa8e06ebf5f90ed3b","ranges":[{"kind":"range","marks":[],"text":"  Update the new graph schema"}]}]},{"kind":"block","type":"code-line","key":"240395eeaaac4bcf83866af206123c5b","isVoid":false,"data":{},"nodes":[{"kind":"text","key":"bdc3077c9a5a41a5a40f6f3bee676e43","ranges":[{"kind":"range","marks":[],"text":"    gadmin update_graph_config"}]}]},{"kind":"block","type":"code-line","key":"626d9e05af784ff48332900617f73d6c","isVoid":false,"data":{},"nodes":[{"kind":"text","key":"6ca15c0c3b3e472093b6b684fb9b5159","ranges":[{"kind":"range","marks":[],"text":""}]}]},{"kind":"block","type":"code-line","key":"13dc135351af4ea3903cef3904cd6587","isVoid":false,"data":{},"nodes":[{"kind":"text","key":"70c79243f5164c649db987bd376f586a","ranges":[{"kind":"range","marks":[],"text":"  Update components under a directory"}]}]},{"kind":"block","type":"code-line","key":"4f261f234df1456b8ff6aab4876d32f3","isVoid":false,"data":{},"nodes":[{"kind":"text","key":"9d794453ab134bf5bab9f519e30c364b","ranges":[{"kind":"range","marks":[],"text":"    gadmin update"}]}]},{"kind":"block","type":"code-line","key":"41b3d044439549d0a1ad35ddd80a0975","isVoid":false,"data":{},"nodes":[{"kind":"text","key":"0b436eeb3f154baf8acabd98877529ba","ranges":[{"kind":"range","marks":[],"text":""}]}]},{"kind":"block","type":"code-line","key":"48b9693f6bed465589336d6a28ecc5d8","isVoid":false,"data":{},"nodes":[{"kind":"text","key":"c6f538209bfe475fa635ba0985b13c82","ranges":[{"kind":"range","marks":[],"text":"  Setup sync of all gstore data in mutiple machines"}]}]},{"kind":"block","type":"code-line","key":"729802fd7364482795cb3ac4386a43b5","isVoid":false,"data":{},"nodes":[{"kind":"text","key":"587fe375a48b4c7182da7d343114bbf0","ranges":[{"kind":"range","marks":[],"text":"    gadmin setup_gstore_sync"}]}]},{"kind":"block","type":"code-line","key":"259d2ef79dbf4b929631e7bebfdbb7e9","isVoid":false,"data":{},"nodes":[{"kind":"text","key":"7938e4bb79c6429dade71501b3dc1d59","ranges":[{"kind":"range","marks":[],"text":""}]}]},{"kind":"block","type":"code-line","key":"b6f193e35d22447f9eb5f9e54fcc5b6b","isVoid":false,"data":{},"nodes":[{"kind":"text","key":"86369421005342ef8d67dfcf114898de","ranges":[{"kind":"range","marks":[],"text":"  Setup rate control of RESTPP loader"}]}]},{"kind":"block","type":"code-line","key":"65ce2d60649c4175a75464daf2cac205","isVoid":false,"data":{},"nodes":[{"kind":"text","key":"6067a85ef75843c589d000e3edc64841","ranges":[{"kind":"range","marks":[],"text":"    gadmin setup_restpploader_rate_ctl"}]}]},{"kind":"block","type":"code-line","key":"286f2e244ad64c5bb3e21d51e48b4cd9","isVoid":false,"data":{},"nodes":[{"kind":"text","key":"33f8189eb2e947e7a798e25e85b23e65","ranges":[{"kind":"range","marks":[],"text":""}]}]},{"kind":"block","type":"code-line","key":"d9ffc8a38f4949cab3caed063dc20c2a","isVoid":false,"data":{},"nodes":[{"kind":"text","key":"ad7b2b7bd20e4ac08fde789e087308e6","ranges":[{"kind":"range","marks":[],"text":"   Restart sync of all gstore data in mutiple machines"}]}]},{"kind":"block","type":"code-line","key":"651e56aea68649cbadf09214c704358f","isVoid":false,"data":{},"nodes":[{"kind":"text","key":"194702b5276d4334b0eae0d989a19351","ranges":[{"kind":"range","marks":[],"text":"    gadmin gstore_sync_restart"}]}]},{"kind":"block","type":"code-line","key":"d196a94d28e1453db53f8af9a4dce58c","isVoid":false,"data":{},"nodes":[{"kind":"text","key":"4a315ace77734542a0619ab8bc4fbef8","ranges":[{"kind":"range","marks":[],"text":""}]}]},{"kind":"block","type":"code-line","key":"c4ca29beec644d589762ace537f78d99","isVoid":false,"data":{},"nodes":[{"kind":"text","key":"ceac1c70a4ba490e8a8979a057ca2a66","ranges":[{"kind":"range","marks":[],"text":"  Stop sync of all gstore data in mutiple machines"}]}]},{"kind":"block","type":"code-line","key":"df4d24adff5b4977a2b22a2744e90800","isVoid":false,"data":{},"nodes":[{"kind":"text","key":"444c42919e74474fb7686c635c4fd57f","ranges":[{"kind":"range","marks":[],"text":"    gadmin gstore_sync_stop"}]}]},{"kind":"block","type":"code-line","key":"fc9948c3cc63456091d8345b6ea2909a","isVoid":false,"data":{},"nodes":[{"kind":"text","key":"73be45a15dd14105b0e9724bdf053d7f","ranges":[{"kind":"range","marks":[],"text":""}]}]},{"kind":"block","type":"code-line","key":"664c7c5deebb4a8fbfe4a0ffc2c9610a","isVoid":false,"data":{},"nodes":[{"kind":"text","key":"3e66161868fb48f2bbc7c6233396c0af","ranges":[{"kind":"range","marks":[],"text":"For more information, updates and news, visit gadmin website: http://www.tigergraph.com"}]}]},{"kind":"block","type":"code-line","key":"76af9f3d6a894b098bf3a051e2b8d5fd","isVoid":false,"data":{},"nodes":[{"kind":"text","key":"84ab1bb7711b425f9f4bab418ba720b8","ranges":[{"kind":"range","marks":[],"text":""}]}]},{"kind":"block","type":"code-line","key":"66499b1509c542cab3aaec3cd7b958a9","isVoid":false,"data":{},"nodes":[{"kind":"text","key":"2101d5b1a7b34c2d8ac718ec098460de","ranges":[{"kind":"range","marks":[],"text":"SEE ALSO"}]}]},{"kind":"block","type":"code-line","key":"5cf5a5c8109a4a3ebd3f32df47cec45c","isVoid":false,"data":{},"nodes":[{"kind":"text","key":"0b412d667648488696a6686de58d40db","ranges":[{"kind":"range","marks":[],"text":"       The full documentation for gadmin is maintained as a Texinfo manual."}]}]},{"kind":"block","type":"code-line","key":"535b79b9f8a44c1cb7db7867f5f5d136","isVoid":false,"data":{},"nodes":[{"kind":"text","key":"49af98c70b524d3bac63cbdf620db6bd","ranges":[{"kind":"range","marks":[],"text":"       If the info and gadmin programs are properly installed at your site,"}]}]},{"kind":"block","type":"code-line","key":"2251e61ed6c54e32a796c3cf503402a7","isVoid":false,"data":{},"nodes":[{"kind":"text","key":"f11fde7738c44665823e3d22f3049e72","ranges":[{"kind":"range","marks":[],"text":"       the command"}]}]},{"kind":"block","type":"code-line","key":"dba941dcaed743d0885c00614f4a6174","isVoid":false,"data":{},"nodes":[{"kind":"text","key":"b7662d5357444818b1822510c5c12972","ranges":[{"kind":"range","marks":[],"text":""}]}]},{"kind":"block","type":"code-line","key":"2801268d99b44df389f72972069db741","isVoid":false,"data":{},"nodes":[{"kind":"text","key":"b2133522904f46cc98b9b452d221ed86","ranges":[{"kind":"range","marks":[],"text":"              info gadmin"}]}]},{"kind":"block","type":"code-line","key":"5b27497279f34ed9bb89b3e9864e1757","isVoid":false,"data":{},"nodes":[{"kind":"text","key":"17fcf2d042fd40e3868eb4870c862269","ranges":[{"kind":"range","marks":[],"text":""}]}]},{"kind":"block","type":"code-line","key":"24027b92a60e436190a0e9c125607e65","isVoid":false,"data":{},"nodes":[{"kind":"text","key":"5680be79063c4ce5916453c93b782923","ranges":[{"kind":"range","marks":[],"text":"       should give you access to the complete manual."}]}]},{"kind":"block","type":"code-line","key":"ea63c241844d459a9bf180e622c95a6c","isVoid":false,"data":{},"nodes":[{"kind":"text","key":"77e71e6d7bed4a30ba3711af14963b6e","ranges":[{"kind":"range","marks":[],"text":""}]}]},{"kind":"block","type":"code-line","key":"80aab2ab83b845ca9b030025f65106c4","isVoid":false,"data":{},"nodes":[{"kind":"text","key":"62986e0a0c4b408bbfb29ea6e869d809","ranges":[{"kind":"range","marks":[],"text":"TigerGraph Administrator.                                               Sept 2017"}]}]},{"kind":"block","type":"code-line","key":"0ad382b568104f9583181b8fbb14b0b3","isVoid":false,"data":{},"nodes":[{"kind":"text","key":"1d2de2ca27f94dacbb9b4de77aaecef1","ranges":[{"kind":"range","marks":[],"text":"GADMIN(1)"}]}]}]}]},{"kind":"block","type":"heading-2","key":"b9244f3dd211429ab9cab0bbbbbca902","isVoid":false,"data":{"id":"ManagingTigerGraphServerswithgadmin-Examples"},"nodes":[{"kind":"text","key":"e2ddb42b006244bda2ea7297142dbcc6","ranges":[{"kind":"range","marks":[],"text":"Examples"}]}]},{"kind":"block","type":"paragraph","key":"ff88515135c0485b90a8390377cba9df","isVoid":false,"data":{},"nodes":[{"kind":"text","key":"5cab6f0c114a469aa3c12db00ca67da1","ranges":[{"kind":"range","marks":[],"text":"Checking the status of TigerGraph component servers:"}]}]},{"kind":"block","type":"paragraph","key":"7794cc1f1b8146eab6217bbc7d07392f","isVoid":false,"data":{},"nodes":[{"kind":"text","key":"947a03f63b3249539111a60245161fc8","ranges":[{"kind":"range","marks":[],"text":"Use \"gadmin status\" to report whether each of the main component servers is running (up) or stopped (off).  The example below shows the normal status when the graph store is empty and a graph schema has not been defined:"}]}]},{"kind":"block","type":"code","key":"1e90bacf9b7e409d964a94f68373a71b","isVoid":false,"data":{},"nodes":[{"kind":"block","type":"code-tab","key":"a5aa66d24f604b61ade0270ab61ccb86","isVoid":false,"data":{"syntax":"text"},"nodes":[{"kind":"block","type":"code-line","key":"13ca25b28e574c3a94f00dea0e45ec1a","isVoid":false,"data":{},"nodes":[{"kind":"text","key":"10e40ba733bf43639ad9c12c68291eb4","ranges":[{"kind":"range","marks":[],"text":"$ gadmin status"}]}]},{"kind":"block","type":"code-line","key":"193e7b8c851a413cabb374feb5ae3cf4","isVoid":false,"data":{},"nodes":[{"kind":"text","key":"74f067a82beb4056b9fb12e6b8347edf","ranges":[{"kind":"range","marks":[],"text":""}]}]},{"kind":"block","type":"code-line","key":"a786a294caf748abbe1109a3bf899ec2","isVoid":false,"data":{},"nodes":[{"kind":"text","key":"974f54ffef4a4d80a59c73e669dfd229","ranges":[{"kind":"range","marks":[],"text":"=== zk === "}]}]},{"kind":"block","type":"code-line","key":"383e7a1f488b447da714dcdb9b626b4b","isVoid":false,"data":{},"nodes":[{"kind":"text","key":"f091696b79b04e6f82f6a567fb21928c","ranges":[{"kind":"range","marks":[],"text":"[SUMMARY][ZK] process is up "}]}]},{"kind":"block","type":"code-line","key":"abe78515b8e940c483a3569a5645c974","isVoid":false,"data":{},"nodes":[{"kind":"text","key":"58bb334330c2473eaf57115fd38bf064","ranges":[{"kind":"range","marks":[],"text":"[SUMMARY][ZK] /home/tigergraph/tigergraph/zk is ready "}]}]},{"kind":"block","type":"code-line","key":"127e4ad9834141d499f7bb6c473f5525","isVoid":false,"data":{},"nodes":[{"kind":"text","key":"9164efdbca234793b89e43f7b0fc914e","ranges":[{"kind":"range","marks":[],"text":"=== kafka === "}]}]},{"kind":"block","type":"code-line","key":"654917d60f3549c2aad205001f1105ba","isVoid":false,"data":{},"nodes":[{"kind":"text","key":"0256e75acb0543efae5a932075c802f2","ranges":[{"kind":"range","marks":[],"text":"[SUMMARY][KAFKA] process is up "}]}]},{"kind":"block","type":"code-line","key":"20bcc8921aae4c919cc09c3910b123c6","isVoid":false,"data":{},"nodes":[{"kind":"text","key":"0f6b869514eb401a934a673ea43b1e02","ranges":[{"kind":"range","marks":[],"text":"[SUMMARY][KAFKA] queue is ready "}]}]},{"kind":"block","type":"code-line","key":"fe0c6613001c4d4485f2117c702b8f31","isVoid":false,"data":{},"nodes":[{"kind":"text","key":"c0ad90be52ce4b5fb36ca6309c15522b","ranges":[{"kind":"range","marks":[],"text":"=== gse === "}]}]},{"kind":"block","type":"code-line","key":"f6eef37a747146a0a850bdbd1172751d","isVoid":false,"data":{},"nodes":[{"kind":"text","key":"157e28dd52324f969308ec195e9cf162","ranges":[{"kind":"range","marks":[],"text":"[SUMMARY][GSE] process is down "}]}]},{"kind":"block","type":"code-line","key":"dae969cdff0a4112a8787133adecde53","isVoid":false,"data":{},"nodes":[{"kind":"text","key":"600675da9421465684da76d208e07a09","ranges":[{"kind":"range","marks":[],"text":"[SUMMARY][GSE] id service has NOT been initialized "}]}]},{"kind":"block","type":"code-line","key":"c6fd912cde7a47b6914df561a1afe856","isVoid":false,"data":{},"nodes":[{"kind":"text","key":"30869f1789ef4ed6a2bdf8b0d084708d","ranges":[{"kind":"range","marks":[],"text":"=== dict === "}]}]},{"kind":"block","type":"code-line","key":"0adbc06570b24b2793a2a6faff58eb11","isVoid":false,"data":{},"nodes":[{"kind":"text","key":"20b57a97f0d44098960733f110c97763","ranges":[{"kind":"range","marks":[],"text":"[SUMMARY][DICT] process is up "}]}]},{"kind":"block","type":"code-line","key":"1447740909ef464d8793d9f914131691","isVoid":false,"data":{},"nodes":[{"kind":"text","key":"b63a9d6d74d740519cff939c43615291","ranges":[{"kind":"range","marks":[],"text":"[SUMMARY][DICT] dict server is ready "}]}]},{"kind":"block","type":"code-line","key":"87cdb9fa6e2d4ba8aefa9908deb78d8a","isVoid":false,"data":{},"nodes":[{"kind":"text","key":"cbdb958b20fa4326b45c839e52140997","ranges":[{"kind":"range","marks":[],"text":"=== graph === "}]}]},{"kind":"block","type":"code-line","key":"9d1d2c9e7ea14bcea13aaad49009f9a6","isVoid":false,"data":{},"nodes":[{"kind":"text","key":"5a11d07d3b554b3baee507e1be38d1b4","ranges":[{"kind":"range","marks":[],"text":"[SUMMARY][GRAPH] graph has NOT been initialized "}]}]},{"kind":"block","type":"code-line","key":"b91613119cd34fbc804316b4ac5807b8","isVoid":false,"data":{},"nodes":[{"kind":"text","key":"eaa1cb2d026540e2965b43ed41969352","ranges":[{"kind":"range","marks":[],"text":"=== restpp === "}]}]},{"kind":"block","type":"code-line","key":"6f493df4fc5d48b29a387b0d1795f070","isVoid":false,"data":{},"nodes":[{"kind":"text","key":"d3db84b03aa04d109cd94c5bef78c0cc","ranges":[{"kind":"range","marks":[],"text":"[SUMMARY][RESTPP] process is down "}]}]},{"kind":"block","type":"code-line","key":"dd8d9e0328204da1b765863a2482def4","isVoid":false,"data":{},"nodes":[{"kind":"text","key":"19b03a448bc943ef84fa751578263a85","ranges":[{"kind":"range","marks":[],"text":"[SUMMARY][RESTPP] restpp has NOT been initialized "}]}]},{"kind":"block","type":"code-line","key":"6f9ef8b5d31849ff8ba8b6082cd4bcb4","isVoid":false,"data":{},"nodes":[{"kind":"text","key":"17067041c4d1498d8f5ac144b3d6908b","ranges":[{"kind":"range","marks":[],"text":"=== gpe === "}]}]},{"kind":"block","type":"code-line","key":"a3fe33dbdba74a1ca11406be7cc51b3c","isVoid":false,"data":{},"nodes":[{"kind":"text","key":"efcec69900e84681b52cae861bac07a5","ranges":[{"kind":"range","marks":[],"text":"[SUMMARY][GPE] process is down "}]}]},{"kind":"block","type":"code-line","key":"2f50c06bc20a4859a41d89142be91dea","isVoid":false,"data":{},"nodes":[{"kind":"text","key":"975f82a1133b4eca86d46b49dfd75df8","ranges":[{"kind":"range","marks":[],"text":"[SUMMARY][GPE] graph has NOT been initialized "}]}]},{"kind":"block","type":"code-line","key":"591e6691e9e8490fb911fca3f7b01d9a","isVoid":false,"data":{},"nodes":[{"kind":"text","key":"a79e15d4f07d4ea88e0811f6f12b32d0","ranges":[{"kind":"range","marks":[],"text":"=== glive === "}]}]},{"kind":"block","type":"code-line","key":"986f12bbfab24d1b9851d0426413b8b5","isVoid":false,"data":{},"nodes":[{"kind":"text","key":"dbb3e5ef32cb44d98934f764aab9acff","ranges":[{"kind":"range","marks":[],"text":"[SUMMARY][GLIVE] process is up "}]}]},{"kind":"block","type":"code-line","key":"16e208f7171f4a029e59b599fc18522f","isVoid":false,"data":{},"nodes":[{"kind":"text","key":"ae1f0313ab574fa180d14d744111e2d7","ranges":[{"kind":"range","marks":[],"text":"[SUMMARY][GLIVE] glive is ready "}]}]},{"kind":"block","type":"code-line","key":"b6cce7fcf8f3402cb691e7d0cde4a90b","isVoid":false,"data":{},"nodes":[{"kind":"text","key":"635efc0dae944d77be7b56350430e7cd","ranges":[{"kind":"range","marks":[],"text":"=== Visualization === "}]}]},{"kind":"block","type":"code-line","key":"a557e6e928954e44b2c908977e4bd495","isVoid":false,"data":{},"nodes":[{"kind":"text","key":"1111e99e0389402cada7f4fa2c68e485","ranges":[{"kind":"range","marks":[],"text":"[SUMMARY][VIS] process is up (WebServer:2254; DataBase:2255) "}]}]},{"kind":"block","type":"code-line","key":"b87e76ecb2014f79b26105e4deee8381","isVoid":false,"data":{},"nodes":[{"kind":"text","key":"1563b570420a486490951dcfe4565f10","ranges":[{"kind":"range","marks":[],"text":"[SUMMARY][VIS] Web server is working"}]}]}]}]},{"kind":"block","type":"paragraph","key":"fd91fb9e867d4444ad23853a1ccc12bf","isVoid":false,"data":{},"nodes":[{"kind":"text","key":"06b5cf35d58f465294f31ef974dfede4","ranges":[{"kind":"range","marks":[{"kind":"mark","data":{},"type":"bold"}],"text":"\n"},{"kind":"range","marks":[],"text":"Stopping a particular server, such as the rest server (name is “restpp\"):"}]}]},{"kind":"block","type":"code","key":"17825c9d17a349a5938a9d5db4d68530","isVoid":false,"data":{},"nodes":[{"kind":"block","type":"code-tab","key":"86d8abdbea154aadb333926a4f8c7601","isVoid":false,"data":{"syntax":"text"},"nodes":[{"kind":"block","type":"code-line","key":"a350ebe77e574c97ac668e37a3a61f58","isVoid":false,"data":{},"nodes":[{"kind":"text","key":"6231998f60b54ec8ae618b1ffb348f4d","ranges":[{"kind":"range","marks":[],"text":"$ gadmin stop restpp"}]}]}]}]},{"kind":"block","type":"paragraph","key":"b7a78c5c486b42ec8a911b23a886a38f","isVoid":false,"data":{},"nodes":[{"kind":"text","key":"7deef3609cec41adb7ee6926fc5c8c7a","ranges":[{"kind":"range","marks":[{"kind":"mark","data":{},"type":"bold"}],"text":"\n"},{"kind":"range","marks":[],"text":"Changing the retention size of queue to 10GB:"}]}]},{"kind":"block","type":"code","key":"5da59b72649148febe4839e89b31cdf0","isVoid":false,"data":{},"nodes":[{"kind":"block","type":"code-tab","key":"edd787cb7ca847dcbcf482dc10c3c0c8","isVoid":false,"data":{"syntax":"text"},"nodes":[{"kind":"block","type":"code-line","key":"5c84700e1b89404693721e4c35d90d5d","isVoid":false,"data":{},"nodes":[{"kind":"text","key":"96324c7077a54d43b8313f7f2515cafb","ranges":[{"kind":"range","marks":[],"text":"$ gadmin --set -f online.queue.retention_size 10"}]}]}]}]},{"kind":"block","type":"heading-2","key":"18e4e4e845cc44caa4fc4e1786bd3d82","isVoid":false,"data":{"id":"ManagingTigerGraphServerswithgadmin-UpdatingtheTigerGraphLicenseKey"},"nodes":[{"kind":"text","key":"a11d4a90f98945af9a80aff73714b976","ranges":[{"kind":"range","marks":[],"text":"Updating the TigerGraph License Key"}]}]},{"kind":"block","type":"paragraph","key":"6b67643b2cc94a01a55b39ca4896af5c","isVoid":false,"data":{},"nodes":[{"kind":"text","key":"0c0004973c2c4ab5acac84ae551480d4","ranges":[{"kind":"range","marks":[],"text":"A TigerGraph license key is initially set up during the installation process. If you have obtained a new license key,  run the command"}]}]},{"kind":"block","type":"code","key":"0f3d0abd2e044fb2bb258cd2da79a164","isVoid":false,"data":{},"nodes":[{"kind":"block","type":"code-tab","key":"93e1c1fdc8e547f18919af4d45c0bfac","isVoid":false,"data":{"syntax":"text"},"nodes":[{"kind":"block","type":"code-line","key":"28867a5238e54084beb580451a5df0f5","isVoid":false,"data":{},"nodes":[{"kind":"text","key":"e221f014c0dc4d188da9328f1e783cbb","ranges":[{"kind":"range","marks":[],"text":"gadmin set-license-key <new_key>"}]}]}]}]},{"kind":"block","type":"paragraph","key":"5e7c232839a54f0990292311897af0d2","isVoid":false,"data":{},"nodes":[{"kind":"text","key":"cc1c28485385452f84c57c82b2f3b547","ranges":[{"kind":"range","marks":[],"text":"\nto install your new key. You should then follow this with"}]}]},{"kind":"block","type":"code","key":"5d51e35d3d9645f5be6dc488787105bc","isVoid":false,"data":{},"nodes":[{"kind":"block","type":"code-tab","key":"542dea759ea349388a7f48cf38375204","isVoid":false,"data":{"syntax":"text"},"nodes":[{"kind":"block","type":"code-line","key":"c03841d3c3fc4d91b417aa1787d3b1b2","isVoid":false,"data":{},"nodes":[{"kind":"text","key":"9f4f4f303a94436d8a6df63ea5ffc7f3","ranges":[{"kind":"range","marks":[],"text":"gadmin config-apply"}]}]}]}]},{"kind":"block","type":"code","key":"5353ce8bc1f845ca96546f6e45583532","isVoid":false,"data":{},"nodes":[{"kind":"block","type":"code-tab","key":"2340b22d92fc480cb2aecb0cb01847f2","isVoid":false,"data":{"syntax":"text","title":"Example: Setting the license key"},"nodes":[{"kind":"block","type":"code-line","key":"91c46bc2319945f3b5017801ef498d73","isVoid":false,"data":{},"nodes":[{"kind":"text","key":"b5923117897a4715880bfd1493b8e150","ranges":[{"kind":"range","marks":[],"text":"$ gadmin set-license-key new_license_key "}]}]},{"kind":"block","type":"code-line","key":"359d2e9efb2c4621b2556c7a38f7be7c","isVoid":false,"data":{},"nodes":[{"kind":"text","key":"52750d0d72384c2ea2ff27db544968e0","ranges":[{"kind":"range","marks":[],"text":""}]}]},{"kind":"block","type":"code-line","key":"74fc328310a64e059b2f8fe5c3a2b3ac","isVoid":false,"data":{},"nodes":[{"kind":"text","key":"e44403fadebd4515999f73d3a14599a5","ranges":[{"kind":"range","marks":[],"text":"[RUN ] /home/tigergraph/.gsql/gpe_auto_start_add2cron.sh "}]}]},{"kind":"block","type":"code-line","key":"7d825616f0ab4da9952370602667582e","isVoid":false,"data":{},"nodes":[{"kind":"text","key":"b0e4642242ea4c7d9a3e817cd4011f35","ranges":[{"kind":"range","marks":[],"text":"[RUN ] /home/tigergraph/.gsql/all_log_cleanup_add2cron.sh "}]}]},{"kind":"block","type":"code-line","key":"7f3f334788ab45f9bb9c0ae23f7cdd8d","isVoid":false,"data":{},"nodes":[{"kind":"text","key":"85c351bf61354500b9765b36d0a411b7","ranges":[{"kind":"range","marks":[],"text":"[RUN ] rm -rf /home/tigergraph/tigergraph_coredump "}]}]},{"kind":"block","type":"code-line","key":"19b268d8768e43338aabfdbdd1754bca","isVoid":false,"data":{},"nodes":[{"kind":"text","key":"99bdb5059b764d469351d017cc92e7b0","ranges":[{"kind":"range","marks":[],"text":"[RUN ] mkdir -p /home/tigergraph/tigergraph/logs/coredump "}]}]},{"kind":"block","type":"code-line","key":"7b5973388bbb4d5aacc3904f40a790ff","isVoid":false,"data":{},"nodes":[{"kind":"text","key":"64781bf96fbf49fd8424a1ffaf204717","ranges":[{"kind":"range","marks":[],"text":"[RUN ] ln -s /home/tigergraph/tigergraph/logs/coredump /home/tigergraph/tigergraph_coredump "}]}]},{"kind":"block","type":"code-line","key":"91735a7536c44752a1dae694555e2091","isVoid":false,"data":{},"nodes":[{"kind":"text","key":"bcf5ab65f73041979cf987d325c4484e","ranges":[{"kind":"range","marks":[],"text":""}]}]},{"kind":"block","type":"code-line","key":"b5167d5a247f4534901f8790afc27781","isVoid":false,"data":{},"nodes":[{"kind":"text","key":"c5a82f4c3e7b4e8184e23baafb58e3e2","ranges":[{"kind":"range","marks":[],"text":"$ gadmin config-apply "}]}]},{"kind":"block","type":"code-line","key":"9a9a9a6e67fc4723917efbd1e7453201","isVoid":false,"data":{},"nodes":[{"kind":"text","key":"4a733b0630554853ba57c56105e2f959","ranges":[{"kind":"range","marks":[],"text":"[FAB ][2017-03-31 15:03:05] check_config "}]}]},{"kind":"block","type":"code-line","key":"df3ebf4dc4d0459f96dcac86d3017904","isVoid":false,"data":{},"nodes":[{"kind":"text","key":"cc059ef9cd334b32b5601af16266d544","ranges":[{"kind":"range","marks":[],"text":"[FAB ][2017-03-31 15:03:06] update_config_all "}]}]},{"kind":"block","type":"code-line","key":"8deaf8995e8f4668a83491ea101f969b","isVoid":false,"data":{},"nodes":[{"kind":"text","key":"e06afb744a6148b0b3f72e2f443af97c","ranges":[{"kind":"range","marks":[],"text":"Local config modification Found, will restart dict server and update configures. "}]}]},{"kind":"block","type":"code-line","key":"58feea186d4d47fa9184e32b3fc4e1f4","isVoid":false,"data":{},"nodes":[{"kind":"text","key":"14c0746ff58e4b32abdd44016260a674","ranges":[{"kind":"range","marks":[],"text":"[FAB ][2017-03-31 15:03:11] launch_zookeepers "}]}]},{"kind":"block","type":"code-line","key":"482de021b59c4e62b9736819f744c54a","isVoid":false,"data":{},"nodes":[{"kind":"text","key":"7c200b39170a4a05a1e7cfe689448ffc","ranges":[{"kind":"range","marks":[],"text":"[FAB ][2017-03-31 15:03:21] launch_gsql_subsystems:DICT "}]}]},{"kind":"block","type":"code-line","key":"2ca3cb61f296411ca37f148dfb2be77e","isVoid":false,"data":{},"nodes":[{"kind":"text","key":"0fb0d457e79d41dfb65740e03104ee71","ranges":[{"kind":"range","marks":[],"text":"[FAB ][2017-03-31 15:03:22] gsql_mon_alert_on "}]}]},{"kind":"block","type":"code-line","key":"295dbd70e1b745c6a3c0a1ff0432ba71","isVoid":false,"data":{},"nodes":[{"kind":"text","key":"cf6596f47659468ba0f9964051589598","ranges":[{"kind":"range","marks":[],"text":"Local config modification sync to dictionary successfully!"}]}]},{"kind":"block","type":"code-line","key":"310649494ba84d19bb9fe0f782b61696","isVoid":false,"data":{},"nodes":[{"kind":"text","key":"800615f7321946e5ad31fc517ba5974b","ranges":[{"kind":"range","marks":[],"text":""}]}]},{"kind":"block","type":"code-line","key":"f355ce07390e486b92f04422090038d6","isVoid":false,"data":{},"nodes":[{"kind":"text","key":"868e25ddc02a464e8c53e9c61443feca","ranges":[{"kind":"range","marks":[],"text":"$"}]}]}]}]}]}}