{"format_version":1,"document":{"kind":"document","key":"4","data":{"schema_version":5},"nodes":[{"kind":"block","type":"paragraph","key":"d1898c1762e04e1d81a4bf781969f3e7","isVoid":false,"data":{},"nodes":[{"kind":"text","key":"0a5ace6eb62748d88147415d3d3d9053","ranges":[{"kind":"range","marks":[],"text":"To switch to a different version, select the version you want at the top of the menu on the left. For documentation of TigerGraph versions prior to 2.2, please see "}]},{"kind":"inline","type":"link","key":"7a32691a49c74862ba15444475f2bb8b","isVoid":false,"data":{"href":"https://doc-archive.tigergraph.com/"},"nodes":[{"kind":"text","key":"f6f09c98a2e2435985b97d8add8d5560","ranges":[{"kind":"range","marks":[],"text":"doc-archive.tigergraph.com"}]}]},{"kind":"text","key":"47699dc2fa9b4e7ba3fd2471cdce4a58","ranges":[{"kind":"range","marks":[],"text":"."}]}]},{"kind":"block","type":"table","key":"a9097326775041549bfadc2da54ccbcd","isVoid":false,"data":{"aligns":["left","left"]},"nodes":[{"kind":"block","type":"table-row","key":"48a7db5899dc4ab38d9b30836410b0b6","isVoid":false,"data":{},"nodes":[{"kind":"block","type":"table-cell","key":"bef9c58716d34c27843b2e8ba2c2f541","isVoid":false,"data":{},"nodes":[{"kind":"block","type":"paragraph","key":"db4b581a40b1479dbc2f731237940542","isVoid":false,"data":{},"nodes":[{"kind":"text","key":"85ec632d98e34ac6953441927374d272","ranges":[{"kind":"range","marks":[],"text":"Major Sections"}]}]}]},{"kind":"block","type":"table-cell","key":"4634b2f9b17e41dea640edd14fe10436","isVoid":false,"data":{},"nodes":[{"kind":"block","type":"paragraph","key":"e43574ff42ce46e7a15c4c42802d56bd","isVoid":false,"data":{},"nodes":[{"kind":"text","key":"7c0dfad3e04f4161a5761e220564c986","ranges":[{"kind":"range","marks":[],"text":"Quick Links"}]}]}]}]},{"kind":"block","type":"table-row","key":"9978a9f5ab6246cc9ace3b1796aab544","isVoid":false,"data":{},"nodes":[{"kind":"block","type":"table-cell","key":"817972c796c541e0a5acf9c9f00e7ab6","isVoid":false,"data":{},"nodes":[{"kind":"block","type":"paragraph","key":"b8c2fe5543cf4dab930c172a793cfa6d","isVoid":false,"data":{},"nodes":[{"kind":"text","key":"e198a60c27c34b7ab11a24a18cf1bd81","ranges":[{"kind":"range","marks":[],"text":"Portal"}]}]}]},{"kind":"block","type":"table-cell","key":"4f859b99380f4e11b91a10b79118b1ab","isVoid":false,"data":{},"nodes":[{"kind":"block","type":"paragraph","key":"0cd40d6f26424c658bc827820588896e","isVoid":false,"data":{},"nodes":[{"kind":"text","key":"c4b3ce5972794bde9d43bda028a93823","ranges":[{"kind":"range","marks":[],"text":""}]},{"kind":"inline","type":"link","key":"9ac6e8fde6be44d9aa0a0ffa6ee1839e","isVoid":false,"data":{"href":"https://www.tigergraph.com/developers/"},"nodes":[{"kind":"text","key":"71f341e38db94f18b0eeff27446b67ed","ranges":[{"kind":"range","marks":[],"text":"Developer Portal"}]}]},{"kind":"text","key":"afd151d45bd24b33ba5ce08f31da851f","ranges":[{"kind":"range","marks":[],"text":""}]}]}]}]},{"kind":"block","type":"table-row","key":"ea99c747e973493ab5fb027d8ad336a7","isVoid":false,"data":{},"nodes":[{"kind":"block","type":"table-cell","key":"7336d402904543af96109c469fb60e27","isVoid":false,"data":{},"nodes":[{"kind":"block","type":"paragraph","key":"eadc02caf5e747feb350da3d46bc5c2a","isVoid":false,"data":{},"nodes":[{"kind":"text","key":"5c9343c3d56340d59f476a9e4ee2bc23","ranges":[{"kind":"range","marks":[],"text":"Algorithm Library"}]}]}]},{"kind":"block","type":"table-cell","key":"b170f4da366a40208c5144876fac3e2d","isVoid":false,"data":{},"nodes":[{"kind":"block","type":"paragraph","key":"6470d7affaa24d07a4f34f5bcdc84dd2","isVoid":false,"data":{},"nodes":[{"kind":"text","key":"9de52542475c4634b67d553c4f7e226f","ranges":[{"kind":"range","marks":[],"text":""}]},{"kind":"inline","type":"link","key":"f1bc4ae9a70c47c9bdc89f75f44168b3","isVoid":false,"data":{"pageID":"-LP39D2tgkcceY92ogOu"},"nodes":[{"kind":"text","key":"ca3937187e124a058a6871cc17b78321","ranges":[{"kind":"range","marks":[],"text":"GSQL Graph Algorithm Library"}]}]},{"kind":"text","key":"639850ad7aae4a3198ef18a54d73a8d1","ranges":[{"kind":"range","marks":[],"text":""}]}]}]}]},{"kind":"block","type":"table-row","key":"beedc95292a04b70950caeed2a37b442","isVoid":false,"data":{},"nodes":[{"kind":"block","type":"table-cell","key":"0d7e00801f044668825ce1d864733cd8","isVoid":false,"data":{},"nodes":[{"kind":"block","type":"paragraph","key":"07ae7dd79a96434ab42baeb7e8960866","isVoid":false,"data":{},"nodes":[{"kind":"text","key":"712e61cfa9fb45338bd8ae08f620e001","ranges":[{"kind":"range","marks":[],"text":"Release Notes"}]}]}]},{"kind":"block","type":"table-cell","key":"cb5eff345f614cc6989d2a2b6538e60d","isVoid":false,"data":{},"nodes":[{"kind":"block","type":"paragraph","key":"77eab1b4bc2e4ed2b52507311a6a3a3f","isVoid":false,"data":{},"nodes":[{"kind":"text","key":"a0c84426838540ff8da164519a4b24ea","ranges":[{"kind":"range","marks":[],"text":""}]},{"kind":"inline","type":"link","key":"26944857b12c4a59a67ddaae4e17b648","isVoid":false,"data":{"pageID":"-LQ1mmIHePOl-OJLhCfr"},"nodes":[{"kind":"text","key":"a072a68fb545485cbf461392e7c1614b","ranges":[{"kind":"range","marks":[],"text":"Release Notes-TigerGraph 2.2"}]}]},{"kind":"text","key":"4936ac91834e46a3a28649d228b53cf9","ranges":[{"kind":"range","marks":[],"text":""}]}]},{"kind":"block","type":"paragraph","key":"551e67907dd545878eb55f9921bc03d3","isVoid":false,"data":{},"nodes":[{"kind":"text","key":"7a348538f4d641259f86cfa953d67227","ranges":[{"kind":"range","marks":[],"text":""}]},{"kind":"inline","type":"link","key":"5af45442069c4b4280240205bed07b6c","isVoid":false,"data":{"pageID":"-LZKBxWgKT-XGUm_pBQy"},"nodes":[{"kind":"text","key":"e0d90882550a4fb9addb5de259cf9bec","ranges":[{"kind":"range","marks":[],"text":"Patents & Third-Party Software"}]}]},{"kind":"text","key":"4444c5033416403bbdd6cbbb3398fcfe","ranges":[{"kind":"range","marks":[],"text":""}]}]}]}]},{"kind":"block","type":"table-row","key":"7f906ba2e3264284b1202fdd44a612be","isVoid":false,"data":{},"nodes":[{"kind":"block","type":"table-cell","key":"c2805fb7bb104a81b0dbcb052f1dba74","isVoid":false,"data":{},"nodes":[{"kind":"block","type":"paragraph","key":"2ea733f9e039400d9e8f751b4cbe6d20","isVoid":false,"data":{},"nodes":[{"kind":"text","key":"631d6eb0e10d479cb3cb9b504cf046a2","ranges":[{"kind":"range","marks":[],"text":""}]},{"kind":"inline","type":"link","key":"bb63c87f8f0047998a5e403c4af60f45","isVoid":false,"data":{"pageID":"-LM5HfXM0Tj-AIQ81gvv"},"nodes":[{"kind":"text","key":"708396cd474b4403958ae95dd8f729cf","ranges":[{"kind":"range","marks":[],"text":"Get Started"}]}]},{"kind":"text","key":"5b0df943b0a842c09e27afe100efaf49","ranges":[{"kind":"range","marks":[],"text":""}]}]}]},{"kind":"block","type":"table-cell","key":"5c8846af01664b5fbdc51418153b3f29","isVoid":false,"data":{},"nodes":[{"kind":"block","type":"paragraph","key":"3bb89046eb1a4548996730d702c6ad96","isVoid":false,"data":{},"nodes":[{"kind":"text","key":"006aed10d9a44d0e8dfad15aaceb1eb6","ranges":[{"kind":"range","marks":[],"text":""}]},{"kind":"inline","type":"link","key":"28a23a215ca446178950f09900be5725","isVoid":false,"data":{"pageID":"-LMVTXm5Mbz7GZsV4sQC"},"nodes":[{"kind":"text","key":"4dc7c082d4704fbc93ca875ab6b28c47","ranges":[{"kind":"range","marks":[],"text":"HW & SW Requirements"}]}]},{"kind":"text","key":"12b4172c9d48498a8547ce54a5e7924b","ranges":[{"kind":"range","marks":[],"text":"\n"}]},{"kind":"inline","type":"link","key":"97e730c13417488a8a787821370fd905","isVoid":false,"data":{"pageID":"-LMWPaoI70BQ1EKTAMiK"},"nodes":[{"kind":"text","key":"0552783b413d4cfe89578e6ebe0ae114","ranges":[{"kind":"range","marks":[],"text":"Platform Installation"}]}]},{"kind":"text","key":"4bc2c8ce93fc45eba585b5a45750eb2f","ranges":[{"kind":"range","marks":[],"text":""}]}]},{"kind":"block","type":"paragraph","key":"619638e62ab94af58ab0db5bc44cac28","isVoid":false,"data":{},"nodes":[{"kind":"text","key":"53166abe01ba4842bbd5fc19a3ad08f6","ranges":[{"kind":"range","marks":[],"text":""}]},{"kind":"inline","type":"link","key":"f780258b7a6d4c9d8ebc177d7e7a5f65","isVoid":false,"data":{"pageID":"-LMBDIdsCSyS1HbsgYaX"},"nodes":[{"kind":"text","key":"eb59a64a159c4dc288189d10766045e7","ranges":[{"kind":"range","marks":[],"text":"GSQL 101"}]}]},{"kind":"text","key":"2a539e1bd7fe421ca0130273be025949","ranges":[{"kind":"range","marks":[],"text":""}]}]}]}]},{"kind":"block","type":"table-row","key":"731e381480f04493b99ccfa685c6fb6a","isVoid":false,"data":{},"nodes":[{"kind":"block","type":"table-cell","key":"7985b9e24e5049aa9ea243e49ea1b707","isVoid":false,"data":{},"nodes":[{"kind":"block","type":"paragraph","key":"a25ce302d9294556bc618282ec5bf836","isVoid":false,"data":{},"nodes":[{"kind":"text","key":"73bc373f928749bc994bef10ff490a77","ranges":[{"kind":"range","marks":[],"text":"FAQs & Cheatsheets"}]}]}]},{"kind":"block","type":"table-cell","key":"3d162c20e80f4baeb42d00f10a00d2c6","isVoid":false,"data":{},"nodes":[{"kind":"block","type":"paragraph","key":"caa956ed945e4c79b511a1faf0712269","isVoid":false,"data":{},"nodes":[{"kind":"text","key":"f1b78a24697747f7b5f059b0dba0f0de","ranges":[{"kind":"range","marks":[],"text":""}]},{"kind":"inline","type":"link","key":"f837291b558e413cae25cd48284827d7","isVoid":false,"data":{"pageID":"-LMW83p8IWENIdLPqmBG"},"nodes":[{"kind":"text","key":"45a43bdb11414fab9e4fa11e352a1ab4","ranges":[{"kind":"range","marks":[],"text":"Knowledge Base and FAQs"}]}]},{"kind":"text","key":"3094846939d74375bfb9b098a19df534","ranges":[{"kind":"range","marks":[],"text":""}]}]},{"kind":"block","type":"paragraph","key":"0de15f489ebf49c6a1d53661764c5c44","isVoid":false,"data":{},"nodes":[{"kind":"text","key":"1828570f675b455ab53792e4b812a955","ranges":[{"kind":"range","marks":[],"text":""}]},{"kind":"inline","type":"link","key":"8406458716c143019e3397bc4b7f1dc2","isVoid":false,"data":{"pageID":"-LMYYpvqZuAjqwVxY4C7"},"nodes":[{"kind":"text","key":"a8968bf5bd8b4765b6f942083049c308","ranges":[{"kind":"range","marks":[],"text":"GSQL Cheatsheets"}]}]},{"kind":"text","key":"c75de61ff0364be3bb8d9057e0e4586d","ranges":[{"kind":"range","marks":[],"text":""}]}]},{"kind":"block","type":"paragraph","key":"c4f79452e5e44b5f8e2a311c089e8c10","isVoid":false,"data":{},"nodes":[{"kind":"text","key":"14de851782d94c05990d9dc534a3c9eb","ranges":[{"kind":"range","marks":[],"text":""}]},{"kind":"inline","type":"link","key":"dc83e25d33824d7ea968b555c38e92a9","isVoid":false,"data":{"pageID":"-LMBCCkejGrkzWaAoEz9"},"nodes":[{"kind":"text","key":"785d5d0cfc7647558b25282ce08e3fe5","ranges":[{"kind":"range","marks":[],"text":"Comparing TigerGraph Editions"}]}]},{"kind":"text","key":"3d90892e45b24e8d940eb8c1bcf60c9f","ranges":[{"kind":"range","marks":[],"text":""}]}]}]}]},{"kind":"block","type":"table-row","key":"a2967cf6100645ddb0ccc5aad5e76bd2","isVoid":false,"data":{},"nodes":[{"kind":"block","type":"table-cell","key":"19456bfebbeb4e70a914ba81d102a155","isVoid":false,"data":{},"nodes":[{"kind":"block","type":"paragraph","key":"75575795689843a0ab37544ea9f4176d","isVoid":false,"data":{},"nodes":[{"kind":"text","key":"bd8de64862c246038e56692f67773874","ranges":[{"kind":"range","marks":[],"text":"GSQL"}]}]}]},{"kind":"block","type":"table-cell","key":"d60ea93d0bfe442393212f3b81dac304","isVoid":false,"data":{},"nodes":[{"kind":"block","type":"paragraph","key":"5c002745e8ec4d638be843038fee2877","isVoid":false,"data":{},"nodes":[{"kind":"text","key":"fc8352b6f11f4c1f9cc964faa680576f","ranges":[{"kind":"range","marks":[],"text":""}]},{"kind":"inline","type":"link","key":"2b0019b17d264e1a9c624b119e893dc2","isVoid":false,"data":{"pageID":"-LMBDIdsCSyS1HbsgYaX"},"nodes":[{"kind":"text","key":"99ccab2d0ace451bb17734abc44ba3bc","ranges":[{"kind":"range","marks":[],"text":"GSQL 101"}]}]},{"kind":"text","key":"4a7ddefbe6bd4f1dab7e4361184dda2e","ranges":[{"kind":"range","marks":[],"text":"\n"}]},{"kind":"inline","type":"link","key":"8e8e126379374b61b76a90c0e9034906","isVoid":false,"data":{"pageID":"-LMW7CYYbjUAl5oAuhK3"},"nodes":[{"kind":"text","key":"b74071cd87574152a800814284fae69e","ranges":[{"kind":"range","marks":[],"text":"GSQL Demo Examples"}]}]},{"kind":"text","key":"a4b7128708334af4bc0eadcc06849cad","ranges":[{"kind":"range","marks":[],"text":""}]}]},{"kind":"block","type":"paragraph","key":"875d23faa2a646b9b2220c4ac5bcb292","isVoid":false,"data":{},"nodes":[{"kind":"text","key":"0292715e1a084d9b9f941872535ca996","ranges":[{"kind":"range","marks":[],"text":""}]},{"kind":"inline","type":"link","key":"ee8df34b79024900ae0ea2d954727947","isVoid":false,"data":{"pageID":"-LMVWRzDFoeoIh2fS-j3"},"nodes":[{"kind":"text","key":"74e741f48fe243799ffc8bec9f565503","ranges":[{"kind":"range","marks":[],"text":"GSQL Spec - Data Definition & Loading"}]}]},{"kind":"text","key":"8007376d154a4a6ab274a7df7eacb90a","ranges":[{"kind":"range","marks":[],"text":""}]}]},{"kind":"block","type":"paragraph","key":"60e15fe8729f43cda1697282057c994c","isVoid":false,"data":{},"nodes":[{"kind":"text","key":"b9949f9fd194431990651a438043a4e4","ranges":[{"kind":"range","marks":[],"text":""}]},{"kind":"inline","type":"link","key":"16aeb53aea6c46dca726cf5406e67963","isVoid":false,"data":{"pageID":"-LMVWjjmykauDll542SC"},"nodes":[{"kind":"text","key":"a54c9010c27b41e391f12d2d269d7c61","ranges":[{"kind":"range","marks":[],"text":"GSQL Spec - Querying"}]}]},{"kind":"text","key":"a4363a513a1d4eaca005932056caf4de","ranges":[{"kind":"range","marks":[],"text":""}]}]}]}]},{"kind":"block","type":"table-row","key":"573ca9dc67d547bfbea45a1c67db2e93","isVoid":false,"data":{},"nodes":[{"kind":"block","type":"table-cell","key":"422cc6445e2645ec93024df3dfab22da","isVoid":false,"data":{},"nodes":[{"kind":"block","type":"paragraph","key":"5240fb008ae94894a9b9a89e04384ac9","isVoid":false,"data":{},"nodes":[{"kind":"text","key":"dfb49783868a4950a2b008fb49599033","ranges":[{"kind":"range","marks":[],"text":"GraphStudio"}]}]}]},{"kind":"block","type":"table-cell","key":"6afc3f7517e04fc7957eea642c991ffa","isVoid":false,"data":{},"nodes":[{"kind":"block","type":"paragraph","key":"5822bb845ac34f33a57e343bf20cdd07","isVoid":false,"data":{},"nodes":[{"kind":"text","key":"64863f4df1aa4cecb00deeefd6da7654","ranges":[{"kind":"range","marks":[],"text":""}]},{"kind":"inline","type":"link","key":"2aa1092e87a44e5fad418525258a9dc1","isVoid":false,"data":{"pageID":"-LMVRMLP728FyJXRhxVo"},"nodes":[{"kind":"text","key":"4d2b176c37a64f56889741b6545a790d","ranges":[{"kind":"range","marks":[],"text":"GraphStudio UI Guide"}]}]},{"kind":"text","key":"279edac671b943d688656dc16f7faf82","ranges":[{"kind":"range","marks":[],"text":""}]}]}]}]},{"kind":"block","type":"table-row","key":"48756cf1ccc04b80addc41525bcdfbb8","isVoid":false,"data":{},"nodes":[{"kind":"block","type":"table-cell","key":"6afaeda285a44466beb0520fc5aa098e","isVoid":false,"data":{},"nodes":[{"kind":"block","type":"paragraph","key":"cdfe55667198415195eae022b500708f","isVoid":false,"data":{},"nodes":[{"kind":"text","key":"effec0f0b5054790a995a63703ebe7b2","ranges":[{"kind":"range","marks":[],"text":"Connectors and APIs"}]}]}]},{"kind":"block","type":"table-cell","key":"9a1e445878db43e3a5a738d2d08cd2df","isVoid":false,"data":{},"nodes":[{"kind":"block","type":"paragraph","key":"09152046b1494ac58f868e4ba68ed45f","isVoid":false,"data":{},"nodes":[{"kind":"text","key":"89b1e1050efe4e4f94b361e781b9a04d","ranges":[{"kind":"range","marks":[],"text":""}]},{"kind":"inline","type":"link","key":"aedcc89ff5e24222aa73ca9a328fef4d","isVoid":false,"data":{"pageID":"-LMWBznWhrYPkUWYhBiG"},"nodes":[{"kind":"text","key":"8d87580db61749779abc2351895f75fb","ranges":[{"kind":"range","marks":[],"text":"RESTPP API User Guide"}]}]},{"kind":"text","key":"37a49837900b4926895ce67907b080f5","ranges":[{"kind":"range","marks":[],"text":""}]}]},{"kind":"block","type":"paragraph","key":"3812b9380d5b4d44aeb8bbae96931e9a","isVoid":false,"data":{},"nodes":[{"kind":"text","key":"0d1792d742e04f07afa9410a706b02ff","ranges":[{"kind":"range","marks":[],"text":""}]},{"kind":"inline","type":"link","key":"3cf21e9a992d487abd52729cea5ed813","isVoid":false,"data":{"pageID":"-LMWTdNhSb2LroiZtG1U"},"nodes":[{"kind":"text","key":"b664ac616f8943a5bd56e546cef3f68c","ranges":[{"kind":"range","marks":[],"text":"GSQL JSON Output Spec"}]}]},{"kind":"text","key":"18002ed4996c44b28e828d81139d7bdc","ranges":[{"kind":"range","marks":[],"text":""}]}]},{"kind":"block","type":"paragraph","key":"9b789ecf3c1d452990cd1478bb3e1a3b","isVoid":false,"data":{},"nodes":[{"kind":"text","key":"2e0d0414cc5e430a8345999a30863b73","ranges":[{"kind":"range","marks":[],"text":""}]},{"kind":"inline","type":"link","key":"efcff20d9d6445f8b8a6fe85a08a944e","isVoid":false,"data":{"href":"https://github.com/tigergraph/ecosys/tree/master/etl"},"nodes":[{"kind":"text","key":"7a7ed3c06d334d84ac0cf257cfe309fe","ranges":[{"kind":"range","marks":[],"text":"Connector Ecosystem"}]}]},{"kind":"text","key":"e39e081e26014b3ba1a28e7ec9b569b3","ranges":[{"kind":"range","marks":[],"text":""}]}]}]}]},{"kind":"block","type":"table-row","key":"541e4747fe424664ba42cfa20f4e72af","isVoid":false,"data":{},"nodes":[{"kind":"block","type":"table-cell","key":"791bda2d8400409d917d90907ec0805b","isVoid":false,"data":{},"nodes":[{"kind":"block","type":"paragraph","key":"e36caeb9f7654957914b98451dc2f325","isVoid":false,"data":{},"nodes":[{"kind":"text","key":"3ea8b12acd5d45f5b649d5241fa0b94c","ranges":[{"kind":"range","marks":[],"text":""}]},{"kind":"inline","type":"link","key":"c11f50c77a5c4ca6b79bec5ae755ac2b","isVoid":false,"data":{"pageID":"-LMW933Z39CNaKNA0faK"},"nodes":[{"kind":"text","key":"371d24372a314966aeb0882f3fd0a2b2","ranges":[{"kind":"range","marks":[],"text":"Sys Mgmt and Admin"}]}]},{"kind":"text","key":"3e7c725eaa824dff863dfb8e1cedd565","ranges":[{"kind":"range","marks":[],"text":""}]}]}]},{"kind":"block","type":"table-cell","key":"e33846cb277648f8a4c1d524f9471677","isVoid":false,"data":{},"nodes":[{"kind":"block","type":"paragraph","key":"8b795611bfc0430593c380b8c1dd3240","isVoid":false,"data":{},"nodes":[{"kind":"text","key":"e004bb03e3904d4abae4bc843fabc500","ranges":[{"kind":"range","marks":[],"text":""}]},{"kind":"inline","type":"link","key":"606054b77af0417f97ddc7f3b682ff17","isVoid":false,"data":{"pageID":"-LMW8Xgf8AbCYADHGz2g"},"nodes":[{"kind":"text","key":"a429038567b34c1dae3ea1cca0a1e788","ranges":[{"kind":"range","marks":[],"text":"HA Cluster Configuration"}]}]},{"kind":"text","key":"ce86b21192bf4464a53218f90fd5b345","ranges":[{"kind":"range","marks":[],"text":" and "}]},{"kind":"inline","type":"link","key":"a40450778547428ea0c921788dc302fb","isVoid":false,"data":{"pageID":"-LNIDuQlnGpHxBuPy3px"},"nodes":[{"kind":"text","key":"cb825da5ebdc488692137a5555d35d1b","ranges":[{"kind":"range","marks":[],"text":"Cluster Expansion"}]}]},{"kind":"text","key":"9c54ff97e749451fa2e490f2a1915b50","ranges":[{"kind":"range","marks":[],"text":""}]}]},{"kind":"block","type":"paragraph","key":"6e8336c032914216aea892fe31dbde61","isVoid":false,"data":{},"nodes":[{"kind":"text","key":"cc02e8577725468cbca0054adf2df833","ranges":[{"kind":"range","marks":[],"text":""}]},{"kind":"inline","type":"link","key":"7e0b867718d6463c955828c6af8bf735","isVoid":false,"data":{"pageID":"-LNht5rXah_lphPJIUxx"},"nodes":[{"kind":"text","key":"8abd728f53fc4f20a739816ab98e8578","ranges":[{"kind":"range","marks":[],"text":"User Privileges and Authentication"}]}]},{"kind":"text","key":"61fa1042bd6c43beab04aad3fe3b4fcf","ranges":[{"kind":"range","marks":[],"text":""}]}]},{"kind":"block","type":"paragraph","key":"920b62bbc3b54618a9ee7d71078b8daa","isVoid":false,"data":{},"nodes":[{"kind":"text","key":"6cf292a1e0e142c4b7d57c6feec814dd","ranges":[{"kind":"range","marks":[],"text":""}]},{"kind":"inline","type":"link","key":"1cb996650715470aa9ae3d3579078b0f","isVoid":false,"data":{"pageID":"-LMW8I9jq_E_giuRv0Bu"},"nodes":[{"kind":"text","key":"017628af237941f0a61aacd6dc98e80d","ranges":[{"kind":"range","marks":[],"text":"MultiGraph"}]}]},{"kind":"text","key":"5a886da6aaa3497fa15ffd2aac53b3a4","ranges":[{"kind":"range","marks":[],"text":""}]}]},{"kind":"block","type":"paragraph","key":"96887c2ea10240928cce251466b5ef8d","isVoid":false,"data":{},"nodes":[{"kind":"text","key":"aae9d4b49296476ab5e672769d7ee809","ranges":[{"kind":"range","marks":[],"text":""}]},{"kind":"inline","type":"link","key":"1291eb550c1346f7b67441ba63693262","isVoid":false,"data":{"pageID":"-LNhrjRbcLiwYViqvPPx"},"nodes":[{"kind":"text","key":"cdacd21398fa4387bc8ca0479393adac","ranges":[{"kind":"range","marks":[],"text":"LDAP"}]}]},{"kind":"text","key":"e99414eebc90490abdc41965058a1c59","ranges":[{"kind":"range","marks":[],"text":" and "}]},{"kind":"inline","type":"link","key":"bc9c155d8359481c8616e124a8f89030","isVoid":false,"data":{"pageID":"-LNhto21QqYjDCRaeSZQ"},"nodes":[{"kind":"text","key":"ae3e9118223c49369f353e4fc05957c0","ranges":[{"kind":"range","marks":[],"text":"Single Sign-On"}]}]},{"kind":"text","key":"517452e973aa45d6a177be8f9615f36c","ranges":[{"kind":"range","marks":[],"text":""}]}]},{"kind":"block","type":"paragraph","key":"dbc776ea5e81470fa7bec73d0816b053","isVoid":false,"data":{},"nodes":[{"kind":"text","key":"2e7bb37feb5f46c1a50f887a109744c6","ranges":[{"kind":"range","marks":[],"text":""}]},{"kind":"inline","type":"link","key":"7e0bb32a2b7b4d96aa0bf4548bfb0ad2","isVoid":false,"data":{"pageID":"-LMWPv_eAV8uSxs6-lCx"},"nodes":[{"kind":"text","key":"15b09fce524647f7bf65e414a92e7687","ranges":[{"kind":"range","marks":[],"text":"Data Encryption"}]}]},{"kind":"text","key":"d50f9d3022ae4ac8a1686299fd230c29","ranges":[{"kind":"range","marks":[],"text":""}]}]},{"kind":"block","type":"paragraph","key":"7ec48529f822422b94cb8d79c8b6cd21","isVoid":false,"data":{},"nodes":[{"kind":"text","key":"69920debcfba44fca72d0763217d01a7","ranges":[{"kind":"range","marks":[],"text":""}]},{"kind":"inline","type":"link","key":"ac51be5d9d9b4c17b5a8174badd6be21","isVoid":false,"data":{"pageID":"-LMW9Qjr3bU2ZVmF03p1"},"nodes":[{"kind":"text","key":"580f9e18d6c94a0fb0c90eed7da4e70d","ranges":[{"kind":"range","marks":[],"text":"Admin Portal"}]}]},{"kind":"text","key":"5fbf5cbff93d4e3bbd0ef6bd913581e4","ranges":[{"kind":"range","marks":[],"text":""}]}]},{"kind":"block","type":"paragraph","key":"2cf43e202e064fd8b735df4dc9dc2e7b","isVoid":false,"data":{},"nodes":[{"kind":"text","key":"1bf9630e18e34bfc9a8ca92043149e14","ranges":[{"kind":"range","marks":[],"text":""}]},{"kind":"inline","type":"link","key":"f7e71e8e5c2043fda93292d2e06562f1","isVoid":false,"data":{"pageID":"-LMWA2GskCSxbLCmO2uH"},"nodes":[{"kind":"text","key":"898213d206344204b798340e8aca3822","ranges":[{"kind":"range","marks":[],"text":"Backup and Restore"}]}]},{"kind":"text","key":"631b46fe46594a5bb55997da319a264f","ranges":[{"kind":"range","marks":[],"text":""}]}]}]}]}]},{"kind":"block","type":"paragraph","key":"86c3744d3f1d49e081d6f645f73d2bef","isVoid":false,"data":{},"nodes":[{"kind":"text","key":"bfffc835ac6c4c8595aae9cc225eed87","ranges":[{"kind":"range","marks":[],"text":""}]}]}]}}