{"format_version":1,"document":{"kind":"document","key":"8f1214f329f443eb9abe499efa23a5ac","data":{"schema_version":5},"nodes":[{"kind":"block","type":"list-unordered","key":"f875bb5fadf847b0869a0d8b0aa0c8bf","isVoid":false,"data":{},"nodes":[{"kind":"block","type":"list-item","key":"7cb78fede4d24c978471a11ef5d08d45","isVoid":false,"data":{},"nodes":[{"kind":"block","type":"paragraph","key":"06f56fd646c044b0919cdb77fc1b65c6","isVoid":false,"data":{},"nodes":[{"kind":"text","key":"9edd985fe4054cb18dd1d5f57956d7f2","ranges":[{"kind":"range","marks":[],"text":"Multiple Tenancy"},{"kind":"range","marks":[{"kind":"mark","data":{},"type":"bold"}],"text":" "},{"kind":"range","marks":[],"text":": Use one TigerGraph instance to support several completely separate data sets, each with its own set of users. Each user community is unaware of the other user communities or other data sets."}]}]}]},{"kind":"block","type":"list-item","key":"8a9287c9b01b438f8bf143170df2fedd","isVoid":false,"data":{},"nodes":[{"kind":"block","type":"paragraph","key":"d436fbf4ca0041d192ce1d12574c486b","isVoid":false,"data":{},"nodes":[{"kind":"text","key":"4db48aa56d5441aeb1be714b36e8e670","ranges":[{"kind":"range","marks":[],"text":"Fine-grained privileges on the same set of data : Role-based access control, available on single graphs, grants permission for the privilege to run queries (include data modification queries). In a single graph scheme, there is not a way to say \"Query X can be run by some users but not by others.\" Using multiple graphs defined over the same set of data, each graph can have its own set of queries and own set of users, in effect customizing who can run which queries."}]}]}]},{"kind":"block","type":"list-item","key":"ac8c50882c224ba8a1ff1c4a38c705ea","isVoid":false,"data":{},"nodes":[{"kind":"block","type":"paragraph","key":"0eebcfb28cfd43f89914ab4f8975d008","isVoid":false,"data":{},"nodes":[{"kind":"text","key":"fa6637728c734612bacebdf7b1bae638","ranges":[{"kind":"range","marks":[],"text":"Overlapping graphs"},{"kind":"range","marks":[{"kind":"mark","data":{},"type":"bold"}],"text":" "},{"kind":"range","marks":[],"text":": Graphs can partially overlap, to enable a combination of shared and private data."}]}]}]},{"kind":"block","type":"list-item","key":"ca56d2022a174951af78e2b3ffd2f176","isVoid":false,"data":{},"nodes":[{"kind":"block","type":"paragraph","key":"6a8722e9231f4269b8e1d96005c00b9d","isVoid":false,"data":{},"nodes":[{"kind":"text","key":"4f786a3e0db944b99b8f5bb117af5349","ranges":[{"kind":"range","marks":[],"text":"Hierarchical subgraphs"},{"kind":"range","marks":[{"kind":"mark","data":{},"type":"bold"}],"text":" "},{"kind":"range","marks":[],"text":": A Graph X can be defined to cover the domains of Graphs Y and Z, that is, Graph X = (Graph Y) U (Graph Z). This provides an interesting way to describe a data partitioning or parent-child structure. (This is not the same as defining sub-classes of data types; data types are still independent.)"}]}]}]}]},{"kind":"block","type":"hint","key":"9c80bf65f7cc4d04a2c21bdb869d4dab","isVoid":false,"data":{"style":"info"},"nodes":[{"kind":"block","type":"paragraph","key":"bb1c13e35c064831a7e3af71b40273d3","isVoid":false,"data":{},"nodes":[{"kind":"text","key":"62994ab0157d47b79d3b21c6c8cb6948","ranges":[{"kind":"range","marks":[],"text":"MultiGraph service is available in the Enterprise Edition only."}]}]}]},{"kind":"block","type":"paragraph","key":"d651efbe04444883b89429d360f57f86","isVoid":false,"data":{},"nodes":[{"kind":"text","key":"5c50da25f9cd4807a106aaf5611f69a0","ranges":[{"kind":"range","marks":[],"text":"Beginning with Version 1.2, one TigerGraph instance can manage multiple graphs, each with its own set of user privileges. This first-of-its-kind capability, dubbed MultiGraph, is available as an optional service in the Enterprise Edition of the TigerGraph platform.  MultiGraph enables several powerful use cases:"}]}]},{"kind":"block","type":"paragraph","key":"cd94be83a9d448c5b33e4b651fa7412e","isVoid":false,"data":{},"nodes":[{"kind":"text","key":"d595771754114dc5b60d8f439ee6bdd8","ranges":[{"kind":"range","marks":[],"text":"If you implement only one graph now, you can upgrade to MultiGraph and add additional graphs at any time, without having to redo your existing design."}]}]},{"kind":"block","type":"hint","key":"ce3bc56c989e4a44afe26b499c30f4fb","isVoid":false,"data":{"style":"info"},"nodes":[{"kind":"block","type":"paragraph","key":"464e358eb98645339c4fc0d88e413ea7","isVoid":false,"data":{},"nodes":[{"kind":"text","key":"9cd9134f81a2440da87b07cce23dd641","ranges":[{"kind":"range","marks":[],"text":"While the system has the inherent capability of managing multiple graphs, the ability of users to create more than one graph may depend on your license key."}]}]},{"kind":"block","type":"paragraph","key":"cad6a562e5294859b5e04d7e2447c994","isVoid":false,"data":{},"nodes":[{"kind":"text","key":"ae9f4e2727f841a8a5940aa22ed4ffd3","ranges":[{"kind":"range","marks":[],"text":"To support the new MultiGraph capabilities, a few changes to the previous specifications are necessary. These changes affect all users, even if only a single graph is deployed. We advise all users to read the "}]},{"kind":"inline","type":"link","key":"4fe5d57d4645448cb610fe636be017e5","isVoid":false,"data":{"pageID":"-LMW8I9jq_E_giuRv0Bu","anchor":"concepts"},"nodes":[{"kind":"text","key":"4cc4c4befa7d4afebf9d2d1a4b041f1f","ranges":[{"kind":"range","marks":[],"text":"Concepts "}]}]},{"kind":"text","key":"68dcf3d12f5b40d1bc3c0e4df191bb43","ranges":[{"kind":"range","marks":[],"text":"and "}]},{"kind":"inline","type":"link","key":"4556bdc4e1ec47c8806a1dc02769f48e","isVoid":false,"data":{"pageID":"-LMW8I9jq_E_giuRv0Bu","anchor":"modified-specifications"},"nodes":[{"kind":"text","key":"4dba8257b0fe4e44b36c1c45b07cad46","ranges":[{"kind":"range","marks":[],"text":"Modified Specifications "}]}]},{"kind":"text","key":"116ac9ef7c7d4177af4b9384325bd0f9","ranges":[{"kind":"range","marks":[],"text":"below."}]}]},{"kind":"block","type":"paragraph","key":"6b6abee4693b49c79d15f132c4e60ecf","isVoid":false,"data":{},"nodes":[{"kind":"text","key":"dd65013639494039a5d07353b79ba5eb","ranges":[{"kind":"range","marks":[],"text":"There are also several "}]},{"kind":"inline","type":"link","key":"2ae39baf290a4bbd93a38c62d89b7abd","isVoid":false,"data":{"pageID":"-LMW8I9jq_E_giuRv0Bu","anchor":"new-commands"},"nodes":[{"kind":"text","key":"bb92b15da0ca4a51a133a911862b16cc","ranges":[{"kind":"range","marks":[],"text":"New Commands "}]}]},{"kind":"text","key":"72ab0dd64f8c4b6daa2e90cd2e38af21","ranges":[{"kind":"range","marks":[],"text":"."}]}]}]},{"kind":"block","type":"heading-1","key":"7ddabaef07be4c6799bd593797fbc0d7","isVoid":false,"data":{},"nodes":[{"kind":"text","key":"28efcab2677e49049ec183b58dd33c3d","ranges":[{"kind":"range","marks":[],"text":"Concepts"}]}]},{"kind":"block","type":"heading-2","key":"0a33205d997c4a4e8a63b31f7bf3e3ff","isVoid":false,"data":{},"nodes":[{"kind":"text","key":"869d5901848f4f7da429d032d306e055","ranges":[{"kind":"range","marks":[],"text":"Graphs and Graph Domains"}]}]},{"kind":"block","type":"paragraph","key":"dd92443205d347e8a983827822f8d17d","isVoid":false,"data":{},"nodes":[{"kind":"text","key":"aeb43dd299424051b678d278777512c8","ranges":[{"kind":"range","marks":[],"text":"A graph"},{"kind":"range","marks":[{"kind":"mark","data":{},"type":"bold"}],"text":" "},{"kind":"range","marks":[],"text":"is a defined as a set of vertex types and edge types. More precisely, it is all the vertices and edges of that collection of types. The domain"},{"kind":"range","marks":[{"kind":"mark","data":{},"type":"bold"}],"text":" "},{"kind":"range","marks":[],"text":"of a graph is its set of vertex types and edge types."}]}]},{"kind":"block","type":"code","key":"7490b256dc08448b8e110f43f0a033f8","isVoid":false,"data":{},"nodes":[{"kind":"block","type":"code-tab","key":"50a301385f7543f09fb32644ba34bbc8","isVoid":false,"data":{"syntax":"sql"},"nodes":[{"kind":"block","type":"code-line","key":"22cf3ad66cb2471399159709516dc8e5","isVoid":false,"data":{},"nodes":[{"kind":"text","key":"cb862676e64743b5940a0b0a9a1dd78e","ranges":[{"kind":"range","marks":[],"text":"CREATE GRAPH <gname> (<list of vertex types and edge types>)"}]}]}]}]},{"kind":"block","type":"hint","key":"708273a27cd24e568e335d40d0a1d111","isVoid":false,"data":{"style":"info"},"nodes":[{"kind":"block","type":"paragraph","key":"919b2b1c902345b6b29243fdb762b872","isVoid":false,"data":{},"nodes":[{"kind":"text","key":"a9b7d2ab9e414c1ca812b4b82be37bfe","ranges":[{"kind":"range","marks":[],"text":"NEW"}]}]},{"kind":"block","type":"list-unordered","key":"4ddb237b05cc472e9f9cd3523288f409","isVoid":false,"data":{},"nodes":[{"kind":"block","type":"list-item","key":"bcc69c4b470e4622af8ac90e2d430025","isVoid":false,"data":{},"nodes":[{"kind":"block","type":"paragraph","key":"bd3f08f42ec4449f924c3d275b1a6a95","isVoid":false,"data":{},"nodes":[{"kind":"text","key":"efd443ec1e4d400ea46151e2e80a8ff7","ranges":[{"kind":"range","marks":[],"text":"It is possible to define multiple graphs. The domains of two graphs may be completely separate, may overlap, or may coincide exactly."}]}]}]},{"kind":"block","type":"list-item","key":"d5359512a7d8447ba5f68860b83ae516","isVoid":false,"data":{},"nodes":[{"kind":"block","type":"paragraph","key":"5228aa14215f4cfd9f809192608fa677","isVoid":false,"data":{},"nodes":[{"kind":"text","key":"553318310e144275aad31afa24194524","ranges":[{"kind":"range","marks":[],"text":"A TigerGraph instance with a basic license key can have one graph. A TigerGraph instance with a MultiGraph license key can create multiple graphs."}]}]}]},{"kind":"block","type":"list-item","key":"3820d67357c64adeb9c086719622ade4","isVoid":false,"data":{},"nodes":[{"kind":"block","type":"paragraph","key":"54a544e9138445c1a8f8bee4c4e80910","isVoid":false,"data":{},"nodes":[{"kind":"text","key":"ada8333522e247ed9bf62c8d7171b5dd","ranges":[{"kind":"range","marks":[],"text":"A vertex type or edge type created by a superuser is a global type."}]}]}]},{"kind":"block","type":"list-item","key":"0163851f1e95422a9eb4887f94c4011a","isVoid":false,"data":{},"nodes":[{"kind":"block","type":"paragraph","key":"7e2085ee7e8c4ffb980c57c3028eeac0","isVoid":false,"data":{},"nodes":[{"kind":"text","key":"30564509c85546529fca3e7e8e000d66","ranges":[{"kind":"range","marks":[],"text":"A superuser can include a global vertex or edge type in one or more graphs. Global types can be shared among multiple graphs."}]}]}]},{"kind":"block","type":"list-item","key":"d097bca5ca194bb885c9ae966aaf9812","isVoid":false,"data":{},"nodes":[{"kind":"block","type":"paragraph","key":"ddb3aa1730dc4c45864d0ea8a34fd67a","isVoid":false,"data":{},"nodes":[{"kind":"text","key":"48a74196d3e742f5bc32a591640fccae","ranges":[{"kind":"range","marks":[],"text":"The admin users or designer users for a particular graph can add local vertex types and edge types to their own graph."}]}]}]}]}]},{"kind":"block","type":"heading-2","key":"74826690bbd44ff2bae000e857c02281","isVoid":false,"data":{},"nodes":[{"kind":"text","key":"d00dbea91c344173ab989cd7a76bf903","ranges":[{"kind":"range","marks":[],"text":"Graph-Specific Roles and Privileges"}]}]},{"kind":"block","type":"paragraph","key":"d88e12519b0b4d5b9e6780bc0048f000","isVoid":false,"data":{},"nodes":[{"kind":"text","key":"4398f9655e8940a69b24a0656838c18a","ranges":[{"kind":"range","marks":[],"text":"The TigerGraph system includes several predefined roles"},{"kind":"range","marks":[{"kind":"mark","data":{},"type":"bold"}],"text":". "},{"kind":"range","marks":[],"text":"Each role is a fixed and logical set of privileges to perform operations. In order to access a graph, a user must be granted a role on that graph. Without a role, a user has no meaningful access."}]}]},{"kind":"block","type":"hint","key":"799f9c59850349298456c736963d6247","isVoid":false,"data":{"style":"warning"},"nodes":[{"kind":"block","type":"paragraph","key":"75277804bc704a4d81300646c5226935","isVoid":false,"data":{},"nodes":[{"kind":"text","key":"d2425b8b6b5a4a3fab4bcfe16e7b96c0","ranges":[{"kind":"range","marks":[],"text":"CHANGES"}]}]},{"kind":"block","type":"list-unordered","key":"0a84aef00c5a4833964abe66b0771bdf","isVoid":false,"data":{},"nodes":[{"kind":"block","type":"list-item","key":"0b5a3cc3af714cf9adbe5940fe35c0f2","isVoid":false,"data":{},"nodes":[{"kind":"block","type":"paragraph","key":"2a3de74a7eee439ea461e8ddfbcefbf2","isVoid":false,"data":{},"nodes":[{"kind":"text","key":"a6bedc8ff65b411c806886c5608f5cb5","ranges":[{"kind":"range","marks":[],"text":"User roles are granted or revoked on a per-graph basis . Each GRANT or REVOKE statement specifies not only a role but also a graph."}]}]}]},{"kind":"block","type":"list-item","key":"e939b058685d413cb4dcc9c0f4c4be2b","isVoid":false,"data":{},"nodes":[{"kind":"block","type":"paragraph","key":"1b02459f4e74451b985b0894dcebcdf3","isVoid":false,"data":{},"nodes":[{"kind":"text","key":"5df6ebc9c9e449878dc7870f1bff5c14","ranges":[{"kind":"range","marks":[],"text":"A user may be granted different roles on different graphs ."}]}]}]},{"kind":"block","type":"list-item","key":"d4cf09bc77424f96b8228b999bb29c67","isVoid":false,"data":{},"nodes":[{"kind":"block","type":"paragraph","key":"081a4161287e4c9a94840397d7eea615","isVoid":false,"data":{},"nodes":[{"kind":"text","key":"83b670797ead4ceea84b31d1e7fd2920","ranges":[{"kind":"range","marks":[],"text":"A new top-level role is added: superuser . The superuser automatically has admin privilege on every graph, and has additional global privileges."}]}]}]}]}]},{"kind":"block","type":"heading-2","key":"1ff5fe501be64574a8f049263b4fcbf7","isVoid":false,"data":{},"nodes":[{"kind":"text","key":"b44aa82ecaeb458fa3b602a1227ab2ba","ranges":[{"kind":"range","marks":[],"text":"Setting a Working Graph"}]}]},{"kind":"block","type":"paragraph","key":"56aee16fa49c43419dce1413f16aa8a8","isVoid":false,"data":{},"nodes":[{"kind":"text","key":"9cfae4d6051147a3b34a0fcc22ec20a5","ranges":[{"kind":"range","marks":[],"text":"Previously, there was only one graph, and so all users were automatically able to use that graph."}]}]},{"kind":"block","type":"hint","key":"6c6a82639a224199be9cd6d1e76c2cb8","isVoid":false,"data":{"style":"info"},"nodes":[{"kind":"block","type":"paragraph","key":"7f2c8a656e61406ca3fb676205811e98","isVoid":false,"data":{},"nodes":[{"kind":"text","key":"289e5e640cf0440d8b0d587b8a198b90","ranges":[{"kind":"range","marks":[],"text":"NEW"}]}]},{"kind":"block","type":"list-unordered","key":"254f9ff0b7ae4d2d9991057cb9ad3bd9","isVoid":false,"data":{},"nodes":[{"kind":"block","type":"list-item","key":"53bdf5c99830401e995c8b3ffd3c4d07","isVoid":false,"data":{},"nodes":[{"kind":"block","type":"paragraph","key":"22da7f8aa70041378586a6a11b0aff5f","isVoid":false,"data":{},"nodes":[{"kind":"text","key":"74973b299bfc4a289ba5e5fa11127f72","ranges":[{"kind":"range","marks":[],"text":"A user must set their working graph in order to access that graph."}]}]}]},{"kind":"block","type":"list-item","key":"db83a51023724402a04df76139fbcffe","isVoid":false,"data":{},"nodes":[{"kind":"block","type":"paragraph","key":"d53cec88cc1040398dcba8ed5228af44","isVoid":false,"data":{},"nodes":[{"kind":"text","key":"cffd1abde631414aad305c202e05813b","ranges":[{"kind":"range","marks":[],"text":"Users who have privileges on more than one graph (including superusers) may only work with one graph at a time. The GLOBAL SCHEMA_CHANGE JOB stretches this rule."}]}]}]}]}]},{"kind":"block","type":"paragraph","key":"9fc956741d5048d7a66e55151b525d71","isVoid":false,"data":{},"nodes":[{"kind":"text","key":"04cd377431e644a281343e7db26ecfa1","ranges":[{"kind":"range","marks":[],"text":"Note that the CREATE commands for queries, loading jobs, and schema_change jobs have always required that the graph name be specified, even when there was support for only one graph. Now, it is clear that these definitions are graph-specific."}]}]},{"kind":"block","type":"heading-1","key":"f3e26fdd5f8541568b78519294e6196c","isVoid":false,"data":{},"nodes":[{"kind":"text","key":"9a38ea666fcb45c0946c34a04aa8243a","ranges":[{"kind":"range","marks":[],"text":"New and Modified Specifications"}]}]},{"kind":"block","type":"heading-2","key":"5c7bb983f15744c486b18a3d529e3ab4","isVoid":false,"data":{},"nodes":[{"kind":"text","key":"b66f6fc0f86d4c1a87185c3d14c8a1ab","ranges":[{"kind":"range","marks":[],"text":"Modified Specifications"}]}]},{"kind":"block","type":"paragraph","key":"9d8784fbb96c43e5b3ffc14c7662a701","isVoid":false,"data":{},"nodes":[{"kind":"text","key":"4c7320e41ebd4c2ebc5763e735c6f919","ranges":[{"kind":"range","marks":[],"text":"If you are a user of an earlier TigerGraph system (v1.1 or earlier), please note the following specifications have changed."}]}]},{"kind":"block","type":"list-ordered","key":"668eb6e1b0b2465dacb11c9b64e51d1a","isVoid":false,"data":{},"nodes":[{"kind":"block","type":"list-item","key":"dad1539935b64a589b92302b6e022baf","isVoid":false,"data":{},"nodes":[{"kind":"block","type":"paragraph","key":"4a45597ec777436c9e5d6f961c758bfc","isVoid":false,"data":{},"nodes":[{"kind":"text","key":"7f2a0212fb4842729b6976b11e10a914","ranges":[{"kind":"range","marks":[],"text":"Set the working graph in GSQL: You must always set the working graph, either using the -g flag with the gsql command, or by using the USE GRAPH command."}]}]}]},{"kind":"block","type":"list-item","key":"d7108b97f6e3496583719044e2f26533","isVoid":false,"data":{},"nodes":[{"kind":"block","type":"paragraph","key":"577649ed2b1b4ee0976e41236b72757c","isVoid":false,"data":{},"nodes":[{"kind":"text","key":"bdc9e90fead74b50ac4ee5f0f6930309","ranges":[{"kind":"range","marks":[],"text":"RESTPP Endpoint changes: Endpoints which pertain to the graph data have been modified to include the name of the graph in the request URL. \nSee "}]},{"kind":"inline","type":"link","key":"172953e973134f6ea8f761bd8a9fc991","isVoid":false,"data":{"pageID":"-LMWBznWhrYPkUWYhBiG"},"nodes":[{"kind":"text","key":"55ff8245a3d24cf9a68f1fa622f79909","ranges":[{"kind":"range","marks":[],"text":"RESTPP API User Guide ."}]}]},{"kind":"text","key":"94f88dcfc6244e0c84770d7c45238274","ranges":[{"kind":"range","marks":[],"text":""}]}]}]},{"kind":"block","type":"list-item","key":"3afa304416144159920fcc7e73263cd5","isVoid":false,"data":{},"nodes":[{"kind":"block","type":"paragraph","key":"7ae1a36401ae4334a2125030c4fedf5d","isVoid":false,"data":{},"nodes":[{"kind":"text","key":"0f7e3334c2c442d0b477fa555ecf3d0d","ranges":[{"kind":"range","marks":[],"text":"User Authentication secrets and tokens: The way in which secrets and tokens are created and used has changed, in order to follow OAuth standards more closely. \nSee "}]},{"kind":"inline","type":"link","key":"d3dac344f3d44d2badd6f0841d8916ba","isVoid":false,"data":{"pageID":"-LNht5rXah_lphPJIUxx"},"nodes":[{"kind":"text","key":"27584047085f4fa4bc1e869d2cde880e","ranges":[{"kind":"range","marks":[],"text":"Managing User Privileges and Authentication."}]}]},{"kind":"text","key":"304291041cc9436c9273c9064e60bb99","ranges":[{"kind":"range","marks":[],"text":""}]}]}]},{"kind":"block","type":"list-item","key":"beb0d2dd52e346aabc4e6babe801de4f","isVoid":false,"data":{},"nodes":[{"kind":"block","type":"paragraph","key":"7fe024cda6a24f57b81282d3bea6ecb2","isVoid":false,"data":{},"nodes":[{"kind":"text","key":"30479280c39a496394086e9cab987f42","ranges":[{"kind":"range","marks":[],"text":"Changes to privileges of certain roles: If you had been using only the single default user with admin privilege, you will not notice any difference. That user has been promoted to superuser status. If you are making use of users with different roles, note the following changes in privileges: \n"}]}]},{"kind":"block","type":"list-unordered","key":"b22ed58dac2748e6ac65cc9dac5ee047","isVoid":false,"data":{},"nodes":[{"kind":"block","type":"list-item","key":"2dfe2626a71b488bad8b189260f8771b","isVoid":false,"data":{},"nodes":[{"kind":"block","type":"paragraph","key":"378590ce8200464db1a31dfed140565d","isVoid":false,"data":{},"nodes":[{"kind":"text","key":"3666ec1e947e416b83a9d7ef80618614","ranges":[{"kind":"range","marks":[],"text":"A new top-level role, superuser"},{"kind":"range","marks":[{"kind":"mark","data":{},"type":"bold"}],"text":" "},{"kind":"range","marks":[],"text":", is defined. The superuser has admin privilege on all graphs, and is the only role who can create and modify shared vertex types, shared edge types, and graphs."}]}]}]},{"kind":"block","type":"list-item","key":"61ecb544346b4841ae8cfa67b61c24d3","isVoid":false,"data":{},"nodes":[{"kind":"block","type":"paragraph","key":"dc9652662c144a249ab531d9692429ce","isVoid":false,"data":{},"nodes":[{"kind":"text","key":"f32d14b2ce7a433e967aab087f0ed349","ranges":[{"kind":"range","marks":[],"text":"The architect"},{"kind":"range","marks":[{"kind":"mark","data":{},"type":"bold"}],"text":" "},{"kind":"range","marks":[],"text":"role is renamed designer"},{"kind":"range","marks":[{"kind":"mark","data":{},"type":"bold"}],"text":" "},{"kind":"range","marks":[],"text":"."}]}]}]},{"kind":"block","type":"list-item","key":"f5282cc235ac44baa60d8410df7d6669","isVoid":false,"data":{},"nodes":[{"kind":"block","type":"paragraph","key":"8b76e45cda684d628d4b836395999046","isVoid":false,"data":{},"nodes":[{"kind":"text","key":"4e3281d72c684a56bb11247249c873a1","ranges":[{"kind":"range","marks":[],"text":"The public role is renamed observer ."}]}]}]},{"kind":"block","type":"list-item","key":"f7c7a0e225c5476392d162e25bc08665","isVoid":false,"data":{},"nodes":[{"kind":"block","type":"paragraph","key":"91cf3a5e13824828878a15760985e443","isVoid":false,"data":{},"nodes":[{"kind":"text","key":"290beb51aba44f0c84a393451f063abe","ranges":[{"kind":"range","marks":[],"text":"The following commands are now shifted from admin"},{"kind":"range","marks":[{"kind":"mark","data":{},"type":"bold"}],"text":" "},{"kind":"range","marks":[],"text":"and designer"},{"kind":"range","marks":[{"kind":"mark","data":{},"type":"bold"}],"text":" "},{"kind":"range","marks":[],"text":"roles to the superuser role:"}]}]},{"kind":"block","type":"list-unordered","key":"887adcd3df8e4f9794835a8dacfea49e","isVoid":false,"data":{},"nodes":[{"kind":"block","type":"list-item","key":"c4095aab641c4732be6abe1da5499092","isVoid":false,"data":{},"nodes":[{"kind":"block","type":"paragraph","key":"3b504226e6eb4537a3edb2343fee2542","isVoid":false,"data":{},"nodes":[{"kind":"text","key":"ece4a10dbf3744049ea0c4c292237c34","ranges":[{"kind":"range","marks":[],"text":"CREATE / DROP VERTEX|EDGE|GRAPH"}]}]}]},{"kind":"block","type":"list-item","key":"ae012157a8244641940bb894d6dc4fb3","isVoid":false,"data":{},"nodes":[{"kind":"block","type":"paragraph","key":"ff592a63bbc040fe80b4c939c3ca0ff6","isVoid":false,"data":{},"nodes":[{"kind":"text","key":"d2526af3cc31474d8d22c2555731ce1b","ranges":[{"kind":"range","marks":[],"text":"CLEAR GRAPH STORE"}]}]}]},{"kind":"block","type":"list-item","key":"d791916a90744651b3b57fe97f963f7c","isVoid":false,"data":{},"nodes":[{"kind":"block","type":"paragraph","key":"d7a116e522ab44959439630d39257ca3","isVoid":false,"data":{},"nodes":[{"kind":"text","key":"ace64bbe46db4c58b7723c0153e7e8f6","ranges":[{"kind":"range","marks":[],"text":"DROP ALL"}]}]}]}]}]},{"kind":"block","type":"list-item","key":"20bcdacfdabc4986a8eefe23ee123aa2","isVoid":false,"data":{},"nodes":[{"kind":"block","type":"paragraph","key":"24d6c52e0b074efa9e8aed1ae1de55ab","isVoid":false,"data":{},"nodes":[{"kind":"text","key":"0fac765337da425eb5b06ceb61f793a4","ranges":[{"kind":"range","marks":[],"text":"Newly created users no longer automatically have the observer role. They have no role until explicitly granted one."}]}]}]}]}]},{"kind":"block","type":"list-item","key":"7ffd4ba5431841888722de8e9802e9b9","isVoid":false,"data":{},"nodes":[{"kind":"block","type":"paragraph","key":"7289782f8eab4ff592c9025d21f6e9d8","isVoid":false,"data":{},"nodes":[{"kind":"text","key":"9624a0d3155648588f7da8fd63351d2e","ranges":[{"kind":"range","marks":[],"text":"In the CREATE VERTEX statement, the WITH STATS option \"outdegree\" is no longer available. \"outdegree_by_edgetype\" is still supported and is the default."}]}]}]}]},{"kind":"block","type":"paragraph","key":"d97552fbc10249fd83d5c3f48dcff280","isVoid":false,"data":{},"nodes":[{"kind":"text","key":"b4a08fa8265141ee986d39582e635808","ranges":[{"kind":"range","marks":[],"text":"There are many other details about using the MultiGraph feature, especially if your application has mulitple users with different roles. In the documentation, the Multiple Graph logo is placed next to relevant topics:"}]}]},{"kind":"block","type":"heading-2","key":"65d5884c418044248eab2119f78d981c","isVoid":false,"data":{},"nodes":[{"kind":"text","key":"36f258ecda2644fd8a5bf2c53561bbb4","ranges":[{"kind":"range","marks":[],"text":"New Commands"}]}]},{"kind":"block","type":"image","key":"7ddf98c79e7c4ef18c0f352981477c7b","isVoid":true,"data":{"assetID":"-LPtI3DiffMrx5D9H1me","align":"left"},"nodes":[{"kind":"text","key":"c219f5ab059d458f80bb8a09eb292fba","ranges":[{"kind":"range","marks":[],"text":""}]}]},{"kind":"block","type":"paragraph","key":"f239fd91ed08477d87aa85f999c2d5a6","isVoid":false,"data":{},"nodes":[{"kind":"text","key":"2aa979f242b04690a9c50ad740c67177","ranges":[{"kind":"range","marks":[],"text":"The following commands are new. This section provides only a summary list. For full details and examples, see the main documentation for the relevant topics."}]}]},{"kind":"block","type":"heading-3","key":"dbfd1e9cd84f467b8310acd1e223d67c","isVoid":false,"data":{},"nodes":[{"kind":"text","key":"1d61a017f85b4b68a2b7a6fc03a4cfe7","ranges":[{"kind":"range","marks":[],"text":"USE GRAPH <graph_name>"}]}]},{"kind":"block","type":"list-unordered","key":"1aa047420a574a849e78b76291fb4a7d","isVoid":false,"data":{},"nodes":[{"kind":"block","type":"list-item","key":"26e2df6afca94797b43fef4ba9f1250a","isVoid":false,"data":{},"nodes":[{"kind":"block","type":"paragraph","key":"894b9ebd94e44bc9972bb93a6dcce77a","isVoid":false,"data":{},"nodes":[{"kind":"text","key":"6b5bb10bd0e44981903604ad6ed6f3d9","ranges":[{"kind":"range","marks":[],"text":"For all users"}]}]}]},{"kind":"block","type":"list-item","key":"01dc4c6fded049bab3897fbb982e21d2","isVoid":false,"data":{},"nodes":[{"kind":"block","type":"paragraph","key":"e3c24b53fc164cc19b539972ff103129","isVoid":false,"data":{},"nodes":[{"kind":"text","key":"502dc46c9c5d42ed848f8061d9134986","ranges":[{"kind":"range","marks":[],"text":"Sets the given graph as the user's working graph."}]}]}]}]},{"kind":"block","type":"heading-3","key":"0bef33ff58e84c0ca82a036a4507c1bd","isVoid":false,"data":{},"nodes":[{"kind":"text","key":"234689391527411c9eff67542aa1b29c","ranges":[{"kind":"range","marks":[],"text":"USE GLOBAL"}]}]},{"kind":"block","type":"list-unordered","key":"a64ecf9e36104d9f845289ad3a4e38b5","isVoid":false,"data":{},"nodes":[{"kind":"block","type":"list-item","key":"890e105fc3304eb4b50d93fb142a8df2","isVoid":false,"data":{},"nodes":[{"kind":"block","type":"paragraph","key":"268237c6007e493488c4bfc8197b885f","isVoid":false,"data":{},"nodes":[{"kind":"text","key":"281a1aefa2214d6aabdee47c2a9fc7d3","ranges":[{"kind":"range","marks":[],"text":"For superusers"}]}]}]},{"kind":"block","type":"list-item","key":"0b7fae0cc7984455807f165ea526e61e","isVoid":false,"data":{},"nodes":[{"kind":"block","type":"paragraph","key":"4af7cc9411a24858a89fc8acf2efb536","isVoid":false,"data":{},"nodes":[{"kind":"text","key":"4e91cc954315492b86ef409e4720d422","ranges":[{"kind":"range","marks":[],"text":"Must be set to have privilege to create and assign global vertex and edge types."}]}]}]}]},{"kind":"block","type":"heading-3","key":"41f5d301a591456a8708e0a19d9302dc","isVoid":false,"data":{},"nodes":[{"kind":"text","key":"8081f5567a0344be8d04fea74c79e229","ranges":[{"kind":"range","marks":[],"text":"CREATE GLOBAL SCHEMA_CHANGE JOB"}]}]},{"kind":"block","type":"list-unordered","key":"4b1ffa591ceb4ee88c16a90215ff3027","isVoid":false,"data":{},"nodes":[{"kind":"block","type":"list-item","key":"07b3544470bb44a58ef43831f77ebf6a","isVoid":false,"data":{},"nodes":[{"kind":"block","type":"paragraph","key":"6d38148b5cef402ca058ae21d3cd9892","isVoid":false,"data":{},"nodes":[{"kind":"text","key":"b4ca7abe23524a5d9222139467c76118","ranges":[{"kind":"range","marks":[],"text":"For superusers"}]}]}]}]},{"kind":"block","type":"paragraph","key":"da59a9ddf97d4f2ab9676e0d136ac5ef","isVoid":false,"data":{},"nodes":[{"kind":"text","key":"2a980d145edf441883c201a06af97c6a","ranges":[{"kind":"range","marks":[],"text":""}]}]}]}}