{"format_version":1,"document":{"kind":"document","key":"4","data":{"schema_version":5},"nodes":[{"kind":"block","type":"paragraph","key":"7a1febc272584593b67ca1a9949bf99c","isVoid":false,"data":{},"nodes":[{"kind":"text","key":"d2a747f0dce34541a35eb2f6c5cf8097","ranges":[{"kind":"range","marks":[],"text":"Patent and Third Party Notice for TigerGraph Platform v2.2 February 2019"}]}]},{"kind":"block","type":"paragraph","key":"302fe506a48246b1a0c9631ee2674993","isVoid":false,"data":{},"nodes":[{"kind":"text","key":"3673d4c87f45488198f3bffc6c490955","ranges":[{"kind":"range","marks":[],"text":"U.S. Pat. No. 9953106, 9977837, 10120956. Patents pending."}]}]},{"kind":"block","type":"paragraph","key":"aac708748d2347ac8e03fe32f3b3757b","isVoid":false,"data":{},"nodes":[{"kind":"text","key":"b7a8b43ca6ca47bfbba6febe9c245928","ranges":[{"kind":"range","marks":[],"text":"The TigerGraph software program uses some third-party software components that are licensed under their own terms. The attached notices are provided for information only."}]}]},{"kind":"block","type":"list-unordered","key":"e7453e112d034607ae8bdb621a9ce41b","isVoid":false,"data":{},"nodes":[{"kind":"block","type":"list-item","key":"0b3d7c96a59a48b087a95a797d93249b","isVoid":false,"data":{},"nodes":[{"kind":"block","type":"paragraph","key":"d9be56f0405a482196abc38401553865","isVoid":false,"data":{},"nodes":[{"kind":"text","key":"1f9695b1beb04a93976080eb5065f940","ranges":[{"kind":"range","marks":[],"text":"Section 1. List of third-party software in the TigerGraph platform."}]}]}]},{"kind":"block","type":"list-item","key":"15438cae451842799e6aacd4f92eff4a","isVoid":false,"data":{},"nodes":[{"kind":"block","type":"paragraph","key":"58ec2b1a4aac43e687681c34cd83e1b0","isVoid":false,"data":{},"nodes":[{"kind":"text","key":"745751ffc5ee483cb6394ea2808b713b","ranges":[{"kind":"range","marks":[],"text":"Section 2. Table of license types."}]}]}]}]},{"kind":"block","type":"paragraph","key":"b9fbeed0f0714daaac6a25e3f5050ab0","isVoid":false,"data":{},"nodes":[{"kind":"text","key":"9fb90dfffac241b2ba9cb23e63d99100","ranges":[{"kind":"range","marks":[],"text":"A separate third-party disclosure is available for the GraphStudio Visual SDK. See "}]},{"kind":"inline","type":"link","key":"6d3c1f012ff24c41a4a35e72b8012c70","isVoid":false,"data":{"href":"https://docs.tigergraph.com/ui/graphstudio/patent-and-third-party-notice"},"nodes":[{"kind":"text","key":"e28147b52a53405eb1259dbf9b65cc21","ranges":[{"kind":"range","marks":[],"text":"https://docs.tigergraph.com/ui/graphstudio/patent-and-third-party-notice"}]}]},{"kind":"text","key":"b4e5e4d627be421ea6218176d5adaf77","ranges":[{"kind":"range","marks":[],"text":""}]}]},{"kind":"block","type":"paragraph","key":"dcf14b2777f24cfdb5c9898dd07778ce","isVoid":false,"data":{},"nodes":[{"kind":"text","key":"49215f2ead9446ca8c3fde13ab301e50","ranges":[{"kind":"range","marks":[],"text":"======================================================================="}]}]},{"kind":"block","type":"heading-1","key":"d05cb724940748b59cc4337bc30bf85d","isVoid":false,"data":{},"nodes":[{"kind":"text","key":"3e21d10c34ef4f5e9fbc7fe9eafe4972","ranges":[{"kind":"range","marks":[],"text":"Section 1. List of third-party software in the TigerGraph platform"}]}]},{"kind":"block","type":"paragraph","key":"c0f77f8cd954462784222fdbb6a16f9e","isVoid":false,"data":{},"nodes":[{"kind":"text","key":"9253433ed9144e5c908a68df874a08c9","ranges":[{"kind":"range","marks":[],"text":"antlr Copyright (c) 2014 antlr. "}]},{"kind":"inline","type":"link","key":"88bc210443e147ba95ddb40a299b740e","isVoid":false,"data":{"href":"https://www.antlr.org/"},"nodes":[{"kind":"text","key":"bf44cdb412ca4c7a9533907d24c7deba","ranges":[{"kind":"range","marks":[],"text":"https://www.antlr.org/"}]}]},{"kind":"text","key":"5fa0e2fca096438d92a8ef3d9e52dc16","ranges":[{"kind":"range","marks":[],"text":" Licensed under BSD3"}]}]},{"kind":"block","type":"paragraph","key":"1610c41fc98a4ce18d363f67b5b45f3f","isVoid":false,"data":{},"nodes":[{"kind":"text","key":"e7fd5865d2cf4b91931eb7d8d309ccb1","ranges":[{"kind":"range","marks":[],"text":"commons-cli Copyright (c) 2002-2017 The Apache Software Foundation. "}]},{"kind":"inline","type":"link","key":"e6d9fb34cc4d431eaa536f7aeef250e9","isVoid":false,"data":{"href":"https://commons.apache.org/proper/commons-cli/"},"nodes":[{"kind":"text","key":"d6ba7f88244a40efb461335e26ab7f12","ranges":[{"kind":"range","marks":[],"text":"https://commons.apache.org/proper/commons-cli/"}]}]},{"kind":"text","key":"ce6bfac4ef8640b1a8ee83be1445283b","ranges":[{"kind":"range","marks":[],"text":" Licensed under Apache2"}]}]},{"kind":"block","type":"paragraph","key":"e437f84b7e204e44960906eef5008307","isVoid":false,"data":{},"nodes":[{"kind":"text","key":"631e7bbf5abe4da59c262aa3743ce127","ranges":[{"kind":"range","marks":[],"text":"commons-codec Copyright (c) 2002-2017 The Apache Software Foundation. "}]},{"kind":"inline","type":"link","key":"be99d453a38c4a32916e321664829577","isVoid":false,"data":{"href":"https://commons.apache.org/proper/commons-codec/"},"nodes":[{"kind":"text","key":"6f5dd57e8d5e4b4e922381ecb0ebf8fa","ranges":[{"kind":"range","marks":[],"text":"https://commons.apache.org/proper/commons-codec/"}]}]},{"kind":"text","key":"5921c0d40cfc478d92e010d60cd95ecc","ranges":[{"kind":"range","marks":[],"text":" Licensed under Apache2"}]}]},{"kind":"block","type":"paragraph","key":"85ccd4d6e9ef4d7d9150370c8f5caa26","isVoid":false,"data":{},"nodes":[{"kind":"text","key":"7c9447b6ef8f4f57b622719d285c4ed5","ranges":[{"kind":"range","marks":[],"text":"commons-lang3 Copyright (c) 2001-2018 The Apache Software Foundation. "}]},{"kind":"inline","type":"link","key":"a16aee69af5847908abe67c971540593","isVoid":false,"data":{"href":"https://commons.apache.org/proper/commons-lang/"},"nodes":[{"kind":"text","key":"c44ae3a15d8a42c49d6d3bc0f06cb685","ranges":[{"kind":"range","marks":[],"text":"https://commons.apache.org/proper/commons-lang/"}]}]},{"kind":"text","key":"b9a1cf7562814e40ac756e748afee217","ranges":[{"kind":"range","marks":[],"text":" Licensed under Apache2"}]}]},{"kind":"block","type":"paragraph","key":"402b0ceb18f44e08bd657cb338977a32","isVoid":false,"data":{},"nodes":[{"kind":"text","key":"9cca0523943a4a37909f1d43094612ea","ranges":[{"kind":"range","marks":[],"text":"diffutils Copyright (c) 2010 Free Software Foundation. "}]},{"kind":"inline","type":"link","key":"cb1969364bf443e2aecc548f6d575f0f","isVoid":false,"data":{"href":"https://www.gnu.org/software/diffutils/"},"nodes":[{"kind":"text","key":"534ee64a3f0542a88138c3c4962fed1c","ranges":[{"kind":"range","marks":[],"text":"https://www.gnu.org/software/diffutils/"}]}]},{"kind":"text","key":"9d09553760f34462ae94ffadaae33e96","ranges":[{"kind":"range","marks":[],"text":" Licensed under Apache2"}]}]},{"kind":"block","type":"paragraph","key":"56a0e498e309498aa014aab66b6fdbe9","isVoid":false,"data":{},"nodes":[{"kind":"text","key":"ee09bc95be4243149084df4095408540","ranges":[{"kind":"range","marks":[],"text":"grpc Copyright (c) 2018 The gRPC authors. "}]},{"kind":"inline","type":"link","key":"fa11f24406a14ce9aacc905647b99319","isVoid":false,"data":{"href":"https://grpc.io/"},"nodes":[{"kind":"text","key":"d2f3e3df45a241bc8edf417900642697","ranges":[{"kind":"range","marks":[],"text":"https://grpc.io/"}]}]},{"kind":"text","key":"92ff0142bfcf4f50813d410f6339cb49","ranges":[{"kind":"range","marks":[],"text":" Licensed under Apache2"}]}]},{"kind":"block","type":"paragraph","key":"8dc678df757b4450b698f21de71c3908","isVoid":false,"data":{},"nodes":[{"kind":"text","key":"23b1692a5ea24892805c2432dc426a08","ranges":[{"kind":"range","marks":[],"text":"guava Copyright (c) 2010-2016 OneLogin, Inc. "}]},{"kind":"inline","type":"link","key":"f293cefd4fad488997eac48fd06cc829","isVoid":false,"data":{"href":"https://github.com/google/guava"},"nodes":[{"kind":"text","key":"2095a538fc2046488c7c03015f5cf3a8","ranges":[{"kind":"range","marks":[],"text":"https://github.com/google/guava"}]}]},{"kind":"text","key":"0e3e5d1c34904571b03ca6c51c604a03","ranges":[{"kind":"range","marks":[],"text":" Licensed under Apache2"}]}]},{"kind":"block","type":"paragraph","key":"e204746d48e5464b98b1ab39c3becec2","isVoid":false,"data":{},"nodes":[{"kind":"text","key":"32effd18509a4eaca00db77923c8b332","ranges":[{"kind":"range","marks":[],"text":"java-saml Copyright (c) 2010-2016 OneLogin, Inc. "}]},{"kind":"inline","type":"link","key":"46f7dfb364e544f28d22527e2280f6ef","isVoid":false,"data":{"href":"https://github.com/onelogin/java-saml"},"nodes":[{"kind":"text","key":"caf96647f51b49648ca9eb379e99428d","ranges":[{"kind":"range","marks":[],"text":"https://github.com/onelogin/java-saml"}]}]},{"kind":"text","key":"f80b3184ab3a41c8818d55386ac9c5b8","ranges":[{"kind":"range","marks":[],"text":" Licensed under MIT"}]}]},{"kind":"block","type":"paragraph","key":"49cf248e36e14e45892063f45ca9bfa0","isVoid":false,"data":{},"nodes":[{"kind":"text","key":"9ed65e5b38974085a9329f2f60a916d0","ranges":[{"kind":"range","marks":[],"text":"jline Copyright (c) 2002-2018 Guillaume Nodet. "}]},{"kind":"inline","type":"link","key":"bbe44f9ed9114c39b7f25ebd019423b1","isVoid":false,"data":{"href":"https://github.com/jline/jline3"},"nodes":[{"kind":"text","key":"7a4b5f2dcaaf4d7abd9ca682f9342f76","ranges":[{"kind":"range","marks":[],"text":"https://github.com/jline/jline3"}]}]},{"kind":"text","key":"98c40ade191640d7bbd1c46ef5498018","ranges":[{"kind":"range","marks":[],"text":" Licensed under BSD3"}]}]},{"kind":"block","type":"paragraph","key":"315e60479684405fb1a36e817b593be5","isVoid":false,"data":{},"nodes":[{"kind":"text","key":"30d5090e4d8d4dfa84df1064d2fd087c","ranges":[{"kind":"range","marks":[],"text":"joda-time Copyright (c) 2002-2018 Joda. "}]},{"kind":"inline","type":"link","key":"c13c3495b43f42f696586871d98ca242","isVoid":false,"data":{"href":"https://www.joda.org/joda-time/"},"nodes":[{"kind":"text","key":"b5cd00143b474afe929906879a0998a7","ranges":[{"kind":"range","marks":[],"text":"https://www.joda.org/joda-time/"}]}]},{"kind":"text","key":"65a9aa6d768e40e1813ce0518e808e89","ranges":[{"kind":"range","marks":[],"text":" Licensed under Apache2"}]}]},{"kind":"block","type":"paragraph","key":"6d0dce7aff1b4d33a4ad130e6e4cb3bd","isVoid":false,"data":{},"nodes":[{"kind":"text","key":"9d9e7c68cd4a48e78c434e2bbe9adb07","ranges":[{"kind":"range","marks":[],"text":"json Copyright (c) 2002 JSON. "}]},{"kind":"inline","type":"link","key":"ebfdb768308340ce8240ec10e37b2307","isVoid":false,"data":{"href":"https://github.com/stleary/JSON-java"},"nodes":[{"kind":"text","key":"d73f9449b81d4870a1d32a7c3566e11e","ranges":[{"kind":"range","marks":[],"text":"https://github.com/stleary/JSON-java"}]}]},{"kind":"text","key":"787dec034bb14e75bcbac9f567d0b938","ranges":[{"kind":"range","marks":[],"text":" Licensed under JSON"}]}]},{"kind":"block","type":"paragraph","key":"6e05eeaa019a4494af95bb035afd2be9","isVoid":false,"data":{},"nodes":[{"kind":"text","key":"1780207960a84eb6a2f56607410de9a8","ranges":[{"kind":"range","marks":[],"text":"LDAP SDK Copyright (c) 2009 Ping Identity Corporation. "}]},{"kind":"inline","type":"link","key":"88316e2f399843999280d356796d5ab9","isVoid":false,"data":{"href":"https://github.com/pingidentity/ldapsdk/blob/master/README.md"},"nodes":[{"kind":"text","key":"1e29ff172ff14f73b2f1fe080dd243bf","ranges":[{"kind":"range","marks":[],"text":"https://github.com/pingidentity/ldapsdk/blob/master/README.md"}]}]},{"kind":"text","key":"d32cf31200fa428aad426d4fbf071963","ranges":[{"kind":"range","marks":[],"text":" Licensed under LDAPSDK"}]}]},{"kind":"block","type":"paragraph","key":"d96ca1c1791b4b279d36e0545ef60509","isVoid":false,"data":{},"nodes":[{"kind":"text","key":"b66d87a300864b82bf8c478e1ef9b8a1","ranges":[{"kind":"range","marks":[],"text":"log4j Copyright (c) 1999-2018 The Apache Software Foundation. "}]},{"kind":"inline","type":"link","key":"cffc4b99f248462dbca984d20aa1f87b","isVoid":false,"data":{"href":"https://logging.apache.org/log4j/2.x/"},"nodes":[{"kind":"text","key":"a5e95b3d29504139ab924fce74dab035","ranges":[{"kind":"range","marks":[],"text":"https://logging.apache.org/log4j/2.x/"}]}]},{"kind":"text","key":"16bbf985bd82402e8e7e6942fc3525d3","ranges":[{"kind":"range","marks":[],"text":" Licensed under Apache2"}]}]},{"kind":"block","type":"paragraph","key":"fcc006164e0242c5b837e3d836a05a4f","isVoid":false,"data":{},"nodes":[{"kind":"text","key":"d58e35cd55d64101836b539fafd78639","ranges":[{"kind":"range","marks":[],"text":"netty Copyright (c) 2018 The Netty Project. "}]},{"kind":"inline","type":"link","key":"6d5d197b43f24d339e31f7980dc1b44d","isVoid":false,"data":{"href":"https://netty.io/"},"nodes":[{"kind":"text","key":"8b6983304ca544ea8b99d46f7becdba8","ranges":[{"kind":"range","marks":[],"text":"https://netty.io/"}]}]},{"kind":"text","key":"e2efdc330ac147b1b148b18a9396ffa1","ranges":[{"kind":"range","marks":[],"text":" Licensed under Apache2"}]}]},{"kind":"block","type":"paragraph","key":"4c34a1695f5f49cda2ed4709366a1137","isVoid":false,"data":{},"nodes":[{"kind":"text","key":"87dc28a223334efd8c8db8e9fe21e53d","ranges":[{"kind":"range","marks":[],"text":"protobuf-java Copyright (c) 2008 Google. "}]},{"kind":"inline","type":"link","key":"0610129b65124b03ba7de4a37608e142","isVoid":false,"data":{"href":"https://developers.google.com/protocol-buffers/"},"nodes":[{"kind":"text","key":"a8932387f0344045a18683e3a91dd5f5","ranges":[{"kind":"range","marks":[],"text":"https://developers.google.com/protocol-buffers/"}]}]},{"kind":"text","key":"335b17fbf4c14287999d2be2ef8e232f","ranges":[{"kind":"range","marks":[],"text":" Licensed under BSD3"}]}]},{"kind":"block","type":"paragraph","key":"da741acd3cc1493da5c9dda4f1ff49d5","isVoid":false,"data":{},"nodes":[{"kind":"text","key":"d2b8662f6dfc433fb9dcb37b8796a4c7","ranges":[{"kind":"range","marks":[],"text":"slf4j Copyright (c) 2004-2017 QOS.ch. "}]},{"kind":"inline","type":"link","key":"2f9fb2d7e20d42baabfc787fda4fab8e","isVoid":false,"data":{"href":"https://www.slf4j.org/"},"nodes":[{"kind":"text","key":"013b75b74b3c423a84a83f0eb2871855","ranges":[{"kind":"range","marks":[],"text":"https://www.slf4j.org/"}]}]},{"kind":"text","key":"46a6a62989a547439c810fec4d33deda","ranges":[{"kind":"range","marks":[],"text":" Licensed under MIT"}]}]},{"kind":"block","type":"paragraph","key":"ad3a9051496d492a9ff216ba1cc1f533","isVoid":false,"data":{},"nodes":[{"kind":"text","key":"fa4e82b26d624fc4a30f952e8025f5f6","ranges":[{"kind":"range","marks":[],"text":"stax2-api Copyright (c) 2013-2019 Tatu Saloranta. "}]},{"kind":"inline","type":"link","key":"e430a417c24a4ad9baad24cf51633e5d","isVoid":false,"data":{"href":"https://github.com/FasterXML/stax2-api"},"nodes":[{"kind":"text","key":"e55c3fe903e54757a328d03fa068bd6a","ranges":[{"kind":"range","marks":[],"text":"https://github.com/FasterXML/stax2-api"}]}]},{"kind":"text","key":"b8c0e63bdd694301bb922c885c07cd3b","ranges":[{"kind":"range","marks":[],"text":" Licensed under BSD"}]}]},{"kind":"block","type":"paragraph","key":"40e085f993d04f388e25cdef5eb9f7ad","isVoid":false,"data":{},"nodes":[{"kind":"text","key":"a9d030d15b094c408796da23efe7e011","ranges":[{"kind":"range","marks":[],"text":"woodstox-core-asl Copyright (c) 2014-2019 Tatu Saloranta. "}]},{"kind":"inline","type":"link","key":"b41a5b85aa7f4944aa1b4560b63d66eb","isVoid":false,"data":{"href":"https://github.com/FasterXML/woodstox"},"nodes":[{"kind":"text","key":"4b1abe6f2ac74c8c821bd286a20ef22f","ranges":[{"kind":"range","marks":[],"text":"https://github.com/FasterXML/woodstox"}]}]},{"kind":"text","key":"f749d1ff59284345aa1ed49c92c38214","ranges":[{"kind":"range","marks":[],"text":" Licensed under Apache2"}]}]},{"kind":"block","type":"paragraph","key":"75bbc4f2b04b4867b56b1cf0dbb244d4","isVoid":false,"data":{},"nodes":[{"kind":"text","key":"c81738e3ed6b461db6ab1f795bb5126d","ranges":[{"kind":"range","marks":[],"text":"xmlsec Copyright (c) 2002-2016 Aleksey Sanin. "}]},{"kind":"inline","type":"link","key":"1393de3fbdbf4576b67857b78e918032","isVoid":false,"data":{"href":"https://www.aleksey.com/xmlsec/"},"nodes":[{"kind":"text","key":"c4c4212d02f64f978d9f4ae9cfcc53ba","ranges":[{"kind":"range","marks":[],"text":"https://www.aleksey.com/xmlsec/"}]}]},{"kind":"text","key":"4a626320123d488a89d44bad31e89895","ranges":[{"kind":"range","marks":[],"text":" Licensed under MIT"}]}]},{"kind":"block","type":"paragraph","key":"bd82b7376afa416f8bf238cb70587109","isVoid":false,"data":{},"nodes":[{"kind":"text","key":"ead97d67c62649e38c39102bbd0c19c2","ranges":[{"kind":"range","marks":[],"text":"yamlbeans Copyright (c) 2008 Nathan Sweet. "}]},{"kind":"inline","type":"link","key":"2bf82a35ebbe477e8991bc2121d98c1b","isVoid":false,"data":{"href":"https://github.com/EsotericSoftware/yamlbeans"},"nodes":[{"kind":"text","key":"523121c382d447c898e2b1348c9d9e56","ranges":[{"kind":"range","marks":[],"text":"https://github.com/EsotericSoftware/yamlbeans"}]}]},{"kind":"text","key":"3226879894b84786983b143fa387526b","ranges":[{"kind":"range","marks":[],"text":" Licensed under MIT"}]}]},{"kind":"block","type":"paragraph","key":"a51a9074414542bb987ece57b1d74577","isVoid":false,"data":{},"nodes":[{"kind":"text","key":"e8e56c5df1584283ac23567fef99fd41","ranges":[{"kind":"range","marks":[],"text":"zookeeper Copyright (c) 2010-2018 The Apache Software Foundation. "}]},{"kind":"inline","type":"link","key":"fcf85d59510d4f8b8219fe2b9bd00ef5","isVoid":false,"data":{"href":"https://zookeeper.apache.org/"},"nodes":[{"kind":"text","key":"53a04b876b4f4c32a0149947aab9cd68","ranges":[{"kind":"range","marks":[],"text":"https://zookeeper.apache.org/"}]}]},{"kind":"text","key":"e6e6bedcafd8409f97ced5aa8e7841d8","ranges":[{"kind":"range","marks":[],"text":" Licensed under Apache2"}]}]},{"kind":"block","type":"paragraph","key":"ba7ce4e1af32473890b453b4ee2a7421","isVoid":false,"data":{},"nodes":[{"kind":"text","key":"096b9edbdff74fd5a20f72df1c24d396","ranges":[{"kind":"range","marks":[],"text":"gson Copyright (c) 2008-2019 Google. "}]},{"kind":"inline","type":"link","key":"39548ddae01b48cc832b6ce0af2119da","isVoid":false,"data":{"href":"https://github.com/google/gson"},"nodes":[{"kind":"text","key":"bb589734536844919efd8429e0811f1c","ranges":[{"kind":"range","marks":[],"text":"https://github.com/google/gson"}]}]},{"kind":"text","key":"0df575b97a3b49749024c38c789713b5","ranges":[{"kind":"range","marks":[],"text":" Licensed under Apache2"}]}]},{"kind":"block","type":"paragraph","key":"72141f799e7b4642aaab1f0665e836c8","isVoid":false,"data":{},"nodes":[{"kind":"text","key":"ae8c170aef8b46e0a73233f6ce11a038","ranges":[{"kind":"range","marks":[],"text":"javacc Copyright (c) 2006 Sun Microsystems. "}]},{"kind":"inline","type":"link","key":"28faf7b1f9424c04960519839e4f3d38","isVoid":false,"data":{"href":"https://javacc.org/"},"nodes":[{"kind":"text","key":"e138469778f446298d07d9c4b6664d07","ranges":[{"kind":"range","marks":[],"text":"https://javacc.org/"}]}]},{"kind":"text","key":"6d588f05ad1b4408a49c313700dae9f2","ranges":[{"kind":"range","marks":[],"text":" Licensed under BSD3"}]}]},{"kind":"block","type":"paragraph","key":"236831ae70654049913cc5b53b7d8048","isVoid":false,"data":{},"nodes":[{"kind":"text","key":"ce2016b175da47e5875fb7dc454dfe1b","ranges":[{"kind":"range","marks":[],"text":"javacpp Copyright (c) 1989 Ty Coon. "}]},{"kind":"inline","type":"link","key":"dc27040482614aebaab8e053ed0c9adc","isVoid":false,"data":{"href":"https://github.com/bytedeco/javacpp"},"nodes":[{"kind":"text","key":"d566fb22f68548e6a229ad0bca2b4f96","ranges":[{"kind":"range","marks":[],"text":"https://github.com/bytedeco/javacpp"}]}]},{"kind":"text","key":"17df51bd8a0a4c5c9662bd2e85c0e509","ranges":[{"kind":"range","marks":[],"text":" Licensed under Apache"}]}]},{"kind":"block","type":"paragraph","key":"0da0eb8b65ae4a75b1410e8c24a108c5","isVoid":false,"data":{},"nodes":[{"kind":"text","key":"55518cabaa3b4b0ca2df43ba5ff17ae7","ranges":[{"kind":"range","marks":[],"text":"murmurhash Copyright (c) 2010-2019 aapleby. "}]},{"kind":"inline","type":"link","key":"0cbb7766d3204f5b8aaa9026616f170d","isVoid":false,"data":{"href":"https://github.com/aappleby/smhasher"},"nodes":[{"kind":"text","key":"853ad769ddc940189122f7709f69008d","ranges":[{"kind":"range","marks":[],"text":"https://github.com/aappleby/smhasher"}]}]},{"kind":"text","key":"4ddf0e8a000243478b59890ff8dee524","ranges":[{"kind":"range","marks":[],"text":" Licensed under MIT"}]}]},{"kind":"block","type":"paragraph","key":"042123be56ab49bfa3ac343890666030","isVoid":false,"data":{},"nodes":[{"kind":"text","key":"42cf7d599e654ac8bf56f381c462fdac","ranges":[{"kind":"range","marks":[],"text":"kafka Copyright (c) 2017 The Apache Software Foundation. "}]},{"kind":"inline","type":"link","key":"896625624ba4484981566913c110469f","isVoid":false,"data":{"href":"https://kafka.apache.org/"},"nodes":[{"kind":"text","key":"57191bd404c94894b6e19128d96cc75f","ranges":[{"kind":"range","marks":[],"text":"https://kafka.apache.org/"}]}]},{"kind":"text","key":"009fe3dd7f714c7495a5b161813dbc6c","ranges":[{"kind":"range","marks":[],"text":" Licensed under Apache2"}]}]},{"kind":"block","type":"paragraph","key":"a570eb0bc6684c3f85313f06e5e9bfa8","isVoid":false,"data":{},"nodes":[{"kind":"text","key":"b18ed15039f444adb3c5a49ec14375c9","ranges":[{"kind":"range","marks":[],"text":"librdkafka Copyright (c) 2012-2018 Magnus Edenhill. "}]},{"kind":"inline","type":"link","key":"974dcb9a01994d63b4166787e9bc99b1","isVoid":false,"data":{"href":"https://github.com/edenhill/librdkafka"},"nodes":[{"kind":"text","key":"c9be97ef4fe24f708e45380e247320dd","ranges":[{"kind":"range","marks":[],"text":"https://github.com/edenhill/librdkafka"}]}]},{"kind":"text","key":"ae9ea59507ce4efdb0f62c5babd2f97a","ranges":[{"kind":"range","marks":[],"text":" Licensed under BSD2"}]}]},{"kind":"block","type":"paragraph","key":"7a94ecacd0f44eb7a652fd652f2d87da","isVoid":false,"data":{},"nodes":[{"kind":"text","key":"cf84b0e47af949c18ae24de18f970486","ranges":[{"kind":"range","marks":[],"text":"libfcgi Copyright (c) 2012-2019 toshic. "}]},{"kind":"inline","type":"link","key":"88cd9a60ba924010b09e9dee84a96f1a","isVoid":false,"data":{"href":"https://github.com/toshic/libfcgi"},"nodes":[{"kind":"text","key":"c77447446cd14ddd8ba7cd282bddf10a","ranges":[{"kind":"range","marks":[],"text":"https://github.com/toshic/libfcgi"}]}]},{"kind":"text","key":"adbef15da8254c26816cc313060efdca","ranges":[{"kind":"range","marks":[],"text":" Licensed under FCGI"}]}]},{"kind":"block","type":"paragraph","key":"53f8cc7d672144d7a82d4d2a38300fbd","isVoid":false,"data":{},"nodes":[{"kind":"text","key":"11bb6a66332b443f920612987796fa4f","ranges":[{"kind":"range","marks":[],"text":"zlib Copyright (c) 1995-2017 Jean-loup Gailly. "}]},{"kind":"inline","type":"link","key":"fa33627ec88040b6bd67f9a1eb02d1aa","isVoid":false,"data":{"href":"https://zlib.net/"},"nodes":[{"kind":"text","key":"33d1d104a60e414db1253e462c828070","ranges":[{"kind":"range","marks":[],"text":"https://zlib.net/"}]}]},{"kind":"text","key":"8e75a5f62f684818ad5e1ae4bd0b77ca","ranges":[{"kind":"range","marks":[],"text":" Licensed under ZLIB"}]}]},{"kind":"block","type":"paragraph","key":"35f4f7ca3dea434a81ca9ababe0fe458","isVoid":false,"data":{},"nodes":[{"kind":"text","key":"4d6c5d66317e46768e9d1bc7f694ad51","ranges":[{"kind":"range","marks":[],"text":"libcurl Copyright (c) 1996-2019 Daniel Stenberg. "}]},{"kind":"inline","type":"link","key":"2f636a0778474f2caa91ffe5ac6e72b3","isVoid":false,"data":{"href":"https://curl.haxx.se/libcurl/"},"nodes":[{"kind":"text","key":"991ae9ff4c8b4cd9aeb25b3bdb5ab9a7","ranges":[{"kind":"range","marks":[],"text":"https://curl.haxx.se/libcurl/"}]}]},{"kind":"text","key":"64c29603a8b947a5a70e4e646616945b","ranges":[{"kind":"range","marks":[],"text":" Licensed under CURL"}]}]},{"kind":"block","type":"paragraph","key":"30460ea4b678483a970cca9a6f69df3d","isVoid":false,"data":{},"nodes":[{"kind":"text","key":"7181b55977d64d9cb7748fcb7769ce92","ranges":[{"kind":"range","marks":[],"text":"zeromq Copyright (c) 2007-2016 various copyright holders. "}]},{"kind":"inline","type":"link","key":"be85799ea31947bbb6ae853632c5d8b2","isVoid":false,"data":{"href":"http://zeromq.org/"},"nodes":[{"kind":"text","key":"ca65292da02a43a29f0bd88a26b2ad75","ranges":[{"kind":"range","marks":[],"text":"http://zeromq.org/"}]}]},{"kind":"text","key":"3bcca8ae009b4851b446ba5ef56c29f7","ranges":[{"kind":"range","marks":[],"text":" Licensed under LGPL3"}]}]},{"kind":"block","type":"paragraph","key":"8ae8a553915241d5ad258637d4c72735","isVoid":false,"data":{},"nodes":[{"kind":"text","key":"93683994c8be43bd9535ca1945a03871","ranges":[{"kind":"range","marks":[],"text":"libhttp_parser Copyright (c) 2009-2019 Joyent. "}]},{"kind":"inline","type":"link","key":"8561a22dbbaa444b8ea8c74e114041d6","isVoid":false,"data":{"href":"https://github.com/nodejs/http-parser"},"nodes":[{"kind":"text","key":"62906845665f4b85ba5eeac029c02f07","ranges":[{"kind":"range","marks":[],"text":"https://github.com/nodejs/http-parser"}]}]},{"kind":"text","key":"ce5866c93f6e4d648dd2e4525adadf8b","ranges":[{"kind":"range","marks":[],"text":" Licensed under MIT"}]}]},{"kind":"block","type":"paragraph","key":"5f5f88180f2b446cadae41afa30a6e8e","isVoid":false,"data":{},"nodes":[{"kind":"text","key":"1a15dad9f4dc4f97937d9c92c56551b6","ranges":[{"kind":"range","marks":[],"text":"yaml-cpp Copyright (c) 2008-2015 Jesse Beder. "}]},{"kind":"inline","type":"link","key":"802f0a1da28c4a80958ede06925289a8","isVoid":false,"data":{"href":"https://github.com/jbeder/yaml-cpp"},"nodes":[{"kind":"text","key":"d5c07dc77fb14015a66bc3a5dbb990bd","ranges":[{"kind":"range","marks":[],"text":"https://github.com/jbeder/yaml-cpp"}]}]},{"kind":"text","key":"3ee22f85500945fa9247e055f092a46e","ranges":[{"kind":"range","marks":[],"text":" Licensed under MIT"}]}]},{"kind":"block","type":"paragraph","key":"53f54f798a204f36bdfc3aff12b2a233","isVoid":false,"data":{},"nodes":[{"kind":"text","key":"c55c415a2c414759872cba65064c2dbe","ranges":[{"kind":"range","marks":[],"text":"cryptopp Copyright (c) 1995-2016 Wei Dai. "}]},{"kind":"inline","type":"link","key":"858598cee0c64e20bb22ebfb48202250","isVoid":false,"data":{"href":"https://www.cryptopp.com/"},"nodes":[{"kind":"text","key":"395c1028268c46dcac412889362af39f","ranges":[{"kind":"range","marks":[],"text":"https://www.cryptopp.com/"}]}]},{"kind":"text","key":"7d2ec10a35d74881983dc54f326e26bb","ranges":[{"kind":"range","marks":[],"text":" Licensed under BOOST"}]}]},{"kind":"block","type":"paragraph","key":"af1d585d97304960af12e6661e5ca42f","isVoid":false,"data":{},"nodes":[{"kind":"text","key":"d9a23a7706814d71b7663f4ea5367b0d","ranges":[{"kind":"range","marks":[],"text":"boost Copyright (c) 1998-2005 Beman Dawes, David Abrahams. "}]},{"kind":"inline","type":"link","key":"83e77c95051d439c9a06c8eb1229f0ed","isVoid":false,"data":{"href":"https://www.boost.org/"},"nodes":[{"kind":"text","key":"7e1dc4219ff046f9b738ad35f2297df9","ranges":[{"kind":"range","marks":[],"text":"https://www.boost.org/"}]}]},{"kind":"text","key":"1c520459734046a39720582d2a0fcac1","ranges":[{"kind":"range","marks":[],"text":" Licensed under BOOST"}]}]},{"kind":"block","type":"paragraph","key":"535d2d2baa3b4d13a8e3ed5bee8b7831","isVoid":false,"data":{},"nodes":[{"kind":"text","key":"2ff2204a79ca4a09a5269c496146427e","ranges":[{"kind":"range","marks":[],"text":"snappy Copyright (c) 2011 Google, Inc. "}]},{"kind":"inline","type":"link","key":"803bb0e09c224c9eba581528cfb7cf1e","isVoid":false,"data":{"href":"https://github.com/google/snappy"},"nodes":[{"kind":"text","key":"45a6c31ce8384238b652b2a23aac74ee","ranges":[{"kind":"range","marks":[],"text":"https://github.com/google/snappy"}]}]},{"kind":"text","key":"26be5a8cf22f4f7e8bf53ec31fe4535f","ranges":[{"kind":"range","marks":[],"text":" Licensed under BSD3"}]}]},{"kind":"block","type":"paragraph","key":"03b2cf7e445d4cdf9f4729738aaeda46","isVoid":false,"data":{},"nodes":[{"kind":"text","key":"745c64b5d21c4e5699c75b3657f8dd97","ranges":[{"kind":"range","marks":[],"text":"jsoncpp Copyright (c) 2007-2010 Baptiste Lepilleur. "}]},{"kind":"inline","type":"link","key":"64fca08ea9dd4de3b2dd835a239015c0","isVoid":false,"data":{"href":"https://github.com/open-source-parsers/jsoncpp"},"nodes":[{"kind":"text","key":"50886cb4efbc423caf5b75df690496e7","ranges":[{"kind":"range","marks":[],"text":"https://github.com/open-source-parsers/jsoncpp"}]}]},{"kind":"text","key":"a351c28a6ca14bc2b5d843eafb2ca3f9","ranges":[{"kind":"range","marks":[],"text":" Licensed under MIT"}]}]},{"kind":"block","type":"paragraph","key":"5f864b556f364d05b2111374dbbf8c32","isVoid":false,"data":{},"nodes":[{"kind":"text","key":"8fb89ff9fb0049e3827073b28893927a","ranges":[{"kind":"range","marks":[],"text":"cereal Copyright (c) 2014 Randolph Voorhies, Shane Grant. "}]},{"kind":"inline","type":"link","key":"1d6d4fea3acd40b9a03937bef163d915","isVoid":false,"data":{"href":"https://github.com/USCiLab/cereal"},"nodes":[{"kind":"text","key":"966180f3ea7847a088d2d4762e6fada8","ranges":[{"kind":"range","marks":[],"text":"https://github.com/USCiLab/cereal"}]}]},{"kind":"text","key":"8c30f3062431442883cf2385af1d0b76","ranges":[{"kind":"range","marks":[],"text":" Licensed under BSD3"}]}]},{"kind":"block","type":"paragraph","key":"92d1e81a335a4de0807dc8d7bb987f0e","isVoid":false,"data":{},"nodes":[{"kind":"text","key":"33158d58d2b5466cb6740032524cd88e","ranges":[{"kind":"range","marks":[],"text":"nginx Copyright (c) 2011-2018 nginx. "}]},{"kind":"inline","type":"link","key":"72c65e4d403b485abff0e636fa5c576a","isVoid":false,"data":{"href":"http://nginx.org/"},"nodes":[{"kind":"text","key":"08168c3eaac1421f95391c76997b54c6","ranges":[{"kind":"range","marks":[],"text":"http://nginx.org/"}]}]},{"kind":"text","key":"d6b4fef467e7474cb61c9346fe5a23cd","ranges":[{"kind":"range","marks":[],"text":" Licensed under BSD2"}]}]},{"kind":"block","type":"paragraph","key":"886cc18e25114c4da7dcf2546a11b9d0","isVoid":false,"data":{},"nodes":[{"kind":"text","key":"01ee68bc43374968bd565cd4474196d2","ranges":[{"kind":"range","marks":[],"text":"jemalloc Copyright (c) 2002-2018 Jason Evans, (c) 2007-2012 Mozilla Foundation, (c) 2009-2018 Facebook, Inc. "}]},{"kind":"inline","type":"link","key":"557779a36b7943dab8b91872fa3b99f6","isVoid":false,"data":{"href":"http://jemalloc.net/"},"nodes":[{"kind":"text","key":"88a770f0edf345cdb98f57dd88193833","ranges":[{"kind":"range","marks":[],"text":"http://jemalloc.net/"}]}]},{"kind":"text","key":"7512e73e08ca4ba18bc66f1035a48010","ranges":[{"kind":"range","marks":[],"text":" Licensed under BSD2"}]}]},{"kind":"block","type":"paragraph","key":"6db6c82300644b2a94b26696a29ab346","isVoid":false,"data":{},"nodes":[{"kind":"text","key":"948e08a629eb407e9dd0319a77bcd4e7","ranges":[{"kind":"range","marks":[],"text":"sparsehash Copyright (c) 2005 Google. "}]},{"kind":"inline","type":"link","key":"ab0997dccf0f4a8aa0c563d0c5df74fb","isVoid":false,"data":{"href":"https://github.com/sparsehash/sparsehash"},"nodes":[{"kind":"text","key":"30616267b864484f9cc961dd18da8d82","ranges":[{"kind":"range","marks":[],"text":"https://github.com/sparsehash/sparsehash"}]}]},{"kind":"text","key":"9c98669120f84d8d925e07a9c46c5488","ranges":[{"kind":"range","marks":[],"text":" Licensed under BSD3"}]}]},{"kind":"block","type":"paragraph","key":"f99cbff246dc4a93ba6aaea7a0e52126","isVoid":false,"data":{},"nodes":[{"kind":"text","key":"290168a7d81f45789625deb7759e6315","ranges":[{"kind":"range","marks":[],"text":"rapidjson Copyright (c) 2006-2013 Alexander Chemeris. "}]},{"kind":"inline","type":"link","key":"5e051315369845dd83e71f202ed2393a","isVoid":false,"data":{"href":"https://github.com/Tencent/rapidjson"},"nodes":[{"kind":"text","key":"4bc35c5719d64df59c0bd52c75e88ed2","ranges":[{"kind":"range","marks":[],"text":"https://github.com/Tencent/rapidjson"}]}]},{"kind":"text","key":"14d70df0453e4d76950472e72207e38b","ranges":[{"kind":"range","marks":[],"text":" Licensed under MIT"}]}]},{"kind":"block","type":"paragraph","key":"025632d1138f48989d895bcce0e3fd1d","isVoid":false,"data":{},"nodes":[{"kind":"text","key":"ae43deec6e1f42c38129d76502a76edd","ranges":[{"kind":"range","marks":[],"text":"openjdk Copyright (c) 2019 Oracle. "}]},{"kind":"inline","type":"link","key":"5b5e149a4c9944b5b5d0d3e1a4228ca0","isVoid":false,"data":{"href":"https://openjdk.java.net/"},"nodes":[{"kind":"text","key":"5b80e865e96f424b90b965ecdaab7902","ranges":[{"kind":"range","marks":[],"text":"https://openjdk.java.net/"}]}]},{"kind":"text","key":"f86d1d7740904a4a8e8f63b3701e9e10","ranges":[{"kind":"range","marks":[],"text":" Licensed under GPL2+CE GPL2 with Classpath Exception: Clarification that the using the licensed code with other code does not require that other code to be GPL2 compatible."}]}]},{"kind":"block","type":"paragraph","key":"804a9ba3780a432d9138a128e2447624","isVoid":false,"data":{},"nodes":[{"kind":"text","key":"5ea7ae4a6d4d4ebb983c8d45aace9b32","ranges":[{"kind":"range","marks":[],"text":"gcc Copyright (c) 1992-2017 Free Software Foundation. "}]},{"kind":"inline","type":"link","key":"3efe049f346b4e13b393419a1c4bf644","isVoid":false,"data":{"href":"https://gcc.gnu.org/"},"nodes":[{"kind":"text","key":"aea8ef38ea2440ec86b0ab8de4a8a380","ranges":[{"kind":"range","marks":[],"text":"https://gcc.gnu.org/"}]}]},{"kind":"text","key":"1fc14bfa3ec74d0db660ec3c03c12b9d","ranges":[{"kind":"range","marks":[],"text":" (gcc) Licensed under GPL3, with Runtime Library Exception The GCC license provides an exception to GPLv3 to allow compilation of non- GPL (including proprietary) programs to use, in this way, the header files and runtime libraries covered by this Exception. The complete terms are available at "}]},{"kind":"inline","type":"link","key":"20f8980ccbbb4558b7335a79ff561986","isVoid":false,"data":{"href":"https://www.gnu.org/licenses/gcc-exception.html"},"nodes":[{"kind":"text","key":"0e7998dcb40a4a0a98c86aba2b69def5","ranges":[{"kind":"range","marks":[],"text":"https://www.gnu.org/licenses/gcc-exception.html"}]}]},{"kind":"text","key":"19034dd04f3a4759bbcfd95470b4a1b6","ranges":[{"kind":"range","marks":[],"text":""}]}]},{"kind":"block","type":"paragraph","key":"4c01e950bbf24bc2a8c43934dbcc0a1b","isVoid":false,"data":{},"nodes":[{"kind":"text","key":"59eae8046e2342279a8d134a3dfdeaf3","ranges":[{"kind":"range","marks":[],"text":"tsar Copyright (c) 2004 Apache. "}]},{"kind":"inline","type":"link","key":"4fcc3a7604314fbb9695b3c069086b40","isVoid":false,"data":{"href":"https://github.com/alibaba/tsar"},"nodes":[{"kind":"text","key":"b44b1eb3dd3d40499b0cc56ae1cc9215","ranges":[{"kind":"range","marks":[],"text":"https://github.com/alibaba/tsar"}]}]},{"kind":"text","key":"7a0b72d8107d4752a0bc68d8fabb3a10","ranges":[{"kind":"range","marks":[],"text":" Licensed under Apache2"}]}]},{"kind":"block","type":"paragraph","key":"71b981e9cfe84a9aa55c72611eadc04a","isVoid":false,"data":{},"nodes":[{"kind":"text","key":"38dafa6bd420499ba44fb7bfecc7a877","ranges":[{"kind":"range","marks":[],"text":"gperftools Copyright (c) 2005 Google. "}]},{"kind":"inline","type":"link","key":"c52d36e8e743485093de86929519233f","isVoid":false,"data":{"href":"https://github.com/gperftools/gperftools"},"nodes":[{"kind":"text","key":"f2fe64c012c54a39aa6a39c0d20eda5a","ranges":[{"kind":"range","marks":[],"text":"https://github.com/gperftools/gperftools"}]}]},{"kind":"text","key":"8adee22e33174ff7980bbbc88dbaabb9","ranges":[{"kind":"range","marks":[],"text":" (we use its tcmalloc) Licensed under BSD3"}]}]},{"kind":"block","type":"paragraph","key":"5a91103f24af45bf8abe8d30b0069dcc","isVoid":false,"data":{},"nodes":[{"kind":"text","key":"34b56f9fd69f4a6598e01424a326fa65","ranges":[{"kind":"range","marks":[],"text":"python 2.7 Copyright (c) 2001-2019 Python. "}]},{"kind":"inline","type":"link","key":"22c0ddcaf5ac4b45b61b711e3abe969c","isVoid":false,"data":{"href":"https://www.python.org/download/releases/2.7/license/"},"nodes":[{"kind":"text","key":"877157aed12b4484bd7a156429121e29","ranges":[{"kind":"range","marks":[],"text":"https://www.python.org/download/releases/2.7/license/"}]}]},{"kind":"text","key":"fd9ce62631ec40e1b39ecb6b0ab4ad61","ranges":[{"kind":"range","marks":[],"text":" Licensed under Python2"}]}]},{"kind":"block","type":"paragraph","key":"869d83ad76404e4b81b3cdb0fba5c4b3","isVoid":false,"data":{},"nodes":[{"kind":"text","key":"7e6117c3a8c4465f9e1974ff76610423","ranges":[{"kind":"range","marks":[],"text":"======================================================================="}]}]},{"kind":"block","type":"heading-1","key":"aa4423c4956f4cf98d1ddacb7f99c810","isVoid":false,"data":{},"nodes":[{"kind":"text","key":"d2b429e5768040e99f029790164274e6","ranges":[{"kind":"range","marks":[],"text":"Section 2. Table of license types."}]}]},{"kind":"block","type":"paragraph","key":"1b6aec38a6974f8b855968d8cfca9d34","isVoid":false,"data":{},"nodes":[{"kind":"text","key":"f041da16b64d4255b0cc14a8a124a3bc","ranges":[{"kind":"range","marks":[],"text":"The following table explains the license abbreviations used in the list of TigerGraph Third Party Software. A link is provided to an official source for each license."}]}]},{"kind":"block","type":"table","key":"fdcd3a53f6e64765bcdfff2cdc4e71b0","isVoid":false,"data":{"aligns":["left","left"]},"nodes":[{"kind":"block","type":"table-row","key":"3ad98b92a6c24a46bf17ccbf6351748d","isVoid":false,"data":{},"nodes":[{"kind":"block","type":"table-cell","key":"41151e1606ea466fa68eccce69be7b92","isVoid":false,"data":{},"nodes":[{"kind":"block","type":"paragraph","key":"db4a158f67ee46ad9b59ac65c5daf7d8","isVoid":false,"data":{},"nodes":[{"kind":"text","key":"972a9cf1e41a4f5393d9574681e159e5","ranges":[{"kind":"range","marks":[],"text":"Abbreviation"}]}]}]},{"kind":"block","type":"table-cell","key":"3ce167a58c7c4adfb49367db78e63472","isVoid":false,"data":{},"nodes":[{"kind":"block","type":"paragraph","key":"b23d5dde131545d983ac3f2f0bd8bc33","isVoid":false,"data":{},"nodes":[{"kind":"text","key":"d3516943c3be4c29b4a83fd7c6d53da7","ranges":[{"kind":"range","marks":[],"text":"License Name and Source"}]}]}]}]},{"kind":"block","type":"table-row","key":"b47a2853b9404666b69d2348f5c7e07b","isVoid":false,"data":{},"nodes":[{"kind":"block","type":"table-cell","key":"ec7182b0ca93470f9bc2fa5654ab969c","isVoid":false,"data":{},"nodes":[{"kind":"block","type":"paragraph","key":"ddd2f23d0ec9484780fce4c4c051c295","isVoid":false,"data":{},"nodes":[{"kind":"text","key":"4cdcf906f0074699ac277a60d3c6bd0b","ranges":[{"kind":"range","marks":[],"text":"AGPL3"}]}]}]},{"kind":"block","type":"table-cell","key":"8ac4cd37fdd0429cb03300abdc6263c1","isVoid":false,"data":{},"nodes":[{"kind":"block","type":"paragraph","key":"45c02268fcdf412985940ab52d75a899","isVoid":false,"data":{},"nodes":[{"kind":"text","key":"97a45acd09de413ebdccdb0fe0615ecb","ranges":[{"kind":"range","marks":[],"text":"GNU Affero General Public License version 3"}]}]},{"kind":"block","type":"paragraph","key":"67c6a8b5dbea427aa3c4ac7b14cd62ea","isVoid":false,"data":{},"nodes":[{"kind":"text","key":"bb99759e78d240c5b24b1b22f7ec1b21","ranges":[{"kind":"range","marks":[],"text":""}]},{"kind":"inline","type":"link","key":"e0653e85e9434989a2ad46719f2c25ff","isVoid":false,"data":{"href":"https://www.gnu.org/licenses/agpl-3.0.en.html"},"nodes":[{"kind":"text","key":"2867dc7ac6b94de0901b9f28a92288d0","ranges":[{"kind":"range","marks":[],"text":"https://www.gnu.org/licenses/agpl-3.0.en.html"}]}]},{"kind":"text","key":"643db73fe8654a6791a0764b39891f32","ranges":[{"kind":"range","marks":[],"text":""}]}]}]}]},{"kind":"block","type":"table-row","key":"95a5e152a3d8441dad1fa0298423c45b","isVoid":false,"data":{},"nodes":[{"kind":"block","type":"table-cell","key":"23a1befbc4f449bebc3c79920578d846","isVoid":false,"data":{},"nodes":[{"kind":"block","type":"paragraph","key":"9e755570135d49b28b9a793df683ec16","isVoid":false,"data":{},"nodes":[{"kind":"text","key":"954ef11f044b4dacac0bd97d2662d031","ranges":[{"kind":"range","marks":[],"text":"Apache2"}]}]}]},{"kind":"block","type":"table-cell","key":"d6ee909cecd643e1aa9abc2946c4565d","isVoid":false,"data":{},"nodes":[{"kind":"block","type":"paragraph","key":"e49bd328b714414395d9e2b05e9cd659","isVoid":false,"data":{},"nodes":[{"kind":"text","key":"37a7ba1bb87d436cad7defc6af16ab5f","ranges":[{"kind":"range","marks":[],"text":"Apache License version 2.0"}]}]},{"kind":"block","type":"paragraph","key":"e40e7b58933141129770ab4c0bd27ec2","isVoid":false,"data":{},"nodes":[{"kind":"text","key":"f5281ccab40d472aba5951c88d27a4c0","ranges":[{"kind":"range","marks":[],"text":""}]},{"kind":"inline","type":"link","key":"9811b29b25cb4d3fa66fd138471fe64f","isVoid":false,"data":{"href":"https://www.apache.org/licenses/LICENSE-2.0"},"nodes":[{"kind":"text","key":"91ee4a9ddcfb4e24a49a144b55030e55","ranges":[{"kind":"range","marks":[],"text":"https://www.apache.org/licenses/LICENSE-2.0"}]}]},{"kind":"text","key":"463c3bfb55fd466facc9cf38bed32ddf","ranges":[{"kind":"range","marks":[],"text":""}]}]}]}]},{"kind":"block","type":"table-row","key":"97329b10574c4c75b929d3e3620ffe3b","isVoid":false,"data":{},"nodes":[{"kind":"block","type":"table-cell","key":"37739702f29748a1a6c5a198b1e41257","isVoid":false,"data":{},"nodes":[{"kind":"block","type":"paragraph","key":"4c2b2f0bba824c00b06685fdd435f697","isVoid":false,"data":{},"nodes":[{"kind":"text","key":"019dbc956df54d679df2f73925266b69","ranges":[{"kind":"range","marks":[],"text":"BOOST"}]}]}]},{"kind":"block","type":"table-cell","key":"14e311e0c142496da6a399bcfce4e485","isVoid":false,"data":{},"nodes":[{"kind":"block","type":"paragraph","key":"8dc027b5c1a64fc1836c4e79f3b51963","isVoid":false,"data":{},"nodes":[{"kind":"text","key":"9e62608d52b445e28464a8b4a53d2c28","ranges":[{"kind":"range","marks":[],"text":"Boost Software License"}]}]},{"kind":"block","type":"paragraph","key":"cbfbc12bf2b247b3964c8d7c1f682391","isVoid":false,"data":{},"nodes":[{"kind":"text","key":"a3ee895d1ca94a13a0176afc2d60b8ce","ranges":[{"kind":"range","marks":[],"text":""}]},{"kind":"inline","type":"link","key":"550bf56071c9412da69c97921fa2cf04","isVoid":false,"data":{"href":"http://www.boost.org/LICENSE_1_0.txt"},"nodes":[{"kind":"text","key":"e38f98d0915247eea7277471794961a0","ranges":[{"kind":"range","marks":[],"text":"http://www.boost.org/LICENSE_1_0.txt"}]}]},{"kind":"text","key":"ad6fd678626a43d3a7992565fd148def","ranges":[{"kind":"range","marks":[],"text":"  "}]}]}]}]},{"kind":"block","type":"table-row","key":"be99632b34be4e0a89b0ad89400388a2","isVoid":false,"data":{},"nodes":[{"kind":"block","type":"table-cell","key":"fc3f1272efa0417a918a1f74be28ad85","isVoid":false,"data":{},"nodes":[{"kind":"block","type":"paragraph","key":"7d473df602d8487281e904f3bd9bbdc9","isVoid":false,"data":{},"nodes":[{"kind":"text","key":"f156e0e2eb35415592b5f8fcd7cec81a","ranges":[{"kind":"range","marks":[],"text":"BSD2"}]}]}]},{"kind":"block","type":"table-cell","key":"3aec62fbd977481eb7e9177bb6d5c64e","isVoid":false,"data":{},"nodes":[{"kind":"block","type":"paragraph","key":"8c3761f2f9944778868851522763e454","isVoid":false,"data":{},"nodes":[{"kind":"text","key":"f59850441ebd4c6ca9e1da86363c3e7f","ranges":[{"kind":"range","marks":[],"text":"2-Clause BSD (Berkeley Standard Distribution) License"}]}]},{"kind":"block","type":"paragraph","key":"896ef0f75aa6495bafbd2041de29693d","isVoid":false,"data":{},"nodes":[{"kind":"text","key":"a459cc182ef24fb3aca123b8d45640f9","ranges":[{"kind":"range","marks":[],"text":""}]},{"kind":"inline","type":"link","key":"f727a9896899480f8ae94f197aa9391b","isVoid":false,"data":{"href":"https://opensource.org/licenses/BSD-2-Clause"},"nodes":[{"kind":"text","key":"45efb03839e74d2583fde894ecb41859","ranges":[{"kind":"range","marks":[],"text":"https://opensource.org/licenses/BSD-2-Clause"}]}]},{"kind":"text","key":"77d2a1156c324017aeaf9ba3f645a9ce","ranges":[{"kind":"range","marks":[],"text":""}]}]}]}]},{"kind":"block","type":"table-row","key":"094f8ba54a794ef4bfed3c88ee3f4b0d","isVoid":false,"data":{},"nodes":[{"kind":"block","type":"table-cell","key":"107d3d7bba5e418395c7497675a27326","isVoid":false,"data":{},"nodes":[{"kind":"block","type":"paragraph","key":"e42ee8b761fc473298b5604e94169b0a","isVoid":false,"data":{},"nodes":[{"kind":"text","key":"70c0078601654debbba3ff334e5e2f59","ranges":[{"kind":"range","marks":[],"text":"BSD3"}]}]}]},{"kind":"block","type":"table-cell","key":"6c3a9e87840b4c40adef5a43b21ebd8a","isVoid":false,"data":{},"nodes":[{"kind":"block","type":"paragraph","key":"c8494e9521f64efc90726f3019869694","isVoid":false,"data":{},"nodes":[{"kind":"text","key":"3fea9fe255c349a8bd45549c9ece6170","ranges":[{"kind":"range","marks":[],"text":"3-Clause BSD (Berkeley Standard Distribution) License"}]}]},{"kind":"block","type":"paragraph","key":"daf723a33c0d4b9eba32015a5cf31f1c","isVoid":false,"data":{},"nodes":[{"kind":"text","key":"80d783f14efb4dda90bf8076e2929e59","ranges":[{"kind":"range","marks":[],"text":""}]},{"kind":"inline","type":"link","key":"8048a24fe47040df87e51a0ccbc9224f","isVoid":false,"data":{"href":"https://opensource.org/licenses/BSD-3-Clause"},"nodes":[{"kind":"text","key":"5dc1b400cc7d4bda9b464814dced3d59","ranges":[{"kind":"range","marks":[],"text":"https://opensource.org/licenses/BSD-3-Clause"}]}]},{"kind":"text","key":"78fe7f8001164c8b9c402d9ce3f6ef6d","ranges":[{"kind":"range","marks":[],"text":""}]}]}]}]},{"kind":"block","type":"table-row","key":"a5f741f57fb54255b8f9044ca89645e7","isVoid":false,"data":{},"nodes":[{"kind":"block","type":"table-cell","key":"d6292be7e19f457c8dce413f16ad2a53","isVoid":false,"data":{},"nodes":[{"kind":"block","type":"paragraph","key":"9ca2cffec0f340bca5c3a129293bb400","isVoid":false,"data":{},"nodes":[{"kind":"text","key":"ab75e19f86b34d43994fcabe6fa5f619","ranges":[{"kind":"range","marks":[],"text":"CURL"}]}]}]},{"kind":"block","type":"table-cell","key":"3da5f8db3c1d4d42bf020da10c4954b4","isVoid":false,"data":{},"nodes":[{"kind":"block","type":"paragraph","key":"ae16c5d686744b8e9c3ecedbe3bdc839","isVoid":false,"data":{},"nodes":[{"kind":"text","key":"748931216c5d410e8f544681f299d8f6","ranges":[{"kind":"range","marks":[],"text":"Curl License"}]}]},{"kind":"block","type":"paragraph","key":"6139d1eb23c141f3bf40ba4f11f82e55","isVoid":false,"data":{},"nodes":[{"kind":"text","key":"8599f4c5782940afa7d5c6529f7b5004","ranges":[{"kind":"range","marks":[],"text":""}]},{"kind":"inline","type":"link","key":"417c11a360b345ddb983bc89c5402573","isVoid":false,"data":{"href":"https://curl.haxx.se/docs/copyright.html"},"nodes":[{"kind":"text","key":"54052f8fe3774cf19680f95964096ca2","ranges":[{"kind":"range","marks":[],"text":"https://curl.haxx.se/docs/copyright.html"}]}]},{"kind":"text","key":"56f8ece572c248dc94ec671c872fda03","ranges":[{"kind":"range","marks":[],"text":""}]}]}]}]},{"kind":"block","type":"table-row","key":"d8c035855e4f45c9b62da45455c0bdd5","isVoid":false,"data":{},"nodes":[{"kind":"block","type":"table-cell","key":"c0e4a35bb35d48cb9c68ba9ac4b6d5d8","isVoid":false,"data":{},"nodes":[{"kind":"block","type":"paragraph","key":"0d976185012940968e808a9d9b76d608","isVoid":false,"data":{},"nodes":[{"kind":"text","key":"63472a4e71e24bfe8ccd2cff5abd3469","ranges":[{"kind":"range","marks":[],"text":"FCGI"}]}]}]},{"kind":"block","type":"table-cell","key":"737eabd5655845d58e210ab620bc4ccb","isVoid":false,"data":{},"nodes":[{"kind":"block","type":"paragraph","key":"3368b7713a144069a1073e1986f432df","isVoid":false,"data":{},"nodes":[{"kind":"text","key":"b01b6d831de443c99ab3a770596e9718","ranges":[{"kind":"range","marks":[],"text":"FastCGI2 License"}]}]},{"kind":"block","type":"paragraph","key":"9c87b91f3eaf40439cd95361a895ba96","isVoid":false,"data":{},"nodes":[{"kind":"text","key":"e1f9902c17454e4490427a20de010d98","ranges":[{"kind":"range","marks":[],"text":""}]},{"kind":"inline","type":"link","key":"5adfc8a45ae5470c95c030ed41f8a861","isVoid":false,"data":{"href":"https://github.com/FastCGI-Archives/fcgi2/blob/master/LICENSE.TERMS"},"nodes":[{"kind":"text","key":"10a47cbfd13841638432e719524602be","ranges":[{"kind":"range","marks":[],"text":"https://github.com/FastCGI-Archives/fcgi2/blob/master/LICENSE.TERMS"}]}]},{"kind":"text","key":"f2c26fbbe7a7496e989698ef19a82b0c","ranges":[{"kind":"range","marks":[],"text":""}]}]}]}]},{"kind":"block","type":"table-row","key":"06f48d8afd664edd8dd91852b7f34841","isVoid":false,"data":{},"nodes":[{"kind":"block","type":"table-cell","key":"ebdeb74ef0fe4569a1c6afc5db97d40d","isVoid":false,"data":{},"nodes":[{"kind":"block","type":"paragraph","key":"9c9ef830bb74406382b0d880bf0e199c","isVoid":false,"data":{},"nodes":[{"kind":"text","key":"c3d54e590d10416c8621273171c77e2c","ranges":[{"kind":"range","marks":[],"text":"GPL2"}]}]}]},{"kind":"block","type":"table-cell","key":"5787b77ad8fa479faa8dfa9945386651","isVoid":false,"data":{},"nodes":[{"kind":"block","type":"paragraph","key":"d888e409bc77481ea47222dc70b76c35","isVoid":false,"data":{},"nodes":[{"kind":"text","key":"032570ea60b645f99d18d6c0a9db1800","ranges":[{"kind":"range","marks":[],"text":"GNU General Public License version 2.0"}]}]},{"kind":"block","type":"paragraph","key":"6b3ccafe61774217b7539dbed539aad3","isVoid":false,"data":{},"nodes":[{"kind":"text","key":"207a5c90e7534574967751d8adca1fff","ranges":[{"kind":"range","marks":[],"text":""}]},{"kind":"inline","type":"link","key":"d84933b2374d4ebe94315b5be3c2b61d","isVoid":false,"data":{"href":"https://www.gnu.org/licenses/old-licenses/gpl-2.0.en.html"},"nodes":[{"kind":"text","key":"be85ff3c7d8140259f608ed8775f1dec","ranges":[{"kind":"range","marks":[],"text":"https://www.gnu.org/licenses/old-licenses/gpl-2.0.en.html"}]}]},{"kind":"text","key":"f1690e3549bc4f69ad78ed4a1c823493","ranges":[{"kind":"range","marks":[],"text":""}]}]}]}]},{"kind":"block","type":"table-row","key":"b4a610f483854373aa883f75e553b42c","isVoid":false,"data":{},"nodes":[{"kind":"block","type":"table-cell","key":"071248f5284849839ff4f7aed6c54545","isVoid":false,"data":{},"nodes":[{"kind":"block","type":"paragraph","key":"6e903a07d08a4bfc960e881eca68cf53","isVoid":false,"data":{},"nodes":[{"kind":"text","key":"1361357aecb84bb282f834f053bbde3d","ranges":[{"kind":"range","marks":[],"text":"GPL2+CE"}]}]}]},{"kind":"block","type":"table-cell","key":"67d8b07a292746628d9ec7cbc877e811","isVoid":false,"data":{},"nodes":[{"kind":"block","type":"paragraph","key":"4b1e4c6c048f4faba33174bfd8e1bf17","isVoid":false,"data":{},"nodes":[{"kind":"text","key":"a42e75d97e6d4d2baf10e4082b88300a","ranges":[{"kind":"range","marks":[],"text":"GNU General Public License, version 2, with the Classpath Exception"}]}]},{"kind":"block","type":"paragraph","key":"408a7b7d57e44a2c96df37e2e215b52f","isVoid":false,"data":{},"nodes":[{"kind":"text","key":"00d0a23da8f74f3a85e4b3c0550364ea","ranges":[{"kind":"range","marks":[],"text":""}]},{"kind":"inline","type":"link","key":"59e3f5dc77484d5989620f1160ed5f1b","isVoid":false,"data":{"href":"https://openjdk.java.net/legal/gplv2+ce.html"},"nodes":[{"kind":"text","key":"bd4994521ea84328864404c7b9f77d00","ranges":[{"kind":"range","marks":[],"text":"https://openjdk.java.net/legal/gplv2+ce.html"}]}]},{"kind":"text","key":"5d83da1518ea4dff842456da26d32d51","ranges":[{"kind":"range","marks":[],"text":""}]}]}]}]},{"kind":"block","type":"table-row","key":"9382d446df9c45be9db788737d04559f","isVoid":false,"data":{},"nodes":[{"kind":"block","type":"table-cell","key":"57a823c9a1f9469f8247c80ddac1a36f","isVoid":false,"data":{},"nodes":[{"kind":"block","type":"paragraph","key":"6a926cfe371e40d5b2f4cf16736c7004","isVoid":false,"data":{},"nodes":[{"kind":"text","key":"745175664a4542a091e640cd6bb93ddd","ranges":[{"kind":"range","marks":[],"text":"GNU"}]}]}]},{"kind":"block","type":"table-cell","key":"08a9a3a3f2454d699d96f4f22393e380","isVoid":false,"data":{},"nodes":[{"kind":"block","type":"paragraph","key":"6afcec1d48ba48d482ab88fcf2829302","isVoid":false,"data":{},"nodes":[{"kind":"text","key":"3385247dff4d40a79f9c58be01889f67","ranges":[{"kind":"range","marks":[],"text":"General Public License version 3.0"}]}]},{"kind":"block","type":"paragraph","key":"1259c5d441694174b04bc248b4b6e66f","isVoid":false,"data":{},"nodes":[{"kind":"text","key":"8999957d593344ff9052d1675d29db1b","ranges":[{"kind":"range","marks":[],"text":""}]},{"kind":"inline","type":"link","key":"9da8f27d919f47bd9b864aea93c83498","isVoid":false,"data":{"href":"https://www.gnu.org/licenses/gpl-3.0.en.html"},"nodes":[{"kind":"text","key":"b5a4be35b56343229179b18e743d13c2","ranges":[{"kind":"range","marks":[],"text":"https://www.gnu.org/licenses/gpl-3.0.en.html"}]}]},{"kind":"text","key":"b5b8337447ca44c78928cd1a75e2a989","ranges":[{"kind":"range","marks":[],"text":""}]}]}]}]},{"kind":"block","type":"table-row","key":"47f79999182c48b78e63fe7aa8919319","isVoid":false,"data":{},"nodes":[{"kind":"block","type":"table-cell","key":"19e70bb3d81d46298f0aa4784cc72819","isVoid":false,"data":{},"nodes":[{"kind":"block","type":"paragraph","key":"3ef8a5024efb4bb48d178d71df20ed17","isVoid":false,"data":{},"nodes":[{"kind":"text","key":"1ac70c17482b4b14b6d92c276cb8d1b6","ranges":[{"kind":"range","marks":[],"text":"JSON"}]}]}]},{"kind":"block","type":"table-cell","key":"57909ebb381b4a1b8f4dc9d9c3b3e28f","isVoid":false,"data":{},"nodes":[{"kind":"block","type":"paragraph","key":"38386d7337344a26a8e682c7061db3af","isVoid":false,"data":{},"nodes":[{"kind":"text","key":"e7604a6fd7ce4ac187fb671070931584","ranges":[{"kind":"range","marks":[],"text":"JSON License"}]}]},{"kind":"block","type":"paragraph","key":"f9accb03527f442e9c508fae640443a4","isVoid":false,"data":{},"nodes":[{"kind":"text","key":"d0ca50811f424ec29626462f33754b67","ranges":[{"kind":"range","marks":[],"text":""}]},{"kind":"inline","type":"link","key":"0905b9cc4d5d4d07afb22b30b8dac6f5","isVoid":false,"data":{"href":"http://www.json.org/license.html"},"nodes":[{"kind":"text","key":"8800ab59a0584c0aa8a4a9bbcd232aee","ranges":[{"kind":"range","marks":[],"text":"http://www.json.org/license.html"}]}]},{"kind":"text","key":"9438e447668f402e8c03fda3940afc05","ranges":[{"kind":"range","marks":[],"text":""}]}]}]}]},{"kind":"block","type":"table-row","key":"010a7050f12047f5a832dee651135ce5","isVoid":false,"data":{},"nodes":[{"kind":"block","type":"table-cell","key":"9dfc2dfc4cf1447b837bca0fa350a94c","isVoid":false,"data":{},"nodes":[{"kind":"block","type":"paragraph","key":"a2a3c4e0ba824fb29505264f25343e6a","isVoid":false,"data":{},"nodes":[{"kind":"text","key":"0041a1ee03254999b4fe97329c0ba337","ranges":[{"kind":"range","marks":[],"text":"LDAPSDK"}]}]}]},{"kind":"block","type":"table-cell","key":"ceb08ceb79d44abfbde385edc479af27","isVoid":false,"data":{},"nodes":[{"kind":"block","type":"paragraph","key":"cfed4c6345b849fc807606d5f55ccda8","isVoid":false,"data":{},"nodes":[{"kind":"text","key":"a30a97814df241c4bae748909e126c6e","ranges":[{"kind":"range","marks":[],"text":"UnboundID LDAP SDK Free Use License"}]}]},{"kind":"block","type":"paragraph","key":"f4a401af3c3d43619b599204bcc749f3","isVoid":false,"data":{},"nodes":[{"kind":"text","key":"944348860ea542df95edf0ddcabf436f","ranges":[{"kind":"range","marks":[],"text":""}]},{"kind":"inline","type":"link","key":"05718e61d6e04480bb6d7c669bd56107","isVoid":false,"data":{"href":"https://docs.ldap.com/ldap-sdk/docs/LICENSE-UnboundID-LDAPSDK.txt"},"nodes":[{"kind":"text","key":"6874e3c05950403fad97f28064d3d0cb","ranges":[{"kind":"range","marks":[],"text":"https://docs.ldap.com/ldap-sdk/docs/LICENSE-UnboundID-LDAPSDK.txt"}]}]},{"kind":"text","key":"8277a9d8ec6c4864938c50dfc866a2bf","ranges":[{"kind":"range","marks":[],"text":""}]}]}]}]},{"kind":"block","type":"table-row","key":"f94a5c72d5ff4ae8a7c117ed17d6976e","isVoid":false,"data":{},"nodes":[{"kind":"block","type":"table-cell","key":"d7fb7ef1666a4589b976c3efb2be0f06","isVoid":false,"data":{},"nodes":[{"kind":"block","type":"paragraph","key":"f95d3e6757d94e9ca12c623fbdaaab47","isVoid":false,"data":{},"nodes":[{"kind":"text","key":"e2d54f769b9742458904d1caae171119","ranges":[{"kind":"range","marks":[],"text":"LGPL3"}]}]}]},{"kind":"block","type":"table-cell","key":"efc165d427ec46e2be760a639c8d3f2a","isVoid":false,"data":{},"nodes":[{"kind":"block","type":"paragraph","key":"1427c308acee46309d465a76652bf51f","isVoid":false,"data":{},"nodes":[{"kind":"text","key":"eb1bd927c6714ac1841d932bf4e88596","ranges":[{"kind":"range","marks":[],"text":"GNU Lesser General Public License version 3.0"}]}]},{"kind":"block","type":"paragraph","key":"20c158a322b04e4cb40cbb6e74d2f62b","isVoid":false,"data":{},"nodes":[{"kind":"text","key":"735ad790c1354116aa59d3d561c20475","ranges":[{"kind":"range","marks":[],"text":""}]},{"kind":"inline","type":"link","key":"3c9a428485274c0d8d398231ee3a7985","isVoid":false,"data":{"href":"https://www.gnu.org/licenses/lgpl-3.0.en.html"},"nodes":[{"kind":"text","key":"0e2ffbed8add49c39e132c13b875590e","ranges":[{"kind":"range","marks":[],"text":"https://www.gnu.org/licenses/lgpl-3.0.en.html"}]}]},{"kind":"text","key":"bf58479cf3ac4a5595e88c75d84b5f1c","ranges":[{"kind":"range","marks":[],"text":""}]}]}]}]},{"kind":"block","type":"table-row","key":"866051b7ae56426fb76d09c82fa0fa28","isVoid":false,"data":{},"nodes":[{"kind":"block","type":"table-cell","key":"cfb097a79c2445a88f490470eaadb0c9","isVoid":false,"data":{},"nodes":[{"kind":"block","type":"paragraph","key":"97ca4d5ddc604eb38a8825d9722f1071","isVoid":false,"data":{},"nodes":[{"kind":"text","key":"f905b77dcae84099b696898c15fe8656","ranges":[{"kind":"range","marks":[],"text":"MIT"}]}]}]},{"kind":"block","type":"table-cell","key":"9446ab3c5bdb4131ac180c436baecb26","isVoid":false,"data":{},"nodes":[{"kind":"block","type":"paragraph","key":"9029bb40bdc340bbb6fe258a1d18266b","isVoid":false,"data":{},"nodes":[{"kind":"text","key":"b2c4fa4d919845f8b7a6a280f6ece1e5","ranges":[{"kind":"range","marks":[],"text":"MIT (Massachusetts Institute of Technology) License"}]}]},{"kind":"block","type":"paragraph","key":"b8cf0be550174ed3805faa6d03ff6f62","isVoid":false,"data":{},"nodes":[{"kind":"text","key":"4ad74cf5906642e2a0b6f1402e817ea0","ranges":[{"kind":"range","marks":[],"text":""}]},{"kind":"inline","type":"link","key":"30e0d9f9b12c40aa8518abb00f31f68f","isVoid":false,"data":{"href":"https://opensource.org/licenses/MIT"},"nodes":[{"kind":"text","key":"26c5ef6fa2f34cf99f5fa98b7afec691","ranges":[{"kind":"range","marks":[],"text":"https://opensource.org/licenses/MIT"}]}]},{"kind":"text","key":"934092c729fc47f094edda9e10ea1ce9","ranges":[{"kind":"range","marks":[],"text":""}]}]}]}]},{"kind":"block","type":"table-row","key":"c4aa5f21d0644bf6b8c345a907943fd1","isVoid":false,"data":{},"nodes":[{"kind":"block","type":"table-cell","key":"1fdf99d1310f4d86938a9aac83b86f19","isVoid":false,"data":{},"nodes":[{"kind":"block","type":"paragraph","key":"b69c62deaab646c98d90ed24e31568bf","isVoid":false,"data":{},"nodes":[{"kind":"text","key":"c8e113d44bd649bc8fe22c9a06ecf71e","ranges":[{"kind":"range","marks":[],"text":"MPICH"}]}]}]},{"kind":"block","type":"table-cell","key":"e51d2612fae34643bff0a0ca81c68a3a","isVoid":false,"data":{},"nodes":[{"kind":"block","type":"paragraph","key":"a9a7165fd04e456199ee68ab9779e32a","isVoid":false,"data":{},"nodes":[{"kind":"text","key":"015b1264bca14b2ca98c895e930a8869","ranges":[{"kind":"range","marks":[],"text":"MPICH License"}]}]},{"kind":"block","type":"paragraph","key":"ca1aacac92324bc09cd39357bf3c449c","isVoid":false,"data":{},"nodes":[{"kind":"text","key":"d102cb2a8179464da5249b2b70959e31","ranges":[{"kind":"range","marks":[],"text":""}]},{"kind":"inline","type":"link","key":"9eb1e8b750684b27971cfdb411322cf3","isVoid":false,"data":{"href":"http://git.mpich.org/mpich.git/blob/HEAD:/COPYRIGHT"},"nodes":[{"kind":"text","key":"9196693402d949a7aa4a4e5ad29ef3ca","ranges":[{"kind":"range","marks":[],"text":"http://git.mpich.org/mpich.git/blob/HEAD:/COPYRIGHT"}]}]},{"kind":"text","key":"e0dfc0a84ccb4c70919ddd6f10528ec3","ranges":[{"kind":"range","marks":[],"text":""}]}]}]}]},{"kind":"block","type":"table-row","key":"b3aadd2600e04493a21856d1fcaa7820","isVoid":false,"data":{},"nodes":[{"kind":"block","type":"table-cell","key":"21b0e2a35023444889e2b8569a216530","isVoid":false,"data":{},"nodes":[{"kind":"block","type":"paragraph","key":"c231e9d70a4946b2a0430b03ecb36347","isVoid":false,"data":{},"nodes":[{"kind":"text","key":"45285160a38840229a2bbcbdd5eb22a0","ranges":[{"kind":"range","marks":[],"text":"OPENSSL"}]}]}]},{"kind":"block","type":"table-cell","key":"d96819fdbb784541b94897f30c653356","isVoid":false,"data":{},"nodes":[{"kind":"block","type":"paragraph","key":"37856e3a7be54e2fb3e7aeac98fbab14","isVoid":false,"data":{},"nodes":[{"kind":"text","key":"98eb518c53fc4e2f99f470b92420d165","ranges":[{"kind":"range","marks":[],"text":"OpenSSL License"}]}]},{"kind":"block","type":"paragraph","key":"b26a3c8deede496c855c467bf2104c66","isVoid":false,"data":{},"nodes":[{"kind":"text","key":"06f0252a095a4094a37d78ec78c1a11b","ranges":[{"kind":"range","marks":[],"text":""}]},{"kind":"inline","type":"link","key":"d16b6d5aab0247869c76f2b4fbdb169f","isVoid":false,"data":{"href":"https://www.openssl.org/source/license.html"},"nodes":[{"kind":"text","key":"f6f0849536ac41cb8ff7358de121eddb","ranges":[{"kind":"range","marks":[],"text":"https://www.openssl.org/source/license.html"}]}]},{"kind":"text","key":"bc603d60b8f54b6fae85005a843d4f4f","ranges":[{"kind":"range","marks":[],"text":""}]}]}]}]},{"kind":"block","type":"table-row","key":"d93ae0e146294eeb84800ad508533839","isVoid":false,"data":{},"nodes":[{"kind":"block","type":"table-cell","key":"ea06ce7d0a5d468b9d9f55313460ee1c","isVoid":false,"data":{},"nodes":[{"kind":"block","type":"paragraph","key":"481e07c5abe64854a252a56cc65992d8","isVoid":false,"data":{},"nodes":[{"kind":"text","key":"641e4a64cb4644f3a1a9579212af1fd2","ranges":[{"kind":"range","marks":[],"text":"Python2"}]}]}]},{"kind":"block","type":"table-cell","key":"10b555ea73d9438dba653aeac81e0e46","isVoid":false,"data":{},"nodes":[{"kind":"block","type":"paragraph","key":"b2428fdf26d64c778df103f4c2d1ad73","isVoid":false,"data":{},"nodes":[{"kind":"text","key":"669b02ddd93f48c68cc4a9479bb93329","ranges":[{"kind":"range","marks":[],"text":"Python 2.7 License"}]}]},{"kind":"block","type":"paragraph","key":"fecec5234c3e44d58f5e854243392f33","isVoid":false,"data":{},"nodes":[{"kind":"text","key":"487fb4f3d45f486c92a670a10ad5db2c","ranges":[{"kind":"range","marks":[],"text":""}]},{"kind":"inline","type":"link","key":"d47f9233d44f4de28871f449486ed231","isVoid":false,"data":{"href":"https://www.python.org/download/releases/2.7/license/"},"nodes":[{"kind":"text","key":"14172754fa1044a2af5c80c2cd819d60","ranges":[{"kind":"range","marks":[],"text":"https://www.python.org/download/releases/2.7/license/"}]}]},{"kind":"text","key":"e69a22e89c0346a782b87ede85cfe8fd","ranges":[{"kind":"range","marks":[],"text":""}]}]}]}]},{"kind":"block","type":"table-row","key":"aa1398a5140c478eae3f7621f73e24d0","isVoid":false,"data":{},"nodes":[{"kind":"block","type":"table-cell","key":"3af489ddfc284eacb03e4ccf8a4597ad","isVoid":false,"data":{},"nodes":[{"kind":"block","type":"paragraph","key":"51b85aae2eaf4480a5b2e430be64d48e","isVoid":false,"data":{},"nodes":[{"kind":"text","key":"8a8431b1e1b145c6a4b996235825d37f","ranges":[{"kind":"range","marks":[],"text":"SLI_OFL1.1"}]}]}]},{"kind":"block","type":"table-cell","key":"511e59edeabb4a27b26ac0d3c1355997","isVoid":false,"data":{},"nodes":[{"kind":"block","type":"paragraph","key":"9b4ae30e5be0414793a09af910050e1a","isVoid":false,"data":{},"nodes":[{"kind":"text","key":"0808bc2b4de442e48e6ec9995682cedd","ranges":[{"kind":"range","marks":[],"text":"SIL Open Font License version 1.1"}]}]},{"kind":"block","type":"paragraph","key":"17304fc4a7ec41678f71341f6f390ad9","isVoid":false,"data":{},"nodes":[{"kind":"text","key":"1366ba14b577426a839704ba6f174f73","ranges":[{"kind":"range","marks":[],"text":""}]},{"kind":"inline","type":"link","key":"26b76859ae684bf1a96b4bd820c36c27","isVoid":false,"data":{"href":"http://scripts.sil.org/cms/scripts/page.php?item_id=OFL_web"},"nodes":[{"kind":"text","key":"3d5cc932272d4ed3986cc1b71b077b04","ranges":[{"kind":"range","marks":[],"text":"http://scripts.sil.org/cms/scripts/page.php?item_id=OFL_web"}]}]},{"kind":"text","key":"8d55ff6fd4b44c1ba8892cb0edd78d07","ranges":[{"kind":"range","marks":[],"text":""}]}]}]}]},{"kind":"block","type":"table-row","key":"cdd355953c9c455b87da58c4bb33dcb9","isVoid":false,"data":{},"nodes":[{"kind":"block","type":"table-cell","key":"51b9154f54bd40e9a572f7b7f4e457f6","isVoid":false,"data":{},"nodes":[{"kind":"block","type":"paragraph","key":"7016aed3257a4b4d9273f5cd4285f195","isVoid":false,"data":{},"nodes":[{"kind":"text","key":"c21b3146ec9a4be992768b01e40c53c1","ranges":[{"kind":"range","marks":[],"text":"ZLIB"}]}]}]},{"kind":"block","type":"table-cell","key":"84aa5643caf74936838bfd03d1b3b66b","isVoid":false,"data":{},"nodes":[{"kind":"block","type":"paragraph","key":"eb5f4bfe1ca543f3a4fd92599246940d","isVoid":false,"data":{},"nodes":[{"kind":"text","key":"9f434de03dd24edd8b8d56fd3139b15a","ranges":[{"kind":"range","marks":[],"text":"zlib License"}]}]},{"kind":"block","type":"paragraph","key":"a30f875c3ab348178c78021c570e42db","isVoid":false,"data":{},"nodes":[{"kind":"text","key":"17c0f87fe4ec428bba50365a762acc64","ranges":[{"kind":"range","marks":[],"text":""}]},{"kind":"inline","type":"link","key":"5d230f829b424edcb362338a1495d185","isVoid":false,"data":{"href":"https://www.zlib.net/zlib_license.html"},"nodes":[{"kind":"text","key":"1b3613956e23404ba7b668a6c129032a","ranges":[{"kind":"range","marks":[],"text":"https://www.zlib.net/zlib_license.html"}]}]},{"kind":"text","key":"7a888de2a04044c3b134232224e4b5d7","ranges":[{"kind":"range","marks":[],"text":""}]}]}]}]}]}]}}