{"format_version":1,"document":{"kind":"document","key":"03b1357d6a97477f9af0d02fff5604cd","data":{"schema_version":5},"nodes":[{"kind":"block","type":"paragraph","key":"98dafd704dbb41fab55776a5be69f2e4","isVoid":false,"data":{},"nodes":[{"kind":"text","key":"21582085333046c7ba70aa8c4ae7ec13","ranges":[{"kind":"range","marks":[],"text":"Version 2.1 to 2.2. Copyright (c) 2018 TigerGraph. All RIghts Reserved."}]}]},{"kind":"block","type":"paragraph","key":"5618bc7147ed4cc0aef27728f3d24a85","isVoid":false,"data":{},"nodes":[{"kind":"text","key":"173f6f9bb54949be9a050cddaf109417","ranges":[{"kind":"range","marks":[],"text":"As the world’s first and only Native Parallel Graph (NPG) system, TigerGraph is a complete, distributed, graph analytics platform supporting web-scale data analytics in real time. The TigerGraph NPG is built around both local storage and computation, supports real-time graph updates, and works like a parallel computation engine. These capabilities provide the following unique advantages:"}]}]},{"kind":"block","type":"list-unordered","key":"eb892cec8e4c48eaa2e75c6265d64265","isVoid":false,"data":{},"nodes":[{"kind":"block","type":"list-item","key":"c8b90b6ea9844c0b9fba0bd7ea2a10ba","isVoid":false,"data":{},"nodes":[{"kind":"block","type":"paragraph","key":"483b72f97565430e846e5da789bd661a","isVoid":false,"data":{},"nodes":[{"kind":"text","key":"5621a4515e2f44e7ab15ec078d4e5362","ranges":[{"kind":"range","marks":[],"text":"Fast data loading speed to build graphs - able to load 50 to 150 GB of data per hour, per machine"}]}]}]},{"kind":"block","type":"list-item","key":"c4cd65496a5041f68341a3cb9d8025f3","isVoid":false,"data":{},"nodes":[{"kind":"block","type":"paragraph","key":"845f5399fd974b37b47ec8f5bf692417","isVoid":false,"data":{},"nodes":[{"kind":"text","key":"efc8f125aa7a49cfa9a91a15b6026542","ranges":[{"kind":"range","marks":[],"text":"Fast execution of parallel graph algorithms - able to traverse hundreds of million of vertices/edges per second per machine"}]}]}]},{"kind":"block","type":"list-item","key":"97e0a659dd8740cfaf9443f43e2cd804","isVoid":false,"data":{},"nodes":[{"kind":"block","type":"paragraph","key":"0ba5bc41e469489cb02418187a22abca","isVoid":false,"data":{},"nodes":[{"kind":"text","key":"c288e3a58b924ccd8e05d2e910b7cc2d","ranges":[{"kind":"range","marks":[],"text":"Real-time updates and inserts using REST - able to stream 2B+ daily events in real-time to a graph with 100B+ vertices and 600B+ edges on a cluster of only 20 commodity machines"}]}]}]},{"kind":"block","type":"list-item","key":"b07d5db6024b431e8cf956740ea8d864","isVoid":false,"data":{},"nodes":[{"kind":"block","type":"paragraph","key":"583a1b7d099d42428b457d0d95d184ee","isVoid":false,"data":{},"nodes":[{"kind":"text","key":"f921243adf33496faffc7091d91d1b41","ranges":[{"kind":"range","marks":[],"text":"Ability to unify real-time analytics with large scale offline data processing - the first and only such system"}]}]}]}]},{"kind":"block","type":"paragraph","key":"49fecae89d664122a0b2c616753cdd12","isVoid":false,"data":{},"nodes":[{"kind":"text","key":"e100b26016374a7288b223927f15ef7b","ranges":[{"kind":"range","marks":[],"text":"See the "}]},{"kind":"inline","type":"link","key":"0e51bd0eee324aa1a92da792d04321ff","isVoid":false,"data":{"href":"https://www.tigergraph.com/resources/"},"nodes":[{"kind":"text","key":"6ca6e9533a1e42bc8e279289a55f784b","ranges":[{"kind":"range","marks":[],"text":"Resources"}]}]},{"kind":"text","key":"7c0987dcc4bd4bc38d0793690e1271e3","ranges":[{"kind":"range","marks":[],"text":" section of our main website "}]},{"kind":"inline","type":"link","key":"7eba5fdda14347d2a0992fe6d66184fd","isVoid":false,"data":{"href":"https://www.tigergraph.com/"},"nodes":[{"kind":"text","key":"284a2b32a1184184b420f3cdd7261b7c","ranges":[{"kind":"range","marks":[],"text":"www.tigergraph.com"}]}]},{"kind":"text","key":"0e4368a92c164f38aebf7a966679dc23","ranges":[{"kind":"range","marks":[],"text":"  to find white papers and other technical reports about the TigerGraph system."}]}]},{"kind":"block","type":"heading-1","key":"62777cdd65e64cde858e68a8c4347c9b","isVoid":false,"data":{},"nodes":[{"kind":"text","key":"09708d2976094736b4ac6513ab64e55e","ranges":[{"kind":"range","marks":[],"text":"System Overview"}]}]},{"kind":"block","type":"paragraph","key":"df2661d8132f42928601e1704c1e1846","isVoid":false,"data":{},"nodes":[{"kind":"text","key":"2310e25cfec4489db2fe21b28ef299b2","ranges":[{"kind":"range","marks":[],"text":"The TigerGraph Platform runs on standard, commodity-grade Linux servers. The core components (GSE and GPE) are implemented in C++ for optimal performance. TigerGraph system is designed to fit into your existing environment with a minimum of fuss."}]}]},{"kind":"block","type":"list-unordered","key":"e713230d13394987a48e3e865966133f","isVoid":false,"data":{},"nodes":[{"kind":"block","type":"list-item","key":"52840f9ed6824aa69f6e69c265ced7da","isVoid":false,"data":{},"nodes":[{"kind":"block","type":"paragraph","key":"0d70ed7ba57e48ac9a3002491a3f1fee","isVoid":false,"data":{},"nodes":[{"kind":"text","key":"f0edc64ba2204eacbccd23d5e576c4d0","ranges":[{"kind":"range","marks":[],"text":"Data Sources :"},{"kind":"range","marks":[{"kind":"mark","data":{},"type":"bold"}],"text":" "},{"kind":"range","marks":[],"text":"The platform includes a flexible, high-performance data loader which can stream in tabular or semi-structured data, while the system is online."}]}]}]},{"kind":"block","type":"list-item","key":"0f17c063268c43408bfbc9cc1bcae570","isVoid":false,"data":{},"nodes":[{"kind":"block","type":"paragraph","key":"5f4380cd73e247f3b6a659b86919640c","isVoid":false,"data":{},"nodes":[{"kind":"text","key":"85fedaed92a0456da1ca0d6f301602b0","ranges":[{"kind":"range","marks":[],"text":"Infrastructure : The platform is available for on-premises, cloud, or hybrid use."}]}]}]},{"kind":"block","type":"list-item","key":"abf1a76f05ac4143b09e2a6153536eac","isVoid":false,"data":{},"nodes":[{"kind":"block","type":"paragraph","key":"de037858283e4185a2a58444894bd7c7","isVoid":false,"data":{},"nodes":[{"kind":"text","key":"58deebff7b124ace95654a8aa1265e4b","ranges":[{"kind":"range","marks":[],"text":"Integration :"},{"kind":"range","marks":[{"kind":"mark","data":{},"type":"bold"}],"text":" "},{"kind":"range","marks":[],"text":"REST APIs are provided to integrate your TigerGraph with your existing enterprise data infrastructure and workflow."}]}]}]}]},{"kind":"block","type":"image","key":"7cc7e23957d345ddbb90fecc8f1bd460","isVoid":true,"data":{"assetID":"-LNkDcr9NNd14yBcGV_N"},"nodes":[{"kind":"text","key":"08f29ecc12f64ace999dbe645861ca62","ranges":[{"kind":"range","marks":[],"text":""}]}]},{"kind":"block","type":"paragraph","key":"ec789a6ec3b64ade9431c5662d7b98c7","isVoid":false,"data":{},"nodes":[{"kind":"text","key":"ef254224c4a94fc687deee40c1c7c726","ranges":[{"kind":"range","marks":[],"text":"The figure below takes a c loser loo k at the TigerGraph platform itself:"}]}]},{"kind":"block","type":"image","key":"d55a9fd9734341918af8210d965c17c0","isVoid":true,"data":{"assetID":"-LNkDuYEl0Xvst_VA799"},"nodes":[{"kind":"text","key":"c0ad647623414e19afc1cccbad71f7ae","ranges":[{"kind":"range","marks":[],"text":""}]}]},{"kind":"block","type":"paragraph","key":"47f8bbfc277a42cfbcf1a3c8fc1c9228","isVoid":false,"data":{},"nodes":[{"kind":"text","key":"5f053df7001841858955fac6536c9293","ranges":[{"kind":"range","marks":[],"text":"Within the TigerGraph system, a message-passing design is used to coordinate the activities of the components. RESTPP, an enhanced RESTful server, is central to the task management. Users can choose how they wish to interact with the system:"}]}]},{"kind":"block","type":"list-unordered","key":"b7bcb955d10647dd86a306eb917e131c","isVoid":false,"data":{},"nodes":[{"kind":"block","type":"list-item","key":"3caefe230d4b4b5e85d7ae890375012b","isVoid":false,"data":{},"nodes":[{"kind":"block","type":"paragraph","key":"2f9150a817cd43b899399f81a884e8eb","isVoid":false,"data":{},"nodes":[{"kind":"text","key":"777232f6cd534ad4bc39ec075932b655","ranges":[{"kind":"range","marks":[],"text":"GSQL client.  One TigerGraph instance can support multiple GSQL clients, on remote nodes."}]}]}]},{"kind":"block","type":"list-item","key":"d262d854983440acb6a8ac4429493714","isVoid":false,"data":{},"nodes":[{"kind":"block","type":"paragraph","key":"d8c0a459ff4f4e68b9a59a79e2fbb19f","isVoid":false,"data":{},"nodes":[{"kind":"text","key":"5722bcd81de2402c87874f804fa9e5d6","ranges":[{"kind":"range","marks":[],"text":"GraphStudio - our graphical user interface, which provides most of the basic GSQL functionality, with a graphical and intuitive interface."}]}]}]},{"kind":"block","type":"list-item","key":"b4670dd4333442998cd431f3e42330a6","isVoid":false,"data":{},"nodes":[{"kind":"block","type":"paragraph","key":"ca8b85ef38e340c69f5137fdff647e0b","isVoid":false,"data":{},"nodes":[{"kind":"text","key":"277ef52de0e7438c9c04a36a0a8bf920","ranges":[{"kind":"range","marks":[],"text":"REST API. Enterprise applications which need to run the same queries many times can maximize their efficiency by communicating directly with RESTPP."}]}]}]},{"kind":"block","type":"list-item","key":"9eae0e844318492797432e38e724d5c2","isVoid":false,"data":{},"nodes":[{"kind":"block","type":"paragraph","key":"83f38fc11df646c1a2b5cb8bbf35114d","isVoid":false,"data":{},"nodes":[{"kind":"text","key":"e291ca9130404b27ac1315fa5212fb83","ranges":[{"kind":"range","marks":[],"text":"gAdmin is used for system adminstration."}]}]}]}]},{"kind":"block","type":"heading-1","key":"57300458293f40929b4af5018106cbc7","isVoid":false,"data":{},"nodes":[{"kind":"text","key":"d7229df89a0a4d79b0bfdfd68dd2663b","ranges":[{"kind":"range","marks":[],"text":"Glossary"}]}]},{"kind":"block","type":"table","key":"552bb167d4944eb5a36f08ea1de3cbe2","isVoid":false,"data":{"aligns":["left","left"]},"nodes":[{"kind":"block","type":"table-row","key":"5375246a9e384b3ebba0f4c43ec53910","isVoid":false,"data":{},"nodes":[{"kind":"block","type":"table-cell","key":"71b36eeb90654fb6a10ebbd0e0fc1761","isVoid":false,"data":{},"nodes":[{"kind":"block","type":"paragraph","key":"bf1a4138eca64bb9a6072823ef8864e4","isVoid":false,"data":{},"nodes":[{"kind":"text","key":"d24bfd1853314ba586aacb7dcbbd214b","ranges":[{"kind":"range","marks":[],"text":"Name"}]}]}]},{"kind":"block","type":"table-cell","key":"667f9f6ee60c4b0ea22400b9071efd11","isVoid":false,"data":{},"nodes":[{"kind":"block","type":"paragraph","key":"c37c0ae34f1445cd8c32b036fdf129e3","isVoid":false,"data":{},"nodes":[{"kind":"text","key":"b1aaf49a94544e32b16e594ca212cf15","ranges":[{"kind":"range","marks":[],"text":"Refers to"}]}]}]}]},{"kind":"block","type":"table-row","key":"f521efaa86614bd585fb88366787280e","isVoid":false,"data":{},"nodes":[{"kind":"block","type":"table-cell","key":"7e4d8ad83ff745809ac7de2419bdb7a3","isVoid":false,"data":{},"nodes":[{"kind":"block","type":"paragraph","key":"ec8c6693a7504441b7131f1c0b3d5e70","isVoid":false,"data":{},"nodes":[{"kind":"text","key":"4f896e03ceef4e9398342daa7772da0b","ranges":[{"kind":"range","marks":[{"kind":"mark","data":{},"type":"bold"}],"text":"DDL"}]}]}]},{"kind":"block","type":"table-cell","key":"9da79b8e63134404a63f6b881767cd51","isVoid":false,"data":{},"nodes":[{"kind":"block","type":"paragraph","key":"75e5696a17144d62a9f856c96092026a","isVoid":false,"data":{},"nodes":[{"kind":"text","key":"fc79bfff362044d495c29a7afa8f8194","ranges":[{"kind":"range","marks":[],"text":"Data Definition Language - a generic term for a set of commands used to define a database schema. The GSQL Language includes DDL commands. In GraphStudio, the Design Schema function."}]}]}]}]},{"kind":"block","type":"table-row","key":"f6854b0e85b547be941ddcd62a3d3a21","isVoid":false,"data":{},"nodes":[{"kind":"block","type":"table-cell","key":"7c926822506c432db307cc088d8a71b2","isVoid":false,"data":{},"nodes":[{"kind":"block","type":"paragraph","key":"59df5ce2a8ca44658801e68f665414e5","isVoid":false,"data":{},"nodes":[{"kind":"text","key":"8c11d8d4e7384364964fdf89d5c834f1","ranges":[{"kind":"range","marks":[{"kind":"mark","data":{},"type":"bold"}],"text":"Dictionary (DICT)"}]}]}]},{"kind":"block","type":"table-cell","key":"4454006a86724b2aae1b07630e168ed1","isVoid":false,"data":{},"nodes":[{"kind":"block","type":"paragraph","key":"8daddf36291b4db0a616f1ea7fe5e64f","isVoid":false,"data":{},"nodes":[{"kind":"text","key":"67806949a2624496bd83cb2b950a8059","ranges":[{"kind":"range","marks":[],"text":"The shared storage space for storing metadata about the graph store's configuration and state, including the catalog (graph schema, loading jobs, and queries)."}]}]}]}]},{"kind":"block","type":"table-row","key":"ba89dfcc1dfd43d0831e014e81fc1427","isVoid":false,"data":{},"nodes":[{"kind":"block","type":"table-cell","key":"37fd5b44025c43bb9ea1a8bdcb709ee1","isVoid":false,"data":{},"nodes":[{"kind":"block","type":"paragraph","key":"1fd7703ec3ed4ac69779bc9dcfdee710","isVoid":false,"data":{},"nodes":[{"kind":"text","key":"0d5885659b7249559b620c4943e8645e","ranges":[{"kind":"range","marks":[{"kind":"mark","data":{},"type":"bold"}],"text":"DML"}]}]}]},{"kind":"block","type":"table-cell","key":"b605912e38124ee28e0b656bf97a148d","isVoid":false,"data":{},"nodes":[{"kind":"block","type":"paragraph","key":"c0433499098840ebb7a5726bab8e211c","isVoid":false,"data":{},"nodes":[{"kind":"text","key":"aa1e30375a6d4123885b0d599c5b5984","ranges":[{"kind":"range","marks":[],"text":"Data Manipulation Language - a generic term for a set of commands used to add, modify, and delete data from a database. Query commands are often considered a part of DML, even a pure query statement does not manipulate (change) the data. The GSQL Language includes full DML capability for query, add (insert), delete, and modify (update) commands."}]}]}]}]},{"kind":"block","type":"table-row","key":"c745aa393d76476f9a97ebf254033ab5","isVoid":false,"data":{},"nodes":[{"kind":"block","type":"table-cell","key":"891643c9c4714a45bc04171457ca4e1b","isVoid":false,"data":{},"nodes":[{"kind":"block","type":"paragraph","key":"a3a5170e52eb448f9d712b83c98c7d99","isVoid":false,"data":{},"nodes":[{"kind":"text","key":"cadab9d277c140708759a252ace0e6ad","ranges":[{"kind":"range","marks":[{"kind":"mark","data":{},"type":"bold"}],"text":"gadmin"}]}]}]},{"kind":"block","type":"table-cell","key":"6981afd3ec6b4481931e207b5ef76a9e","isVoid":false,"data":{},"nodes":[{"kind":"block","type":"paragraph","key":"ac67dabb58ba4a718a190e79153f5790","isVoid":false,"data":{},"nodes":[{"kind":"text","key":"e58d5ce335eb428ba40763f3cb703d43","ranges":[{"kind":"range","marks":[],"text":"The system utility for configuring and managing the TigerGraph System. Analogous to mysqladmin."}]}]}]}]},{"kind":"block","type":"table-row","key":"e7c3b0e5188341219d13b6a4ba663f93","isVoid":false,"data":{},"nodes":[{"kind":"block","type":"table-cell","key":"9a71e25a94d348c9aa325d2f1c1a1478","isVoid":false,"data":{},"nodes":[{"kind":"block","type":"paragraph","key":"872cead5de15443c85007e6a12b963ab","isVoid":false,"data":{},"nodes":[{"kind":"text","key":"ac3b25f96fdc4aadaa0f3b0d7777ddad","ranges":[{"kind":"range","marks":[{"kind":"mark","data":{},"type":"bold"}],"text":"gbar"}]}]}]},{"kind":"block","type":"table-cell","key":"d2aa5b760da6419db5efced47bda7937","isVoid":false,"data":{},"nodes":[{"kind":"block","type":"paragraph","key":"07dadf8d2bb54cd58f2b8a2217a8cae9","isVoid":false,"data":{},"nodes":[{"kind":"text","key":"d1666dadd48e41c19db7272af31e91a4","ranges":[{"kind":"range","marks":[],"text":"Graph Backup and Restore. TigerGraph's utility program for backing up and restoring system data."}]}]}]}]},{"kind":"block","type":"table-row","key":"3712944a48f54df8baabadb70d7c0d3e","isVoid":false,"data":{},"nodes":[{"kind":"block","type":"table-cell","key":"58b1af5515a443bdaa08a36c7d7e10e5","isVoid":false,"data":{},"nodes":[{"kind":"block","type":"paragraph","key":"4dc7ded9d88342e1aecd5fce1966ce02","isVoid":false,"data":{},"nodes":[{"kind":"text","key":"b20deecfa04a4f24b8cb0ae395dad9a1","ranges":[{"kind":"range","marks":[{"kind":"mark","data":{},"type":"bold"}],"text":"GPE"}]}]}]},{"kind":"block","type":"table-cell","key":"e9bfb8ef43ea467d9360ffc4d0bd40aa","isVoid":false,"data":{},"nodes":[{"kind":"block","type":"paragraph","key":"d228e551a9cf4830a6074d1576f47eb0","isVoid":false,"data":{},"nodes":[{"kind":"text","key":"d6fce3f6361d4bb09761152f938e26af","ranges":[{"kind":"range","marks":[],"text":"Graph Processing Engine. The server component which accepts requests from the REST++ server for querying and updating the graph store and which returns data."}]}]}]}]},{"kind":"block","type":"table-row","key":"2e396c742dd54437b535ed4515a81f15","isVoid":false,"data":{},"nodes":[{"kind":"block","type":"table-cell","key":"953543c8dc414653bd189085bb171129","isVoid":false,"data":{},"nodes":[{"kind":"block","type":"paragraph","key":"8b0a7155132f44308ec085df6db4bb40","isVoid":false,"data":{},"nodes":[{"kind":"text","key":"fc5e72924cd04e3582f2a277493b2c7c","ranges":[{"kind":"range","marks":[{"kind":"mark","data":{},"type":"bold"}],"text":"Graph Store"}]}]}]},{"kind":"block","type":"table-cell","key":"4f9b336d722c4c81b41d085a835b73b7","isVoid":false,"data":{},"nodes":[{"kind":"block","type":"paragraph","key":"25a6af14917046e5a0b2fffc7363f6b4","isVoid":false,"data":{},"nodes":[{"kind":"text","key":"39efe229c7c844dd967fbda43b5ed2b3","ranges":[{"kind":"range","marks":[],"text":"The component which logically and physically stores the graph data and provides access to the data in a fast and memory-efficient way. We use the term graph store to distinguish it from conventional graph databases."}]}]}]}]},{"kind":"block","type":"table-row","key":"a7ef543d5b004e4d9b92d3a7e69bc172","isVoid":false,"data":{},"nodes":[{"kind":"block","type":"table-cell","key":"ea41bd0ade9445809b92beb44b676537","isVoid":false,"data":{},"nodes":[{"kind":"block","type":"paragraph","key":"a34056b234e04000ba239d63c9d6729e","isVoid":false,"data":{},"nodes":[{"kind":"text","key":"7d759d6fb988434baee0a10e88354075","ranges":[{"kind":"range","marks":[{"kind":"mark","data":{},"type":"bold"}],"text":"GraphStudio UI"}]}]}]},{"kind":"block","type":"table-cell","key":"598f7bca8e624516a1c75e5f39dadb8b","isVoid":false,"data":{},"nodes":[{"kind":"block","type":"paragraph","key":"0ecc022164aa427e878b4f2a5b446d9d","isVoid":false,"data":{},"nodes":[{"kind":"text","key":"cffad9ff63104445ac681edb0ac04b46","ranges":[{"kind":"range","marks":[],"text":"The browser-based User Interface that enables the user to interact with the TigerGraph system in a visual and intuitive way, as an alternative to the GSQL Shell. The GraphStudio UI includes the following components: Schema Designer, Data Mapper, Data Loader, Graph Explorer, and Query Editor."}]}]}]}]},{"kind":"block","type":"table-row","key":"4a3829d5441f4d159c659ea7fee780fd","isVoid":false,"data":{},"nodes":[{"kind":"block","type":"table-cell","key":"756328cd218e4e7795e68dd8629994ec","isVoid":false,"data":{},"nodes":[{"kind":"block","type":"paragraph","key":"31499481a3ad411ca7a62c6403810229","isVoid":false,"data":{},"nodes":[{"kind":"text","key":"e6a7ceb0d5c348998750ca257b050a2f","ranges":[{"kind":"range","marks":[{"kind":"mark","data":{},"type":"bold"}],"text":"GSE"}]}]}]},{"kind":"block","type":"table-cell","key":"8a63dc99c39e404f99a9527a52c5b0ad","isVoid":false,"data":{},"nodes":[{"kind":"block","type":"paragraph","key":"a5f1c8d278cd44768434b990192a528d","isVoid":false,"data":{},"nodes":[{"kind":"text","key":"e0c3b5db1d444af5988e32564b27013f","ranges":[{"kind":"range","marks":[],"text":"Graph Storage Engine. The processing component which manages the Graph Store."}]}]}]}]},{"kind":"block","type":"table-row","key":"117f32e331cc4b4abb1ce96b317475e8","isVoid":false,"data":{},"nodes":[{"kind":"block","type":"table-cell","key":"7c525bf9cf6a4969bfcb1802484afc60","isVoid":false,"data":{},"nodes":[{"kind":"block","type":"paragraph","key":"a98a7af5d17a4ecea07feefce49a8b66","isVoid":false,"data":{},"nodes":[{"kind":"text","key":"e192a116ccab47afad19411f99826057","ranges":[{"kind":"range","marks":[{"kind":"mark","data":{},"type":"bold"}],"text":"GSQL"}]}]}]},{"kind":"block","type":"table-cell","key":"adb935c50e6e4f359227f61884f86251","isVoid":false,"data":{},"nodes":[{"kind":"block","type":"paragraph","key":"d27060a876204c9398a085c717749054","isVoid":false,"data":{},"nodes":[{"kind":"text","key":"10f86e6a57a24a93b5707dc91b046e89","ranges":[{"kind":"range","marks":[],"text":"The user program which interprets and executes graph processing operations, including (a) schema definition, (b) data loading, and (c) data updates, and (d) data queries."}]}]}]}]},{"kind":"block","type":"table-row","key":"6e647853f64042ae928bcd19903d1491","isVoid":false,"data":{},"nodes":[{"kind":"block","type":"table-cell","key":"bbb7ef7f9e5642cea40a652aa610e35b","isVoid":false,"data":{},"nodes":[{"kind":"block","type":"paragraph","key":"60ee78df080b4ffab625cacd92e294ef","isVoid":false,"data":{},"nodes":[{"kind":"text","key":"021616d586af4ae08510d69e5d57f27f","ranges":[{"kind":"range","marks":[{"kind":"mark","data":{},"type":"bold"}],"text":"GSQL Language"}]}]}]},{"kind":"block","type":"table-cell","key":"363ae588e2604cca9c073fcca15c856f","isVoid":false,"data":{},"nodes":[{"kind":"block","type":"paragraph","key":"a4d6195383804b6dbf1dbedd18bae197","isVoid":false,"data":{},"nodes":[{"kind":"text","key":"f48a916944504af1a827aa0babad3e07","ranges":[{"kind":"range","marks":[],"text":"The language used to instruct and communicate with the GSQL program."}]}]}]}]},{"kind":"block","type":"table-row","key":"be2a30b70b7a408cb0906fe1a216b089","isVoid":false,"data":{},"nodes":[{"kind":"block","type":"table-cell","key":"8026372bfb0c4ef9a84da194768260a2","isVoid":false,"data":{},"nodes":[{"kind":"block","type":"paragraph","key":"a50b35467e1a415bb6bbe74c5b6eaee2","isVoid":false,"data":{},"nodes":[{"kind":"text","key":"dc4ae1bed2eb4c5a9cefe3d2104b4473","ranges":[{"kind":"range","marks":[{"kind":"mark","data":{},"type":"bold"}],"text":"GSQL Shell"}]}]}]},{"kind":"block","type":"table-cell","key":"4a8f059668d649699bec06ffc9ecba61","isVoid":false,"data":{},"nodes":[{"kind":"block","type":"paragraph","key":"b732b18bc4a0412ab7ac752e3de65a55","isVoid":false,"data":{},"nodes":[{"kind":"text","key":"babade4808c6431a98a6d3193c093087","ranges":[{"kind":"range","marks":[],"text":"The interactive command shell which may be used when running the GSQL program."}]}]}]}]},{"kind":"block","type":"table-row","key":"c4634fcf77ec47389dded174b1156ae8","isVoid":false,"data":{},"nodes":[{"kind":"block","type":"table-cell","key":"00a03f7ad3754ed5bf05f448304be045","isVoid":false,"data":{},"nodes":[{"kind":"block","type":"paragraph","key":"0bebf1252dd24bd89696450627eea6a1","isVoid":false,"data":{},"nodes":[{"kind":"text","key":"b5a92b9847c14deba9be6b7548b608c1","ranges":[{"kind":"range","marks":[{"kind":"mark","data":{},"type":"bold"}],"text":"HA"}]}]}]},{"kind":"block","type":"table-cell","key":"1d9b5e4fef4f4d0fad2f12e1790c7cc3","isVoid":false,"data":{},"nodes":[{"kind":"block","type":"paragraph","key":"97e873b9945b472abcef0d8d4016773c","isVoid":false,"data":{},"nodes":[{"kind":"text","key":"ffa102464aac4ba09e270c9dff20da4b","ranges":[{"kind":"range","marks":[],"text":"High Availability - a generic term describing a computer system which has been architected to a higher level of operational performance (e.g., throughput and uptime) than would be expected from a traditional single server node."}]}]}]}]},{"kind":"block","type":"table-row","key":"fa20d25c70c34a6ea64dd649f8b2dc75","isVoid":false,"data":{},"nodes":[{"kind":"block","type":"table-cell","key":"14ba8efc97384b1e9b1b2450d4a6919a","isVoid":false,"data":{},"nodes":[{"kind":"block","type":"paragraph","key":"7e4ba86de99c4e369abed73ed72a2fa1","isVoid":false,"data":{},"nodes":[{"kind":"text","key":"aec10097ce1d43ebbe8a44a476564b59","ranges":[{"kind":"range","marks":[{"kind":"mark","data":{},"type":"bold"}],"text":"IDS"}]}]}]},{"kind":"block","type":"table-cell","key":"c13558b8669541e4b5860389261a35e7","isVoid":false,"data":{},"nodes":[{"kind":"block","type":"paragraph","key":"f66254dc248342fa96d17bf447a25179","isVoid":false,"data":{},"nodes":[{"kind":"text","key":"0ea94d7e44994dd48c44f05cd66b8907","ranges":[{"kind":"range","marks":[],"text":"ID Service. A subcomponent of the GSE which translates between user (external) IDs for data objects and graph store (internal) IDs."}]}]}]}]},{"kind":"block","type":"table-row","key":"3ec9b99f26444404a2189ef0bb0e5096","isVoid":false,"data":{},"nodes":[{"kind":"block","type":"table-cell","key":"b28a9d735ba84d3d95996d5ebaf6ed83","isVoid":false,"data":{},"nodes":[{"kind":"block","type":"paragraph","key":"54342f9942cc4eed95ce8df12aaf63da","isVoid":false,"data":{},"nodes":[{"kind":"text","key":"bb41b6fc405c4e688ef2911bef633cb2","ranges":[{"kind":"range","marks":[{"kind":"mark","data":{},"type":"bold"}],"text":"IUM"}]}]}]},{"kind":"block","type":"table-cell","key":"9b813e01c27d49c7ac73f763c08d90ea","isVoid":false,"data":{},"nodes":[{"kind":"block","type":"paragraph","key":"d14cd159176d4d70a263d09839bb6795","isVoid":false,"data":{},"nodes":[{"kind":"text","key":"391c7c2e7e61463ca0a2bdb93eed9ddf","ranges":[{"kind":"range","marks":[],"text":"Installation, Upgrade, and Maintenance (generic term). These functions are handled by gadmin."}]}]}]}]},{"kind":"block","type":"table-row","key":"78ef2653079f45078a24885699a8fb5f","isVoid":false,"data":{},"nodes":[{"kind":"block","type":"table-cell","key":"703d229592e243f48f474fb3d6d400c3","isVoid":false,"data":{},"nodes":[{"kind":"block","type":"paragraph","key":"7d580724f2c242499143bf7f2535411c","isVoid":false,"data":{},"nodes":[{"kind":"text","key":"bcc8ffc6e636499fa874e6923376c823","ranges":[{"kind":"range","marks":[{"kind":"mark","data":{},"type":"bold"}],"text":"Kafka"}]}]}]},{"kind":"block","type":"table-cell","key":"5d0b54d7cf4347778c7421d1bc635fe5","isVoid":false,"data":{},"nodes":[{"kind":"block","type":"paragraph","key":"f1ce11db26ca4652a726c8c8d55e1d39","isVoid":false,"data":{},"nodes":[{"kind":"text","key":"8b7f116f89c1475baf9b738b0fc25854","ranges":[{"kind":"range","marks":[],"text":"A free open-source \"high-throughput distributed messaging system\" from the Apache Software Foundation. Our distributed system architecture is based on message passing/queuing. Kafka is automatically included during TigerGraph system installation as one implementation of messaging passing. "}]},{"kind":"inline","type":"link","key":"da462c7b82dd4222be059f100e6fcf21","isVoid":false,"data":{"href":"https://kafka.apache.org/"},"nodes":[{"kind":"text","key":"55fef0af44fe4689ae08233535648977","ranges":[{"kind":"range","marks":[],"text":"https://kafka.apache.org/"}]}]},{"kind":"text","key":"321c59c00dac4ec78eb63432f1b2d172","ranges":[{"kind":"range","marks":[],"text":""}]}]}]}]},{"kind":"block","type":"table-row","key":"92324429a8824506ac56d13a042eee0f","isVoid":false,"data":{},"nodes":[{"kind":"block","type":"table-cell","key":"06625d37798e4742ae1c1a54fc1e2aba","isVoid":false,"data":{},"nodes":[{"kind":"block","type":"paragraph","key":"5447fbdfd4d4471eb936971c110271c3","isVoid":false,"data":{},"nodes":[{"kind":"text","key":"8cc31ed43c6e4a3b928697cc89fcc1a8","ranges":[{"kind":"range","marks":[{"kind":"mark","data":{},"type":"bold"}],"text":"MultiGraph"}]}]}]},{"kind":"block","type":"table-cell","key":"3563589ee7e7451a9eac37ebdb9ce38d","isVoid":false,"data":{},"nodes":[{"kind":"block","type":"paragraph","key":"7f8ce5125d2f433894fae472c0810761","isVoid":false,"data":{},"nodes":[{"kind":"text","key":"4c5d50271e3649a39fe5d612fd6e4a7d","ranges":[{"kind":"range","marks":[],"text":"A graph architecture and feature set which enables one global graph to be viewed as multiple logical subgraphs, each with its own set of user privileges. The subgraphs can overlap, meaning each subgraph can support both shared and private data."}]}]}]}]},{"kind":"block","type":"table-row","key":"a000bae0e2e34020b1a4175445e522a7","isVoid":false,"data":{},"nodes":[{"kind":"block","type":"table-cell","key":"24f7d8a81a704312b7cfaa702050b1cd","isVoid":false,"data":{},"nodes":[{"kind":"block","type":"paragraph","key":"20fe3f13315f4888b306c26e9e35389f","isVoid":false,"data":{},"nodes":[{"kind":"text","key":"e271c2b7d0424026a8f82799d56e369b","ranges":[{"kind":"range","marks":[{"kind":"mark","data":{},"type":"bold"}],"text":"Native Parallel Graph"}]}]}]},{"kind":"block","type":"table-cell","key":"5cfc12ab9d544b11be776ddaf96b3fb1","isVoid":false,"data":{},"nodes":[{"kind":"block","type":"paragraph","key":"d2f7754537f040e6a92f17ee4bea5d5f","isVoid":false,"data":{},"nodes":[{"kind":"text","key":"4003f985cfe14974973525c643dfec34","ranges":[{"kind":"range","marks":[],"text":"An architecture and technology which provides for inherently highly-parallel and highly-scalable graph data storage and analytics. The use of vertex-level data+compute functionality is a key component of Native Parallel Graph design."}]}]}]}]},{"kind":"block","type":"table-row","key":"b64bdbbc75c346578d31a833980c72b8","isVoid":false,"data":{},"nodes":[{"kind":"block","type":"table-cell","key":"a135aa3c41d64716bcc6d63ca99d819f","isVoid":false,"data":{},"nodes":[{"kind":"block","type":"paragraph","key":"77df2d35bebd498ca27b3224a2455fbd","isVoid":false,"data":{},"nodes":[{"kind":"text","key":"a9f4dbbf7a794891b2c23d23bcdf7da7","ranges":[{"kind":"range","marks":[{"kind":"mark","data":{},"type":"bold"}],"text":"Nginx"}]}]}]},{"kind":"block","type":"table-cell","key":"aa974f40d8384b7aa1681e4daf3fa199","isVoid":false,"data":{},"nodes":[{"kind":"block","type":"paragraph","key":"512ad1d081c84dd9888989c8bc7124dd","isVoid":false,"data":{},"nodes":[{"kind":"text","key":"f471ad08cf9842079aa740a16be00bd4","ranges":[{"kind":"range","marks":[],"text":"A free, open-source, high-performance HTTP server and reverse proxy. Nginx is automatically included during TigerGraph system installation. "}]},{"kind":"inline","type":"link","key":"e35371794259444fb93cf5ec8eec6ee6","isVoid":false,"data":{"href":"https://nginx.org/en/"},"nodes":[{"kind":"text","key":"6375ef0b5d91459cabee11167c94e036","ranges":[{"kind":"range","marks":[],"text":"https://nginx.org/en/"}]}]},{"kind":"text","key":"9a85d0f3789842adbaa0207d12353011","ranges":[{"kind":"range","marks":[],"text":""}]}]}]}]},{"kind":"block","type":"table-row","key":"473ec56d0668417fa97aa2832fb7e520","isVoid":false,"data":{},"nodes":[{"kind":"block","type":"table-cell","key":"29b33427a6214cafa9a95bfa3f138525","isVoid":false,"data":{},"nodes":[{"kind":"block","type":"paragraph","key":"3db1eeda60e649638a8dd2eea101787f","isVoid":false,"data":{},"nodes":[{"kind":"text","key":"04da8f0f6f0b4780b3163c9b0f9a4f84","ranges":[{"kind":"range","marks":[{"kind":"mark","data":{},"type":"bold"}],"text":"REST++ "},{"kind":"range","marks":[],"text":"or \n"},{"kind":"range","marks":[{"kind":"mark","data":{},"type":"bold"}],"text":"RESTPP"}]}]}]},{"kind":"block","type":"table-cell","key":"f990d5061b75490fab36fc7d7aef1957","isVoid":false,"data":{},"nodes":[{"kind":"block","type":"paragraph","key":"1d06f5e0eeea4b4e8eb7b2cc4fed77e8","isVoid":false,"data":{},"nodes":[{"kind":"text","key":"90171b2dd06a4b21b72e4c89d52e7664","ranges":[{"kind":"range","marks":[],"text":"A server component which accepts RESTful requests from clients, validates the requests, invokes the GPE, and sends responses back to the client. Additionally, REST++ provides a zero-coding interface for users to define RESTful endpoints.REST++ offers easy-to-use APIs for customizing the logic of handling requests and processing responses."}]}]}]}]},{"kind":"block","type":"table-row","key":"17b4dd95180e49d8bb49e48b4b16b74b","isVoid":false,"data":{},"nodes":[{"kind":"block","type":"table-cell","key":"46d50ac8b1e24975b0570d9fcf1325e0","isVoid":false,"data":{},"nodes":[{"kind":"block","type":"paragraph","key":"9fcdd5c65049405aa5bdd8467f06996f","isVoid":false,"data":{},"nodes":[{"kind":"text","key":"9388a63d2d044c2a955830e0bd461228","ranges":[{"kind":"range","marks":[{"kind":"mark","data":{},"type":"bold"}],"text":"Single Sign-On (SSO)"}]}]}]},{"kind":"block","type":"table-cell","key":"193705541cfd4f9c944c1e5b5aa757bd","isVoid":false,"data":{},"nodes":[{"kind":"block","type":"paragraph","key":"cffc61107b4242bb9920849b21854ff9","isVoid":false,"data":{},"nodes":[{"kind":"text","key":"83f21458347f43efbfd63b18bfa491d4","ranges":[{"kind":"range","marks":[],"text":"A user authentication service that permits a user to use one set of login credentials to access multiple applications."}]}]}]}]},{"kind":"block","type":"table-row","key":"eb7273e7969c4b8f9025e1ac06b5e8f3","isVoid":false,"data":{},"nodes":[{"kind":"block","type":"table-cell","key":"45cbc8b4ad324d908e7a2d90532ab0b2","isVoid":false,"data":{},"nodes":[{"kind":"block","type":"paragraph","key":"d02f8800b15c4b4d9798f7ba335ed4a3","isVoid":false,"data":{},"nodes":[{"kind":"text","key":"f5a8db27d94343d691b2b75fca14c7d3","ranges":[{"kind":"range","marks":[{"kind":"mark","data":{},"type":"bold"}],"text":"TigerGraph \nPlatform"}]}]}]},{"kind":"block","type":"table-cell","key":"28e7947ae226431db66bacfc4061d352","isVoid":false,"data":{},"nodes":[{"kind":"block","type":"paragraph","key":"5fcb588d40ba451e9d5600a851e5dde1","isVoid":false,"data":{},"nodes":[{"kind":"text","key":"ee7c41d6aae14d63b559d55fa4961c69","ranges":[{"kind":"range","marks":[],"text":"The TigerGraph real-time graph data analytics software system. The TigerGraph Platform offers complete functionality for creating and managing a graph database and for performing data queries and analyses. The platform includes the Graph Store and GSE , GPE, REST++, GSQL, GraphStudio, plus some third-party components, such as Apache Kafka and Zookeeper."}]}]}]}]},{"kind":"block","type":"table-row","key":"2e1f2229854a487e829d03587d23b8e5","isVoid":false,"data":{},"nodes":[{"kind":"block","type":"table-cell","key":"8cdccfda915c4e99ab57d049a9cd1f7d","isVoid":false,"data":{},"nodes":[{"kind":"block","type":"paragraph","key":"2fb48280b1044d4dadf8f36c5c682d4d","isVoid":false,"data":{},"nodes":[{"kind":"text","key":"426ca1413db04c9fae93e4e350eac5c8","ranges":[{"kind":"range","marks":[{"kind":"mark","data":{},"type":"bold"}],"text":"TigerGraph "},{"kind":"range","marks":[],"text":"\n"},{"kind":"range","marks":[{"kind":"mark","data":{},"type":"bold"}],"text":"System"}]}]}]},{"kind":"block","type":"table-cell","key":"ff1282faf0204ae9900fc7841f19600e","isVoid":false,"data":{},"nodes":[{"kind":"block","type":"paragraph","key":"ad7d1c6fc8ee4bc2a9a718315a3e2866","isVoid":false,"data":{},"nodes":[{"kind":"text","key":"f324283572c04b2198b0c335b249a26b","ranges":[{"kind":"range","marks":[],"text":"The TigerGraph platform and its languages. Based on context, the term may also include additional optional TigerGraph components which have been installed."}]}]}]}]},{"kind":"block","type":"table-row","key":"33f616b92a2c443f92a86639655e4d3d","isVoid":false,"data":{},"nodes":[{"kind":"block","type":"table-cell","key":"20f3027cec064da782a141c26d1fec2c","isVoid":false,"data":{},"nodes":[{"kind":"block","type":"paragraph","key":"b183902d776e448fbc2db88f18e35b20","isVoid":false,"data":{},"nodes":[{"kind":"text","key":"6e3e06eead854f4bba3f0bf2db2173cd","ranges":[{"kind":"range","marks":[{"kind":"mark","data":{},"type":"bold"}],"text":"Zookeeper"}]}]}]},{"kind":"block","type":"table-cell","key":"dfd58423fa114b2198fcd73d4d5d10d2","isVoid":false,"data":{},"nodes":[{"kind":"block","type":"paragraph","key":"2c6fd208e46340c6a182852848fdd51b","isVoid":false,"data":{},"nodes":[{"kind":"text","key":"3308e2783c924be59f0994cc5962c173","ranges":[{"kind":"range","marks":[],"text":"A free open-source program from the Apache Software Foundation, providing \"a centralized service for maintaining configuration information, naming, providing distributed synchronization, and providing group services.\" Used for running the TigerGraph system on a cluster or other distributed system. Zookeeper is automatically included during TigerGraph system installation. "}]},{"kind":"inline","type":"link","key":"85ce58275a7a4e28a53d822c2ef7ca5f","isVoid":false,"data":{"href":"https://zookeeper.apache.org/"},"nodes":[{"kind":"text","key":"7343caa2abbe4085844fda71eaac7fd4","ranges":[{"kind":"range","marks":[],"text":"https://zookeeper.apache.org/"}]}]},{"kind":"text","key":"8197d46777434629ba2ac94b4fb27cd1","ranges":[{"kind":"range","marks":[],"text":""}]}]}]}]}]}]}}