{"format_version":1,"document":{"kind":"document","key":"881bc850fbfd49829fe95832e646bc8f","data":{"schema_version":6},"nodes":[{"kind":"block","type":"paragraph","key":"91585489ec964f56bdfefa9e7d3b4043","isVoid":false,"data":{},"nodes":[{"kind":"text","key":"f2d71f0f2d5e438880214f5a55130466","ranges":[{"kind":"range","marks":[],"text":"link page"}]}]},{"kind":"block","type":"paragraph","key":"588729e0756b4926b36d9d17476b2961","isVoid":false,"data":{},"nodes":[{"kind":"text","key":"aad13bbaf2b540f799cb45c13e858d33","ranges":[{"kind":"range","marks":[],"text":"go back"}]}]},{"kind":"block","type":"page-ref","key":"1768da6da3df47a58066b304ba654b3e","isVoid":true,"data":{"page":"-M5KQ7eQiJjPIMNk5Aj1"},"nodes":[{"kind":"text","key":"84de41ccfe924069a3e4dab3cf5da177","ranges":[{"kind":"range","marks":[],"text":""}]}]},{"kind":"block","type":"paragraph","key":"d624276e956b435f8278211fe4525e1e","isVoid":false,"data":{},"nodes":[{"kind":"text","key":"40c7e231f27049279c8682b7552a8c5b","ranges":[{"kind":"range","marks":[],"text":""}]}]},{"kind":"block","type":"paragraph","key":"7a02bf77364c4cbb9c457c9257d95c41","isVoid":false,"data":{},"nodes":[{"kind":"text","key":"0c6b077f970342a685b379313f38457f","ranges":[{"kind":"range","marks":[],"text":""}]}]}]}}