{"format_version":1,"document":{"kind":"document","key":"16791701540e4953a400119fb45d112c","data":{"schema_version":6},"nodes":[{"kind":"block","type":"paragraph","key":"8593bd689832445d8a57ad6423291bd0","isVoid":false,"data":{},"nodes":[{"kind":"text","key":"6aa715149cee43d88f6a2f985fef0e2d","ranges":[{"kind":"range","marks":[],"text":"Paragraph"}]}]},{"kind":"block","type":"paragraph","key":"2c0da37a2f624c6ba5fd1315de5026c6","isVoid":false,"data":{},"nodes":[{"kind":"text","key":"9b5720b052784924811714d7fa5dc536","ranges":[{"kind":"range","marks":[{"kind":"mark","data":{},"type":"bold"}],"text":"Paragraph bold"}]}]},{"kind":"block","type":"paragraph","key":"2eed542d0f1142eaa9bc766501bf59c1","isVoid":false,"data":{},"nodes":[{"kind":"text","key":"dc428ce2627e48a5a1013d075af0229e","ranges":[{"kind":"range","marks":[{"kind":"mark","data":{},"type":"bold"},{"kind":"mark","data":{},"type":"italic"}],"text":"Paragraph "},{"kind":"range","marks":[{"kind":"mark","data":{},"type":"bold"}],"text":"ltalic"}]}]},{"kind":"block","type":"paragraph","key":"cfdf7ab08a324cc68cf07f6ead4efa16","isVoid":false,"data":{},"nodes":[{"kind":"text","key":"55524e5320254751bb6e11b3b60faf5d","ranges":[{"kind":"range","marks":[{"kind":"mark","data":{},"type":"bold"},{"kind":"mark","data":{},"type":"italic"},{"kind":"mark","data":{},"type":"strikethrough"}],"text":"Paragraph "},{"kind":"range","marks":[{"kind":"mark","data":{},"type":"bold"},{"kind":"mark","data":{},"type":"strikethrough"}],"text":"delete"}]}]},{"kind":"block","type":"paragraph","key":"f52aea6b629d4451860b11941757c199","isVoid":false,"data":{},"nodes":[{"kind":"text","key":"ee49c2b6049545419f878ecbaf9c36dd","ranges":[{"kind":"range","marks":[{"kind":"mark","data":{},"type":"code"}],"text":"Paragraph code"}]}]},{"kind":"block","type":"paragraph","key":"66c793bc875f4b359307f36a866f02ac","isVoid":false,"data":{},"nodes":[{"kind":"text","key":"23e1ea703bb849838bbffd12bb18f33a","ranges":[{"kind":"range","marks":[],"text":""}]},{"kind":"inline","type":"link","key":"2e148269511b42a4825081a269eb56c7","isVoid":false,"data":{"href":"https://www.baidu.com"},"nodes":[{"kind":"text","key":"e09d9ca3966d442fada9a5114e298448","ranges":[{"kind":"range","marks":[],"text":"Paragraph link"}]}]},{"kind":"text","key":"a8f419d00667412b88d50685988eb0fb","ranges":[{"kind":"range","marks":[],"text":""}]}]},{"kind":"block","type":"heading-1","key":"65ff3a93bb4141f6adca8211c2dae74d","isVoid":false,"data":{},"nodes":[{"kind":"text","key":"46212593b1bf4d1b93a2864bbb750c3d","ranges":[{"kind":"range","marks":[],"text":"heading 1"}]}]},{"kind":"block","type":"heading-2","key":"c207b407cf364670bbffde97cc311dc1","isVoid":false,"data":{},"nodes":[{"kind":"text","key":"0654c75cc28647c6a9332262e597890c","ranges":[{"kind":"range","marks":[],"text":"heading 2"}]}]},{"kind":"block","type":"heading-3","key":"b5aa5a09bc8d44b389906c381caa34d4","isVoid":false,"data":{},"nodes":[{"kind":"text","key":"3ef12bc2e38645b8af1bcb24a0657688","ranges":[{"kind":"range","marks":[],"text":"heading 3"}]}]},{"kind":"block","type":"list-unordered","key":"34e20122d6a94cfca3358322a3165425","isVoid":false,"data":{},"nodes":[{"kind":"block","type":"list-item","key":"6e99776250e745319e9bbd8a9461d7f1","isVoid":false,"data":{},"nodes":[{"kind":"block","type":"paragraph","key":"bc08b7e152274196bd79bcf420869b3b","isVoid":false,"data":{},"nodes":[{"kind":"text","key":"0ca4c523435742748cdd08bcb2b806b7","ranges":[{"kind":"range","marks":[],"text":"bulleted list 1"}]}]}]},{"kind":"block","type":"list-item","key":"42e732e9bb4b46278a12f48a1a225617","isVoid":false,"data":{},"nodes":[{"kind":"block","type":"paragraph","key":"19baf59033464ed982ccd036d16fceee","isVoid":false,"data":{},"nodes":[{"kind":"text","key":"2b4194a3db1f47da857caaa460dea314","ranges":[{"kind":"range","marks":[],"text":"bulleted list 2"}]}]},{"kind":"block","type":"list-unordered","key":"50e53957d36a4b7fa71fa513d9f6c6d6","isVoid":false,"data":{},"nodes":[{"kind":"block","type":"list-item","key":"d6cca5390ed940588dc4a4ff0244ea99","isVoid":false,"data":{},"nodes":[{"kind":"block","type":"paragraph","key":"b2dc9d0f1bc44f28821141df4ef4780f","isVoid":false,"data":{},"nodes":[{"kind":"text","key":"41c9041d93a6463eb2491168c28f3387","ranges":[{"kind":"range","marks":[],"text":"bulleted list 2 - 1 "}]}]}]},{"kind":"block","type":"list-item","key":"0e88784eb5f14b61b261930ca571f04a","isVoid":false,"data":{},"nodes":[{"kind":"block","type":"paragraph","key":"36a7e98f01b740ecb9cf2dfdc01dac33","isVoid":false,"data":{},"nodes":[{"kind":"text","key":"0f95164d880349a39ecaf515086b82aa","ranges":[{"kind":"range","marks":[],"text":"bulleted list 2 - 2"}]}]},{"kind":"block","type":"list-unordered","key":"c5b34afd7c9449f1822a077ee32dec6d","isVoid":false,"data":{},"nodes":[{"kind":"block","type":"list-item","key":"29f02cb7b3de4c1196f3120961a9846e","isVoid":false,"data":{},"nodes":[{"kind":"block","type":"paragraph","key":"9f36cc064e2f4a11bdeb96610c901ccf","isVoid":false,"data":{},"nodes":[{"kind":"text","key":"daa7a295cfa24b3b86594c831a9b8558","ranges":[{"kind":"range","marks":[],"text":"bulleted list 2 - 2 - 1"}]}]}]},{"kind":"block","type":"list-item","key":"5cab52918f8f46d1857e5c7e89cc9ecc","isVoid":false,"data":{},"nodes":[{"kind":"block","type":"paragraph","key":"d93c009ede7545a582830a3ab6535cda","isVoid":false,"data":{},"nodes":[{"kind":"text","key":"eecdc56a3c7244c58babecb05af18ddb","ranges":[{"kind":"range","marks":[],"text":"bulleted list 2 - 2 - 2"}]}]},{"kind":"block","type":"list-unordered","key":"24d0f26826fd48ad8a17106f54f739fb","isVoid":false,"data":{},"nodes":[{"kind":"block","type":"list-item","key":"72f0f8ffeb7c4e4ea8a937994a9cfb56","isVoid":false,"data":{},"nodes":[{"kind":"block","type":"paragraph","key":"da9502bd3f2340cb8be018a77f01ff8c","isVoid":false,"data":{},"nodes":[{"kind":"text","key":"eb26abadfd9c4d3682401c107af1cb47","ranges":[{"kind":"range","marks":[],"text":"bulleted list 2 - 2 - 2 - 1"}]}]}]},{"kind":"block","type":"list-item","key":"a683717005fa4ccfb0c314979d08aa73","isVoid":false,"data":{},"nodes":[{"kind":"block","type":"paragraph","key":"e6e9c386a2b4440eb29b87efe6ae69bb","isVoid":false,"data":{},"nodes":[{"kind":"text","key":"aaa8f71be89b484d8d94faec88534d15","ranges":[{"kind":"range","marks":[],"text":"bulleted list 2 - 2 - 2 - 2"}]}]},{"kind":"block","type":"list-unordered","key":"121b4f3e909c489db818b26c980d67e4","isVoid":false,"data":{},"nodes":[{"kind":"block","type":"list-item","key":"4a78029b04db45cc9e7ea08fb3b2702f","isVoid":false,"data":{},"nodes":[{"kind":"block","type":"paragraph","key":"5bf96011ba2344508e61dc2bae79ea8b","isVoid":false,"data":{},"nodes":[{"kind":"text","key":"097ac88c623247dda0824350a229d5d6","ranges":[{"kind":"range","marks":[],"text":"bulleted list 2 - 2 - 2 - 2 - 1"}]}]},{"kind":"block","type":"list-unordered","key":"44a6c3f30fb848a7a5600928707830bc","isVoid":false,"data":{},"nodes":[{"kind":"block","type":"list-item","key":"16be511272f744efb949a0365c68c5e1","isVoid":false,"data":{},"nodes":[{"kind":"block","type":"paragraph","key":"89123b5250a543e2a2a1843b24df8b91","isVoid":false,"data":{},"nodes":[{"kind":"text","key":"c516aa75de364001905954d6ca7a4767","ranges":[{"kind":"range","marks":[],"text":"end"}]}]}]}]}]}]}]}]}]}]}]},{"kind":"block","type":"list-item","key":"739cfca907134cb8b33352c7f4a59428","isVoid":false,"data":{},"nodes":[{"kind":"block","type":"paragraph","key":"d2ae094f729342b796386e2129bc4f12","isVoid":false,"data":{},"nodes":[{"kind":"text","key":"60fd6233425b4eac9a5cfcce38fc029c","ranges":[{"kind":"range","marks":[],"text":"bulleted list 2 - 3"}]}]}]}]},{"kind":"block","type":"paragraph","key":"3e6b749007544327bbe88b1c38bc53bb","isVoid":false,"data":{},"nodes":[{"kind":"text","key":"a8a1b11a4d5b4565b4b7c2ab20e3370f","ranges":[{"kind":"range","marks":[],"text":""}]}]}]},{"kind":"block","type":"list-item","key":"c3dc366c43704df8a5e16de451154975","isVoid":false,"data":{},"nodes":[{"kind":"block","type":"paragraph","key":"b3d24b8c0d5b43f2a41152d7df1d13ba","isVoid":false,"data":{},"nodes":[{"kind":"text","key":"f8d8b166eee2465a86645af7a7ad5d59","ranges":[{"kind":"range","marks":[],"text":"bulleted list 3"}]}]}]},{"kind":"block","type":"list-item","key":"f729e1f260ce4b409f41aecdb95556c5","isVoid":false,"data":{},"nodes":[{"kind":"block","type":"paragraph","key":"dcf0729a0bc949b8a5ee8cf9293a6027","isVoid":false,"data":{},"nodes":[{"kind":"text","key":"20763a274be341e295148be101a54744","ranges":[{"kind":"range","marks":[],"text":"bulleted list 4"}]}]}]}]},{"kind":"block","type":"list-ordered","key":"bce160af0bb64b8f9f57a4b224553a00","isVoid":false,"data":{},"nodes":[{"kind":"block","type":"list-item","key":"892b53a5bb924bcc9d75f40150b6c3b9","isVoid":false,"data":{},"nodes":[{"kind":"block","type":"paragraph","key":"98905afb91f14237b9d64aa92397009a","isVoid":false,"data":{},"nodes":[{"kind":"text","key":"8d2ebd228d3c4163b24a9cb8d8011770","ranges":[{"kind":"range","marks":[],"text":"ordered list 1"}]}]},{"kind":"block","type":"list-ordered","key":"79d68f9ca3b34a1e8fedf79381b029b9","isVoid":false,"data":{},"nodes":[{"kind":"block","type":"list-item","key":"041d035cc6c942a28eb16b7fa0b745c8","isVoid":false,"data":{},"nodes":[{"kind":"block","type":"paragraph","key":"c73cbeceb7e044e59febd42fb29506bc","isVoid":false,"data":{},"nodes":[{"kind":"text","key":"868feb1ff7aa411caf325d643ffaa7a2","ranges":[{"kind":"range","marks":[],"text":"ordered list 1 - 1"}]}]},{"kind":"block","type":"list-ordered","key":"6a1cc489a26c476fb0ec38d8d6f01f1b","isVoid":false,"data":{},"nodes":[{"kind":"block","type":"list-item","key":"065f62bd92a844558e3b40cb61da4bb4","isVoid":false,"data":{},"nodes":[{"kind":"block","type":"paragraph","key":"fd61e39fe68741a7bdc31abb389e7e3a","isVoid":false,"data":{},"nodes":[{"kind":"text","key":"ea791b549e8244e5a2ef86f37782209d","ranges":[{"kind":"range","marks":[],"text":"ordered list 1 - 1 - 1"}]}]},{"kind":"block","type":"list-ordered","key":"811e16984f42455b99f811a858869a49","isVoid":false,"data":{},"nodes":[{"kind":"block","type":"list-item","key":"6a72e6801ef144fe801e52b38d07dd59","isVoid":false,"data":{},"nodes":[{"kind":"block","type":"paragraph","key":"9c790e61f7d74edf839dc862b75a79fe","isVoid":false,"data":{},"nodes":[{"kind":"text","key":"8472c20327754c7ca587e04d015ace16","ranges":[{"kind":"range","marks":[],"text":"ordered list 1 - 1 - 1 - 1"}]}]}]}]},{"kind":"block","type":"paragraph","key":"bc9424a584114f0c9bac928b8f806c9d","isVoid":false,"data":{},"nodes":[{"kind":"text","key":"b485d409c2984db8b0eeb3a6b9539689","ranges":[{"kind":"range","marks":[],"text":" "}]}]}]}]}]},{"kind":"block","type":"list-item","key":"c5f7321ba10d454d806d086d4608f262","isVoid":false,"data":{},"nodes":[{"kind":"block","type":"paragraph","key":"a65971addeb4418183483e07f1b2b2ff","isVoid":false,"data":{},"nodes":[{"kind":"text","key":"fa827a8e93cf4b1393af5408ad4876c6","ranges":[{"kind":"range","marks":[],"text":"ordered list 1 - 2"}]}]}]},{"kind":"block","type":"list-item","key":"75eb964d9c0d41bfb4d5465a4e219e47","isVoid":false,"data":{},"nodes":[{"kind":"block","type":"paragraph","key":"b560d5a06afb493dbe2502c4f8630904","isVoid":false,"data":{},"nodes":[{"kind":"text","key":"861d281fb40342c8b4b318dc6912f31f","ranges":[{"kind":"range","marks":[],"text":"ordered list 1 - 3"}]}]}]}]}]},{"kind":"block","type":"list-item","key":"911a3bdafc0942059922151403734ac3","isVoid":false,"data":{},"nodes":[{"kind":"block","type":"paragraph","key":"55c93addebb14168bdbfc8cecf710e7e","isVoid":false,"data":{},"nodes":[{"kind":"text","key":"a6c5cd424728460180bc4d8f6e2798c7","ranges":[{"kind":"range","marks":[],"text":"ordered list 2"}]}]},{"kind":"block","type":"list-ordered","key":"969291f9116746a0acefe03dba64275f","isVoid":false,"data":{},"nodes":[{"kind":"block","type":"list-item","key":"5b60136f59724f33b2053886e090948b","isVoid":false,"data":{},"nodes":[{"kind":"block","type":"paragraph","key":"e2694caf2cf448dcb968b7299529865d","isVoid":false,"data":{},"nodes":[{"kind":"text","key":"61e8331fcf0349a2ba428d7184f4103c","ranges":[{"kind":"range","marks":[],"text":"ordered list 2 - 1"}]}]}]},{"kind":"block","type":"list-item","key":"1d4d1d892b2c4b1c899efa9a1ee2ac46","isVoid":false,"data":{},"nodes":[{"kind":"block","type":"paragraph","key":"c4dad8fa4b08459e848d2ce4bb50dd20","isVoid":false,"data":{},"nodes":[{"kind":"text","key":"aab775fadb6e427fb7253f428e617505","ranges":[{"kind":"range","marks":[],"text":"ordered list 2 - 2"}]}]}]}]}]}]},{"kind":"block","type":"list-unordered","key":"d219266b7398494d98c95a73b68642d2","isVoid":false,"data":{},"nodes":[{"kind":"block","type":"list-item","key":"c012a63357e840bcb09801860edea31e","isVoid":false,"data":{"checked":false},"nodes":[{"kind":"block","type":"paragraph","key":"847f0818f4e34f5da8af04ab28efbb0c","isVoid":false,"data":{},"nodes":[{"kind":"text","key":"23c232fdf83b4d0dab2b6e3c9c6ac391","ranges":[{"kind":"range","marks":[],"text":"task list "}]}]}]},{"kind":"block","type":"list-item","key":"758416a97b7644089c40ed82e755d63c","isVoid":false,"data":{"checked":false},"nodes":[{"kind":"block","type":"paragraph","key":"c72f6f54e4c64fb584581b19c7c942dd","isVoid":false,"data":{},"nodes":[{"kind":"text","key":"fc160732c2a24df399defef667e725f0","ranges":[{"kind":"range","marks":[],"text":"task list"}]}]},{"kind":"block","type":"list-unordered","key":"1c7a642ec6ce4492a396e4a91c710453","isVoid":false,"data":{},"nodes":[{"kind":"block","type":"list-item","key":"bc459588a09c4336a1db71d23693554b","isVoid":false,"data":{"checked":true},"nodes":[{"kind":"block","type":"paragraph","key":"48adb8e1abff4030a6a98eca998553f4","isVoid":false,"data":{},"nodes":[{"kind":"text","key":"980bb8e3a72e41f0ab5d4fadb0c710f4","ranges":[{"kind":"range","marks":[],"text":"task list (checked)"}]}]},{"kind":"block","type":"list-unordered","key":"ded6f70a6d9d4696bdefbb273599e4bd","isVoid":false,"data":{},"nodes":[{"kind":"block","type":"list-item","key":"3371d00a0f864952b7e42c0216d38d40","isVoid":false,"data":{"checked":false},"nodes":[{"kind":"block","type":"paragraph","key":"6469e15239b242ae9d2f847d5f6645e8","isVoid":false,"data":{},"nodes":[{"kind":"text","key":"46c2414a31424756959045eb9b03171f","ranges":[{"kind":"range","marks":[],"text":"task list"}]}]},{"kind":"block","type":"list-unordered","key":"d3f2319e639746bb93e261cf007fb7d8","isVoid":false,"data":{},"nodes":[{"kind":"block","type":"list-item","key":"21cf6ea0b2a44affab5867f73fe4cf0b","isVoid":false,"data":{"checked":true},"nodes":[{"kind":"block","type":"paragraph","key":"ac7657a9ffba4dfa95ba42a24422442a","isVoid":false,"data":{},"nodes":[{"kind":"text","key":"5c256225ad044786b2dd090d0b593ac8","ranges":[{"kind":"range","marks":[],"text":"task list (checked)"}]}]}]}]}]},{"kind":"block","type":"list-item","key":"9d944ffe130945e8a22f3cb3068adf83","isVoid":false,"data":{"checked":true},"nodes":[{"kind":"block","type":"paragraph","key":"9991ff34d85549fe9ffa03a0cdef8cc0","isVoid":false,"data":{},"nodes":[{"kind":"text","key":"b237f6250c224f09a67792e56dd5806a","ranges":[{"kind":"range","marks":[],"text":"task list (checked)"}]}]}]}]}]}]}]},{"kind":"block","type":"list-item","key":"4c3be89cc781476f872a6c236d2f5a7c","isVoid":false,"data":{"checked":false},"nodes":[{"kind":"block","type":"paragraph","key":"0f6323793cce47cfb55659de6c40876a","isVoid":false,"data":{},"nodes":[{"kind":"text","key":"fc65b26243014dcb86f24e8853dbc00a","ranges":[{"kind":"range","marks":[],"text":"task list"}]}]}]}]},{"kind":"block","type":"code","key":"f7b8cc4079a64a08a3f8fd3797c39c52","isVoid":false,"data":{"syntax":"text"},"nodes":[{"kind":"block","type":"code-line","key":"b853b27d2cf540e5b1959eb8be86aa64","isVoid":false,"data":{},"nodes":[{"kind":"text","key":"7713df82ec5d4b27b73ba8365cc6e53f","ranges":[{"kind":"range","marks":[],"text":"code block (支持多语言)"}]}]}]},{"kind":"block","type":"blockquote","key":"939a8da4e6394b6494262585bee8ae63","isVoid":false,"data":{},"nodes":[{"kind":"block","type":"paragraph","key":"79d3c179e0f341849500609ea2a1e8d9","isVoid":false,"data":{},"nodes":[{"kind":"text","key":"34355055666348b2a8af5d4ad9c6d6f4","ranges":[{"kind":"range","marks":[],"text":"Quote 1"}]}]},{"kind":"block","type":"blockquote","key":"da1e00eb577443dfb5e938d724689946","isVoid":false,"data":{},"nodes":[{"kind":"block","type":"paragraph","key":"de47dbf6d0ee4c4fbe4972dcf340e789","isVoid":false,"data":{},"nodes":[{"kind":"text","key":"85e12494c514447cb79bb5ea28934309","ranges":[{"kind":"range","marks":[],"text":"Quote 2"}]}]},{"kind":"block","type":"blockquote","key":"896227105a9c4c30a9fdc1e9bc2fdd80","isVoid":false,"data":{},"nodes":[{"kind":"block","type":"paragraph","key":"e693345220cb4a75b5665cdada652906","isVoid":false,"data":{},"nodes":[{"kind":"text","key":"498b519b1670421d9f82bc866d9346be","ranges":[{"kind":"range","marks":[],"text":"Quote 3 - 1"}]}]},{"kind":"block","type":"paragraph","key":"bcab0a75f4da40bda9559f49381dc3cd","isVoid":false,"data":{},"nodes":[{"kind":"text","key":"9c340a7f7d5646ae80910c7e7a9eff21","ranges":[{"kind":"range","marks":[],"text":"Quote 3 - 2 "}]}]},{"kind":"block","type":"blockquote","key":"0800b637ba8641aea2a27f3ff1bea381","isVoid":false,"data":{},"nodes":[{"kind":"block","type":"paragraph","key":"c3520b4100f94ece9f05ba837c55614d","isVoid":false,"data":{},"nodes":[{"kind":"text","key":"193671358e0645b1b285b7c720dd730b","ranges":[{"kind":"range","marks":[],"text":"Quote 3 -3 - 1"}]}]},{"kind":"block","type":"blockquote","key":"5176d54c0bad4fa1ab99fa9059bb535e","isVoid":false,"data":{},"nodes":[{"kind":"block","type":"paragraph","key":"a2e8faf8fe7c41d0a6df90632f4393a7","isVoid":false,"data":{},"nodes":[{"kind":"text","key":"604ccd8ab7014505b6083d9116453a89","ranges":[{"kind":"range","marks":[],"text":"Quote 3 - 4 - 2 - 1"}]}]}]}]},{"kind":"block","type":"blockquote","key":"d88899df9df247608173499d4f318bcd","isVoid":false,"data":{},"nodes":[{"kind":"block","type":"blockquote","key":"b6386fbdd082456eb33da8dbf2130533","isVoid":false,"data":{},"nodes":[{"kind":"block","type":"blockquote","key":"ee4aacd0275c496c8f0cca883f992c18","isVoid":false,"data":{},"nodes":[{"kind":"block","type":"paragraph","key":"351cae936d79456396fbd4aa624e0e7c","isVoid":false,"data":{},"nodes":[{"kind":"text","key":"68af6c4f2b654c7396278c0892f161ca","ranges":[{"kind":"range","marks":[],"text":"Quote 3 - 5 - 3 - 2 - 1"}]}]}]}]}]},{"kind":"block","type":"paragraph","key":"5235e89ea08748bab32be779b4cbe783","isVoid":false,"data":{},"nodes":[{"kind":"text","key":"9ece4b14f4924d8087057f5677d6617e","ranges":[{"kind":"range","marks":[],"text":"Quote 3 - 6"}]}]},{"kind":"block","type":"blockquote","key":"39ae838e8d694201b324071429042060","isVoid":false,"data":{},"nodes":[{"kind":"block","type":"paragraph","key":"d6bffb980166469f8d1dbb4255839132","isVoid":false,"data":{},"nodes":[{"kind":"text","key":"ada58201512c4a41882c6344dfd479ca","ranges":[{"kind":"range","marks":[],"text":"Quote 3 - 7 - 1"}]}]}]}]}]}]},{"kind":"block","type":"image","key":"c4e79422260e4df5a6ec1dd9f751cc81","isVoid":true,"data":{"assetID":"-M5Q9B2crYznyX5yghuy","caption":"炸心管"},"nodes":[{"kind":"text","key":"9876da5e38e646d3bc380ae503a9242d","ranges":[{"kind":"range","marks":[],"text":""}]}]},{"kind":"block","type":"table","key":"e3e2da712ff445ecbf0688b3cf77d091","isVoid":false,"data":{"aligns":["left","left","left","left"]},"nodes":[{"kind":"block","type":"table-row","key":"14d467d92afb4aae8545f7a96f3646a8","isVoid":false,"data":{},"nodes":[{"kind":"block","type":"table-cell","key":"0a3ba7c8a1f94eb7b7c6e4dc49180429","isVoid":false,"data":{},"nodes":[{"kind":"block","type":"paragraph","key":"51aa4d0ea7c040c68adccee6c5b6a715","isVoid":false,"data":{},"nodes":[{"kind":"text","key":"3998d991786749aeb0767b91ae46db2d","ranges":[{"kind":"range","marks":[],"text":"column 1"}]}]}]},{"kind":"block","type":"table-cell","key":"68f0fcac43ca4d5096f5df9d2310bfba","isVoid":false,"data":{},"nodes":[{"kind":"block","type":"paragraph","key":"9d73b31d5a004d2095656fec47bbe419","isVoid":false,"data":{},"nodes":[{"kind":"text","key":"a932e36978b24389ac0de6d66aceaee6","ranges":[{"kind":"range","marks":[],"text":"column 2"}]}]}]},{"kind":"block","type":"table-cell","key":"76c25500d1d142e2b43bc9a2a85126b7","isVoid":false,"data":{},"nodes":[{"kind":"block","type":"paragraph","key":"e187e32278b24c348f7be756ea50ec96","isVoid":false,"data":{},"nodes":[{"kind":"text","key":"a08da36815ac485ebf8def0002793cb4","ranges":[{"kind":"range","marks":[],"text":"column 3"}]}]}]},{"kind":"block","type":"table-cell","key":"8d32441502b3499991ba371bacd93cf1","isVoid":false,"data":{},"nodes":[{"kind":"block","type":"paragraph","key":"2701c69285d3491d8a89a67460a7ee90","isVoid":false,"data":{},"nodes":[{"kind":"text","key":"54fd04b099fc4ba0958dbbcb255774b0","ranges":[{"kind":"range","marks":[],"text":"column 4"}]}]}]}]},{"kind":"block","type":"table-row","key":"8b690fe84b2d487aa663014b68a12e87","isVoid":false,"data":{},"nodes":[{"kind":"block","type":"table-cell","key":"a9c0faeddbcb461abbff2542cf76d21e","isVoid":false,"data":{},"nodes":[{"kind":"block","type":"paragraph","key":"ceb19da11ac345358483333f758bc245","isVoid":false,"data":{},"nodes":[{"kind":"text","key":"a16042cf963a4131a0a66a3118e971a3","ranges":[{"kind":"range","marks":[],"text":"Paragraph"}]}]}]},{"kind":"block","type":"table-cell","key":"8bf9bfe24f944863b2710880c3b02037","isVoid":false,"data":{},"nodes":[{"kind":"block","type":"paragraph","key":"4fc2e99402b744728ebe3cda51ceea4d","isVoid":false,"data":{},"nodes":[{"kind":"text","key":"567d817cf9f8432fbea17c00d0dec5ad","ranges":[{"kind":"range","marks":[],"text":"Paragraph"}]}]}]},{"kind":"block","type":"table-cell","key":"54ff1d4a2d4e444d9775a8fa735a75a7","isVoid":false,"data":{},"nodes":[{"kind":"block","type":"paragraph","key":"55e32608df554ada8af775957d80470c","isVoid":false,"data":{},"nodes":[{"kind":"text","key":"28812e3a51514a4bb66591d4febda33e","ranges":[{"kind":"range","marks":[],"text":""}]}]}]},{"kind":"block","type":"table-cell","key":"0a5757e52a2541a5889c5e301ba792cb","isVoid":false,"data":{},"nodes":[{"kind":"block","type":"paragraph","key":"e8882f78fb1a40bfa046dd6f2c6386dc","isVoid":false,"data":{},"nodes":[{"kind":"text","key":"c947236fc9f74810a7f6b6652d28daa5","ranges":[{"kind":"range","marks":[],"text":""}]},{"kind":"inline","type":"link","key":"391b969bdcec4168b03903e48c23f838","isVoid":false,"data":{"href":"https://www.baidu.com"},"nodes":[{"kind":"text","key":"f6e57ca9ee3745689c9a67e9ad93a624","ranges":[{"kind":"range","marks":[],"text":"Paragraph link"}]}]},{"kind":"text","key":"b151a53a91cb44f5bac963145f393ff2","ranges":[{"kind":"range","marks":[],"text":""}]}]}]}]},{"kind":"block","type":"table-row","key":"d58924ed1bf645f0b8f92c076ab0baf4","isVoid":false,"data":{},"nodes":[{"kind":"block","type":"table-cell","key":"93f6e89b86b64a1d9bfbb0ff66577565","isVoid":false,"data":{},"nodes":[{"kind":"block","type":"paragraph","key":"241d83398add47b0bf7e0fc803468fd3","isVoid":false,"data":{},"nodes":[{"kind":"text","key":"f3de3108c12a43a58a73118f93a6ae37","ranges":[{"kind":"range","marks":[{"kind":"mark","data":{},"type":"bold"}],"text":""}]}]}]},{"kind":"block","type":"table-cell","key":"8fd855d29d924ff88fe67f4883a3b606","isVoid":false,"data":{},"nodes":[{"kind":"block","type":"paragraph","key":"08161b5785354237a5e010b0ed2cf433","isVoid":false,"data":{},"nodes":[{"kind":"text","key":"a02f418a2afa4723981cd52b720a1582","ranges":[{"kind":"range","marks":[{"kind":"mark","data":{},"type":"bold"}],"text":"Paragraph bold"}]}]}]},{"kind":"block","type":"table-cell","key":"b17c8ed43bd44faa93ffdf83f60846ff","isVoid":false,"data":{},"nodes":[{"kind":"block","type":"paragraph","key":"c4bd0884d0f94b7d9cf10f020815e168","isVoid":false,"data":{},"nodes":[{"kind":"text","key":"5988f1efeefd49be81e1ed37cbcfe19d","ranges":[{"kind":"range","marks":[{"kind":"mark","data":{},"type":"strikethrough"}],"text":"Paragraph delete"}]}]}]},{"kind":"block","type":"table-cell","key":"1438983fabae4a43a982110b0c4ea923","isVoid":false,"data":{},"nodes":[{"kind":"block","type":"paragraph","key":"8fbf157dfd9446bcbf4c995f8c6ab64c","isVoid":false,"data":{},"nodes":[{"kind":"text","key":"cc78460eb72246aa972d44f5e3b5e74f","ranges":[{"kind":"range","marks":[],"text":""}]}]}]}]},{"kind":"block","type":"table-row","key":"51e761a9c11e4c8daf908e4edd7bb617","isVoid":false,"data":{},"nodes":[{"kind":"block","type":"table-cell","key":"1cb7a0ce08c14fa0ba53ee8672479e82","isVoid":false,"data":{},"nodes":[{"kind":"block","type":"paragraph","key":"89c7b6e8fdbc402585693f5ea4c04954","isVoid":false,"data":{},"nodes":[{"kind":"text","key":"216ae21c287d4d77b9635d1ae0dac74a","ranges":[{"kind":"range","marks":[{"kind":"mark","data":{},"type":"bold"},{"kind":"mark","data":{},"type":"italic"}],"text":"Paragraph "},{"kind":"range","marks":[{"kind":"mark","data":{},"type":"bold"}],"text":"ltalic"}]}]}]},{"kind":"block","type":"table-cell","key":"70ee537ad90c4d2d894f2c707732bd1a","isVoid":false,"data":{},"nodes":[{"kind":"block","type":"paragraph","key":"f0c69e5e21154832a73f7ddb2b55904a","isVoid":false,"data":{},"nodes":[{"kind":"text","key":"7c98f660b98d473291b7ddad8ee980d4","ranges":[{"kind":"range","marks":[{"kind":"mark","data":{},"type":"italic"}],"text":"Paragraph "},{"kind":"range","marks":[],"text":"ltalic"}]}]}]},{"kind":"block","type":"table-cell","key":"1836444ca70d4011a9a7a84d7273376f","isVoid":false,"data":{},"nodes":[{"kind":"block","type":"paragraph","key":"5479a8c1dc754ac7bfbbe64be0c0fa5e","isVoid":false,"data":{},"nodes":[{"kind":"text","key":"7f9ec9b7fc6a451fb8df3bfd03df4701","ranges":[{"kind":"range","marks":[],"text":""}]}]}]},{"kind":"block","type":"table-cell","key":"85facd053c7a44318c685ccdd47b01e8","isVoid":false,"data":{},"nodes":[{"kind":"block","type":"paragraph","key":"4c15dc190b84438b9369e0228d33c7b7","isVoid":false,"data":{},"nodes":[{"kind":"text","key":"b58ed4cb637d43a7ad58a53aca5e3adc","ranges":[{"kind":"range","marks":[{"kind":"mark","data":{},"type":"code"}],"text":"Paragraph"}]}]}]}]}]},{"kind":"block","type":"hint","key":"8a531e5ee625417680e0b55508c676fa","isVoid":false,"data":{"style":"warning"},"nodes":[{"kind":"block","type":"heading-1","key":"1098606737c84e8c80060cfdca9c04cc","isVoid":false,"data":{},"nodes":[{"kind":"text","key":"5811ec36af6a4673b4bccc367888674e","ranges":[{"kind":"range","marks":[],"text":"hint  warning"}]}]}]},{"kind":"block","type":"hint","key":"2856fbab37db485cab2dab2866277d0d","isVoid":false,"data":{"style":"danger"},"nodes":[{"kind":"block","type":"paragraph","key":"1d4a8319a2da46d9829c98c31453db37","isVoid":false,"data":{},"nodes":[{"kind":"text","key":"137b71b5d11148b28e0cbcdd463a253f","ranges":[{"kind":"range","marks":[],"text":"hint danger"}]}]}]},{"kind":"block","type":"hint","key":"923370ca9112496aa05d080ca2ebb918","isVoid":false,"data":{"style":"info"},"nodes":[{"kind":"block","type":"paragraph","key":"aaec354e93944b8fbb2698b6ae825a5d","isVoid":false,"data":{},"nodes":[{"kind":"text","key":"9bfe4edef8b3468bb40fb61ab9f9c0dc","ranges":[{"kind":"range","marks":[],"text":"hint info"}]}]}]},{"kind":"block","type":"hint","key":"6591159b909549378125665075141df0","isVoid":false,"data":{"style":"success"},"nodes":[{"kind":"block","type":"paragraph","key":"07e3c89524994adc9a435ed5d221e836","isVoid":false,"data":{},"nodes":[{"kind":"text","key":"d12b28c57c2c4202abe84130d1c429be","ranges":[{"kind":"range","marks":[],"text":"hint success"}]}]}]},{"kind":"block","type":"page-ref","key":"3ee72a7b137d452eaa23fea138cd4d6f","isVoid":true,"data":{"page":"-M5QAMN0fvpH4HhfiwBN"},"nodes":[{"kind":"text","key":"32b82b2e95fa4daabdee4aefb2192fa0","ranges":[{"kind":"range","marks":[],"text":""}]}]},{"kind":"block","type":"api-method","key":"7de335976e6b48b985ad7104eea62518","isVoid":false,"data":{"method":"get","host":"","path":""},"nodes":[{"kind":"block","type":"api-method-summary","key":"4d813d69a80b4a6aa802522dbf39f78f","isVoid":false,"data":{},"nodes":[{"kind":"text","key":"63d24d8d50424ca094b7b92750fa7060","ranges":[{"kind":"range","marks":[],"text":"get test"}]}]},{"kind":"block","type":"api-method-description","key":"94d2a946321f4f56a53fdbbe1466f021","isVoid":false,"data":{},"nodes":[{"kind":"text","key":"6d1272c397fe40eab7c3b64d73e31f30","ranges":[{"kind":"range","marks":[],"text":""}]}]},{"kind":"block","type":"api-method-spec","key":"c889222ee3c44f1da47593e2f8203457","isVoid":false,"data":{},"nodes":[{"kind":"block","type":"api-method-request","key":"f17cd196c75044fbb9459a6e6add20cd","isVoid":false,"data":{},"nodes":[{"kind":"block","type":"api-method-path-parameters","key":"4809637aeb384cd89ef8f4aa77d98669","isVoid":false,"data":{},"nodes":[{"kind":"block","type":"api-method-parameter","key":"50b7f675917e43f699a3904c5b4c8ee5","isVoid":false,"data":{"name":"","type":"string","required":false},"nodes":[{"kind":"text","key":"1e4c6757869543e088db062dfd18f107","ranges":[{"kind":"range","marks":[],"text":""}]}]}]}]},{"kind":"block","type":"api-method-response","key":"cdd36b98d62c4b4aa24a4d73659520a1","isVoid":false,"data":{},"nodes":[{"kind":"block","type":"api-method-response-example","key":"866628ce8c754326a3c6181a3032521b","isVoid":false,"data":{"httpCode":200},"nodes":[{"kind":"block","type":"api-method-response-example-description","key":"62501e3209ea4459b84c09317237bb5c","isVoid":false,"data":{},"nodes":[{"kind":"text","key":"5fb37f87c9d84f4b82aca3649acc3573","ranges":[{"kind":"range","marks":[],"text":""}]}]},{"kind":"block","type":"code","key":"e87437f926e34c18b70c328316efe18d","isVoid":false,"data":{},"nodes":[{"kind":"block","type":"code-line","key":"9457532802c14bdf93db44d449b67eb4","isVoid":false,"data":{},"nodes":[{"kind":"text","key":"7f3c94bd98e74c3bae3adcfcfb9ad68f","ranges":[{"kind":"range","marks":[],"text":""}]}]}]}]}]}]}]},{"kind":"block","type":"paragraph","key":"c97468b9dc404cac96e912b81ac67e55","isVoid":false,"data":{},"nodes":[{"kind":"text","key":"d6e975af3b5b418a80135a52939d66e9","ranges":[{"kind":"range","marks":[],"text":""}]}]},{"kind":"block","type":"tabs","key":"f54e2e6f44bf4e73bbfaa462cd496bba","isVoid":false,"data":{},"nodes":[{"kind":"block","type":"tabs-item","key":"f8975f601005449498a727514f4cc818","isVoid":false,"data":{"title":"1"},"nodes":[{"kind":"block","type":"paragraph","key":"4cb1982eba58411ab43afdc41322035c","isVoid":false,"data":{},"nodes":[{"kind":"text","key":"b9b3b40449194af9a0904bc9a8e97707","ranges":[{"kind":"range","marks":[],"text":"111"}]}]},{"kind":"block","type":"heading-2","key":"d74c057bac7c401d81419a38b816bfe0","isVoid":false,"data":{},"nodes":[{"kind":"text","key":"b9791e5dfbb6487fa68b33794b6a7e44","ranges":[{"kind":"range","marks":[{"kind":"mark","data":{},"type":"strikethrough"}],"text":"222"}]}]}]},{"kind":"block","type":"tabs-item","key":"9d98961e8ea54269b3c194add68fd240","isVoid":false,"data":{"title":"2"},"nodes":[{"kind":"block","type":"paragraph","key":"9b8f8975dd8247789b399f0f4c747ac2","isVoid":false,"data":{},"nodes":[{"kind":"text","key":"4a1e8e36a0884f848d094d764c96c6a9","ranges":[{"kind":"range","marks":[],"text":""}]}]}]},{"kind":"block","type":"tabs-item","key":"52832509ca9441ccbbeb343d942eb533","isVoid":false,"data":{"title":"3"},"nodes":[{"kind":"block","type":"paragraph","key":"29752178344a414dbce7bd0bd82629ee","isVoid":false,"data":{},"nodes":[{"kind":"text","key":"9fb77cc6246d46d18d25cc75d9bd6563","ranges":[{"kind":"range","marks":[{"kind":"mark","data":{},"type":"bold"}],"text":"ddddd"}]}]}]},{"kind":"block","type":"tabs-item","key":"f7602735659a474495125fa0c60b2973","isVoid":false,"data":{"title":"4---4"},"nodes":[{"kind":"block","type":"heading-1","key":"b9d5c5a51e454f87a9908a3d2c3ab2fa","isVoid":false,"data":{},"nodes":[{"kind":"text","key":"21b1b3ba4fcc4add93093b9a6f5a1882","ranges":[{"kind":"range","marks":[],"text":"dasda"}]}]}]}]},{"kind":"block","type":"math","key":"4597bd6827494355a3d43ef6d70dd7ec","isVoid":true,"data":{"formula":"\\sqrt[n]{1+x+x^2+x^3+\\dots+x^n}"},"nodes":[{"kind":"text","key":"f460dfe741cd484f9ae4125f1ad355eb","ranges":[{"kind":"range","marks":[],"text":""}]}]},{"kind":"block","type":"file","key":"4bd6b19d28d74056b8b3cbedc6bfc02e","isVoid":true,"data":{"assetID":"-M5Q9B2crYznyX5yghuy"},"nodes":[{"kind":"text","key":"dae2a6b61fe94e0ca9cb73550f9bd582","ranges":[{"kind":"range","marks":[],"text":""}]}]}]}}