{"uid":"-M5Kd0rujIN-uJU2cP5b","message":"","createdAt":"2020-04-20T03:38:27.750Z","createdBy":"flattbFn0kPgWMoZA8hax1iMYWk1","parents":["-M5Kaaa8iVPvFL_TJhcR"],"versions":{"master":{"ref":"master","title":"1.0.0","page":{"uid":"-M5KQ7eQiJjPIMNk5Aj1","title":"Initial page","kind":"document","description":"样式测试","path":"master","href":null,"documentURL":"https://firebasestorage.googleapis.com/v0/b/gitbook-28427.appspot.com/o/documents%2F-M5KPzYngbqUazKg6Cbm%2F-M5Kd0rujIN-uJU2cP5b%2Fmaster%2F-M5KQ7eQiJjPIMNk5Aj1%2Fdocument.json?alt=media&token=7a73a39f-d960-4561-9e07-ea8c0300ba9b","createdAt":"2020-04-20T02:30:50.780Z","pages":[],"github":null,"isPathUntouched":false,"stats":{"words":33,"images":0,"codeLines":2,"revisions":0},"edits":{"contributions":{"flattbFn0kPgWMoZA8hax1iMYWk1":{"createdAt":"2020-04-20T02:34:50.033Z","updatedAt":"2020-04-20T03:38:25.415Z","count":8}}}},"github":null,"locale":null}},"primaryVersionID":"master","assets":{},"github":[],"rollbackOf":null}