{"format_version":1,"document":{"kind":"document","key":"09f76c125a434090aa7127173be83346","data":{"schema_version":5},"nodes":[{"kind":"block","type":"paragraph","key":"dc4c37891aad494887e641efbb56b56b","isVoid":false,"data":{},"nodes":[{"kind":"text","key":"a651ee4a54c44d129168b9be9df984d7","ranges":[{"kind":"range","marks":[],"text":"Version 2.4 - 2.5"}]}]},{"kind":"block","type":"paragraph","key":"0ecd5a18229a45dbbe11fb5627d89a69","isVoid":false,"data":{},"nodes":[{"kind":"text","key":"823f7bf52a7f4404a518e28332a2d7ef","ranges":[{"kind":"range","marks":[],"text":"This guide describes how to install the TigerGraph platform either as a single node or as a multi-node cluster.  Please use the Table of Contents to go to the appropriate section of this guide. "}]}]},{"kind":"block","type":"list-unordered","key":"ff2c3ed7f81e4175bdedce24cffd0b32","isVoid":false,"data":{},"nodes":[{"kind":"block","type":"list-item","key":"482b55ee1175482b8bb80f3216656312","isVoid":false,"data":{},"nodes":[{"kind":"block","type":"paragraph","key":"0ebd727b3954421c96bf6321d6f4b79a","isVoid":false,"data":{},"nodes":[{"kind":"text","key":"a356a6a5ec29486ebe112374e2132322","ranges":[{"kind":"range","marks":[],"text":""}]},{"kind":"inline","type":"link","key":"e70266bcdd8a4577a5bffdec86545a09","isVoid":false,"data":{"pageID":"-LMWEixEHvanThNILiBf","anchor":"single-node-installation"},"nodes":[{"kind":"text","key":"7de8ecda1386426aa0bef4b20efa0d95","ranges":[{"kind":"range","marks":[],"text":"Single Node Installation"}]}]},{"kind":"text","key":"140eecbc622d4750acf8574b3fc9bc7e","ranges":[{"kind":"range","marks":[],"text":""}]}]}]},{"kind":"block","type":"list-item","key":"6d9d42d172e942cc8547e016293a0e95","isVoid":false,"data":{},"nodes":[{"kind":"block","type":"paragraph","key":"3080965898a341d992a6914acbb0773f","isVoid":false,"data":{},"nodes":[{"kind":"text","key":"ee0f989ea285440b8954d893dccaebb9","ranges":[{"kind":"range","marks":[],"text":""}]},{"kind":"inline","type":"link","key":"4d6209a9bfb94f94b74648a3feae23e4","isVoid":false,"data":{"pageID":"-LMWEixEHvanThNILiBf","anchor":"cluster-installation-and-configuration-enterprise-edition-only"},"nodes":[{"kind":"text","key":"00b0a224b9af46a2b292f85c5135471b","ranges":[{"kind":"range","marks":[],"text":"Cluster Installation and Configuration"}]}]},{"kind":"text","key":"0da5f616da3045a5b4e571d630277f91","ranges":[{"kind":"range","marks":[],"text":""}]}]}]}]},{"kind":"block","type":"hint","key":"89f4d047f68f4038872599476a4ee297","isVoid":false,"data":{"style":"info"},"nodes":[{"kind":"block","type":"paragraph","key":"f1bcb81f192540db87223fe38beb8419","isVoid":false,"data":{},"nodes":[{"kind":"text","key":"f526d2827a0842bb965d1da509858bde","ranges":[{"kind":"range","marks":[],"text":"If you are installing the "},{"kind":"range","marks":[{"kind":"mark","data":{},"type":"bold"}],"text":"Developer Edition"},{"kind":"range","marks":[],"text":", you can also install a Docker image or a virtual machine (VirtualBox) image.  Your- 2.5 welcome email message will direct you to the appropriate resources."}]}]}]},{"kind":"block","type":"heading-1","key":"9732954a2eac4cc89bf89cc756b26195","isVoid":false,"data":{},"nodes":[{"kind":"text","key":"a411bb5682c14933af3951df678197b3","ranges":[{"kind":"range","marks":[],"text":"Preparation"}]}]},{"kind":"block","type":"hint","key":"6f0a2c8475e14a838f4abf84de039e3a","isVoid":false,"data":{"style":"danger"},"nodes":[{"kind":"block","type":"paragraph","key":"91d149b163be40958d3ad8d5194bd883","isVoid":false,"data":{},"nodes":[{"kind":"text","key":"6d68c7a14a3e4bfc95a10005980aa19b","ranges":[{"kind":"range","marks":[],"text":" This section is for "},{"kind":"range","marks":[{"kind":"mark","data":{},"type":"bold"}],"text":"New Installations"},{"kind":"range","marks":[],"text":". If you are updating from a previous version of the TigerGraph platform, first read the section below on"}]},{"kind":"inline","type":"link","key":"cc422862365148fa9dd5a815c87504f9","isVoid":false,"data":{"pageID":"-LMWPaoI70BQ1EKTAMiK","anchor":"upgrading-an-existing-installation"},"nodes":[{"kind":"text","key":"ba53e012e07e4a40a1a9596e94ebfd16","ranges":[{"kind":"range","marks":[],"text":" Upgrading an Existing Installation"}]}]},{"kind":"text","key":"1d61e505e2e7446b81d61d6eddedf2b2","ranges":[{"kind":"range","marks":[],"text":" ."}]}]}]},{"kind":"block","type":"paragraph","key":"6d1d436d29374f57813d969fe027d418","isVoid":false,"data":{},"nodes":[{"kind":"text","key":"5c455a291f914ece9b46a21bfd0fa827","ranges":[{"kind":"range","marks":[],"text":"Before you can install the TigerGraph system, you need the following:"}]}]},{"kind":"block","type":"list-ordered","key":"85871febcdcf4f44a28d8d70a1f5b48a","isVoid":false,"data":{},"nodes":[{"kind":"block","type":"list-item","key":"f81d2ed942ce44dd9a90124b38560359","isVoid":false,"data":{},"nodes":[{"kind":"block","type":"paragraph","key":"42baf77a8e83440aa42b51f5b3f480db","isVoid":false,"data":{},"nodes":[{"kind":"text","key":"0bc77112f9e245ae91515bc96e8e5c20","ranges":[{"kind":"range","marks":[],"text":"One or more servers that meets the minimum "}]},{"kind":"inline","type":"link","key":"c47aa8d6f9a1484baffecf529fb328b4","isVoid":false,"data":{"pageID":"-LMVTXm5Mbz7GZsV4sQC"},"nodes":[{"kind":"text","key":"e81c575644ce401ca8fc457d27dd16ea","ranges":[{"kind":"range","marks":[{"kind":"mark","data":{},"type":"italic"}],"text":"Hardware and Software Requirements "}]}]},{"kind":"text","key":"1b18b76314fc437591e7176244fb7a87","ranges":[{"kind":"range","marks":[],"text":"with regard to operating system, memory and hard disk space, as well as enough memory and storage to store your graph data."}]}]}]},{"kind":"block","type":"list-item","key":"43668a63c6fa4fe1b9d031e7cf516db4","isVoid":false,"data":{},"nodes":[{"kind":"block","type":"paragraph","key":"4c4d8de028c9484dbd24fad11fd93404","isVoid":false,"data":{},"nodes":[{"kind":"text","key":"417a03294d514502bc4e9c8bf2a5afca","ranges":[{"kind":"range","marks":[],"text":"sudo or root privilege."}]}]}]},{"kind":"block","type":"list-item","key":"d6985e9fa8234d96b5cc58442ab08022","isVoid":false,"data":{},"nodes":[{"kind":"block","type":"paragraph","key":"4c71b7abd1b14ef09158e449518eaed2","isVoid":false,"data":{},"nodes":[{"kind":"text","key":"f9a2f66729764387937650287ea05c0a","ranges":[{"kind":"range","marks":[],"text":"A license key provided by TigerGraph (not applicable to Developer Edition)"}]}]}]},{"kind":"block","type":"list-item","key":"fac22031cc944a388bcc4d0bb8f03efe","isVoid":false,"data":{},"nodes":[{"kind":"block","type":"paragraph","key":"3941a8c88aa842a99fed291e16c6f04e","isVoid":false,"data":{},"nodes":[{"kind":"text","key":"fd000b93539741c2acb7ab9e9840b9ae","ranges":[{"kind":"range","marks":[],"text":"A TigerGraph system package ."}]}]}]},{"kind":"block","type":"list-item","key":"fef25a6305064a6587f5aad2d62c07d0","isVoid":false,"data":{},"nodes":[{"kind":"block","type":"paragraph","key":"2ffedb6d41dd4077b75ad53c9395a7a8","isVoid":false,"data":{},"nodes":[{"kind":"text","key":"6594d8ad51084ce59174a68236f1a6e4","ranges":[{"kind":"range","marks":[],"text":"If your package is a *tar.gz file, you may need to install some software prerequisites."}]}]}]}]},{"kind":"block","type":"hint","key":"86497536777b4988bfcd81a1f25db3ca","isVoid":false,"data":{"style":"warning"},"nodes":[{"kind":"block","type":"paragraph","key":"b4da9c85816f463fbaf41ab535e241be","isVoid":false,"data":{},"nodes":[{"kind":"text","key":"f8beb495b6704799b6c67f4f4b368fa4","ranges":[{"kind":"range","marks":[],"text":"Use a BASH shell, otherwise there may be installation issues."}]}]}]},{"kind":"block","type":"heading-2","key":"b6fcc7822fc9487c960741cbc92fbb23","isVoid":false,"data":{},"nodes":[{"kind":"text","key":"4f8d6445962d4dbab4196aa136e675cc","ranges":[{"kind":"range","marks":[],"text":"Obtaining a TigerGraph Package"}]}]},{"kind":"block","type":"paragraph","key":"586cce62f14f44fcb32d845c85aa6af7","isVoid":false,"data":{},"nodes":[{"kind":"text","key":"8f5abdcb37814d838db0194f01bd50a9","ranges":[{"kind":"range","marks":[],"text":"If you do not yet have a TigerGraph system package, you can request one at "}]},{"kind":"inline","type":"link","key":"8c1b0e60c9694ca9a051d2fd51a0a64c","isVoid":false,"data":{"href":"https://www.tigergraph.com/download/"},"nodes":[{"kind":"text","key":"c3df68ba440047ecb990bc08e6260e2e","ranges":[{"kind":"range","marks":[],"text":"www.tigergraph.com/download/ "}]}]},{"kind":"text","key":"26e45f6a066644e9aa1bf5d79f2030df","ranges":[{"kind":"range","marks":[],"text":"."}]}]},{"kind":"block","type":"heading-2","key":"8f1ab6098fa74664b9ee9e1df54cb175","isVoid":false,"data":{},"nodes":[{"kind":"text","key":"c6a9e0e61fb8469bbb49e7a649e71676","ranges":[{"kind":"range","marks":[],"text":"Software Prerequisites for *.tar.gz Packages"}]}]},{"kind":"block","type":"paragraph","key":"7c9b3832b7db4a53a9adb15cf779a9b5","isVoid":false,"data":{},"nodes":[{"kind":"text","key":"a01afa9cb4c84206bcc4758df63022c7","ranges":[{"kind":"range","marks":[],"text":"If your package is a *tar.gz file, you also need to insure your machine has the following software prerequisites."}]}]},{"kind":"block","type":"list-ordered","key":"4eaf7efbde9047f1990435d984168f51","isVoid":false,"data":{},"nodes":[{"kind":"block","type":"list-item","key":"3dc463be412c49e7b1b5d15dc03810e0","isVoid":false,"data":{},"nodes":[{"kind":"block","type":"paragraph","key":"a22ee45823944dcba8be18a1e3b097da","isVoid":false,"data":{},"nodes":[{"kind":"text","key":"c17c0284890b490d9ffd33bc8621b236","ranges":[{"kind":"range","marks":[],"text":"Pre-install these basic Linux utilities on your server, if necessary: "}]}]},{"kind":"block","type":"list-unordered","key":"7b4a702380a84e0596ac528ef4e2927b","isVoid":false,"data":{},"nodes":[{"kind":"block","type":"list-item","key":"71b34720a0ba4231b61819a7b97b7cb5","isVoid":false,"data":{},"nodes":[{"kind":"block","type":"paragraph","key":"dcd687aa38004703bb796af8f2a7b5e4","isVoid":false,"data":{},"nodes":[{"kind":"text","key":"f4ff0c3f8d0f49138aad06cd26e03c5d","ranges":[{"kind":"range","marks":[],"text":"tar"}]}]}]},{"kind":"block","type":"list-item","key":"af05afdb516a4a23be640e5b55452def","isVoid":false,"data":{},"nodes":[{"kind":"block","type":"paragraph","key":"6c5a7e05c0cb4b309e896ef20373737e","isVoid":false,"data":{},"nodes":[{"kind":"text","key":"bf2bd4d61f334ff6b59df80e9574e30a","ranges":[{"kind":"range","marks":[],"text":"curl"}]}]}]},{"kind":"block","type":"list-item","key":"bd46fbceca7a4bec8f8401a15086659a","isVoid":false,"data":{},"nodes":[{"kind":"block","type":"paragraph","key":"98c31799f2284279ac70af5c60e2496c","isVoid":false,"data":{},"nodes":[{"kind":"text","key":"01bb763645ca4d2d9f628a0a8f7b9028","ranges":[{"kind":"range","marks":[],"text":"ip"}]}]}]},{"kind":"block","type":"list-item","key":"db82e47659ff4eb3834c394f634977bd","isVoid":false,"data":{},"nodes":[{"kind":"block","type":"paragraph","key":"c21b4fed5dab43b7b0ab612610f7124a","isVoid":false,"data":{},"nodes":[{"kind":"text","key":"9d2517bc68a54611863c69201e7f4358","ranges":[{"kind":"range","marks":[],"text":"more"}]}]}]},{"kind":"block","type":"list-item","key":"d68f63ed77a948a8bec492df6067626a","isVoid":false,"data":{},"nodes":[{"kind":"block","type":"paragraph","key":"3bd6d2af90974d2293d7c8228bb9579d","isVoid":false,"data":{},"nodes":[{"kind":"text","key":"a89bcc4989f04eb1945d3382659e2061","ranges":[{"kind":"range","marks":[],"text":"uuidgen"}]}]}]},{"kind":"block","type":"list-item","key":"db821209e0054b1082b634b6315395a2","isVoid":false,"data":{},"nodes":[{"kind":"block","type":"paragraph","key":"afa6c62dbab046ff9fc36b8a4346717e","isVoid":false,"data":{},"nodes":[{"kind":"text","key":"f942d1a82c904426931b0885da64bd3d","ranges":[{"kind":"range","marks":[],"text":"crontab"}]}]}]},{"kind":"block","type":"list-item","key":"853d7ab48f4040f78c25caab09bb8f08","isVoid":false,"data":{},"nodes":[{"kind":"block","type":"paragraph","key":"1d877d0817394c97becaff21c0dd1fec","isVoid":false,"data":{},"nodes":[{"kind":"text","key":"d1b76e6c6c1d4e96961e1c7b972633fb","ranges":[{"kind":"range","marks":[],"text":"ssh/sshd"}]}]}]},{"kind":"block","type":"list-item","key":"72cebdfa6cbf49fda4932a51f9dcaeb0","isVoid":false,"data":{},"nodes":[{"kind":"block","type":"paragraph","key":"f268b7a3eb0a48ed8ec45a91396b494a","isVoid":false,"data":{},"nodes":[{"kind":"text","key":"d7c7df3d7c874367876b8ff9855a115f","ranges":[{"kind":"range","marks":[],"text":"netstat"}]}]}]},{"kind":"block","type":"list-item","key":"b39953d83adb48439e7656b2785b9c1b","isVoid":false,"data":{},"nodes":[{"kind":"block","type":"paragraph","key":"4f09619cfcb142609c98c39485f0e893","isVoid":false,"data":{},"nodes":[{"kind":"text","key":"78242c08f9b04af3adef0f7def68bba5","ranges":[{"kind":"range","marks":[],"text":"semanage"}]}]}]}]}]},{"kind":"block","type":"list-item","key":"7e0733584dd34abbbe6a775e584278b7","isVoid":false,"data":{},"nodes":[{"kind":"block","type":"paragraph","key":"8b26ccf16c70418ca91d2a1c55438da7","isVoid":false,"data":{},"nodes":[{"kind":"text","key":"af2eb1571a4b47349ddc97bc31f486b1","ranges":[{"kind":"range","marks":[],"text":"I f you are installing a cluster, you also need the following: "}]}]},{"kind":"block","type":"list-unordered","key":"6f8e73c1d0d544f2a67911a8a508ccfc","isVoid":false,"data":{},"nodes":[{"kind":"block","type":"list-item","key":"8989c7a976bd4a998bcdc38c3a966eb9","isVoid":false,"data":{},"nodes":[{"kind":"block","type":"paragraph","key":"8ed7aa0deadb44cba503a9364cf57a53","isVoid":false,"data":{},"nodes":[{"kind":"text","key":"0de8d4edf6fe464c93f082a5294ab103","ranges":[{"kind":"range","marks":[],"text":"ntpd"}]}]}]},{"kind":"block","type":"list-item","key":"3225c36f00ec482a8b36bb8a3d9c8b4b","isVoid":false,"data":{},"nodes":[{"kind":"block","type":"paragraph","key":"94356460e5b54e41b74197e5f2a7efed","isVoid":false,"data":{},"nodes":[{"kind":"text","key":"fd4501b877ea49aaa0db2074f6d2f4fa","ranges":[{"kind":"range","marks":[],"text":"iptables/firewalld"}]}]}]}]}]},{"kind":"block","type":"list-item","key":"2f724bef1f96423aa68a7953e1eb228a","isVoid":false,"data":{},"nodes":[{"kind":"block","type":"paragraph","key":"4684d0e84c0e4761b3e321d10849b0b5","isVoid":false,"data":{},"nodes":[{"kind":"text","key":"f921d2b2c9a04938bb715fa0df232219","ranges":[{"kind":"range","marks":[],"text":"If you will use the password login method (P method) instead of ssh key login method (K method) to install the TigerGraph platform, you will also need the following:"}]}]},{"kind":"block","type":"list-unordered","key":"e7dda5d124594abd88e271f62e4fea3d","isVoid":false,"data":{},"nodes":[{"kind":"block","type":"list-item","key":"3ad11ce092ba4cce8318aadda5dc3e79","isVoid":false,"data":{},"nodes":[{"kind":"block","type":"paragraph","key":"3c84cc98c05d4152853a4c89d1b1de22","isVoid":false,"data":{},"nodes":[{"kind":"text","key":"2ff58c0d5a674b29ae04c7b62503a863","ranges":[{"kind":"range","marks":[],"text":"sshpass"}]}]}]}]},{"kind":"block","type":"paragraph","key":"906f5aaa04384115914c4bb3f2f44d87","isVoid":false,"data":{},"nodes":[{"kind":"text","key":"52ad03d647d94ac4bb89ae180be2c361","ranges":[{"kind":"range","marks":[],"text":""}]}]}]}]},{"kind":"block","type":"heading-1","key":"78b9cf0dd6d748088130538ca27065f8","isVoid":false,"data":{},"nodes":[{"kind":"text","key":"f95aed9c28264c74b852181bd3c5fe19","ranges":[{"kind":"range","marks":[{"kind":"mark","data":{},"type":"bold"}],"text":"Single Node Installation"}]}]},{"kind":"block","type":"paragraph","key":"551d7c6c1c824098a42abf494efc13ed","isVoid":false,"data":{},"nodes":[{"kind":"text","key":"d3efcf8ed55e4b91a9572a97bc206e39","ranges":[{"kind":"range","marks":[],"text":"The name of your package may vary, depending on the product edition (e.g., developer or enterprise) and the version (e.g., 2.0.1). For the examples here, we will assume the name is tigergraph-x.y.z.tar.gz.  Substitute the name of your actual package file."}]}]},{"kind":"block","type":"list-ordered","key":"c5991d5385ec4c9486623bcae74a5470","isVoid":false,"data":{},"nodes":[{"kind":"block","type":"list-item","key":"b70367212b7f435796bae7752e52b9da","isVoid":false,"data":{},"nodes":[{"kind":"block","type":"paragraph","key":"df0188b1a6044dbbb77178b19d122f23","isVoid":false,"data":{},"nodes":[{"kind":"text","key":"3820d3822d124885be550be4841159ee","ranges":[{"kind":"range","marks":[],"text":"Extract the package:"}]}]}]}]},{"kind":"block","type":"code","key":"789f7476ef1546e5885efbdc5895eab6","isVoid":false,"data":{},"nodes":[{"kind":"block","type":"code-tab","key":"997eb4c4e18045c295412c89a703c713","isVoid":false,"data":{"syntax":"bash","title":"Example: extract for <version> = x.y.z"},"nodes":[{"kind":"block","type":"code-line","key":"6cb12632506c4d9595cc89cd66237bac","isVoid":false,"data":{},"nodes":[{"kind":"text","key":"c1ab8b07586b4f21a15097af483b31a2","ranges":[{"kind":"range","marks":[],"text":"tar -xzf tigergraph-x.y.z.tar.gz"}]}]}]}]},{"kind":"block","type":"paragraph","key":"cdadd6a9537040b3bf8f2a4107b897bc","isVoid":false,"data":{},"nodes":[{"kind":"text","key":"6793220a6e7746739d1523b4d49fc608","ranges":[{"kind":"range","marks":[{"kind":"mark","data":{},"type":"bold"}],"text":"  "},{"kind":"range","marks":[],"text":" 2. A folder named "},{"kind":"range","marks":[{"kind":"mark","data":{},"type":"bold"},{"kind":"mark","data":{},"type":"code"}],"text":"tigergraph-<version>-offline (or tigergraph-<version>-developer) "},{"kind":"range","marks":[],"text":"will be created. Change into this folder. To Install with default settings, run the install.sh script with commands:"}]}]},{"kind":"block","type":"code","key":"4d2d4a479ff2403eba39cb2bb8ac7ff9","isVoid":false,"data":{},"nodes":[{"kind":"block","type":"code-tab","key":"dbcdcb28fba346fd8b684c0e0800fb0c","isVoid":false,"data":{"syntax":"bash","title":"Example: Default single-server installation for <version> = 2.0.0"},"nodes":[{"kind":"block","type":"code-line","key":"93402a5f0891492e9e54e2c5b56a9e3d","isVoid":false,"data":{},"nodes":[{"kind":"text","key":"d1f77594ae8c4ec88a72589fa9f16669","ranges":[{"kind":"range","marks":[],"text":"# to install enterprise edition"}]}]},{"kind":"block","type":"code-line","key":"aa3dc7d6aa264dad8d6e2ee71ebc321a","isVoid":false,"data":{},"nodes":[{"kind":"text","key":"20640eb90638482db9bd851f5ee682ee","ranges":[{"kind":"range","marks":[],"text":"cd tigergraph-*/"}]}]},{"kind":"block","type":"code-line","key":"bb05e935a03344b9a24b9383da93b324","isVoid":false,"data":{},"nodes":[{"kind":"text","key":"e8b8d1783fa2492baecc701dd333bbeb","ranges":[{"kind":"range","marks":[],"text":"sudo ./install.sh -s"}]}]},{"kind":"block","type":"code-line","key":"56e5520cf1334af08ae29c35ad532a99","isVoid":false,"data":{},"nodes":[{"kind":"text","key":"de8f86a26933442d8840186872092900","ranges":[{"kind":"range","marks":[],"text":""}]}]},{"kind":"block","type":"code-line","key":"945fc48e562642d0b0da466656f9c39c","isVoid":false,"data":{},"nodes":[{"kind":"text","key":"495f607b521c49129d82d77062cd452d","ranges":[{"kind":"range","marks":[],"text":"# to install developer edition"}]}]},{"kind":"block","type":"code-line","key":"ced1ea2d77da4b20b84ccd6f0e67f5d7","isVoid":false,"data":{},"nodes":[{"kind":"text","key":"a22977d3df574c67bd4a1e1bf2c807de","ranges":[{"kind":"range","marks":[],"text":"cd tigergraph-*/"}]}]},{"kind":"block","type":"code-line","key":"9bdf4a41bfae4339b9578980ac4bfabf","isVoid":false,"data":{},"nodes":[{"kind":"text","key":"64e782185eac44a2b7417564223c54ce","ranges":[{"kind":"range","marks":[],"text":"sudo ./install.sh"}]}]}]}]},{"kind":"block","type":"paragraph","key":"4928f500e90849148e2c7040ce583e21","isVoid":false,"data":{},"nodes":[{"kind":"text","key":"be1749afc0fa44398b718a381e2b7276","ranges":[{"kind":"range","marks":[],"text":"The installer will ask you a few questions:"}]}]},{"kind":"block","type":"list-unordered","key":"8a5e2b4971224b7fb8803c03b834fd9d","isVoid":false,"data":{},"nodes":[{"kind":"block","type":"list-item","key":"27cec4500f754e4cb5c28e3d09eec196","isVoid":false,"data":{},"nodes":[{"kind":"block","type":"paragraph","key":"4ecad7fea5a0437491c719614a11c739","isVoid":false,"data":{},"nodes":[{"kind":"text","key":"d0fbd88b7ebc423c86ccd36d27de2aaa","ranges":[{"kind":"range","marks":[],"text":"Do you agree to the License Terms and Conditions?"}]}]}]},{"kind":"block","type":"list-item","key":"da559829bdd549f3bfcaf9dd163c6df4","isVoid":false,"data":{},"nodes":[{"kind":"block","type":"paragraph","key":"6f608cd6405c417b87a9137d5e398acc","isVoid":false,"data":{},"nodes":[{"kind":"text","key":"cd56d19d571c4b89b00356031c58837d","ranges":[{"kind":"range","marks":[],"text":"What is your license key? (not applicable to Developer Edition)"}]}]}]},{"kind":"block","type":"list-item","key":"93e6b1fbb7e043f49dbf40aafe5a90e1","isVoid":false,"data":{},"nodes":[{"kind":"block","type":"paragraph","key":"f0bf91c425b043bc8d0757c26b61676b","isVoid":false,"data":{},"nodes":[{"kind":"text","key":"105a32376a4948a5826ed1bc4d80cfda","ranges":[{"kind":"range","marks":[],"text":"Do you want to use the default TigerGraph user name or select/create your own?"}]}]}]},{"kind":"block","type":"list-item","key":"8074fc3276f141389abe750c8625fc1b","isVoid":false,"data":{},"nodes":[{"kind":"block","type":"paragraph","key":"bcba3f1aa86c4242926fefe269343187","isVoid":false,"data":{},"nodes":[{"kind":"text","key":"f78eec2ce3824bb59829c3f344f332db","ranges":[{"kind":"range","marks":[],"text":"Do you want to use the default TigerGraph user password or create your own?"}]}]}]},{"kind":"block","type":"list-item","key":"6e2ff2c2f5ec4588aa6eb9393bb7b599","isVoid":false,"data":{},"nodes":[{"kind":"block","type":"paragraph","key":"cf2f1460355741e18102db9f262cf660","isVoid":false,"data":{},"nodes":[{"kind":"text","key":"53d6e422beb94950b217cf49837b7f21","ranges":[{"kind":"range","marks":[],"text":"Do you want to use the default installation folder or select/create your own?"}]}]}]}]},{"kind":"block","type":"paragraph","key":"ea07b29a8dd24995907f07b5d0ae7f0f","isVoid":false,"data":{},"nodes":[{"kind":"text","key":"321d201614de4f13a6e411ad9d80d8bc","ranges":[{"kind":"range","marks":[],"text":"To see what are the default settings, and to see how customize the installation, read the Installation Options section below."}]}]},{"kind":"block","type":"hint","key":"c5b3450bcbff4c1eaecacb6031ec6113","isVoid":false,"data":{"style":"danger"},"nodes":[{"kind":"block","type":"paragraph","key":"f8746a39d0e14e849a8b05b2317f9e4f","isVoid":false,"data":{},"nodes":[{"kind":"text","key":"e321bd9cfd904494994b675606c858bb","ranges":[{"kind":"range","marks":[],"text":" Some license keys are long – over 100 characters long. If you copy-and-paste the license key, be careful not to accidentally include an end-of-line character."}]}]}]},{"kind":"block","type":"paragraph","key":"975ff5d026194042bfe41cb136e759fd","isVoid":false,"data":{},"nodes":[{"kind":"text","key":"dae18e31f1024a588b1a457dc2a8e25b","ranges":[{"kind":"range","marks":[],"text":"  3. The installer concludes by using 'su' to switch to the tigergraph user account. \n       To confirm correct operation:"}]}]},{"kind":"block","type":"paragraph","key":"97d122f6d71d45fdab30a21903637eea","isVoid":false,"data":{},"nodes":[{"kind":"text","key":"81298f121d404853aa304832b7f621d3","ranges":[{"kind":"range","marks":[],"text":"        1. Try the command  "},{"kind":"range","marks":[{"kind":"mark","data":{},"type":"bold"},{"kind":"mark","data":{},"type":"code"}],"text":"gadmin status "}]}]},{"kind":"block","type":"paragraph","key":"efccbe236c9744618ceef8d9a74e997d","isVoid":false,"data":{},"nodes":[{"kind":"text","key":"64c559f4b4b343d6a4d6d05972d0f1fc","ranges":[{"kind":"range","marks":[],"text":"       If the system installed correctly, the command should report that "},{"kind":"range","marks":[{"kind":"mark","data":{},"type":"bold"}],"text":"zk "},{"kind":"range","marks":[],"text":", "},{"kind":"range","marks":[{"kind":"mark","data":{},"type":"bold"}],"text":"kafka "},{"kind":"range","marks":[],"text":", "},{"kind":"range","marks":[{"kind":"mark","data":{},"type":"bold"}],"text":"dict, nginx, gsql, "},{"kind":"range","marks":[],"text":"and "},{"kind":"range","marks":[{"kind":"mark","data":{},"type":"bold"}],"text":"Visualization "},{"kind":"range","marks":[],"text":"are up and ready. Since there is no graph data loaded yet, "},{"kind":"range","marks":[{"kind":"mark","data":{},"type":"bold"}],"text":"gse "},{"kind":"range","marks":[],"text":", "},{"kind":"range","marks":[{"kind":"mark","data":{},"type":"bold"}],"text":"gpe "},{"kind":"range","marks":[],"text":", and "},{"kind":"range","marks":[{"kind":"mark","data":{},"type":"bold"}],"text":"restpp "},{"kind":"range","marks":[],"text":"are not initialized. "}]}]},{"kind":"block","type":"paragraph","key":"6a83564957074459a884ffcf154ee4fc","isVoid":false,"data":{},"nodes":[{"kind":"text","key":"fead93617de64de99e46727aaff5c410","ranges":[{"kind":"range","marks":[],"text":"       2. Try the command  "},{"kind":"range","marks":[{"kind":"mark","data":{},"type":"bold"},{"kind":"mark","data":{},"type":"code"}],"text":"gsql --version"}]}]},{"kind":"block","type":"paragraph","key":"196ccef9b62b41b4abf9280a44155d44","isVoid":false,"data":{},"nodes":[{"kind":"text","key":"79d382aa4e7e40a8a8da06c1669de0bc","ranges":[{"kind":"range","marks":[],"text":"   4. Basic installation is now finished!  Please see "}]},{"kind":"inline","type":"link","key":"535cf7a3cda343f19088f2462b6d987e","isVoid":false,"data":{"pageID":"-LMWEixEHvanThNILiBf","anchor":"post-installation-notes"},"nodes":[{"kind":"text","key":"5aaf2916aceb46ec89d1e08924c1871c","ranges":[{"kind":"range","marks":[],"text":"Post-Installation Notes"}]}]},{"kind":"text","key":"c1fcb01e512f4205ac592f3d4979cf2b","ranges":[{"kind":"range","marks":[],"text":" below."}]}]},{"kind":"block","type":"heading-2","key":"df442789fd414d5882adc1b1810c34ba","isVoid":false,"data":{},"nodes":[{"kind":"text","key":"7b3e1a6a22c142e4b2a445c23e6f3bc0","ranges":[{"kind":"range","marks":[],"text":"Installation Options"}]}]},{"kind":"block","type":"paragraph","key":"56e0a98c46a94d2daaedaceb186ac513","isVoid":false,"data":{},"nodes":[{"kind":"text","key":"394c759ced764d0798501616e892d055","ranges":[{"kind":"range","marks":[],"text":"The following default settings will be applied if no parameters specified:"}]}]},{"kind":"block","type":"list-unordered","key":"15d138eaa4ae4beba3a07655b9e1d750","isVoid":false,"data":{},"nodes":[{"kind":"block","type":"list-item","key":"e0da2a8614fc4ee9993b12b784906fbb","isVoid":false,"data":{},"nodes":[{"kind":"block","type":"paragraph","key":"98610b6a006d4bcea47c6de0ff449bd3","isVoid":false,"data":{},"nodes":[{"kind":"text","key":"8f27c3aed1174f858085a16f0b39040f","ranges":[{"kind":"range","marks":[],"text":"The installer will create a user called "},{"kind":"range","marks":[{"kind":"mark","data":{},"type":"bold"}],"text":"tigergraph "},{"kind":"range","marks":[],"text":", with password "},{"kind":"range","marks":[{"kind":"mark","data":{},"type":"bold"}],"text":"tigergraph "},{"kind":"range","marks":[],"text":"."}]}]}]},{"kind":"block","type":"list-item","key":"b3ebeaa751854fd580dae5d6b8a995dd","isVoid":false,"data":{},"nodes":[{"kind":"block","type":"paragraph","key":"f72bbd1d3fbc4e11aee29735cf63cd18","isVoid":false,"data":{},"nodes":[{"kind":"text","key":"ad9da5ebd3cc4c479cb941bc04e0d34c","ranges":[{"kind":"range","marks":[],"text":"The root directory for the installation (referred to as <TigerGraph.Root.Dir>) is a folder called "},{"kind":"range","marks":[{"kind":"mark","data":{},"type":"bold"}],"text":"tigergraph "},{"kind":"range","marks":[],"text":"located in the tigergraph user's home directory, i.e., "},{"kind":"range","marks":[{"kind":"mark","data":{},"type":"bold"}],"text":"/home/tigergraph/tigergraph "},{"kind":"range","marks":[],"text":"."}]}]}]}]},{"kind":"block","type":"paragraph","key":"695250e86d35494f967e69cac4f9abc7","isVoid":false,"data":{},"nodes":[{"kind":"text","key":"aab003a9571741d1b7f15cc70b5fdece","ranges":[{"kind":"range","marks":[],"text":"The installation can be customized by running command line options with the install.sh script:"}]}]},{"kind":"block","type":"code","key":"623af12c63114f0fb1a23f08a9e3748f","isVoid":false,"data":{},"nodes":[{"kind":"block","type":"code-tab","key":"ce98f8cb9c9f42e7bd2ac1c54f658494","isVoid":false,"data":{"syntax":"bash"},"nodes":[{"kind":"block","type":"code-line","key":"bd825e55110048f3b73780b0bedead87","isVoid":false,"data":{},"nodes":[{"kind":"text","key":"acd51ac503ed495d953ff492a9ad4e00","ranges":[{"kind":"range","marks":[],"text":"# Installation options of enterprise edition"}]}]},{"kind":"block","type":"code-line","key":"0cf691d4289c4383ae9ca9c2c69bcaed","isVoid":false,"data":{},"nodes":[{"kind":"text","key":"344c9814cdf844c58c88c5d9f50d29a1","ranges":[{"kind":"range","marks":[],"text":"Usage:"}]}]},{"kind":"block","type":"code-line","key":"999854e0526d490e8492b08f2f624789","isVoid":false,"data":{},"nodes":[{"kind":"text","key":"82281b6773af444ea40617934d8d0f0d","ranges":[{"kind":"range","marks":[],"text":"./install.sh (-s|-c) [-u <user>] [-p <password>] [-r <tigergraph_root_dir>] [-l <license_key>]"}]}]},{"kind":"block","type":"code-line","key":"95388e5b07ec4e838d30c0bc6bc86b64","isVoid":false,"data":{},"nodes":[{"kind":"text","key":"29565cf5ee7a48b486a4f722999fc632","ranges":[{"kind":"range","marks":[],"text":"./install.sh -c -n"}]}]},{"kind":"block","type":"code-line","key":"ad250cdf2455476384c18cd20c1beda3","isVoid":false,"data":{},"nodes":[{"kind":"text","key":"8d7a690f55e641d8a413836be87f2590","ranges":[{"kind":"range","marks":[],"text":"./install.sh -h"}]}]},{"kind":"block","type":"code-line","key":"862df3b3998b44dc82b805fe552005b8","isVoid":false,"data":{},"nodes":[{"kind":"text","key":"6794278c808c43d3a8a3f4ad62c114ea","ranges":[{"kind":"range","marks":[],"text":"Options:"}]}]},{"kind":"block","type":"code-line","key":"fd17ed5288104f89a043856a855a3aa8","isVoid":false,"data":{},"nodes":[{"kind":"text","key":"31053c6533be4ccca52bd6c1aec494e2","ranges":[{"kind":"range","marks":[],"text":"  -h  --  show the help"}]}]},{"kind":"block","type":"code-line","key":"c1e02f3d995141f9a4a25ed87d207cf8","isVoid":false,"data":{},"nodes":[{"kind":"text","key":"14b2afca2db94dad85b03834e7268c0a","ranges":[{"kind":"range","marks":[],"text":"  -u  --  TigerGraph user [default: tigergraph]"}]}]},{"kind":"block","type":"code-line","key":"28c58374b07042b1b3b0aa29b54da26d","isVoid":false,"data":{},"nodes":[{"kind":"text","key":"dae9b36d1b6b41288af1f9fadb33d3b3","ranges":[{"kind":"range","marks":[],"text":"  -p  --  TigerGraph password [default: tigergraph]"}]}]},{"kind":"block","type":"code-line","key":"6ec4ea623580440d906723861509ea46","isVoid":false,"data":{},"nodes":[{"kind":"text","key":"b1365adfaf6346ce8162b32ed914062c","ranges":[{"kind":"range","marks":[],"text":"  -r  --  TigerGraph.Root.Dir [default: <tigergraph_user_home>/tigergraph]"}]}]},{"kind":"block","type":"code-line","key":"c85f66eb2d3c4fffb863133edfa8c37d","isVoid":false,"data":{},"nodes":[{"kind":"text","key":"4d87b1cdcd604cf2a31b608bcf54c8ae","ranges":[{"kind":"range","marks":[],"text":"  -l  --  TigerGraph license key"}]}]},{"kind":"block","type":"code-line","key":"face9dfe05b74415b515ae1a6816bdbe","isVoid":false,"data":{},"nodes":[{"kind":"text","key":"1515acc8131a468796ac03382d0c39af","ranges":[{"kind":"range","marks":[],"text":"  -s  --  Single server option: install the tigergraph platform on a single server"}]}]},{"kind":"block","type":"code-line","key":"f0118ef4935c49bdb2f541910a3e0773","isVoid":false,"data":{},"nodes":[{"kind":"text","key":"a96d88140de942d8ada0c10e6540d65c","ranges":[{"kind":"range","marks":[],"text":"  -c  --  Cluster option: install the tigergraph platform on a cluster"}]}]},{"kind":"block","type":"code-line","key":"7200f7aa305545bf9f746f2285e9a75b","isVoid":false,"data":{},"nodes":[{"kind":"text","key":"f8b574552c8040eab20780782d38ac6c","ranges":[{"kind":"range","marks":[],"text":"  -n  --  Non-interactive option: suppress prompts, and continue installation using default config"}]}]},{"kind":"block","type":"code-line","key":"13b4cc273fcf4415b49b25388a73e400","isVoid":false,"data":{},"nodes":[{"kind":"text","key":"a096ff7774d44f5588e68b550a2ad199","ranges":[{"kind":"range","marks":[],"text":"  -a  --  Advanced configuration: apply adv_config.cfg provided by user"}]}]},{"kind":"block","type":"code-line","key":"768472c23f0343458dce085a372dd3ab","isVoid":false,"data":{},"nodes":[{"kind":"text","key":"4e9b6a703e0e4db78f5a73b373d831d8","ranges":[{"kind":"range","marks":[],"text":""}]}]},{"kind":"block","type":"code-line","key":"99e063cae2fc4821ab27bac280a62257","isVoid":false,"data":{},"nodes":[{"kind":"text","key":"424714a41ee14108af33144affddac15","ranges":[{"kind":"range","marks":[],"text":"[NOTE    ]: Using option '-c -n' together will non-interactively install the platform"}]}]},{"kind":"block","type":"code-line","key":"cb6022e22b7f45de825ed8cc375d4e0d","isVoid":false,"data":{},"nodes":[{"kind":"text","key":"607249dfb2444e5887fdf4f35acfd088","ranges":[{"kind":"range","marks":[],"text":"on a cluster with all configurations from config file \"cluster_config.json\"."}]}]},{"kind":"block","type":"code-line","key":"bda06c341e7847faa9ccb34312905053","isVoid":false,"data":{},"nodes":[{"kind":"text","key":"b205f84c628f4678bb32d681b0a6d91f","ranges":[{"kind":"range","marks":[],"text":"In this case, the config file should be modified before installation, and other options will be ignored."}]}]},{"kind":"block","type":"code-line","key":"dddcff5563ea4f94acbd29edababacf5","isVoid":false,"data":{},"nodes":[{"kind":"text","key":"115ca3a0d1f44baf9fad1f47fa698608","ranges":[{"kind":"range","marks":[],"text":""}]}]},{"kind":"block","type":"code-line","key":"9cbbf4e009ac43d8a7bcfae35d7db5ce","isVoid":false,"data":{},"nodes":[{"kind":"text","key":"7f942d69c69242a3a93f8cf16c94486b","ranges":[{"kind":"range","marks":[],"text":"# Installation options of developer edition"}]}]},{"kind":"block","type":"code-line","key":"b7cdc6142a15452c9a6f27903ed33fcc","isVoid":false,"data":{},"nodes":[{"kind":"text","key":"bc2140c1c69a4b73bb6ce56c53e2bab7","ranges":[{"kind":"range","marks":[],"text":"Usage:"}]}]},{"kind":"block","type":"code-line","key":"88a0be2f0010498993d1082c3a721c60","isVoid":false,"data":{},"nodes":[{"kind":"text","key":"92357610ad9745baa072f9c69b377470","ranges":[{"kind":"range","marks":[],"text":"./install.sh [-u <user>] [-p <password>] [-r <tigergraph_root_dir>]"}]}]},{"kind":"block","type":"code-line","key":"f112e4e6afc5480cbfb5bec74d2e61da","isVoid":false,"data":{},"nodes":[{"kind":"text","key":"c12093b750a2491090625be0f41b6c63","ranges":[{"kind":"range","marks":[],"text":"./install.sh -h"}]}]},{"kind":"block","type":"code-line","key":"5692a3b0ff32456795fe14ec87e2f478","isVoid":false,"data":{},"nodes":[{"kind":"text","key":"814ddd36f8934867a95bd3612c8e464b","ranges":[{"kind":"range","marks":[],"text":"Options:"}]}]},{"kind":"block","type":"code-line","key":"bb446222f9524b489e3aee46ddd087a1","isVoid":false,"data":{},"nodes":[{"kind":"text","key":"c7d2ee181edc40b6ab70e3a65515daae","ranges":[{"kind":"range","marks":[],"text":"  -h  --  show the help"}]}]},{"kind":"block","type":"code-line","key":"c18d2b73b4fb4e699537347bd321d629","isVoid":false,"data":{},"nodes":[{"kind":"text","key":"52e7b0b1601b4925b3d2eabf801e775c","ranges":[{"kind":"range","marks":[],"text":"  -u  --  TigerGraph user [default: tigergraph]"}]}]},{"kind":"block","type":"code-line","key":"fc9e1d3ec1424f87a2bbff87c8a86587","isVoid":false,"data":{},"nodes":[{"kind":"text","key":"3f6898732f45484f96098d31e641b25e","ranges":[{"kind":"range","marks":[],"text":"  -p  --  TigerGraph password [default: tigergraph]"}]}]},{"kind":"block","type":"code-line","key":"b0f281c02e8e454b84d7a2ca586e4799","isVoid":false,"data":{},"nodes":[{"kind":"text","key":"1447ca26e54d4ed1a469011f328c9fa7","ranges":[{"kind":"range","marks":[],"text":"  -r  --  TigerGraph.Root.Dir [default: <tigergraph_user_home>/tigergraph]"}]}]},{"kind":"block","type":"code-line","key":"262465549be245dca9d27cbc6b79d2b4","isVoid":false,"data":{},"nodes":[{"kind":"text","key":"a1ccaba7d45b430792775fc92c33bd92","ranges":[{"kind":"range","marks":[],"text":"  -n  --  Non-interactive option: suppress prompts, and continue installation using default config"}]}]}]}]},{"kind":"block","type":"heading-1","key":"b051f2ca46004e719c0267b6ce505078","isVoid":false,"data":{},"nodes":[{"kind":"text","key":"43a4e48d80f042c9a6fed05b15df6cf9","ranges":[{"kind":"range","marks":[{"kind":"mark","data":{},"type":"bold"}],"text":"Cluster Installation and Configuration (Enterprise Edition Only)"}]}]},{"kind":"block","type":"paragraph","key":"685bd61c90ba4d2e9f8da642bbf47766","isVoid":false,"data":{},"nodes":[{"kind":"text","key":"5fc4d4db88b843b1ad2306f814787c92","ranges":[{"kind":"range","marks":[],"text":"TigerGraph cluster configuration enables the graph database to be partitioned and distributed across multiple server nodes in a local network (not available in the Developer Edition). The cluster can either be a physical cluster or a network virtual cluster from a cloud service such as Amazon EC2 or Microsoft Azure."}]}]},{"kind":"block","type":"hint","key":"4e17ba877011435bb05f7fc1f52913d4","isVoid":false,"data":{"style":"danger"},"nodes":[{"kind":"block","type":"list-ordered","key":"40c151628d0649e9858bb8893334504a","isVoid":false,"data":{},"nodes":[{"kind":"block","type":"list-item","key":"689d0ec0a2b3495599fbc540ef2ed2cb","isVoid":false,"data":{},"nodes":[{"kind":"block","type":"paragraph","key":"818e8d9ffbcf48acb745cf7cda4871b7","isVoid":false,"data":{},"nodes":[{"kind":"text","key":"9532b41e62484baa8448c40a47b77e59","ranges":[{"kind":"range","marks":[],"text":"The installation of TigerGraph 2.x has been validated on Amazon EC2 and Microsoft Azure and on a physical on-premises cluster. For Amazon EC2, please make sure all tcp ports are open among all cluster nodes, otherwise service may not start."}]}]}]},{"kind":"block","type":"list-item","key":"d9c4ab2fe2fd4746b7e8dd63e96eff3f","isVoid":false,"data":{},"nodes":[{"kind":"block","type":"paragraph","key":"ce56f40b32ef45a28e18e722ee12b9ca","isVoid":false,"data":{},"nodes":[{"kind":"text","key":"c196ca26318f4bab9dd8e596355dd6e3","ranges":[{"kind":"range","marks":[],"text":"In TigerGraph 2.x, the installation machine can be within or outside the cluster. If outside the cluster, the installation machine should be a Linux machine."}]}]}]},{"kind":"block","type":"list-item","key":"76134b2c12d34595a8546f757ef51b75","isVoid":false,"data":{},"nodes":[{"kind":"block","type":"paragraph","key":"85878ab0afcc41fd83fb98c33cfbb4f1","isVoid":false,"data":{},"nodes":[{"kind":"text","key":"825ccf9f57954b7bb85a31fa7a3e8825","ranges":[{"kind":"range","marks":[],"text":"Currently, every machine in the cluster must have a sudo user with the same username and password or SSH key ."}]}]}]},{"kind":"block","type":"list-item","key":"8dba9a00084543ee8ec48b3ac2ea6e11","isVoid":false,"data":{},"nodes":[{"kind":"block","type":"paragraph","key":"a5090fa27ce640578a8a8f2cc42afca5","isVoid":false,"data":{},"nodes":[{"kind":"text","key":"189482d4e9f14b81b5b4f1cc9a9fc426","ranges":[{"kind":"range","marks":[],"text":"To install a high-availability cluster (with at least 3 nodes), please set HA.option to be \"true\" for non-interactive installation or answer \"yes\" to HA question for interactive installation."}]}]}]},{"kind":"block","type":"list-item","key":"18e5e9e1b5774724a8bb5052c0d09d2c","isVoid":false,"data":{},"nodes":[{"kind":"block","type":"paragraph","key":"cc9b696b1cd64c8c83995a876855a622","isVoid":false,"data":{},"nodes":[{"kind":"text","key":"71b8945a517d44b99142af516b232a41","ranges":[{"kind":"range","marks":[],"text":"Do not run the cluster installation script in sudo mode."}]}]}]}]}]},{"kind":"block","type":"paragraph","key":"7ab8e06967d24a9fa0b6b40ea484f49b","isVoid":false,"data":{},"nodes":[{"kind":"text","key":"d10e23d6506e4810b9973b32690be47a","ranges":[{"kind":"range","marks":[],"text":"During cluster configuration, the user provides the following information:"}]}]},{"kind":"block","type":"list-unordered","key":"896121959b604cacb0915a2b50f9c814","isVoid":false,"data":{},"nodes":[{"kind":"block","type":"list-item","key":"0edd54f4e6414c1aa5b11ad48b37f942","isVoid":false,"data":{},"nodes":[{"kind":"block","type":"paragraph","key":"964f8e3a52c747abbdc00b240c7057bf","isVoid":false,"data":{},"nodes":[{"kind":"text","key":"2e6979a8df8f4023a6505a0af0694014","ranges":[{"kind":"range","marks":[],"text":"The IP address for each server node, e.g., 172.30.3.2"}]}]}]},{"kind":"block","type":"list-item","key":"b3a63ac28d7942088831f8ef5011d92f","isVoid":false,"data":{},"nodes":[{"kind":"block","type":"paragraph","key":"84634005f8614f63a345ed9b0d458980","isVoid":false,"data":{},"nodes":[{"kind":"text","key":"2fcba26490fe4dcba5ceeeee8d752e6c","ranges":[{"kind":"range","marks":[],"text":"The login credentials for the nodes."}]}]}]}]},{"kind":"block","type":"heading-2","key":"11452b51fd134980af19931b72585a9f","isVoid":false,"data":{},"nodes":[{"kind":"text","key":"23700bf8bf824e1da183b70541a80618","ranges":[{"kind":"range","marks":[{"kind":"mark","data":{},"type":"bold"}],"text":"Cluster Installation Overview"}]}]},{"kind":"block","type":"paragraph","key":"1933c249b2f54c14ab7bd33489cc6b54","isVoid":false,"data":{},"nodes":[{"kind":"text","key":"a675a8d687ef48beb55f9108e87ce726","ranges":[{"kind":"range","marks":[],"text":"Cluster installation begins by the user downloading the TigerGraph software package to any Linux machine in the cluster or with access to the cluster nodes (see  notes above). When the user runs the installation script with the cluster option, it will either prompt the user for cluster configuration information described above, or if the user requests non-interactive installation, it will read the configuration information from a file "},{"kind":"range","marks":[{"kind":"mark","data":{},"type":"bold"},{"kind":"mark","data":{},"type":"code"}],"text":"cluster_config.json "},{"kind":"range","marks":[],"text":"located in the same folder with the platform package.  The installer then proceeds to install the product on each of the cluster nodes and to configure the cluster."}]}]},{"kind":"block","type":"paragraph","key":"9bbc68f96cc24addb4d23ade7c14b9c5","isVoid":false,"data":{},"nodes":[{"kind":"text","key":"fc10c979664748029f4fd98838f4b2b0","ranges":[{"kind":"range","marks":[],"text":"The two installation methods, interactive and non-interactive, are described below."}]}]},{"kind":"block","type":"heading-2","key":"ad4eef03ae8540c48b6b6bd7c5ef5190","isVoid":false,"data":{},"nodes":[{"kind":"text","key":"576c4097db9f4e2bae8b557f81c654bd","ranges":[{"kind":"range","marks":[{"kind":"mark","data":{},"type":"bold"}],"text":"Interactive Mode Installation"}]}]},{"kind":"block","type":"paragraph","key":"9f72b75a043e47cd87f83c71133f5fba","isVoid":false,"data":{},"nodes":[{"kind":"text","key":"cfd484ee706e4398b6174b0d8289a8d1","ranges":[{"kind":"range","marks":[],"text":"In interactive mode, the installer will first ask the same basic questions it asks for single-node installation. It will then ask how many machines are in your cluster. Then it will prompt for the IP addresses of the machines, assigning each machine an alias m1, m2, m3, etc. Next it will ask for sudo user name and credentials information. Last, it will ask the user if they accept some changes to the system. (See non-interactive mode installation below for details about user credentials.)  A screenshot of interactive installation is shown below."}]}]},{"kind":"block","type":"image","key":"e33625d15f7d405a8fd77506c64511e6","isVoid":true,"data":{"assetID":"-LNicRaSY-9vEi4bvGoH"},"nodes":[{"kind":"text","key":"15a4dba347014f7fb80b582eedfaa56d","ranges":[{"kind":"range","marks":[],"text":""}]}]},{"kind":"block","type":"heading-2","key":"07ab6a1d98324cb7871f2104b984916e","isVoid":false,"data":{},"nodes":[{"kind":"text","key":"cea37170bc9c41c6aac14be07f6bec9a","ranges":[{"kind":"range","marks":[],"text":"Non-Interactive Mode Installation"}]}]},{"kind":"block","type":"paragraph","key":"b58dda0f303b42629cedb8457e6fba88","isVoid":false,"data":{},"nodes":[{"kind":"text","key":"7ff39f10d49f498b8f45f087ef563499","ranges":[{"kind":"range","marks":[],"text":"For non-interactive mode installation, the user must put all the settings into the file "},{"kind":"range","marks":[{"kind":"mark","data":{},"type":"bold"},{"kind":"mark","data":{},"type":"code"}],"text":"cluster_config.json "},{"kind":"range","marks":[],"text":"before running the installer. This file is in the folder with your install.sh file and other TigerGraph package files."}]}]},{"kind":"block","type":"paragraph","key":"50781428ecfb412a80511ae3614c2737","isVoid":false,"data":{},"nodes":[{"kind":"text","key":"e86a6e6062544883911afe2cf79decd0","ranges":[{"kind":"range","marks":[],"text":"the two key parameters to set are the following:"}]}]},{"kind":"block","type":"list-ordered","key":"82ca5f0d6b4b44f0aabe17b237d9b7db","isVoid":false,"data":{},"nodes":[{"kind":"block","type":"list-item","key":"d6c5c9e74d3b48c6b08623fae0c59b23","isVoid":false,"data":{},"nodes":[{"kind":"block","type":"paragraph","key":"1d5bb77bc27147fb8614e0e6df8672ce","isVoid":false,"data":{},"nodes":[{"kind":"text","key":"76cb54a1f44a432f9a81aa7d6a67015a","ranges":[{"kind":"range","marks":[{"kind":"mark","data":{},"type":"bold"}],"text":"nodes.ip "},{"kind":"range","marks":[],"text":"\nEach machine in the cluster is defined as a key:value pair, where the key is a machine alias m1, m2, m3, etc. "},{"kind":"range","marks":[{"kind":"mark","data":{},"type":"bold"}],"text":"NOTE: If you chose names other than m1, m2, etc., be sure to list them in alphanumeric order in the config file.  The first machine (\"m1\") has a special role in some cases. "},{"kind":"range","marks":[],"text":"Use as many key:value pairs as you need, placing the public IP addresses next to each key.  The installer will auto detect the local IP addresses and use them to configure the system. If the installer detects more than one local IP address, it will ask the user to select one for configuration. "}]}]}]},{"kind":"block","type":"list-item","key":"f5f92b19169545408cf60b7883baf880","isVoid":false,"data":{},"nodes":[{"kind":"block","type":"paragraph","key":"56f14ae23717430ca83c738430bea88e","isVoid":false,"data":{},"nodes":[{"kind":"text","key":"fbba4ea1a5f842eeb071781164e6d931","ranges":[{"kind":"range","marks":[{"kind":"mark","data":{},"type":"bold"}],"text":"nodes.login "},{"kind":"range","marks":[],"text":"\nTwo login methods are supported: "}]}]},{"kind":"block","type":"list-unordered","key":"be0e9e0ade3e4b9aa4a80fdb0054c6c4","isVoid":false,"data":{},"nodes":[{"kind":"block","type":"list-item","key":"1a8c4b0c845140ddab56461257a69038","isVoid":false,"data":{},"nodes":[{"kind":"block","type":"paragraph","key":"4990c875fc404ced981276e0354b4fcd","isVoid":false,"data":{},"nodes":[{"kind":"text","key":"5d7c641aeefb4aad8b3925ea765f4940","ranges":[{"kind":"range","marks":[],"text":"SSH with password"}]}]}]},{"kind":"block","type":"list-item","key":"3f2ee7166f7547cbb1539ce8b9004ca7","isVoid":false,"data":{},"nodes":[{"kind":"block","type":"paragraph","key":"08df5735d9fe417fa32e7b4e3199d2dd","isVoid":false,"data":{},"nodes":[{"kind":"text","key":"aaafff6d02db4110ba21f917d923db4c","ranges":[{"kind":"range","marks":[],"text":"SSH with key file"}]}]}]}]},{"kind":"block","type":"paragraph","key":"aef2e83124404321a311527c51c8693b","isVoid":false,"data":{},"nodes":[{"kind":"text","key":"69b2ddf2c7f3478980b5924878fbeb24","ranges":[{"kind":"range","marks":[],"text":"\nFor SSH with password, you must input the sudo/root user and its password. For SSH with key file, you may specify the AWS ec2 key file or other key file. If nothing provided, the installer will use default ssh key file such as "},{"kind":"range","marks":[{"kind":"mark","data":{},"type":"code"}],"text":"~/.ssh/id_rsa "},{"kind":"range","marks":[],"text":"."}]}]}]},{"kind":"block","type":"list-item","key":"cc41eb22559b4f059b6878a16a0e74dc","isVoid":false,"data":{},"nodes":[{"kind":"block","type":"paragraph","key":"fad49a386b13449e9d3b940727c5f139","isVoid":false,"data":{},"nodes":[{"kind":"text","key":"18a0fd800ef54a1082af681f6cd5d2c6","ranges":[{"kind":"range","marks":[{"kind":"mark","data":{},"type":"bold"}],"text":"HA.option \n"},{"kind":"range","marks":[],"text":"If enable.HA is set to \"true\", then the system will be configured for a replication factor of 2. For example, if your cluster has 6 machines, 3 will be used for one copy of the data, and 3 will be used for a replica copy of the data.  More advanced configuration is possible after initial setup.  See "}]},{"kind":"inline","type":"link","key":"c880e9ec516d4bedbb656ba133000527","isVoid":false,"data":{"pageID":"-LMW8Xgf8AbCYADHGz2g"},"nodes":[{"kind":"text","key":"29f045095dbe4b888e5593ca17655035","ranges":[{"kind":"range","marks":[],"text":"HA Cluster Configuration"}]}]},{"kind":"text","key":"a5ea91a16a654e18855b098225d03dd1","ranges":[{"kind":"range","marks":[],"text":"."}]}]}]}]},{"kind":"block","type":"paragraph","key":"9dd182e063ba4305a841265f436b8c90","isVoid":false,"data":{},"nodes":[{"kind":"text","key":"ad76cfca78b04d7dbf0662f5655307c9","ranges":[{"kind":"range","marks":[],"text":"Below is a sample "},{"kind":"range","marks":[{"kind":"mark","data":{},"type":"bold"},{"kind":"mark","data":{},"type":"code"}],"text":"cluster_config.json "},{"kind":"range","marks":[],"text":"file."}]}]},{"kind":"block","type":"hint","key":"ae9cb3873c1e4e88bdaaf7f8cae99a1d","isVoid":false,"data":{"style":"danger"},"nodes":[{"kind":"block","type":"paragraph","key":"dfbf398dd0854c799b24b6c2dcf6d7b3","isVoid":false,"data":{},"nodes":[{"kind":"text","key":"d18f2bbfa47a42529b482f9d3ea87f02","ranges":[{"kind":"range","marks":[{"kind":"mark","data":{},"type":"bold"}],"text":"The node names (e.g., m1, m2, etc.) MUST be given in alphanumeric order, because the first machine has a special role in some situations. In our documentation we will refer to this machine as m1."}]}]}]},{"kind":"block","type":"code","key":"b2e90a5ef5d544c989dce4e756525cad","isVoid":false,"data":{},"nodes":[{"kind":"block","type":"code-tab","key":"32e976382c7a462396e4ba7d3e605ce5","isVoid":false,"data":{"syntax":"javascript","title":"cluster_config.json example"},"nodes":[{"kind":"block","type":"code-line","key":"6d8660ac44c345e2a4733a7c723c88e2","isVoid":false,"data":{},"nodes":[{"kind":"text","key":"d5f23ebb230847f09097b06222e2022a","ranges":[{"kind":"range","marks":[],"text":"{"}]}]},{"kind":"block","type":"code-line","key":"868f3778702b4c5780709a23c3193876","isVoid":false,"data":{},"nodes":[{"kind":"text","key":"4eb21479f59941f18e4ce3eb69912bc2","ranges":[{"kind":"range","marks":[],"text":"  \"tigergraph.user.name\": \"tigergraph\","}]}]},{"kind":"block","type":"code-line","key":"af1e38bd98eb4a4b84ccd288d909c8ed","isVoid":false,"data":{},"nodes":[{"kind":"text","key":"d57eb0e57f504f6ba91ba28c19385302","ranges":[{"kind":"range","marks":[],"text":"  \"tigergraph.user.password\": \"tigergraph\","}]}]},{"kind":"block","type":"code-line","key":"e0791d98163c451c80290b0e6e50c18a","isVoid":false,"data":{},"nodes":[{"kind":"text","key":"316934c14f0042cea3f141c86f245c23","ranges":[{"kind":"range","marks":[],"text":"  \"tigergraph.root.dir\": \"/home/tigergraph/tigergraph\","}]}]},{"kind":"block","type":"code-line","key":"ffe8b0d65c594f83b9e198f36d8e0229","isVoid":false,"data":{},"nodes":[{"kind":"text","key":"9bf29235e4084e89b6ef9521ad2f31cd","ranges":[{"kind":"range","marks":[],"text":"  \"license.key\": \"91583b19abf850cee381168e0e0cd41fcaceba2d734cd3a9e6f5fd393eda71171519710003\","}]}]},{"kind":"block","type":"code-line","key":"90836783c74d4cce86a9afe56146206d","isVoid":false,"data":{},"nodes":[{"kind":"text","key":"f519f3084cb540c7ac0f2d23b0d8882c","ranges":[{"kind":"range","marks":[],"text":"  \"nodes.ip\": {"}]}]},{"kind":"block","type":"code-line","key":"bc1395dbbea74f928b78cd2e24d88014","isVoid":false,"data":{},"nodes":[{"kind":"text","key":"4fc2dfbe88c9484c9b1e03fe49b8bd7d","ranges":[{"kind":"range","marks":[],"text":"    \"m1\": \"172.30.3.2\","}]}]},{"kind":"block","type":"code-line","key":"64a7cec988474459b41b6192c2e59a6b","isVoid":false,"data":{},"nodes":[{"kind":"text","key":"9bd06764d18a4852a648dabfe38bf888","ranges":[{"kind":"range","marks":[],"text":"    \"m2\": \"172.30.3.3\","}]}]},{"kind":"block","type":"code-line","key":"f2f86fa9f2d648b0a4aa45846d5f9095","isVoid":false,"data":{},"nodes":[{"kind":"text","key":"dfd026ddcbb545d4b1fe51aa54af6b4b","ranges":[{"kind":"range","marks":[],"text":"    \"m3\": \"172.30.3.4\","}]}]},{"kind":"block","type":"code-line","key":"b279d5f1a090443e9a434ad18de75a18","isVoid":false,"data":{},"nodes":[{"kind":"text","key":"5ddcfdbd094b481da4ee3fe6633cd183","ranges":[{"kind":"range","marks":[],"text":"    \"m4\": \"172.30.3.5\""}]}]},{"kind":"block","type":"code-line","key":"4833b992c8bc483b84b372cc76b2da78","isVoid":false,"data":{},"nodes":[{"kind":"text","key":"0b1a9dfe3fa9489282a92ef23d561d92","ranges":[{"kind":"range","marks":[],"text":"  },"}]}]},{"kind":"block","type":"code-line","key":"dfc3041060d940cea3f4e0ed43c5b948","isVoid":false,"data":{},"nodes":[{"kind":"text","key":"eac6ae9b0fff40379ff1d7113f548d95","ranges":[{"kind":"range","marks":[],"text":"  \"nodes.login\": {"}]}]},{"kind":"block","type":"code-line","key":"fb2331c66b9a48779480ea2307dc9854","isVoid":false,"data":{},"nodes":[{"kind":"text","key":"d86c353231914f079037f2a2a9c9b748","ranges":[{"kind":"range","marks":[],"text":"    \"supported.methods (this is a comment)\": \"P. SSH with password; K. SSH with key file (e.g. ec2_key.pem)\","}]}]},{"kind":"block","type":"code-line","key":"a7d8a540e37d45768801c9ed3eabf359","isVoid":false,"data":{},"nodes":[{"kind":"text","key":"32b8b1a155d04ea695c8d86ca4c35213","ranges":[{"kind":"range","marks":[],"text":"    \"notes (this is a comment)\": \"All nodes must use the same sudo user, same password, or same key file\","}]}]},{"kind":"block","type":"code-line","key":"0887277d31af4d04b811ec3a9b6293e0","isVoid":false,"data":{},"nodes":[{"kind":"text","key":"2f4188e3833d4915ab2529df7dfa9d50","ranges":[{"kind":"range","marks":[],"text":"    \"chosen.method\": \"K\","}]}]},{"kind":"block","type":"code-line","key":"a999537a06604a1991f788ff2bd8762e","isVoid":false,"data":{},"nodes":[{"kind":"text","key":"7b5c30875379453db09f704c8865a775","ranges":[{"kind":"range","marks":[],"text":"    \"P\": {"}]}]},{"kind":"block","type":"code-line","key":"62f40e0c2abb4dbca66010a28a962412","isVoid":false,"data":{},"nodes":[{"kind":"text","key":"5aa03023a2e24bbaafb754eaef784951","ranges":[{"kind":"range","marks":[],"text":"        \"sudo.user.name\": \"sudoUserName\","}]}]},{"kind":"block","type":"code-line","key":"f7ee0c248c414a288177036b8bcb9a8f","isVoid":false,"data":{},"nodes":[{"kind":"text","key":"ec72b54791b9459e95600c601d7dfba3","ranges":[{"kind":"range","marks":[],"text":"        \"sudo.user.password\": \"sudoUserPassword\""}]}]},{"kind":"block","type":"code-line","key":"605c042a0e64467dadae830f99337f1a","isVoid":false,"data":{},"nodes":[{"kind":"text","key":"23a2ca6929d947f2866ab7386f2e3a98","ranges":[{"kind":"range","marks":[],"text":"    },"}]}]},{"kind":"block","type":"code-line","key":"b10d2ea26a50474bbfcd350e98711244","isVoid":false,"data":{},"nodes":[{"kind":"text","key":"7ad581719b7a40719eb11e31e76ba212","ranges":[{"kind":"range","marks":[],"text":"    \"K\": {"}]}]},{"kind":"block","type":"code-line","key":"a269f0807a9c4ec1a594bc3a3dc1baae","isVoid":false,"data":{},"nodes":[{"kind":"text","key":"5b4da3488f62479fa310d4ef472aacea","ranges":[{"kind":"range","marks":[],"text":"      \"sudo.user.name\": \"centos\","}]}]},{"kind":"block","type":"code-line","key":"2502463f17214c7f909eb652b9ddef77","isVoid":false,"data":{},"nodes":[{"kind":"text","key":"3b1aaa680aca44db978473efdcb828c4","ranges":[{"kind":"range","marks":[],"text":"      \"ssh.key.file\": \"/home/centos/.ssh/gsql_east.pem\""}]}]},{"kind":"block","type":"code-line","key":"bcd38da759db45a7abd6c36d551258b1","isVoid":false,"data":{},"nodes":[{"kind":"text","key":"f47b1459b7a546388dc9efd454cb5353","ranges":[{"kind":"range","marks":[],"text":"    }"}]}]},{"kind":"block","type":"code-line","key":"c94ccb62d9f4428ca4816bf0b4fa63e8","isVoid":false,"data":{},"nodes":[{"kind":"text","key":"74b12c812968471a85ec3b9fb4ef46e2","ranges":[{"kind":"range","marks":[],"text":"  },"}]}]},{"kind":"block","type":"code-line","key":"1be03fedcfe24cef916e788e0e61c9aa","isVoid":false,"data":{},"nodes":[{"kind":"text","key":"c7e6dfd883bf486c8c0d87dd1697fad7","ranges":[{"kind":"range","marks":[],"text":"  \"HA.option\": {"}]}]},{"kind":"block","type":"code-line","key":"d6f6ffeea34b47acba2ad4c8731aa707","isVoid":false,"data":{},"nodes":[{"kind":"text","key":"86bc9912c8a44d268cd16676b3dbbee2","ranges":[{"kind":"range","marks":[],"text":"    \"Notes of HA.option (this is a comment)\": \"option to install high-availability cluster (with at least 3 nodes), default value false\","}]}]},{"kind":"block","type":"code-line","key":"abb76cd5ec594bcd911821d7ed3eecf8","isVoid":false,"data":{},"nodes":[{"kind":"text","key":"58bc0ad4a0c3426b9965412d588558e6","ranges":[{"kind":"range","marks":[],"text":"    \"enable.HA\": \"false\""}]}]},{"kind":"block","type":"code-line","key":"b7ca450c85da4f74bb928f08deaa2e7d","isVoid":false,"data":{},"nodes":[{"kind":"text","key":"77a2f7b34e714802bf33785037e4a288","ranges":[{"kind":"range","marks":[],"text":"  }"}]}]},{"kind":"block","type":"code-line","key":"181ef61a905444e288411cda0a74fd4c","isVoid":false,"data":{},"nodes":[{"kind":"text","key":"f386e760ccb045dea68a0bdeb7d87949","ranges":[{"kind":"range","marks":[],"text":"}"}]}]}]}]},{"kind":"block","type":"heading-2","key":"64002bfc90f445bea44df52130bb11a4","isVoid":false,"data":{},"nodes":[{"kind":"text","key":"0ca92417d9c842998a5a08d0a3eaff1f","ranges":[{"kind":"range","marks":[],"text":"Advanced Configuration"}]}]},{"kind":"block","type":"paragraph","key":"192f343c1aa946a3b711458950c2204f","isVoid":false,"data":{},"nodes":[{"kind":"text","key":"0a4fca4676a64353bc966d56e1156228","ranges":[{"kind":"range","marks":[],"text":"Sometimes you may want further control over configuration details, such as replication factor of individual components, security settings, and others. You may also want to install a new TigerGraph system to match your existing TigerGraph system's setup. TigerGraph supports advanced configuration with the "},{"kind":"range","marks":[{"kind":"mark","data":{},"type":"code"}],"text":"-a"},{"kind":"range","marks":[],"text":" option. This option can be used in either interactive mode or non-interactive mode."}]}]},{"kind":"block","type":"hint","key":"2f7da3189f0a4c4ebc327b3feb81caf8","isVoid":false,"data":{"style":"warning"},"nodes":[{"kind":"block","type":"paragraph","key":"e55b9ba2fb0e47b8a2bc0864a55f5299","isVoid":false,"data":{},"nodes":[{"kind":"text","key":"88361a3905924a0d8b89af123081db8d","ranges":[{"kind":"range","marks":[],"text":"Advanced configuration will override the default configuration, and the related configuration in"},{"kind":"range","marks":[{"kind":"mark","data":{},"type":"code"},{"kind":"mark","data":{},"type":"bold"}],"text":"cluster_config.json"},{"kind":"range","marks":[],"text":"."}]}]}]},{"kind":"block","type":"paragraph","key":"9cb311b7836c42a0bb84b23c684ab40a","isVoid":false,"data":{},"nodes":[{"kind":"text","key":"4f178908ecc942dcaf948de13cce1d22","ranges":[{"kind":"range","marks":[],"text":"First, create a configuration file named "},{"kind":"range","marks":[{"kind":"mark","data":{},"type":"code"},{"kind":"mark","data":{},"type":"bold"}],"text":"adv_config.cfg"},{"kind":"range","marks":[],"text":". You can manually create this file, or if you have an existing TigerGraph system, you can generate a file representing its configuration, with the following command:"},{"kind":"range","marks":[{"kind":"mark","data":{},"type":"code"}],"text":"gadmin --dump-config |grep replicas >> adv_config.cfg"}]}]},{"kind":"block","type":"paragraph","key":"c67bb8f45caa4fe4a393aff3f5c53436","isVoid":false,"data":{},"nodes":[{"kind":"text","key":"d2fad9e9e2fe4d65ba5f4458b2f286fa","ranges":[{"kind":"range","marks":[],"text":"If you manually create it,  make sure it's a valid YAML file."}]}]},{"kind":"block","type":"paragraph","key":"ffe8387571c344e794177be9233211ea","isVoid":false,"data":{},"nodes":[{"kind":"text","key":"77a4247aad3a4afda31333f3c22d1925","ranges":[{"kind":"range","marks":[],"text":"For example, the "},{"kind":"range","marks":[{"kind":"mark","data":{},"type":"code"}],"text":"adv_config.cfg"},{"kind":"range","marks":[],"text":"file below sets up TigerGraph as a 3-node cluster with HA replications factor of 3.  "}]}]},{"kind":"block","type":"code","key":"aa41f681468446689a8342674de3b776","isVoid":false,"data":{},"nodes":[{"kind":"block","type":"code-tab","key":"30e88be9fe8f4deebeb09434bbb0bed7","isVoid":false,"data":{"syntax":"yaml"},"nodes":[{"kind":"block","type":"code-line","key":"cdaf601aa13040d59ca7f4704eb36c7a","isVoid":false,"data":{},"nodes":[{"kind":"text","key":"01dd9705a59a40359a12ba02c0ed7c51","ranges":[{"kind":"range","marks":[],"text":"dictserver.servers: m1,m2,m3"}]}]},{"kind":"block","type":"code-line","key":"6f9301ff3c684f59b06d7337e2451228","isVoid":false,"data":{},"nodes":[{"kind":"text","key":"7713052a33114ea68adcc45842911bd0","ranges":[{"kind":"range","marks":[],"text":"gpe.servers: m1,m2,m3"}]}]},{"kind":"block","type":"code-line","key":"e39e1ac593ef4698a30c160041e9174b","isVoid":false,"data":{},"nodes":[{"kind":"text","key":"017ddabb43e54593ac7758afb132eb86","ranges":[{"kind":"range","marks":[],"text":"gse.servers: m1,m2,m3"}]}]},{"kind":"block","type":"code-line","key":"a530ce94ca1c4670a7c3aa9690006fc7","isVoid":false,"data":{},"nodes":[{"kind":"text","key":"a835d6ab98f64e1099560e8f5d0a450b","ranges":[{"kind":"range","marks":[],"text":"kafka-loader.servers: m1,m2,m3"}]}]},{"kind":"block","type":"code-line","key":"fd421d9562204da8a71f64588fa579df","isVoid":false,"data":{},"nodes":[{"kind":"text","key":"d530daa83a80402280c14cdebb9f7b79","ranges":[{"kind":"range","marks":[],"text":"kafka.servers: m1,m2,m3"}]}]},{"kind":"block","type":"code-line","key":"9260c397f1954b3fbbf2172f791eef8d","isVoid":false,"data":{},"nodes":[{"kind":"text","key":"f7c2c283e9a04418aba3b371d5f8232a","ranges":[{"kind":"range","marks":[],"text":"restpp-loader.servers: m1,m2,m3"}]}]},{"kind":"block","type":"code-line","key":"04302e770b5c42ae930dd195d20b427d","isVoid":false,"data":{},"nodes":[{"kind":"text","key":"8eba4985737544bd85a8bad7eb7d4c9a","ranges":[{"kind":"range","marks":[],"text":"restpp.servers: m1,m2,m3"}]}]},{"kind":"block","type":"code-line","key":"d364fd8b51ba4a8b8a7691ae22fd5a03","isVoid":false,"data":{},"nodes":[{"kind":"text","key":"46d3ba8133d84cbaba09d3e833635ed2","ranges":[{"kind":"range","marks":[],"text":"zk.servers: m1,m2,m3"}]}]},{"kind":"block","type":"code-line","key":"aa305db9e50d49edbde84f740ef6e699","isVoid":false,"data":{},"nodes":[{"kind":"text","key":"aa88b61157aa4c23bdf3800a48fc2c96","ranges":[{"kind":"range","marks":[],"text":"gpe.replicas: 3"}]}]},{"kind":"block","type":"code-line","key":"94eb68519ac449dab627ec6b9d308f84","isVoid":false,"data":{},"nodes":[{"kind":"text","key":"b14d635b98ac41309ba6e8190cd4f508","ranges":[{"kind":"range","marks":[],"text":"gse.replicas: 3"}]}]},{"kind":"block","type":"code-line","key":"c47847bb08524abfba43c4e9775e82cc","isVoid":false,"data":{},"nodes":[{"kind":"text","key":"6fcefc0c2339420a9c6693e3eea357db","ranges":[{"kind":"range","marks":[],"text":"kafka.num.replicas: 3"}]}]}]}]},{"kind":"block","type":"paragraph","key":"0b38f1c3795d4fee971c73f34ac415c9","isVoid":false,"data":{},"nodes":[{"kind":"text","key":"4bdc99695b004fe194cfae78a3fd0e9f","ranges":[{"kind":"range","marks":[],"text":"Second, in the installation command, add the "},{"kind":"range","marks":[{"kind":"mark","data":{},"type":"code"}],"text":"-a"},{"kind":"range","marks":[],"text":" option. Once the installation is done,  verify the system has the configuration as specified.Cluster Installation Commands"}]}]},{"kind":"block","type":"heading-2","key":"757c553b782243e68c54820ea5324e8b","isVoid":false,"data":{},"nodes":[{"kind":"text","key":"5fe1c61ebfd64b72b0ed8c43395ae18c","ranges":[{"kind":"range","marks":[],"text":"Cluster Installation Commands"}]}]},{"kind":"block","type":"hint","key":"6bcd5864e3d141acacf13dd0736aaf54","isVoid":false,"data":{"style":"danger"},"nodes":[{"kind":"block","type":"paragraph","key":"f84d86243a054e72ad8b71e710f1ea6f","isVoid":false,"data":{},"nodes":[{"kind":"text","key":"b8af72c1f0b94f569e731f0bf7da6d1b","ranges":[{"kind":"range","marks":[{"kind":"mark","data":{},"type":"bold"}],"text":"Do not"},{"kind":"range","marks":[],"text":" run the cluster installation script with sudo permission."}]}]}]},{"kind":"block","type":"paragraph","key":"c70d800b836d4e7796c60105c1c5b1e6","isVoid":false,"data":{},"nodes":[{"kind":"text","key":"d3cd8de8142649e9a5cdd6a6412ab6b0","ranges":[{"kind":"range","marks":[],"text":"After you have planned out your cluster configuration, you are ready to run the installer."}]}]},{"kind":"block","type":"list-ordered","key":"1b00309be0bc4585abf5daf4ce128858","isVoid":false,"data":{},"nodes":[{"kind":"block","type":"list-item","key":"64fa73df320749dbaaa87fa85c6e89ae","isVoid":false,"data":{},"nodes":[{"kind":"block","type":"paragraph","key":"70c5f2576983483fbf7d90d6594ceb42","isVoid":false,"data":{},"nodes":[{"kind":"text","key":"0bc5441b74774d1c8ddfb7ea95a36989","ranges":[{"kind":"range","marks":[],"text":"Extract the package."}]}]}]}]},{"kind":"block","type":"code","key":"10833d6a49ae466592dd183fe3e2a71b","isVoid":false,"data":{},"nodes":[{"kind":"block","type":"code-tab","key":"24a6b2146266446f8220c2cfd78d2106","isVoid":false,"data":{"syntax":"bash","title":"Example: extract for <version> = 2.0.0"},"nodes":[{"kind":"block","type":"code-line","key":"290d48ac0f9e413b86c60d8bb2706442","isVoid":false,"data":{},"nodes":[{"kind":"text","key":"933a440f39dd4517949aed44c840d9c8","ranges":[{"kind":"range","marks":[],"text":"tar -xzf tigergraph-x.y.z.tar.gz"}]}]}]}]},{"kind":"block","type":"paragraph","key":"fa54971477264f5aa9fdbc198f65d303","isVoid":false,"data":{},"nodes":[{"kind":"text","key":"ffdd89c876c7418ca2b15d27255fee91","ranges":[{"kind":"range","marks":[],"text":"  2. A folder named "},{"kind":"range","marks":[{"kind":"mark","data":{},"type":"bold"},{"kind":"mark","data":{},"type":"code"}],"text":"tigergraph-<version>-offline "},{"kind":"range","marks":[],"text":"will be created. Change into this folder.  To run cluster installation in interactive mode, use the -c option:"}]}]},{"kind":"block","type":"code","key":"d53c01b6c0f942b18a19013cd41620dd","isVoid":false,"data":{},"nodes":[{"kind":"block","type":"code-tab","key":"69d8d000b9a04e0083a1bf4fcd2cb23b","isVoid":false,"data":{"syntax":"bash","title":"Example: Installation with interactive cluster configuration for <version> = 2.0.0"},"nodes":[{"kind":"block","type":"code-line","key":"552dd11534d24b37af68fc648a9d97d6","isVoid":false,"data":{},"nodes":[{"kind":"text","key":"e22ef00254fe49cbb48718dc96752fcd","ranges":[{"kind":"range","marks":[],"text":"cd tigergraph-*/"}]}]},{"kind":"block","type":"code-line","key":"91042568c38d4a57b3b6ca03e5400d4c","isVoid":false,"data":{},"nodes":[{"kind":"text","key":"d929e4f6d8c6485fa7532591f372750f","ranges":[{"kind":"range","marks":[],"text":""}]}]},{"kind":"block","type":"code-line","key":"67be60350f7841f7997078440040494b","isVoid":false,"data":{},"nodes":[{"kind":"text","key":"2cbbdc504b524bbdb8b16e2b7f1b0a5c","ranges":[{"kind":"range","marks":[],"text":"## Method 1. Interactive mode"}]}]},{"kind":"block","type":"code-line","key":"644f99abff214ab087e5196114e1ef28","isVoid":false,"data":{},"nodes":[{"kind":"text","key":"2570a57f0a5847adb92230eca6907e18","ranges":[{"kind":"range","marks":[],"text":"./install.sh -c"}]}]}]}]},{"kind":"block","type":"paragraph","key":"c385a96ceb274ae6a4c8789b9acb0264","isVoid":false,"data":{},"nodes":[{"kind":"text","key":"d8518d2819fd4f719def52551bc77747","ranges":[{"kind":"range","marks":[],"text":"To run cluster installation in non-interactive mode, using the settings in the "},{"kind":"range","marks":[{"kind":"mark","data":{},"type":"bold"},{"kind":"mark","data":{},"type":"code"}],"text":"cluster_config.json "},{"kind":"range","marks":[],"text":"file, use the -c and -n (or merged -cn) options:"}]}]},{"kind":"block","type":"code","key":"f51f1a61b3214534b300afc9c60f3104","isVoid":false,"data":{},"nodes":[{"kind":"block","type":"code-tab","key":"a244a4d6ede54ef7ba2a167ee3a4c2da","isVoid":false,"data":{"syntax":"bash","title":"Example: Installation with non-interactive cluster configuration <version> = 2.0.0"},"nodes":[{"kind":"block","type":"code-line","key":"3e87ff6f9a5943d2866a5d514bf5bda2","isVoid":false,"data":{},"nodes":[{"kind":"text","key":"ef6f69a850834cfa925d440736526128","ranges":[{"kind":"range","marks":[],"text":"cd tigergraph-*/"}]}]},{"kind":"block","type":"code-line","key":"a44836eefbbc406f9c467a427352bbf8","isVoid":false,"data":{},"nodes":[{"kind":"text","key":"1572d08367fd4ba4957cef7b2efd58ed","ranges":[{"kind":"range","marks":[],"text":""}]}]},{"kind":"block","type":"code-line","key":"206cc55bf5f4448ba5014b069d36a61b","isVoid":false,"data":{},"nodes":[{"kind":"text","key":"fe736a1f10d242dbae89937ead60f180","ranges":[{"kind":"range","marks":[],"text":"## Method 2. non-interactive "}]}]},{"kind":"block","type":"code-line","key":"1df917ba21a74f6186aa7780e2e51d5f","isVoid":false,"data":{},"nodes":[{"kind":"text","key":"b0dd848727b24e43b388d2557b043d4e","ranges":[{"kind":"range","marks":[],"text":" # step 1: modify the config file \"cluster_config.json\""}]}]},{"kind":"block","type":"code-line","key":"afe559e8d9ae4f788f1fa88ce0ae576b","isVoid":false,"data":{},"nodes":[{"kind":"text","key":"f48043b655914ad8a4f7c6596ef224af","ranges":[{"kind":"range","marks":[],"text":" # step 2:"}]}]},{"kind":"block","type":"code-line","key":"2a176f508bfa40feb48b36ef6d5c931c","isVoid":false,"data":{},"nodes":[{"kind":"text","key":"d70f37cfacaa430db3da0d42c0ea6546","ranges":[{"kind":"range","marks":[],"text":" ./install.sh -cn"}]}]}]}]},{"kind":"block","type":"paragraph","key":"469d8cb7411245e188cf872cd6c2bc51","isVoid":false,"data":{},"nodes":[{"kind":"text","key":"9a602b8da05043278cf0c7a441e88a51","ranges":[{"kind":"range","marks":[],"text":"By default, non-interactive mode installation does not set up NTP or a firewall. To direct the installation to set them up explicitly,  using "},{"kind":"range","marks":[{"kind":"mark","data":{},"type":"code"},{"kind":"mark","data":{},"type":"bold"}],"text":"SETUP_NTP"},{"kind":"range","marks":[{"kind":"mark","data":{},"type":"bold"}],"text":" "},{"kind":"range","marks":[],"text":"and"},{"kind":"range","marks":[{"kind":"mark","data":{},"type":"bold"}],"text":" "},{"kind":"range","marks":[{"kind":"mark","data":{},"type":"code"},{"kind":"mark","data":{},"type":"bold"}],"text":"SETUP_FILEWALL"},{"kind":"range","marks":[{"kind":"mark","data":{},"type":"bold"}],"text":" "},{"kind":"range","marks":[],"text":"environmental variables."}]}]},{"kind":"block","type":"code","key":"503719f740984082a32ec20a61f1442c","isVoid":false,"data":{},"nodes":[{"kind":"block","type":"code-tab","key":"958f2c44e0814f13a7628444ba7b3b1d","isVoid":false,"data":{"syntax":"bash"},"nodes":[{"kind":"block","type":"code-line","key":"3c08a4eb2d514e5390f57cba839a3990","isVoid":false,"data":{},"nodes":[{"kind":"text","key":"4ad0242e8af24dc6a6ea0f4a992635ca","ranges":[{"kind":"range","marks":[],"text":"cd tigergraph-*/"}]}]},{"kind":"block","type":"code-line","key":"346cd4a3b952415a9884345d6957d957","isVoid":false,"data":{},"nodes":[{"kind":"text","key":"11cf17165a0f4b3195864d91216c41df","ranges":[{"kind":"range","marks":[],"text":""}]}]},{"kind":"block","type":"code-line","key":"a7834eb975fb4b2fa7dad319110d8d12","isVoid":false,"data":{},"nodes":[{"kind":"text","key":"1df97776adbe419385815f6745311088","ranges":[{"kind":"range","marks":[],"text":"## Method 2. non-interactive with setting up NTP, but not firewall"}]}]},{"kind":"block","type":"code-line","key":"8287e2d7b5a54eb6b9208222c5f27312","isVoid":false,"data":{},"nodes":[{"kind":"text","key":"3fd2c7788df24bec9e7fdbb7ae3db5ef","ranges":[{"kind":"range","marks":[],"text":" # step 1: modify the config file \"cluster_config.json\""}]}]},{"kind":"block","type":"code-line","key":"99e2512ca38b4a28b23e77164bd122f0","isVoid":false,"data":{},"nodes":[{"kind":"text","key":"25218710d72b4bf2b56f068b075b0009","ranges":[{"kind":"range","marks":[],"text":" # step 2:"}]}]},{"kind":"block","type":"code-line","key":"6cc0854ca32243da836158d75c8839c9","isVoid":false,"data":{},"nodes":[{"kind":"text","key":"9599b76bafb348b1b7a9ba7613b5c820","ranges":[{"kind":"range","marks":[],"text":"SETUP_NTP=y SETUP_FIREWALL=n ./install.sh -cn"}]}]}]}]},{"kind":"block","type":"paragraph","key":"f6d7bbdd04e54dfda764a1768d26c8a9","isVoid":false,"data":{},"nodes":[{"kind":"text","key":"aaaa865de03d447980f3d541fff7e225","ranges":[{"kind":"range","marks":[],"text":"3. The installer concludes by prompting the user to login to node m1 of the cluster and use 'su' to switch to the tigergraph user account. \nTo confirm correct operation:"}]}]},{"kind":"block","type":"list-ordered","key":"2157633420f74ec4b03c81ab1562ea3a","isVoid":false,"data":{},"nodes":[{"kind":"block","type":"list-item","key":"30d262936d174ed09cd0108d4f9e9256","isVoid":false,"data":{},"nodes":[{"kind":"block","type":"paragraph","key":"b9444fbea26c41449be6b9bfc6ba8f6d","isVoid":false,"data":{},"nodes":[{"kind":"text","key":"4798bd97ee3e45de8fb5dd857d5a4162","ranges":[{"kind":"range","marks":[],"text":"Try the command "},{"kind":"range","marks":[{"kind":"mark","data":{},"type":"code"},{"kind":"mark","data":{},"type":"bold"}],"text":"gadmin status "},{"kind":"range","marks":[],"text":"from any machine in the cluster."}]}]},{"kind":"block","type":"paragraph","key":"32cf8e9692154fbf9c892ab836b0df7e","isVoid":false,"data":{},"nodes":[{"kind":"text","key":"db4c5404fadd49499fff21a29b37cd91","ranges":[{"kind":"range","marks":[],"text":"If the system installed correctly, the command should report that "},{"kind":"range","marks":[{"kind":"mark","data":{},"type":"bold"}],"text":"zk "},{"kind":"range","marks":[],"text":", "},{"kind":"range","marks":[{"kind":"mark","data":{},"type":"bold"}],"text":"kafka "},{"kind":"range","marks":[],"text":", "},{"kind":"range","marks":[{"kind":"mark","data":{},"type":"bold"}],"text":"dict, nginx, gsql, "},{"kind":"range","marks":[],"text":"and "},{"kind":"range","marks":[{"kind":"mark","data":{},"type":"bold"}],"text":"Visualization "},{"kind":"range","marks":[],"text":"are up and ready. Since there is no graph data loaded yet, "},{"kind":"range","marks":[{"kind":"mark","data":{},"type":"bold"}],"text":"gse "},{"kind":"range","marks":[],"text":", "},{"kind":"range","marks":[{"kind":"mark","data":{},"type":"bold"}],"text":"gpe "},{"kind":"range","marks":[],"text":", and "},{"kind":"range","marks":[{"kind":"mark","data":{},"type":"bold"}],"text":"restpp "},{"kind":"range","marks":[],"text":"are not "}]}]}]},{"kind":"block","type":"list-item","key":"0bf61a3d80774b6eb252cfc767dd8eed","isVoid":false,"data":{},"nodes":[{"kind":"block","type":"paragraph","key":"292a88e306094e74978c40ba42b4b846","isVoid":false,"data":{},"nodes":[{"kind":"text","key":"9be1059fc74044e9ad0bfcdd398f9285","ranges":[{"kind":"range","marks":[],"text":"Try the command  "},{"kind":"range","marks":[{"kind":"mark","data":{},"type":"bold"},{"kind":"mark","data":{},"type":"code"}],"text":"gsql --version "}]}]},{"kind":"block","type":"paragraph","key":"b058a9102d3044388311537f0831e9fe","isVoid":false,"data":{},"nodes":[{"kind":"text","key":"63574ef2f52148a3b9ad445bd13ed292","ranges":[{"kind":"range","marks":[],"text":"The "},{"kind":"range","marks":[{"kind":"mark","data":{},"type":"bold"},{"kind":"mark","data":{},"type":"code"}],"text":"gsql "},{"kind":"range","marks":[],"text":"command must be run on node m1 of the cluster because the gsql server is installed on  m1 only. "}]}]}]}]},{"kind":"block","type":"paragraph","key":"ea9369a6e5684c40bd3dc5df1d15c100","isVoid":false,"data":{},"nodes":[{"kind":"text","key":"c59504e0f213493abd34f9b6aa827e6b","ranges":[{"kind":"range","marks":[],"text":"  4. Basic installation is now finished!  Please see"}]},{"kind":"inline","type":"link","key":"1b0a262a31db48cb8ffcc5a8ba625a5a","isVoid":false,"data":{"pageID":"-LMWEixEHvanThNILiBf","anchor":"post-installation-notes"},"nodes":[{"kind":"text","key":"c2366110ae7040fcaaaf48b370597ded","ranges":[{"kind":"range","marks":[],"text":" Post-Installation Notes"}]}]},{"kind":"text","key":"885f186a4bd44145bec8d6173c3e1a4b","ranges":[{"kind":"range","marks":[],"text":" below."}]}]},{"kind":"block","type":"heading-1","key":"2ffd60cf56ad49209a93d16d50b3ed3f","isVoid":false,"data":{},"nodes":[{"kind":"text","key":"b6afc28869f64fa9a2c0684bd6506cfd","ranges":[{"kind":"range","marks":[],"text":"Post-Installation Notes"}]}]},{"kind":"block","type":"heading-2","key":"00ebf34e3dc94b058b18868cc88819c8","isVoid":false,"data":{},"nodes":[{"kind":"text","key":"ad3d647f0172444790d70ce9b21f06cf","ranges":[{"kind":"range","marks":[{"kind":"mark","data":{},"type":"bold"}],"text":"Change Your Password"}]}]},{"kind":"block","type":"paragraph","key":"ae155c9a5ed54b5e9c00501bbe200813","isVoid":false,"data":{},"nodes":[{"kind":"text","key":"0f501add064d4d73bf4bdad7a6dd26e2","ranges":[{"kind":"range","marks":[],"text":"If you installed with the default password, we recommend that you change it now."}]}]},{"kind":"block","type":"heading-2","key":"2a6f90c379364b3da880327eb2e2cce8","isVoid":false,"data":{},"nodes":[{"kind":"text","key":"efaff1714b09423f80b70d5578dd26d6","ranges":[{"kind":"range","marks":[{"kind":"mark","data":{},"type":"bold"}],"text":"Additional Customization"}]}]},{"kind":"block","type":"paragraph","key":"f7c27166ea944b4eba7fa0357cea7258","isVoid":false,"data":{},"nodes":[{"kind":"text","key":"1783e79640cb49de9eb46e98269080d1","ranges":[{"kind":"range","marks":[],"text":"To perform additional customization, run "},{"kind":"range","marks":[{"kind":"mark","data":{},"type":"code"},{"kind":"mark","data":{},"type":"bold"}],"text":"gadmin --configure "},{"kind":"range","marks":[],"text":"( must be on node m1 if it is cluster ), followed by "},{"kind":"range","marks":[{"kind":"mark","data":{},"type":"bold"},{"kind":"mark","data":{},"type":"code"}],"text":"gadmin config-apply "},{"kind":"range","marks":[],"text":". The ' "},{"kind":"range","marks":[{"kind":"mark","data":{},"type":"code"}],"text":"gadmin config-apply "},{"kind":"range","marks":[],"text":"' command must be run on node m1 if it is cluster, since only node m1 contians "},{"kind":"range","marks":[{"kind":"mark","data":{},"type":"italic"}],"text":"pkg_pool"},{"kind":"range","marks":[],"text":"resources. If you configured one or more items of gpe.servers, gse.servers, restpp.servers, kafka.servers, zk.servers, dictserver.servers, gpe.replicas, or gse.replicas, you must reinstall the package by running command "},{"kind":"range","marks":[{"kind":"mark","data":{},"type":"code"},{"kind":"mark","data":{},"type":"bold"}],"text":"gadmin pkg-install reset "},{"kind":"range","marks":[],"text":"on node m1."}]}]},{"kind":"block","type":"paragraph","key":"6a71faf7bdde437c9430cef8b4d3ee72","isVoid":false,"data":{},"nodes":[{"kind":"text","key":"113b12d3310e4249a32fe37e00cafae6","ranges":[{"kind":"range","marks":[],"text":"see the appropriate sections of the "}]},{"kind":"inline","type":"link","key":"7efb81671ecd4e5c8b1ef5580e2c3d9a","isVoid":false,"data":{"pageID":"-LMW933Z39CNaKNA0faK"},"nodes":[{"kind":"text","key":"96325a6ef6eb43be9987c781973e8dfc","ranges":[{"kind":"range","marks":[{"kind":"mark","data":{},"type":"italic"},{"kind":"mark","data":{},"type":"bold"}],"text":"TigerGraph System Administrators Guide"}]}]},{"kind":"text","key":"b291c55d4300445699dd011c5a6d1578","ranges":[{"kind":"range","marks":[{"kind":"mark","data":{},"type":"italic"},{"kind":"mark","data":{},"type":"bold"}],"text":" "},{"kind":"range","marks":[],"text":"."}]}]},{"kind":"block","type":"heading-2","key":"a4046c5faed94166ace6b671fa532dd3","isVoid":false,"data":{},"nodes":[{"kind":"text","key":"b51b842aa8ff4d5587897f34f4850318","ranges":[{"kind":"range","marks":[{"kind":"mark","data":{},"type":"bold"}],"text":"Learning To Use TigerGraph"}]}]},{"kind":"block","type":"paragraph","key":"9299cf5eaf36407b8a89783b45bd6c2e","isVoid":false,"data":{},"nodes":[{"kind":"text","key":"93a508257fc54e11982fdf1aed64362b","ranges":[{"kind":"range","marks":[],"text":"If you are a first-time user:"}]}]},{"kind":"block","type":"list-unordered","key":"f46142d3f7074af7890e6a3a7ed503c1","isVoid":false,"data":{},"nodes":[{"kind":"block","type":"list-item","key":"26f05af5b77a4bea9192addf35016716","isVoid":false,"data":{},"nodes":[{"kind":"block","type":"paragraph","key":"cbbe8cd1f13248f6bb2072e19641e0a3","isVoid":false,"data":{},"nodes":[{"kind":"text","key":"2498055b74c74d6298f86db6d96b07d7","ranges":[{"kind":"range","marks":[],"text":"See our GSQL language tutorial for first-timer users: "}]},{"kind":"inline","type":"link","key":"878bbb3472354071ae95acb8d0640145","isVoid":false,"data":{"pageID":"-LMBDIdsCSyS1HbsgYaX"},"nodes":[{"kind":"text","key":"a1803622019f42dda09d45b6b3413146","ranges":[{"kind":"range","marks":[{"kind":"mark","data":{},"type":"italic"},{"kind":"mark","data":{},"type":"bold"}],"text":"GSQL 101"}]}]},{"kind":"text","key":"659bdd458c9140f294959747362f4d65","ranges":[{"kind":"range","marks":[{"kind":"mark","data":{},"type":"italic"},{"kind":"mark","data":{},"type":"bold"}],"text":""}]}]}]},{"kind":"block","type":"list-item","key":"20176aec7b944cb0b2e22d5368d32f7c","isVoid":false,"data":{},"nodes":[{"kind":"block","type":"paragraph","key":"be424f8245894dfc9c5ee1295a47f729","isVoid":false,"data":{},"nodes":[{"kind":"text","key":"8af41f9f4e4f4bac8039e2a096cb5ae4","ranges":[{"kind":"range","marks":[],"text":"Start designing, using our visual interface. see the "}]},{"kind":"inline","type":"link","key":"e19ae264bdd641b9ad813fe00a3e1600","isVoid":false,"data":{"pageID":"-LMVRMLP728FyJXRhxVo"},"nodes":[{"kind":"text","key":"1bd93e4438dd41a2aa582a0cdf6bbc89","ranges":[{"kind":"range","marks":[{"kind":"mark","data":{},"type":"bold"},{"kind":"mark","data":{},"type":"italic"}],"text":"TigerGraph GraphStudio UI Guide"}]}]},{"kind":"text","key":"5b91b302a80e4abc9fd6f2554d72609d","ranges":[{"kind":"range","marks":[{"kind":"mark","data":{},"type":"bold"},{"kind":"mark","data":{},"type":"italic"}],"text":" "},{"kind":"range","marks":[],"text":"."}]}]}]},{"kind":"block","type":"list-item","key":"9bf0b286492a4be397685545aa4988e3","isVoid":false,"data":{},"nodes":[{"kind":"block","type":"paragraph","key":"9740eacb128a4863bc3b7b9612c76971","isVoid":false,"data":{},"nodes":[{"kind":"text","key":"0622c06dcef44c57a43b5f523c4953c1","ranges":[{"kind":"range","marks":[],"text":"To see more GSQL examples, see "}]},{"kind":"inline","type":"link","key":"20e8ef22e40e482db9a7f7f3e87895f9","isVoid":false,"data":{"pageID":"-LMW7CYYbjUAl5oAuhK3"},"nodes":[{"kind":"text","key":"972c9bf4b7bc4bd989454efeafc54616","ranges":[{"kind":"range","marks":[{"kind":"mark","data":{},"type":"italic"},{"kind":"mark","data":{},"type":"bold"}],"text":"GSQL Demo Examples "}]}]},{"kind":"text","key":"722bfc8e8b5843d2a6485296d9b64295","ranges":[{"kind":"range","marks":[],"text":"."}]}]}]},{"kind":"block","type":"list-item","key":"ca2601219ddb469391140231b88beec8","isVoid":false,"data":{},"nodes":[{"kind":"block","type":"paragraph","key":"fce8df1a58574461b8afe6025a35ccf9","isVoid":false,"data":{},"nodes":[{"kind":"text","key":"9eccd22caee447599175cfad1b143641","ranges":[{"kind":"range","marks":[],"text":"To get answers to common questions, see "}]},{"kind":"inline","type":"link","key":"0f75d51b7a284fc7b0c9327a930be955","isVoid":false,"data":{"pageID":"-LMW83p8IWENIdLPqmBG"},"nodes":[{"kind":"text","key":"576ecb0d7efe4b1689a033e1216527e1","ranges":[{"kind":"range","marks":[{"kind":"mark","data":{},"type":"italic"},{"kind":"mark","data":{},"type":"bold"}],"text":"TigerGraph Knowledge Base and FAQs"}]}]},{"kind":"text","key":"9e15e0f2bc354b24a6d9e6c8d1578032","ranges":[{"kind":"range","marks":[{"kind":"mark","data":{},"type":"italic"},{"kind":"mark","data":{},"type":"bold"}],"text":" "},{"kind":"range","marks":[],"text":"."}]}]}]}]},{"kind":"block","type":"heading-1","key":"7caba288801a4ef698f3ef2367737940","isVoid":false,"data":{},"nodes":[{"kind":"text","key":"5bda13e7cf6d42ebbc530b8d566ef796","ranges":[{"kind":"range","marks":[],"text":"Upgrading an Existing Installation"}]}]},{"kind":"block","type":"hint","key":"5a17a4201c0944d49663db56d5bab3fb","isVoid":false,"data":{"style":"danger"},"nodes":[{"kind":"block","type":"paragraph","key":"00d92966996b439a92b5fd98227c9de4","isVoid":false,"data":{},"nodes":[{"kind":"text","key":"61bd8b50a79046389760221bf8255449","ranges":[{"kind":"range","marks":[],"text":"Developer Edition upgrade is not supported"}]}]},{"kind":"block","type":"paragraph","key":"9f5e1119083c44ffb0782f29d658abda","isVoid":false,"data":{},"nodes":[{"kind":"text","key":"7f91bada56254b329f4a638b873540d7","ranges":[{"kind":"range","marks":[],"text":"The Developer Edition is not designed for upgrade from one version to another \nIt is not possible to upgrade a Developer Edition installation to Enterprise Edition."}]}]}]},{"kind":"block","type":"paragraph","key":"bf64c47c6c17498394d2bcace2ae498e","isVoid":false,"data":{},"nodes":[{"kind":"text","key":"6b6f32aeab13478aa77608d04e74ce58","ranges":[{"kind":"range","marks":[],"text":"If your specific versions are not listed below, please upgrade by :"}]}]},{"kind":"block","type":"list-ordered","key":"ba5a9849682a4104be3513ec8d234213","isVoid":false,"data":{},"nodes":[{"kind":"block","type":"list-item","key":"fdb642bb34a249f5b447b1576f806e81","isVoid":false,"data":{},"nodes":[{"kind":"block","type":"paragraph","key":"611036d552764f43a4bf909db288c533","isVoid":false,"data":{},"nodes":[{"kind":"text","key":"20617c47ad334edeaa80c430da54199b","ranges":[{"kind":"range","marks":[],"text":"Download the latest version of TigerGraph to your system."}]}]}]},{"kind":"block","type":"list-item","key":"bae6d7cce1774bd6bcb3d196b90adcda","isVoid":false,"data":{},"nodes":[{"kind":"block","type":"paragraph","key":"79c79b054fee419dbd9233c70bfb52c4","isVoid":false,"data":{},"nodes":[{"kind":"text","key":"c38de945ae824728a20bca2e3832b35d","ranges":[{"kind":"range","marks":[],"text":"Extract the tarball."}]}]}]},{"kind":"block","type":"list-item","key":"8c85b0561a994dbc8eaa500da8e3d0a1","isVoid":false,"data":{},"nodes":[{"kind":"block","type":"paragraph","key":"78cac1571e484e3a9902667a3307f8f3","isVoid":false,"data":{},"nodes":[{"kind":"text","key":"d64bf0b9aa8a4e70ac142efe7a47a354","ranges":[{"kind":"range","marks":[],"text":"Run the TigerGraph.bin file that was extracted from the tarball."}]}]}]}]},{"kind":"block","type":"heading-2","key":"6926d226a13546c3ad33fca4dd3f866b","isVoid":false,"data":{"id":"updating-from-v-2-1-7-to-v-2-2-5"},"nodes":[{"kind":"text","key":"159deaa51bdb447b97d8996e8fcfefcb","ranges":[{"kind":"range","marks":[],"text":"Updating from v2.1.7 to v2.2.x"}]}]},{"kind":"block","type":"paragraph","key":"17a796821adf4d15b6a9c2c69ccf4871","isVoid":false,"data":{},"nodes":[{"kind":"text","key":"757224a4102f497f8f7da7cf44332082","ranges":[{"kind":"range","marks":[],"text":"These steps are assuming that v2.1.7 is installed. To upgrade to v2.2 from a version older than v2.1.7 , please upgrade to v2.1.7 first. If the tigergraph username and password have been changed, please have them ready as you will need them in order to update the system."}]}]},{"kind":"block","type":"list-ordered","key":"a015634ef76e4e75add26ae153f2c77a","isVoid":false,"data":{},"nodes":[{"kind":"block","type":"list-item","key":"900afb12d2c145e7b6e61e45825c3151","isVoid":false,"data":{},"nodes":[{"kind":"block","type":"paragraph","key":"e2b787ce3a52469c957b06f497e91b49","isVoid":false,"data":{},"nodes":[{"kind":"text","key":"7a829d95e1cb4ef0be440d93b7f95ffb","ranges":[{"kind":"range","marks":[],"text":"Download tigergraph-2.2.x-offline.tar.gz with user “tigergraph” and extract the tarball file."}]}]}]},{"kind":"block","type":"list-item","key":"af1dc3d1e6884dfeb65224bfd3f16a53","isVoid":false,"data":{},"nodes":[{"kind":"block","type":"paragraph","key":"98bda7cca868421b8a67e1eee72e8b5f","isVoid":false,"data":{},"nodes":[{"kind":"text","key":"77f3083ecbfd477eb5f92d4d33d27d0f","ranges":[{"kind":"range","marks":[],"text":"Download the post_upgrade.sh script that is attached "}]},{"kind":"inline","type":"link","key":"2120c970b8c4437da04a798844c01111","isVoid":false,"data":{"href":"https://tigergraph.freshdesk.com/support/solutions/articles/5000810844-v2-1-7-v2-2-x-upgrade-instructions"},"nodes":[{"kind":"text","key":"43726717439c44d6a72732885c044b34","ranges":[{"kind":"range","marks":[],"text":"here"}]}]},{"kind":"text","key":"98e18bd8ed584145be70ff77e079eea3","ranges":[{"kind":"range","marks":[],"text":". "}]}]}]},{"kind":"block","type":"list-item","key":"7df7e0b31ece484f97c0b2b2bcbe1bc4","isVoid":false,"data":{},"nodes":[{"kind":"block","type":"paragraph","key":"dd0a3c7838354e59a7a5b28e7d65a130","isVoid":false,"data":{},"nodes":[{"kind":"text","key":"8b9411dc9677426488565e1069e437f7","ranges":[{"kind":"range","marks":[],"text":"Run tigergraph.bin under the same folder to upgrade to 2.2.x"}]}]}]},{"kind":"block","type":"list-item","key":"2c09eb5e9ed2498098972637f1b84f8f","isVoid":false,"data":{},"nodes":[{"kind":"block","type":"paragraph","key":"c700a421f4a34922b3e2e31991fbd0b7","isVoid":false,"data":{},"nodes":[{"kind":"text","key":"81ff05860643402dbb5b142910639261","ranges":[{"kind":"range","marks":[],"text":"Run the post-upgrade script that was downloaded in step 2 : "},{"kind":"range","marks":[{"kind":"mark","data":{},"type":"bold"}],"text":"post_upgrade.sh"},{"kind":"range","marks":[],"text":" -u <sudoUser> [-P <sudoPass> | -K <sshKey> ] -p <tigergraphUserPass>"}]}]}]}]},{"kind":"block","type":"heading-2","key":"ea3c4fa16bd544a2b25e08f1cbe57781","isVoid":false,"data":{},"nodes":[{"kind":"text","key":"4aab9dcab88440e78a2a94a645eb06a8","ranges":[{"kind":"range","marks":[],"text":"Updating from v2.0 to v2.1"}]}]},{"kind":"block","type":"paragraph","key":"52178cc20ef84328a7909f1bcdf93ada","isVoid":false,"data":{},"nodes":[{"kind":"text","key":"5c1ffd44064e4aea89b47e8a8e8bfadc","ranges":[{"kind":"range","marks":[],"text":"v2.0 can be upgraded to v2.1 Enterprise Edition. The data store format and GSQL language scripts in v2.0 are forward compatible to v2.1."}]}]},{"kind":"block","type":"heading-2","key":"c03f96d8949949a5a27c3e171b948477","isVoid":false,"data":{},"nodes":[{"kind":"text","key":"f806198a9c5b4f5fb862673d927c4582","ranges":[{"kind":"range","marks":[],"text":"Upgrading from v1.x to v2.x"}]}]},{"kind":"block","type":"paragraph","key":"b1cee3cc7b7b4b4e9cf33687909231f0","isVoid":false,"data":{},"nodes":[{"kind":"text","key":"c1f8a536cced4451bb88961e19d57e93","ranges":[{"kind":"range","marks":[],"text":"The data store format between 1.x and 2.x for single servers is forward compatible but not backward compatible. For a single server platform, users can upgrade from 1.x to 2.x without reloading data or recreating the graph schema. Some details of the GSQL language have changed, so some loading jobs and queries will need to be revised and reinstalled."}]}]},{"kind":"block","type":"paragraph","key":"7c1c3f83b8804c1c94bdca2b712ed4f4","isVoid":false,"data":{},"nodes":[{"kind":"text","key":"fcd63e7a5cae4d1cb776dac0c2ac6aa2","ranges":[{"kind":"range","marks":[],"text":"For a cluster configuration, direct upgrade from 1.x to 2.x is not supported at this time.  Users interested in migrating from 1.x to 2.x need to export their data and metadata, install v2.x, and then reload data and metadata, with some small modifications.  Please contact "}]},{"kind":"inline","type":"link","key":"b2f1316fa7fe4baaa427a0026df34645","isVoid":false,"data":{"href":"mailto:support@tigergraph.com"},"nodes":[{"kind":"text","key":"9e2768954754420ab4092359ecdaf764","ranges":[{"kind":"range","marks":[],"text":"support@tigergraph.com "}]}]},{"kind":"text","key":"cf739c4f7be6498cbc49c4eadfb27c7c","ranges":[{"kind":"range","marks":[],"text":"for assistance."}]}]},{"kind":"block","type":"paragraph","key":"cc1425cd7d9c4ddd9d38eee1a5590b4a","isVoid":false,"data":{},"nodes":[{"kind":"text","key":"0d2590e0c152494b8e68e49a90e77f36","ranges":[{"kind":"range","marks":[],"text":"Please consult the Release Notes for all the versions between your current version and your target version (e.g., v2.1) to see a summary of specification changes.  Contain "}]},{"kind":"inline","type":"link","key":"3d4e3453e12749e89b330b2ba0ec8abb","isVoid":false,"data":{"href":"mailto:support@tigergraph.com"},"nodes":[{"kind":"text","key":"7368b377495a4d36a5b1edbc9652b14d","ranges":[{"kind":"range","marks":[],"text":"support@tigergraph.com "}]}]},{"kind":"text","key":"61bad604a0a840baa5adb49cd995ee38","ranges":[{"kind":"range","marks":[],"text":"for assistance."}]}]},{"kind":"block","type":"heading-2","key":"3812268ae88e4f648529287d5ccb2ebb","isVoid":false,"data":{},"nodes":[{"kind":"text","key":"30f682d707e84677b9a37cf20452c359","ranges":[{"kind":"range","marks":[],"text":"Workflow for Direct Upgrade"}]}]},{"kind":"block","type":"list-ordered","key":"819f85dd3e384cb4b6495501c529d001","isVoid":false,"data":{},"nodes":[{"kind":"block","type":"list-item","key":"84495448d08346bcbfc038596206833b","isVoid":false,"data":{},"nodes":[{"kind":"block","type":"paragraph","key":"82eca8c08b7d47bf80035d08a0fb412e","isVoid":false,"data":{},"nodes":[{"kind":"text","key":"f154d3a2019f4401b02b678673867463","ranges":[{"kind":"range","marks":[],"text":"Verify that your data store is compatible and is eligible for direct update / upgrade."}]}]}]},{"kind":"block","type":"list-item","key":"4c6084871a7b44fe81c3a3581d787240","isVoid":false,"data":{},"nodes":[{"kind":"block","type":"paragraph","key":"dc25bef6f6644fcf9debba82dea69015","isVoid":false,"data":{},"nodes":[{"kind":"text","key":"312c3829245544778dac60e394c624bc","ranges":[{"kind":"range","marks":[],"text":"Review the specification changes and how they may affect your applications (loading jobs and queries)."}]}]}]},{"kind":"block","type":"list-item","key":"602caad3130f4dad8634d847462825e9","isVoid":false,"data":{},"nodes":[{"kind":"block","type":"paragraph","key":"96ae783c0b80454f9b9fddbf32c08c9d","isVoid":false,"data":{},"nodes":[{"kind":"text","key":"c891006e0e1a4875a7470cbe0486372d","ranges":[{"kind":"range","marks":[],"text":"Stop issuing new commands to your TigerGraph system and allow any operations to complete."}]}]}]},{"kind":"block","type":"list-item","key":"73bb5bf9d147490aa23bf22b7914e327","isVoid":false,"data":{},"nodes":[{"kind":"block","type":"paragraph","key":"14f69c4948544127b0e6f1ade506ad62","isVoid":false,"data":{},"nodes":[{"kind":"text","key":"33921857ba2e4e3f9235a872d4d0be16","ranges":[{"kind":"range","marks":[],"text":"(Recommended) Backup your data, as a precaution."}]}]}]},{"kind":"block","type":"list-item","key":"681e05eafc964f4f8c5c0307d6512b4d","isVoid":false,"data":{},"nodes":[{"kind":"block","type":"paragraph","key":"1b6a2f9114bf451f8b1b23528ea27fc4","isVoid":false,"data":{},"nodes":[{"kind":"text","key":"40be41097bb840bcacce30c144e53c25","ranges":[{"kind":"range","marks":[],"text":"Follow the procedure at the beginning of this document for installing a new system.  The installer will automatically shut down your system and start it again. "}]}]}]}]},{"kind":"block","type":"hint","key":"d41601b0aaef4b6382f29eb7c4faf703","isVoid":false,"data":{"style":"danger"},"nodes":[{"kind":"block","type":"paragraph","key":"8ddce327c4094e78a81ce57846da1936","isVoid":false,"data":{},"nodes":[{"kind":"text","key":"7ee4827cfccc49229649f93dfb2ac040","ranges":[{"kind":"range","marks":[],"text":" Be sure to specify the same username as your current installation. Otherwise, if you use a different user name, it will be treated as a new installation, with an empty graph."}]}]}]},{"kind":"block","type":"list-ordered","key":"f1e532fa31bb4217a3cfadf43b48fc6e","isVoid":false,"data":{},"nodes":[{"kind":"block","type":"list-item","key":"ecd7093b8b134bdf8e92bfb370cf2df9","isVoid":false,"data":{},"nodes":[{"kind":"block","type":"paragraph","key":"f83487511db848cfbfbda3abc4fb83c0","isVoid":false,"data":{},"nodes":[{"kind":"text","key":"43172fc369734701b053568edcd82b14","ranges":[{"kind":"range","marks":[],"text":"Pay attention to output messages during the installation process which may alert you to additional tasks or checks you should perform."}]}]}]},{"kind":"block","type":"list-item","key":"09117cc7c18e446385c2dc69daa05dc7","isVoid":false,"data":{},"nodes":[{"kind":"block","type":"paragraph","key":"1bea70710f5f4956bfb32f4a9a778fc0","isVoid":false,"data":{},"nodes":[{"kind":"text","key":"52a974a738034f98bed163b8ca1a431b","ranges":[{"kind":"range","marks":[],"text":"Run the command "},{"kind":"range","marks":[{"kind":"mark","data":{},"type":"bold"}],"text":"gsql "},{"kind":"range","marks":[],"text":"to start the GSQL shell. The first time after an update, gsql performs two important operations:"}]}]},{"kind":"block","type":"list-ordered","key":"a3da84fbe8414c3ba446782a9a49ee80","isVoid":false,"data":{},"nodes":[{"kind":"block","type":"list-item","key":"0df552809aad4ef5944081ef448473f0","isVoid":false,"data":{},"nodes":[{"kind":"block","type":"paragraph","key":"c67e6b0e830f4eee806d3a5f3ca42713","isVoid":false,"data":{},"nodes":[{"kind":"text","key":"9beea6187b464cb29985f4cf823399db","ranges":[{"kind":"range","marks":[],"text":"Copies your catalog from your old installation to the new installation ."}]}]}]},{"kind":"block","type":"list-item","key":"abac31ca1f074efd8b986429bf3f33eb","isVoid":false,"data":{},"nodes":[{"kind":"block","type":"paragraph","key":"3fcafbe49972427f913eaef61a790296","isVoid":false,"data":{},"nodes":[{"kind":"text","key":"0bbe35668c144012b3272102c2184f73","ranges":[{"kind":"range","marks":[],"text":"Compares the files in the backup /dev_<datetime>/gdk/gsql/src folder to the new /dev/gdk/gsql/src folder. Pay attention to any files residing in the old folder but not in the new folder.  Review them and copy them to the new folder if appropriate.  See the example below."}]}]}]}]}]},{"kind":"block","type":"list-item","key":"6e147e1b07bd44579bc65aee9c32e9a2","isVoid":false,"data":{},"nodes":[{"kind":"block","type":"paragraph","key":"d3794372323e4098b5c2208d6484c1a3","isVoid":false,"data":{},"nodes":[{"kind":"text","key":"8385c20d9b9e4c9c9fde3b696e6a8b29","ranges":[{"kind":"range","marks":[],"text":"Revise and reinstall loading jobs and queries as needed."}]}]}]}]}]}}