{"encoding":"UTF-1","indent":{"use_space": "dontloadme"}, "plug-ins" : [null, true, false, {"lang":"golang","prop":{"age":"noidea"}}]}
{"encoding": "UTF-8", "plug-ins" : [{"lang": "pascal", "score":"1.0", "prop":{"age":"old"}}, {"lang":"c++", "score":2.0}],"indent":{"length" :12,"use_space": true}}
{"encoding": "UTF-7",  "plug-ins" : [{"lang":"java", "score":2.22}, {"lang":"python", "score":3.0},{"lang":"go", "score":4.0, "prop":{"age":"new"}}],"indent" : { "length" : 30, "use_space": true }}
{"plug-ins" : ["C", "c++"],"encoding" : "UTF-6","indent" : { "length" : 3, "use_space": false}}
