{"format_version":1,"document":{"kind":"document","key":"7e1860a177d949819d1b93067bdb6afb","data":{"schema_version":5},"nodes":[{"kind":"block","type":"heading-1","key":"3cb6d85177344f96943ad465f14183ab","isVoid":false,"data":{},"nodes":[{"kind":"text","key":"730c7ede047742e7a3d718460e553a24","ranges":[{"kind":"range","marks":[],"text":"Distributed Query Mode"}]}]},{"kind":"block","type":"paragraph","key":"7ca2c98004974b9dad44ebd3e86b9835","isVoid":false,"data":{},"nodes":[{"kind":"text","key":"5fc962d412604f8db6d2e63cc1754213","ranges":[{"kind":"range","marks":[],"text":"In a distributed graph (where the data are spread across multiple machines), the default execution plan is as follows:"}]}]},{"kind":"block","type":"list-unordered","key":"65fd442416dc44a68bb7dfee6c628cc2","isVoid":false,"data":{},"nodes":[{"kind":"block","type":"list-item","key":"b4ca38975547497fbf1abe370d22f606","isVoid":false,"data":{},"nodes":[{"kind":"block","type":"paragraph","key":"4b91c00c692f4fa9a17a52e8cc5cbcdf","isVoid":false,"data":{},"nodes":[{"kind":"text","key":"3886bde617704586915fc013408d1fd4","ranges":[{"kind":"range","marks":[],"text":"One machine will be selected as the execution hub, regardless of the number or distributed of starting point vertices."}]}]}]},{"kind":"block","type":"list-item","key":"377ef4e40ee342afb8e54cb87a4fb4cf","isVoid":false,"data":{},"nodes":[{"kind":"block","type":"paragraph","key":"dc7a226dc28848459c0c152f88fc3ac4","isVoid":false,"data":{},"nodes":[{"kind":"text","key":"590e138db85f4794994915cf206c4b84","ranges":[{"kind":"range","marks":[],"text":"All the computation work for the query will take place at the execution hub.  The vertex and edge data from other machines will be copied to the hub machine for processing."}]}]}]}]},{"kind":"block","type":"paragraph","key":"c967a7d6fd994cf9b60a1868b9154d37","isVoid":false,"data":{},"nodes":[{"kind":"text","key":"805abc12681e481fa60443e920d5c79d","ranges":[{"kind":"range","marks":[],"text":"TigerGraph Enterprise Edition offers a Distributed Query mode which provides a more optimized execution plan for queries which are likely to start at several machines and continue their traversal across several machines."}]}]},{"kind":"block","type":"list-unordered","key":"c7fc5d1ae8f547cdaa552042b8764afd","isVoid":false,"data":{},"nodes":[{"kind":"block","type":"list-item","key":"6544415f0e1f4adb953236494a4d3c52","isVoid":false,"data":{},"nodes":[{"kind":"block","type":"paragraph","key":"412ae7b2c0fa4a6fa1741ecb8c661479","isVoid":false,"data":{},"nodes":[{"kind":"text","key":"61a5750b827b463cb6b592f4713d422e","ranges":[{"kind":"range","marks":[],"text":"A set of machines representing one full copy of the entire graph will participate in the query. If the cluster has a replication factor of 2 (so there are two copies of each piece of data), then half the machines will participate."}]}]}]},{"kind":"block","type":"list-item","key":"9ef1b8acb1b747f6bd4fcbb238b1b3f0","isVoid":false,"data":{},"nodes":[{"kind":"block","type":"paragraph","key":"7a26045a28914f67b1444060065abe9a","isVoid":false,"data":{},"nodes":[{"kind":"text","key":"495ce14dff304fbf8e115ead61f070db","ranges":[{"kind":"range","marks":[],"text":"The query executes in parallel across all the machines which have source vertex data for a given hop in the query. That is, each SELECT statement defines a 1-hop traversal from a set of source vertices to a set of target vertices. Unlike the default mode where all the needed data are brought to one machine, in Distributed Query mode, the computation moves across the cluster, following the traversal pattern of the query."}]}]}]},{"kind":"block","type":"list-item","key":"9ab3999744434512a8960fcd755dea70","isVoid":false,"data":{},"nodes":[{"kind":"block","type":"paragraph","key":"137c779729b54c1faced20509dbc64a5","isVoid":false,"data":{},"nodes":[{"kind":"text","key":"af5b13ffd459445fb73e5bee5c3558da","ranges":[{"kind":"range","marks":[],"text":"The output results will be gathered at one machine."}]}]}]}]},{"kind":"block","type":"paragraph","key":"d2cba91934994ff88f8e8e886bd99b94","isVoid":false,"data":{},"nodes":[{"kind":"text","key":"795c662f6ccb4922afbb57dff516c746","ranges":[{"kind":"range","marks":[],"text":"To invoke Distributed Query mode, simply insert the keyword \"DISTRIBUTED\" before \"QUERY\" in a query definition:"}]}]},{"kind":"block","type":"code","key":"be9c26613e8c4f1fa48725d6f74a7a24","isVoid":false,"data":{},"nodes":[{"kind":"block","type":"code-tab","key":"b1905398d2144372ad983db658590ab5","isVoid":false,"data":{"syntax":"text"},"nodes":[{"kind":"block","type":"code-line","key":"dac1468615174f6fbac9f57149ec4b30","isVoid":false,"data":{},"nodes":[{"kind":"text","key":"63ac0c83d5da4ee6a39cfc6ddf213917","ranges":[{"kind":"range","marks":[],"text":"createQuery := CREATE [OR REPLACE] [DISTRIBUTED] QUERY name \"(\" [parameterList] \")\" FOR GRAPH name"}]}]},{"kind":"block","type":"code-line","key":"bff6803f748845b7b3249eba579fbec1","isVoid":false,"data":{},"nodes":[{"kind":"text","key":"0b1a61940016401d911ca9993a290f9f","ranges":[{"kind":"range","marks":[],"text":"               [RETURNS \"(\"  baseType | accumType \")\"]"}]}]},{"kind":"block","type":"code-line","key":"bddebe18e52f4a75986fe1ecfd4c03e2","isVoid":false,"data":{},"nodes":[{"kind":"text","key":"f4814fc271a54093b2b8f488f7811bff","ranges":[{"kind":"range","marks":[],"text":"               [API \"(\" stringLiteral \")\"]"}]}]},{"kind":"block","type":"code-line","key":"aba2b3e02e4b45e9ac5fd6483d6fe6f4","isVoid":false,"data":{},"nodes":[{"kind":"text","key":"d7eacb2f9edf4666aebebd98c2a0241e","ranges":[{"kind":"range","marks":[],"text":"               \"{\" [typedefs] [declStmts] [declExceptStmts] queryBodyStmts \"}\""}]}]}]}]},{"kind":"block","type":"heading-3","key":"223382e07ff34b3e9decb87722ac54fd","isVoid":false,"data":{"id":"DistributedQueryMode-GuidelinesforSelectingDistributedQueryMode"},"nodes":[{"kind":"text","key":"0bc1e1621f1b4f408a50782dc1833d4c","ranges":[{"kind":"range","marks":[],"text":"Guidelines for Selecting Distributed Query Mode"}]}]},{"kind":"block","type":"paragraph","key":"fc3995b6439f495abfc8ffaec37558b6","isVoid":false,"data":{},"nodes":[{"kind":"text","key":"cb25317c78094218a33f5dcb7e6b5a20","ranges":[{"kind":"range","marks":[],"text":"The basic trade-off between distributed query mode and default mode is greater parallelism for the given query vs. using more system resources, which reduces the potential for concurrency with other operations. Each machine has a certain number of workers available for concurrent execution of queries.   A query in default mode uses only one worker out of the whole system. (This one worker will have multiple threads for processing edge traversals in parallel.)  However, a query in distributed mode uses one query worker "},{"kind":"range","marks":[{"kind":"mark","data":{},"type":"italic"}],"text":"per machine. "},{"kind":"range","marks":[],"text":"This means this query can run faster, but it leaves fewer workers for other queries running concurrently."}]}]},{"kind":"block","type":"paragraph","key":"7652376e38544cdcb10a68e256d6917c","isVoid":false,"data":{},"nodes":[{"kind":"text","key":"4399d29f40df46a7ace2a7e1efe19aaf","ranges":[{"kind":"range","marks":[],"text":"We suggest the following guidelines for deciding whether to use default mode or distributed mode."}]}]},{"kind":"block","type":"list-ordered","key":"f234cea41e28438899d5f3475e876327","isVoid":false,"data":{},"nodes":[{"kind":"block","type":"list-item","key":"c1d0f651e00b4733b9219fe53c4d7708","isVoid":false,"data":{},"nodes":[{"kind":"block","type":"paragraph","key":"3520d7f056c74b04aa6f484d3bbf871f","isVoid":false,"data":{},"nodes":[{"kind":"text","key":"f40b87a98a804e39afece237b343878a","ranges":[{"kind":"range","marks":[],"text":"Queries with one or a few starting point vertices and which take only a few hops → default mode is better."}]}]}]},{"kind":"block","type":"list-item","key":"6a6eecb51e5245e0a64e7c135ee698a3","isVoid":false,"data":{},"nodes":[{"kind":"block","type":"paragraph","key":"8aff0fe7ca074adf88042d410b547c84","isVoid":false,"data":{},"nodes":[{"kind":"text","key":"80e5dbddccf94229b772313b70647334","ranges":[{"kind":"range","marks":[],"text":"Queries which start at a very large set of starting point vertices and which traverse many hops → distributed mode is better. \nFor example, algorithms which either compute a value for every vertex or one value for the entire graph should use Distributed Mode. This includes PageRank, Centrality, and Connected Component algorithms."}]}]}]},{"kind":"block","type":"list-item","key":"47962ab167ce41db861904c5f9bdd5c7","isVoid":false,"data":{},"nodes":[{"kind":"block","type":"paragraph","key":"1fec5d624b8943d2b92bd1ac69868937","isVoid":false,"data":{},"nodes":[{"kind":"text","key":"25e0827977b94a6fb59c1c89acec92d4","ranges":[{"kind":"range","marks":[],"text":"For applications where the same query (same logic but with different input parameters) will be run many times in production, the application designer can simply try both modes during development and chose the one which works better for their use case and data."}]}]}]}]},{"kind":"block","type":"heading-3","key":"f92cfa2fbfa7482dbc1dcd2fee2df4cd","isVoid":false,"data":{"id":"DistributedQueryMode-SupportedandUnsupportedFeatures"},"nodes":[{"kind":"text","key":"8e1bf2933ed041f5bfbc127caf66cfa2","ranges":[{"kind":"range","marks":[],"text":"Supported and Unsupported Features"}]}]},{"kind":"block","type":"paragraph","key":"c3822b1aa24b463ba915e40b339fc3fb","isVoid":false,"data":{},"nodes":[{"kind":"text","key":"7f2d0753b5b9432597349ec85be50199","ranges":[{"kind":"range","marks":[],"text":"Currently, Distributed Query mode cannot be used for all queries. Please note the limitations carefully. In most cases, the GSQL parser and compiler will report an error if you try to write a Distributed Query using an unsupported feature."}]}]},{"kind":"block","type":"hint","key":"aa55ffb2b44f4c9d9a49f3921c789f99","isVoid":false,"data":{"style":"info"},"nodes":[{"kind":"block","type":"paragraph","key":"932a168796bb47c0b15aa19d4f797fee","isVoid":false,"data":{},"nodes":[{"kind":"text","key":"a09c8a9f13a044b0b84c2ce49b67b65e","ranges":[{"kind":"range","marks":[],"text":"Support was added for many features in TigerGraph 2.2.  The table below has changed significantly between v2.1 and v2.2."}]}]}]},{"kind":"block","type":"paragraph","key":"06f4e31cf60e4b74937becd1213b52fe","isVoid":false,"data":{},"nodes":[{"kind":"text","key":"69048155be8a4ddeb2498efcbe833d4a","ranges":[{"kind":"range","marks":[],"text":"The following GSQL features are not supported in Distributed Query mode:"}]}]},{"kind":"block","type":"table","key":"937f710e22fa4c8597169e9d661ac7b0","isVoid":false,"data":{"aligns":["left","left","left"]},"nodes":[{"kind":"block","type":"table-row","key":"a034d7aedd9943f6a26e9d652d51a153","isVoid":false,"data":{},"nodes":[{"kind":"block","type":"table-cell","key":"e01bdbaec25d472784d0b170476f2347","isVoid":false,"data":{},"nodes":[{"kind":"block","type":"paragraph","key":"fe77669e3d854841ab039c76f6a99a5b","isVoid":false,"data":{},"nodes":[{"kind":"text","key":"4d0c45f42e4742349999d649d5d2fbbf","ranges":[{"kind":"range","marks":[],"text":"Feature"}]}]}]},{"kind":"block","type":"table-cell","key":"46a60a8cb7ee4a239e2a9ddf66d77b09","isVoid":false,"data":{},"nodes":[{"kind":"block","type":"paragraph","key":"34535d88e83c4b6b9a28c4166b3e07bc","isVoid":false,"data":{},"nodes":[{"kind":"text","key":"480e169a3f684c099f9fecb83f618e18","ranges":[{"kind":"range","marks":[],"text":" Not Supported"}]}]}]},{"kind":"block","type":"table-cell","key":"5a87725fa78843c18934ab9ba65c30ee","isVoid":false,"data":{},"nodes":[{"kind":"block","type":"paragraph","key":"b1c99ca7a4174e90a6c343585f1653cc","isVoid":false,"data":{},"nodes":[{"kind":"text","key":"7f5d7639969443eeb19624346afd004e","ranges":[{"kind":"range","marks":[],"text":" Supported as of v2.2 (1)"}]}]}]}]},{"kind":"block","type":"table-row","key":"72b288fef55442138c866c6a0a6a42db","isVoid":false,"data":{},"nodes":[{"kind":"block","type":"table-cell","key":"4856d395f59f4ea8a088bc921c92d0e8","isVoid":false,"data":{},"nodes":[{"kind":"block","type":"paragraph","key":"566bb5d577c647318ed42e9ca5764a07","isVoid":false,"data":{},"nodes":[{"kind":"text","key":"ab5ec5e587ba416b880d1341961e80c1","ranges":[{"kind":"range","marks":[],"text":" General"}]}]}]},{"kind":"block","type":"table-cell","key":"b49dc8f0eb2845c581ca8e685db38126","isVoid":false,"data":{},"nodes":[{"kind":"block","type":"paragraph","key":"f4bfe41f8e084ca89394adba7f69171d","isVoid":false,"data":{},"nodes":[{"kind":"text","key":"4fa90c6fc9434714a28b229c9c9c0c9a","ranges":[{"kind":"range","marks":[{"kind":"mark","data":{},"type":"italic"}],"text":""}]}]},{"kind":"block","type":"paragraph","key":"0e2352badc9e4348ad7d61dba009448d","isVoid":false,"data":{},"nodes":[{"kind":"text","key":"ae97c08c6e294745befd886745bb38a6","ranges":[{"kind":"range","marks":[],"text":"User-defined exceptions"}]}]}]},{"kind":"block","type":"table-cell","key":"18bd1d66b9d54ef6b81f435ed8eb08bf","isVoid":false,"data":{},"nodes":[{"kind":"block","type":"paragraph","key":"2b12f4edbc9d418484aa701bc2678fa6","isVoid":false,"data":{},"nodes":[{"kind":"text","key":"37f99b6639bf4d0f835e52eaa122a8cb","ranges":[{"kind":"range","marks":[],"text":"Data update to the graph"}]}]},{"kind":"block","type":"paragraph","key":"b57275f637cf47c49625d0f552af872d","isVoid":false,"data":{},"nodes":[{"kind":"text","key":"f8a4d6ec13264778bca93f88ebd84671","ranges":[{"kind":"range","marks":[],"text":"Access to target vertex's values in ACCUM"}]}]},{"kind":"block","type":"paragraph","key":"1b07e73002704fd2b2a7433f43dad77c","isVoid":false,"data":{},"nodes":[{"kind":"text","key":"8f32c479c86a42c99e9bb8d339c51e62","ranges":[{"kind":"range","marks":[],"text":"Query calling a distributed query"}]}]}]}]},{"kind":"block","type":"table-row","key":"1dbb2c57470d4954ba9f035d94009d66","isVoid":false,"data":{},"nodes":[{"kind":"block","type":"table-cell","key":"371259a0f16d48cb8722f4b172f0875c","isVoid":false,"data":{},"nodes":[{"kind":"block","type":"paragraph","key":"19ddddaa8a8248178282754e3573cdfb","isVoid":false,"data":{},"nodes":[{"kind":"text","key":"d2b24ab910fb49798bdee94be09e8968","ranges":[{"kind":"range","marks":[],"text":" Statement Types"}]}]}]},{"kind":"block","type":"table-cell","key":"3c86fca9b77a40a5ba718f0a6484b80e","isVoid":false,"data":{},"nodes":[{"kind":"block","type":"paragraph","key":"d47d0292c3a14610882858f4cd64c5f2","isVoid":false,"data":{},"nodes":[{"kind":"text","key":"3ce01e3880c24676a91e653ea0660129","ranges":[{"kind":"range","marks":[],"text":"LOADACCUM"}]}]},{"kind":"block","type":"paragraph","key":"49a0079a5a4547c6899f57232f806d53","isVoid":false,"data":{},"nodes":[{"kind":"text","key":"1ff0343ffa334e3482929eaaf35516ad","ranges":[{"kind":"range","marks":[],"text":""}]}]}]},{"kind":"block","type":"table-cell","key":"6634c1e401154b0e9a62497fb9dc6e4a","isVoid":false,"data":{},"nodes":[{"kind":"block","type":"paragraph","key":"3e4a863e099b4b4d8350088e1e3f20bd","isVoid":false,"data":{},"nodes":[{"kind":"text","key":"7bc91f769bda46e9a58203f9ffec281e","ranges":[{"kind":"range","marks":[],"text":"FOREACH, WHILE, UPDATE, INSERT, DELETE"}]}]},{"kind":"block","type":"paragraph","key":"3059efd50bdd47fc9844769aa7b61ca9","isVoid":false,"data":{},"nodes":[{"kind":"text","key":"cce0ed287ae540799e2cef1ae50dd0b3","ranges":[{"kind":"range","marks":[{"kind":"mark","data":{},"type":"italic"}],"text":""}]}]}]}]},{"kind":"block","type":"table-row","key":"12864a098c1c4d25a7b3b9fa08367a2b","isVoid":false,"data":{},"nodes":[{"kind":"block","type":"table-cell","key":"75ba9bbee2e5458ab380de203f36060e","isVoid":false,"data":{},"nodes":[{"kind":"block","type":"paragraph","key":"7b4690aee7874f7ab7d78b5b6ac7f580","isVoid":false,"data":{},"nodes":[{"kind":"text","key":"ee0162e41d7547c5903710204e5a8934","ranges":[{"kind":"range","marks":[],"text":" SELECT clauses"}]}]}]},{"kind":"block","type":"table-cell","key":"235a4e620e9c46ddbb8423a2a2a67e83","isVoid":false,"data":{},"nodes":[{"kind":"block","type":"paragraph","key":"30daca0e7fce4027833648ccf19877a2","isVoid":false,"data":{},"nodes":[{"kind":"text","key":"19e55a58502449f68a32460478cfe890","ranges":[{"kind":"range","marks":[],"text":"SAMPLE clause"}]}]},{"kind":"block","type":"paragraph","key":"3e344568ba304f54985e83b97ceba63c","isVoid":false,"data":{},"nodes":[{"kind":"text","key":"2d0875c931ac4181917b096db5df7ee6","ranges":[{"kind":"range","marks":[],"text":"exact count for LIMIT clause (2)"}]}]}]},{"kind":"block","type":"table-cell","key":"6d34570b3ae94333bb2d9975a915a55a","isVoid":false,"data":{},"nodes":[{"kind":"block","type":"paragraph","key":"44db8b93fe5445cab9a21668434f5c6a","isVoid":false,"data":{},"nodes":[{"kind":"text","key":"6369e002c66d4342801f9087aa32bce7","ranges":[{"kind":"range","marks":[],"text":""}]}]}]}]},{"kind":"block","type":"table-row","key":"0e974b38fed04d9793cbdc37a79ba940","isVoid":false,"data":{},"nodes":[{"kind":"block","type":"table-cell","key":"ab2a602a95374486ac5569843b688641","isVoid":false,"data":{},"nodes":[{"kind":"block","type":"paragraph","key":"edf9bb3d5272432d8ed4bab11b2bc6af","isVoid":false,"data":{},"nodes":[{"kind":"text","key":"5fbcc4afcb924dd49a82a137d7f4669b","ranges":[{"kind":"range","marks":[],"text":" Data types"}]}]}]},{"kind":"block","type":"table-cell","key":"8ee722295e5e44b4aeefe089025b409e","isVoid":false,"data":{},"nodes":[{"kind":"block","type":"paragraph","key":"614afc7c639040e39eabdefe160c7538","isVoid":false,"data":{},"nodes":[{"kind":"text","key":"a555ea77b7b249929d90926c446e495a","ranges":[{"kind":"range","marks":[],"text":"LIST, SET, BAG"}]}]},{"kind":"block","type":"paragraph","key":"27f2a4df6efa4b7f94e3d863d14f4e53","isVoid":false,"data":{},"nodes":[{"kind":"text","key":"4a15528979d443318fc4a37bd8181fc9","ranges":[{"kind":"range","marks":[],"text":"JSONOBJECT, JSONARRAY"}]}]},{"kind":"block","type":"paragraph","key":"3f2ce1b49da34af6b2017840a05f7e03","isVoid":false,"data":{},"nodes":[{"kind":"text","key":"2dfb4fc83ac242eea75180a5ab5835a8","ranges":[{"kind":"range","marks":[],"text":"ArrayAccum"}]}]}]},{"kind":"block","type":"table-cell","key":"61d1a65b07024e5d9b2dc2676208b2ef","isVoid":false,"data":{},"nodes":[{"kind":"block","type":"paragraph","key":"4dfa4f48d84e4eb09d8baea9f1cda75e","isVoid":false,"data":{},"nodes":[{"kind":"text","key":"4ce68efb829c4efc96d89de5c4a1693c","ranges":[{"kind":"range","marks":[],"text":"SET<> parameter,  GroupByAccum"}]}]}]}]},{"kind":"block","type":"table-row","key":"dadb72f819bc4e5c9c55eb55e9234293","isVoid":false,"data":{},"nodes":[{"kind":"block","type":"table-cell","key":"d78488f63dcc4c83a75b12c885dce44d","isVoid":false,"data":{},"nodes":[{"kind":"block","type":"paragraph","key":"442fd79607144265aa0d7800ce8d4423","isVoid":false,"data":{},"nodes":[{"kind":"text","key":"1a4126d65cd54b2287bc539d141d98fc","ranges":[{"kind":"range","marks":[],"text":" Operations and Operators"}]}]}]},{"kind":"block","type":"table-cell","key":"1bea012fdfc544c4aace973bd1280a44","isVoid":false,"data":{},"nodes":[{"kind":"block","type":"paragraph","key":"b4810fe33e354f16b90ed7f6f0130a11","isVoid":false,"data":{},"nodes":[{"kind":"text","key":"bbe6ae9fa448449d836ac7544d83c5be","ranges":[{"kind":"range","marks":[],"text":" "}]}]}]},{"kind":"block","type":"table-cell","key":"3d589be3fcab4ceb95360363a59b81d2","isVoid":false,"data":{},"nodes":[{"kind":"block","type":"paragraph","key":"8e1e6a4ad8454a528b3962936264930e","isVoid":false,"data":{},"nodes":[{"kind":"text","key":"79b33bacb92c427cbebe02dec4e0b803","ranges":[{"kind":"range","marks":[],"text":"Any data update to the graph, including assignment statements to vertex attributes"}]}]}]}]},{"kind":"block","type":"table-row","key":"214fcce8753e4e26a115c2da66b00823","isVoid":false,"data":{},"nodes":[{"kind":"block","type":"table-cell","key":"45e0558b96234abc8ee582c019a80b08","isVoid":false,"data":{},"nodes":[{"kind":"block","type":"paragraph","key":"3de2e816fd5242769c8e30bd0125f834","isVoid":false,"data":{},"nodes":[{"kind":"text","key":"ba411018ba5c412ba82b060ed8b1f241","ranges":[{"kind":"range","marks":[],"text":" vertex and edge functions"}]}]}]},{"kind":"block","type":"table-cell","key":"655822578217439bb9779deff7346c43","isVoid":false,"data":{},"nodes":[{"kind":"block","type":"paragraph","key":"5f5eb7277a084f23b1ae278145a052a2","isVoid":false,"data":{},"nodes":[{"kind":"text","key":"0eb6e808444d413cb8d12c89c1470030","ranges":[{"kind":"range","marks":[],"text":".neighbors(), .neighborAttribute(), .edgeAttribute()"}]}]},{"kind":"block","type":"paragraph","key":"6acea89286f94e33ba3c79fd32aa9ffc","isVoid":false,"data":{},"nodes":[{"kind":"text","key":"434b273ced084795a5a1b6b1a0e9cee4","ranges":[{"kind":"range","marks":[],"text":"isDirected()"}]}]}]},{"kind":"block","type":"table-cell","key":"eb678a561c5644fdba99cfa99843be34","isVoid":false,"data":{},"nodes":[{"kind":"block","type":"paragraph","key":"d09256b5c4b44125bffb512cc6759341","isVoid":false,"data":{},"nodes":[{"kind":"text","key":"d30c64e890974ac3bb05be199e3c5d93","ranges":[{"kind":"range","marks":[],"text":".outdegree()"}]}]}]}]},{"kind":"block","type":"table-row","key":"582c32fd890c4ee69451c74df768b78d","isVoid":false,"data":{},"nodes":[{"kind":"block","type":"table-cell","key":"03cb64355a3e4e3eabcaa2e513e999a8","isVoid":false,"data":{},"nodes":[{"kind":"block","type":"paragraph","key":"9c23f8ecdd2e432ea8adb59ed70a9e89","isVoid":false,"data":{},"nodes":[{"kind":"text","key":"127b7d1bda3b4facb9303abf4d42153e","ranges":[{"kind":"range","marks":[],"text":" accumulator and collection functions"}]}]}]},{"kind":"block","type":"table-cell","key":"ab075c3e82e54ff5b33d84aa2a8ee0fb","isVoid":false,"data":{},"nodes":[{"kind":"block","type":"paragraph","key":"12de37f9345b48908a5f666aab20bd48","isVoid":false,"data":{},"nodes":[{"kind":"text","key":"9942b90901c0420a838b6a597351d94a","ranges":[{"kind":"range","marks":[],"text":"reallocate()"}]}]}]},{"kind":"block","type":"table-cell","key":"e8e821c9c42b42cc82619868762dbb75","isVoid":false,"data":{},"nodes":[{"kind":"block","type":"paragraph","key":"dc813c92dee54f36ab8a97a46ba08be8","isVoid":false,"data":{},"nodes":[{"kind":"text","key":"9a1284a5781648f9b9216d57c44e03b5","ranges":[{"kind":"range","marks":[],"text":" size(), get(), top(), pop(), update(), remove(), removeAll(), clear(), contains), containskey(), resize()"}]}]}]}]},{"kind":"block","type":"table-row","key":"36b189a6775e4ce980d1a38a4e2a6d3a","isVoid":false,"data":{},"nodes":[{"kind":"block","type":"table-cell","key":"5a592c924cf84311aa7f830b4e439ccd","isVoid":false,"data":{},"nodes":[{"kind":"block","type":"paragraph","key":"310c7321ee2d445ebe199516061658f8","isVoid":false,"data":{},"nodes":[{"kind":"text","key":"46be1906bf7e49e9a03402c17fbeba45","ranges":[{"kind":"range","marks":[],"text":" Other functions"}]}]}]},{"kind":"block","type":"table-cell","key":"7a0defc578a541579f0f261388a59e78","isVoid":false,"data":{},"nodes":[{"kind":"block","type":"paragraph","key":"a12fc94e87ee42b1bf5d0386f2a6d455","isVoid":false,"data":{},"nodes":[{"kind":"text","key":"a66481b93fb2488593a77fa7f435252e","ranges":[{"kind":"range","marks":[],"text":"selectVertex(), to_vertex(), to_vertex_set(),"}]}]},{"kind":"block","type":"paragraph","key":"7820b454d05b48b9b4c36748833bb7c1","isVoid":false,"data":{},"nodes":[{"kind":"text","key":"935bbf0867da453fb21ef7c9047fbbfb","ranges":[{"kind":"range","marks":[],"text":"COALESCE(), EVALUATE()"}]}]},{"kind":"block","type":"paragraph","key":"63b8e74c99e24e26805e333e706736d6","isVoid":false,"data":{},"nodes":[{"kind":"text","key":"1f3111d6c22a407b811021c3560a753f","ranges":[{"kind":"range","marks":[],"text":"sum(), count(), min(), max(), avg()"}]}]}]},{"kind":"block","type":"table-cell","key":"4c4c0ce8570e415a89eeae3578b44157","isVoid":false,"data":{},"nodes":[{"kind":"block","type":"paragraph","key":"50e24e621c744d2d85c78151f41ec422","isVoid":false,"data":{},"nodes":[{"kind":"text","key":"3922ccca1f0e45e4ac8b0f54a4e7a046","ranges":[{"kind":"range","marks":[],"text":""}]}]}]}]}]},{"kind":"block","type":"paragraph","key":"8fc812061d4949968772719f02187fa6","isVoid":false,"data":{},"nodes":[{"kind":"text","key":"d20d23e323394625bb042ea2ef200f53","ranges":[{"kind":"range","marks":[],"text":"(1) Items in the Supported column are listed only for clarity, so you can compare to the Unsupported column. If a feature which is supported in non-distributed queries is not mentioned in either column, then it is supported in Distributed Query mode ."}]}]},{"kind":"block","type":"paragraph","key":"7b4d9d00bb654510824743ad0d792039","isVoid":false,"data":{},"nodes":[{"kind":"text","key":"b1d6b65f23ea4267bce60dc88b5ea89b","ranges":[{"kind":"range","marks":[],"text":"(2) If the query contains \"LIMIT N\", and if the number of GPEs working on this query is G, then the output size will be N +/- (G-1). In a conventional cluster configuration, there is one GPE per machine. For example, if N=10 and the graph is distributed across 4 machines, then the output size will be between 7 and 13, inclusive."}]}]}]}}