{"format_version":1,"document":{"kind":"document","key":"e1d735980faf448aaddfe5211d13e53c","data":{"schema_version":5},"nodes":[{"kind":"block","type":"paragraph","key":"e7cea3cc45594b118cf69b51f2dd7c1b","isVoid":false,"data":{},"nodes":[{"kind":"text","key":"b680b0c6cd4d4226a928eed72cb75066","ranges":[{"kind":"range","marks":[],"text":"Version 2.2 - 2.3 Copyright © 2019 TigerGraph. All Rights Reserved."}]}]},{"kind":"block","type":"paragraph","key":"8b924bab6fff47b0ac48ce342d850718","isVoid":false,"data":{},"nodes":[{"kind":"text","key":"426564bf3e4e41579d4b7aa6df0716cf","ranges":[{"kind":"range","marks":[],"text":"A TigerGraph system with High Availability (HA) is a cluster of server machines which uses replication to provide continuous service when one or more servers are not available or when some service components fail. TigerGraph HA service provides loading balancing when all components are operational, as well as automatic failover in the event of a service disruption. One TigerGraph server consists of several components (e.g., GSE, GPE, RESTPP). The default HA configuration has a replication factor of 2, meaning that a fully-functioning system maintains two copies of the data, stored on separate machines. In advanced HA setup, users can set a higher replication factor."}]}]},{"kind":"block","type":"heading-1","key":"58a3244960704b1da69c690767e8808a","isVoid":false,"data":{},"nodes":[{"kind":"text","key":"873629f7c53b4d9380f10ccafc83b282","ranges":[{"kind":"range","marks":[],"text":"System Requirements"}]}]},{"kind":"block","type":"list-unordered","key":"4e2922ee4285408ebf61184aebb95edd","isVoid":false,"data":{},"nodes":[{"kind":"block","type":"list-item","key":"82fca94b5a2b483792caa51afbea51b9","isVoid":false,"data":{},"nodes":[{"kind":"block","type":"paragraph","key":"d6d9a64c70f3416e9f61adbb12008fe0","isVoid":false,"data":{},"nodes":[{"kind":"text","key":"99f1ff2568644e0cb7a435c6a3322c1e","ranges":[{"kind":"range","marks":[],"text":"An HA cluster needs at least 3 server machines . Machines can be physical or virtual. This is true even the system only has one graph partition."}]}]}]},{"kind":"block","type":"list-item","key":"1f509f7980d246c0821047ed477c2946","isVoid":false,"data":{},"nodes":[{"kind":"block","type":"paragraph","key":"fb58f27b5d1f4c7e92a35a63107954e1","isVoid":false,"data":{},"nodes":[{"kind":"text","key":"459918863dd6459bb5e123222eb2969d","ranges":[{"kind":"range","marks":[],"text":"For a distributed system with N partitions (where N > 1), the system must have at least 2N machines."}]}]}]},{"kind":"block","type":"list-item","key":"8d3b04f2b6cb4698afd9d28ac28abe73","isVoid":false,"data":{},"nodes":[{"kind":"block","type":"paragraph","key":"b3298dcdf7b647789a7a0b2ebde96f20","isVoid":false,"data":{},"nodes":[{"kind":"text","key":"567d5917f0904d2886e43ce0f81d84f9","ranges":[{"kind":"range","marks":[],"text":"The same version of the TigerGraph software package is installed on each machine."}]}]}]}]},{"kind":"block","type":"heading-1","key":"9717d7b578424baa955d1594de7d4b3d","isVoid":false,"data":{},"nodes":[{"kind":"text","key":"921b64e423d9461ea903136886091ed8","ranges":[{"kind":"range","marks":[],"text":"Limitations"}]}]},{"kind":"block","type":"list-ordered","key":"029ec369358f42e1939f5000fceead83","isVoid":false,"data":{},"nodes":[{"kind":"block","type":"list-item","key":"4379b48913924859a1aa953a6dae1ed8","isVoid":false,"data":{},"nodes":[{"kind":"block","type":"paragraph","key":"0ae52aaecb4d4519ac7a13b60e14308a","isVoid":false,"data":{},"nodes":[{"kind":"text","key":"ca5f7cf28fea446eb78dd851e9ae038f","ranges":[{"kind":"range","marks":[],"text":"HA configuration should be done immediately after system installation and before deploying the system for database use."}]}]}]},{"kind":"block","type":"list-item","key":"c8c95089678244fd8e35bce0932a2134","isVoid":false,"data":{},"nodes":[{"kind":"block","type":"paragraph","key":"1583cd3a5df34d2fa0537176006643eb","isVoid":false,"data":{},"nodes":[{"kind":"text","key":"ec8603d0852c4beca8fcd5662d312834","ranges":[{"kind":"range","marks":[],"text":"To convert a non-HA system to an HA system, the current version of TigerGraph requires that all the data and metadata be cleared, and all TigerGraph services be stopped.  This limitation will be removed in a future release."}]}]}]}]},{"kind":"block","type":"heading-1","key":"365d5096746e4a66bc0836101629846c","isVoid":false,"data":{},"nodes":[{"kind":"text","key":"70e51bb26d104019bd3c7e79177e43cc","ranges":[{"kind":"range","marks":[],"text":"Workflow"}]}]},{"kind":"block","type":"image","key":"6ea6e6a78fa943f4bd0f58c417952186","isVoid":true,"data":{"assetID":"-LNkIPlEYnt0k8myMby1"},"nodes":[{"kind":"text","key":"4556271f25274a9da42510a1b7bb6b1c","ranges":[{"kind":"range","marks":[],"text":""}]}]},{"kind":"block","type":"paragraph","key":"57d2b1c7e6ba4260980690ffa05922f0","isVoid":false,"data":{},"nodes":[{"kind":"text","key":"4d4bfae4ab7a45f8a9f127133dec4c4e","ranges":[{"kind":"range","marks":[],"text":"Starting from version 2.1, configuring a HA cluster is integrated into platform installation, please check the document "}]},{"kind":"inline","type":"link","key":"43c45acbe8f146d5ba4089a56ff13e48","isVoid":false,"data":{"pageID":"-LMWPaoI70BQ1EKTAMiK"},"nodes":[{"kind":"text","key":"574f298690ef487d8adcf5b2c7e8e62a","ranges":[{"kind":"range","marks":[],"text":"TigerGraph Platform Installation Guide"}]}]},{"kind":"text","key":"4b705347dbbc41a6953fdf1c9039dfe2","ranges":[{"kind":"range","marks":[],"text":" for detail."}]}]},{"kind":"block","type":"heading-2","key":"898b887cb19b4a9ea44d74fe52a71438","isVoid":false,"data":{},"nodes":[{"kind":"text","key":"6448a41d12424f4e9c3e9a9609e8f0c2","ranges":[{"kind":"range","marks":[],"text":"(A) Install TigerGraph"}]}]},{"kind":"block","type":"paragraph","key":"561373d544ea49ba8468d7d2eb6ab063","isVoid":false,"data":{},"nodes":[{"kind":"text","key":"7f802c4c43184629ab3e209a8ee7474a","ranges":[{"kind":"range","marks":[],"text":"Follow the instructions in the document"}]},{"kind":"inline","type":"link","key":"fdb52d7dc37348128a3a5739b308571a","isVoid":false,"data":{"pageID":"-LMWPaoI70BQ1EKTAMiK"},"nodes":[{"kind":"text","key":"2f8a59cd3d834f2db35281f45e576d30","ranges":[{"kind":"range","marks":[],"text":" TigerGraph Platform Installation Guide"}]}]},{"kind":"text","key":"fcd8b7912ed2436db9cce6081d55686d","ranges":[{"kind":"range","marks":[],"text":" to install the TigerGraph system in your cluster."}]}]},{"kind":"block","type":"hint","key":"cfd6128432a34e79a309eda80d8a6c1e","isVoid":false,"data":{"style":"info"},"nodes":[{"kind":"block","type":"paragraph","key":"fc67e0c55f7347479e3289703dc17dd4","isVoid":false,"data":{},"nodes":[{"kind":"text","key":"7f9069f8317a45f19f4903d79464125b","ranges":[{"kind":"range","marks":[],"text":" In the instructions below, all the commands need to be run as the "},{"kind":"range","marks":[{"kind":"mark","data":{},"type":"italic"}],"text":"tigergraph "},{"kind":"range","marks":[],"text":"OS user, on the machine designated \"m1\" during the cluster installation."}]}]}]},{"kind":"block","type":"heading-2","key":"dc75fd0bd8034ec5956b29d4b2cf2ce9","isVoid":false,"data":{},"nodes":[{"kind":"text","key":"fc5848c08f8846b39046e25f391e50fd","ranges":[{"kind":"range","marks":[],"text":"(B) Stop the TigerGraph Service"}]}]},{"kind":"block","type":"paragraph","key":"e4a095d6b09d4f02a4086af64e9ca35f","isVoid":false,"data":{},"nodes":[{"kind":"text","key":"59d4f01599624e11a3c3aeba4f7e78ea","ranges":[{"kind":"range","marks":[],"text":"Be sure you are logged in as the "},{"kind":"range","marks":[{"kind":"mark","data":{},"type":"italic"}],"text":"tigergraph "},{"kind":"range","marks":[],"text":"OS user on machine \"m1\". Before setting up HA or changing HA configuration, the current TigerGraph system must be fully stopped. If the system has any graph data, clear out the data (e.g., with \"gsql DROP ALL\")."}]}]},{"kind":"block","type":"code","key":"b98e721f7d5647119896ac02bb755c75","isVoid":false,"data":{},"nodes":[{"kind":"block","type":"code-tab","key":"48a0c4246bc84dc0997c1092a20e9b05","isVoid":false,"data":{"syntax":"bash","title":"Stopping all TigerGraph services"},"nodes":[{"kind":"block","type":"code-line","key":"695bb52dd0d2425e9fee01f7c20d52a6","isVoid":false,"data":{},"nodes":[{"kind":"text","key":"5c4060d6a6024a869c822a59c8567335","ranges":[{"kind":"range","marks":[],"text":"gadmin stop ts3 -fy"}]}]},{"kind":"block","type":"code-line","key":"c968b2b1c12044d1a7d3e160d7e3b895","isVoid":false,"data":{},"nodes":[{"kind":"text","key":"caef876d442844deb298c46637ae199a","ranges":[{"kind":"range","marks":[],"text":"gadmin stop all -fy"}]}]},{"kind":"block","type":"code-line","key":"23e575019f21452187ca1ef87e91b407","isVoid":false,"data":{},"nodes":[{"kind":"text","key":"0e6ee7326a624fba95973d3770c83d0a","ranges":[{"kind":"range","marks":[],"text":"gadmin stop admin -fy"}]}]}]}]},{"kind":"block","type":"heading-2","key":"f7d54542e0354a33a114befffb276d82","isVoid":false,"data":{},"nodes":[{"kind":"text","key":"84df071a7cf3402dbf85dae29924d03e","ranges":[{"kind":"range","marks":[],"text":"(C) Enable HA"}]}]},{"kind":"block","type":"paragraph","key":"7490b97d8f4443f282d4022673103652","isVoid":false,"data":{},"nodes":[{"kind":"text","key":"e96c995775064619a17bda8c917b296f","ranges":[{"kind":"range","marks":[],"text":"After the cluster installation, create an HA configuration using the following command:"}]}]},{"kind":"block","type":"code","key":"25fa0ea1efcb4f4ab79be1216ea9cd1a","isVoid":false,"data":{},"nodes":[{"kind":"block","type":"code-tab","key":"91719ce4f4ad43218c32c2cac021eefd","isVoid":false,"data":{"syntax":"text"},"nodes":[{"kind":"block","type":"code-line","key":"8ca7be6101114c0fb4e4b794f5c661d8","isVoid":false,"data":{},"nodes":[{"kind":"text","key":"daf582b0c26d420b98e9490d61db8889","ranges":[{"kind":"range","marks":[],"text":"gadmin --enable ha"}]}]}]}]},{"kind":"block","type":"paragraph","key":"b2c227f5f3bd46408196c13af88428a6","isVoid":false,"data":{},"nodes":[{"kind":"text","key":"11caf6cbb84943eb896f7d4b26b2a92d","ranges":[{"kind":"range","marks":[],"text":"This command will automatically generate a configuration for a distributed (partitioned) database with an HA system replication factor of 2. Some individual components may have a higher replication factor ."}]}]},{"kind":"block","type":"paragraph","key":"25a42fa653654f4aac00a976c5c85390","isVoid":false,"data":{},"nodes":[{"kind":"text","key":"21506b57271744afb05bc9993bc05606","ranges":[{"kind":"range","marks":[],"text":"Sample output:"}]}]},{"kind":"block","type":"code","key":"0a407d2b3cd34a10a33f236366fbe5ab","isVoid":false,"data":{},"nodes":[{"kind":"block","type":"code-tab","key":"bbc6aa958170465aaf5e36c9d3a8fa19","isVoid":false,"data":{"syntax":"text","title":"Successful HA configuration"},"nodes":[{"kind":"block","type":"code-line","key":"207c8c349fbe490dad844c9a12e57a9e","isVoid":false,"data":{},"nodes":[{"kind":"text","key":"92d7a84c039d4f36b4ced49dfa049b50","ranges":[{"kind":"range","marks":[],"text":"tigergraph@m1$ gadmin --enable ha"}]}]},{"kind":"block","type":"code-line","key":"2529fccfb67c418fa630f27793ffe3d5","isVoid":false,"data":{},"nodes":[{"kind":"text","key":"67c2c04bb3d34cd3bd65ac6d91343797","ranges":[{"kind":"range","marks":[],"text":"[FAB    ][m3,m2] mkdir -p ~/.gium"}]}]},{"kind":"block","type":"code-line","key":"f6ff7cd632bf424a8a6d0f967cb7e1e4","isVoid":false,"data":{},"nodes":[{"kind":"text","key":"af98b04c385647b59135c90da04cfb28","ranges":[{"kind":"range","marks":[],"text":"[FAB    ][m3,m2] scp -r -P 22 ~/.gium ~/"}]}]},{"kind":"block","type":"code-line","key":"134b2c3dfaac445190d42d72c580e28d","isVoid":false,"data":{},"nodes":[{"kind":"text","key":"c8a9551fe7014b96aa2b7a181b6a215c","ranges":[{"kind":"range","marks":[],"text":"[FAB    ][m3,m2] mkdir -p ~/.gsql"}]}]},{"kind":"block","type":"code-line","key":"8db5ff2c90364cc0aab8b6d56d7c0718","isVoid":false,"data":{},"nodes":[{"kind":"text","key":"1b7428c69fef4d20ab0dd8e2793473b9","ranges":[{"kind":"range","marks":[],"text":"[FAB    ][m3,m2] scp -r -P 22 ~/.gsql ~/"}]}]},{"kind":"block","type":"code-line","key":"3533be48e8c0451e907f94bc90046666","isVoid":false,"data":{},"nodes":[{"kind":"text","key":"ee66a6b81afb42a58dc008c97abed34a","ranges":[{"kind":"range","marks":[],"text":"[FAB    ][m3,m2] mkdir -p ~/.venv"}]}]},{"kind":"block","type":"code-line","key":"600b0a3f9c6143b1900322e7253e05bb","isVoid":false,"data":{},"nodes":[{"kind":"text","key":"573d96395a4147d1845374ecc7cac5f8","ranges":[{"kind":"range","marks":[],"text":"[FAB    ][m3,m2] scp -r -P 22 ~/.venv ~/"}]}]},{"kind":"block","type":"code-line","key":"7a1178787152432f874ae255689ee790","isVoid":false,"data":{},"nodes":[{"kind":"text","key":"9395e66e5bda49fa837bd22b75e2a3bb","ranges":[{"kind":"range","marks":[],"text":"[FAB    ][m3,m2] cd ~/.gium; ./add_to_path.sh"}]}]},{"kind":"block","type":"code-line","key":"6056934115004fc294639cfc51eb7651","isVoid":false,"data":{},"nodes":[{"kind":"text","key":"af852646a9244e8ca0287f228c6c2a5d","ranges":[{"kind":"range","marks":[],"text":"[RUN    ] /home/tigergraph/.gsql/gpe_auto_start_add2cron.sh"}]}]},{"kind":"block","type":"code-line","key":"f050b810a3bc46cbb4ee19d644acbe85","isVoid":false,"data":{},"nodes":[{"kind":"text","key":"dce6caba3eb64242ae6c69172fb5b91c","ranges":[{"kind":"range","marks":[],"text":"[FAB    ][m3,m2] mkdir -p /home/tigergraph/.gsql/"}]}]},{"kind":"block","type":"code-line","key":"57ecc6842fcd44a7b2247f57efa94542","isVoid":false,"data":{},"nodes":[{"kind":"text","key":"420080ab1f1247dfb5a136bf70321528","ranges":[{"kind":"range","marks":[],"text":"[FAB    ][m3,m2] scp -r -P 22 /home/tigergraph/.gsql/all_log_cleanup /home/tigergraph/.gsql/"}]}]},{"kind":"block","type":"code-line","key":"f17b7c3f7f5a41f583240575446273f2","isVoid":false,"data":{},"nodes":[{"kind":"text","key":"f7e81bfa0f764456aea0091b9c516b41","ranges":[{"kind":"range","marks":[],"text":"[FAB    ][m3,m2] mkdir -p /home/tigergraph/.gsql/"}]}]},{"kind":"block","type":"code-line","key":"0a879731551d455fb90c9f698f1c47d6","isVoid":false,"data":{},"nodes":[{"kind":"text","key":"0a622e6b4a464456a48d95127cca446c","ranges":[{"kind":"range","marks":[],"text":"[FAB    ][m3,m2] scp -r -P 22 /home/tigergraph/.gsql/all_log_cleanup_add2cron.sh /home/tigergraph/.gsql/"}]}]},{"kind":"block","type":"code-line","key":"2906a240fff34fe28cbf99861eeca667","isVoid":false,"data":{},"nodes":[{"kind":"text","key":"2a49b9fdb7c54e03bef95eaf48504255","ranges":[{"kind":"range","marks":[],"text":"[FAB    ][m1,m3,m2] /home/tigergraph/.gsql/all_log_cleanup_add2cron.sh"}]}]},{"kind":"block","type":"code-line","key":"ef777b1d51754a008ff3f667825b7097","isVoid":false,"data":{},"nodes":[{"kind":"text","key":"928ad9a0f1684737ab76f8b606c1125d","ranges":[{"kind":"range","marks":[],"text":"[FAB    ][m1,m3,m2] rm -rf /home/tigergraph/tigergraph_coredump"}]}]},{"kind":"block","type":"code-line","key":"d266b4e5fbd84c66aa050cd5997e261c","isVoid":false,"data":{},"nodes":[{"kind":"text","key":"3b89d36336614f0fad6dafe300863227","ranges":[{"kind":"range","marks":[],"text":"[FAB    ][m1,m3,m2] mkdir -p /home/tigergraph/tigergraph/logs/coredump"}]}]},{"kind":"block","type":"code-line","key":"7a53b3cd039647cebf68ad4abbe3c71b","isVoid":false,"data":{},"nodes":[{"kind":"text","key":"b1bdd82dc50444eb8adc9b34a45cafd0","ranges":[{"kind":"range","marks":[],"text":"[FAB    ][m1,m3,m2] ln -s /home/tigergraph/tigergraph/logs/coredump /home/tigergraph/tigergraph_coredump"}]}]}]}]},{"kind":"block","type":"paragraph","key":"4fc48582a9fd46e9b117290a0dfdac84","isVoid":false,"data":{},"nodes":[{"kind":"text","key":"94c73c8c03e2492e96a15b6fd6e09c5c","ranges":[{"kind":"range","marks":[],"text":"If the HA configuration fails, e.g, if the cluster doesn’t satisfy the HA requirements, then the command will stop running with a warning."}]}]},{"kind":"block","type":"code","key":"195e9dedc745451491e1fb995f1a549e","isVoid":false,"data":{},"nodes":[{"kind":"block","type":"code-tab","key":"8a1fa859f1e245028fe1ad959dae2b8d","isVoid":false,"data":{"syntax":"text","title":"HA configuration failure"},"nodes":[{"kind":"block","type":"code-line","key":"a7a173fd0ae247108376998e41fded79","isVoid":false,"data":{},"nodes":[{"kind":"text","key":"9e9b752f89a2452c9bb3872f449cf16d","ranges":[{"kind":"range","marks":[],"text":"tigergraph@m1$ gadmin --enable ha"}]}]},{"kind":"block","type":"code-line","key":"c655ac6a55b74b189030d39dfc705a3f","isVoid":false,"data":{},"nodes":[{"kind":"text","key":"123f88808f484e54abfb9aa06687784f","ranges":[{"kind":"range","marks":[],"text":"Detect config change. Please run 'gadmin config-apply' to apply."}]}]},{"kind":"block","type":"code-line","key":"0d7ceffc93e04abe90ec1ee0fecc4312","isVoid":false,"data":{},"nodes":[{"kind":"text","key":"2080e8f3ca684a2aaf18eea877bbc325","ranges":[{"kind":"range","marks":[],"text":"ERROR:root: To enable HA configuration, you need at least 3 machines."}]}]},{"kind":"block","type":"code-line","key":"be8c8413ef0145359071f46a988e8103","isVoid":false,"data":{},"nodes":[{"kind":"text","key":"da8c7b3d3d9748c1a7c124d5dd2fd7a2","ranges":[{"kind":"range","marks":[],"text":"Enable HA configuration failed."}]}]}]}]},{"kind":"block","type":"heading-2","key":"02595bf9eb4f4366adc42a35e4c7378d","isVoid":false,"data":{},"nodes":[{"kind":"text","key":"2dc10bac8de24a6d90e6008fe1489793","ranges":[{"kind":"range","marks":[],"text":"(D) [Optional] Configure Advanced HA"}]}]},{"kind":"block","type":"paragraph","key":"5edb1a44c15e467a97673f5152ae0f52","isVoid":false,"data":{},"nodes":[{"kind":"text","key":"2c2aedd1e31a4dc4854cbdbfeb38c152","ranges":[{"kind":"range","marks":[],"text":"In this optional additional step, advanced users can run several \"gadmin --set\" commands to control the replication factor and manually specify the host machine for each TigerGraph component. The table below shows the recommended settings for each component. See the later example section for different configuration cases."}]}]},{"kind":"block","type":"table","key":"7d67540e868b4ffaba9fe7a7d3492648","isVoid":false,"data":{"aligns":["left","left","left","left"]},"nodes":[{"kind":"block","type":"table-row","key":"ad29fb9221874426bf30a6c112671fe5","isVoid":false,"data":{},"nodes":[{"kind":"block","type":"table-cell","key":"00a6a35ecfa8457da6cd1834eb42d568","isVoid":false,"data":{},"nodes":[{"kind":"block","type":"paragraph","key":"a2906e929d834738be70812df2051f0c","isVoid":false,"data":{},"nodes":[{"kind":"text","key":"a26f390aec2b4a2da369b499ce6b078c","ranges":[{"kind":"range","marks":[],"text":"Component"}]}]}]},{"kind":"block","type":"table-cell","key":"cee771a959cf4e4c985878a728d20e83","isVoid":false,"data":{},"nodes":[{"kind":"block","type":"paragraph","key":"dbc9739e576742848af64610741dddf9","isVoid":false,"data":{},"nodes":[{"kind":"text","key":"3017f20750644aa490d09ac3a4a309b9","ranges":[{"kind":"range","marks":[],"text":"Configuration Key"}]}]}]},{"kind":"block","type":"table-cell","key":"23accdee69274d13a114bcff27099b48","isVoid":false,"data":{},"nodes":[{"kind":"block","type":"paragraph","key":"d7a39032ab8b4918b8179369f960185e","isVoid":false,"data":{},"nodes":[{"kind":"text","key":"0bf1872c29b543c09f308bac13aceaed","ranges":[{"kind":"range","marks":[],"text":"Suggested Number of Hosts"}]}]}]},{"kind":"block","type":"table-cell","key":"db2b8680af314c8e94d43de9ba112dec","isVoid":false,"data":{},"nodes":[{"kind":"block","type":"paragraph","key":"0bf002f512ac40c3a71c68b782facbd7","isVoid":false,"data":{},"nodes":[{"kind":"text","key":"5d40d00b01a14424811423ee71bbc50a","ranges":[{"kind":"range","marks":[],"text":"Suggested Number of Replicas"}]}]}]}]},{"kind":"block","type":"table-row","key":"d0d5e8466948470d9373d68b5ef26f3b","isVoid":false,"data":{},"nodes":[{"kind":"block","type":"table-cell","key":"1cb3c8b3c39048c0869640087f271283","isVoid":false,"data":{},"nodes":[{"kind":"block","type":"paragraph","key":"bf55d0729a474215b3df524ee309b206","isVoid":false,"data":{},"nodes":[{"kind":"text","key":"8979cd46169a451aa860edddd98cf4fd","ranges":[{"kind":"range","marks":[],"text":"ZooKeeper"}]}]}]},{"kind":"block","type":"table-cell","key":"d9561d056a6348a0ad6b3ad4d555e2f5","isVoid":false,"data":{},"nodes":[{"kind":"block","type":"paragraph","key":"821f282c84b54c5ba2465823253d5ee5","isVoid":false,"data":{},"nodes":[{"kind":"text","key":"27ae76df875e4d7f8bb91e0daf93937c","ranges":[{"kind":"range","marks":[],"text":"zk.servers"}]}]}]},{"kind":"block","type":"table-cell","key":"da728af920e84ed6b13cde49d131a39b","isVoid":false,"data":{},"nodes":[{"kind":"block","type":"paragraph","key":"fb0a6a14ed7e4ee18e21b647200d7a16","isVoid":false,"data":{},"nodes":[{"kind":"text","key":"8c12dd65e58143e4b70d42f9ab88928b","ranges":[{"kind":"range","marks":[],"text":"3 or 5"}]}]}]},{"kind":"block","type":"table-cell","key":"cc1d10d848b54657a99a308d68ef2e11","isVoid":false,"data":{},"nodes":[{"kind":"block","type":"paragraph","key":"d04b27f430824d2dbcb01e32bd1b1123","isVoid":false,"data":{},"nodes":[{"kind":"text","key":"3ed4068e12fb456aa7b01b66303667af","ranges":[{"kind":"range","marks":[],"text":"-"}]}]}]}]},{"kind":"block","type":"table-row","key":"fa7e1060d495448f8e79b35b45449be9","isVoid":false,"data":{},"nodes":[{"kind":"block","type":"table-cell","key":"73c1a3ab72a14773acf806cf01194b8e","isVoid":false,"data":{},"nodes":[{"kind":"block","type":"paragraph","key":"8e618b1b535b4ede977f4ec245005f60","isVoid":false,"data":{},"nodes":[{"kind":"text","key":"aa74cf69ce4d4b749868a334b959186a","ranges":[{"kind":"range","marks":[],"text":"Dictionary Server"}]}]}]},{"kind":"block","type":"table-cell","key":"88ec70d7f79e49f297b22133680c67f1","isVoid":false,"data":{},"nodes":[{"kind":"block","type":"paragraph","key":"43f40abaaf2c465db311eb0f828c2301","isVoid":false,"data":{},"nodes":[{"kind":"text","key":"dca013fcc8144230a2d0b61a7d4c3fe6","ranges":[{"kind":"range","marks":[],"text":"dictserver.servers"}]}]}]},{"kind":"block","type":"table-cell","key":"ebd88f73fc814a14a71b76775c88019d","isVoid":false,"data":{},"nodes":[{"kind":"block","type":"paragraph","key":"8122424da05347f8ad1e0f30b6583345","isVoid":false,"data":{},"nodes":[{"kind":"text","key":"9170edf9fe9e46199fd79726b298e136","ranges":[{"kind":"range","marks":[],"text":"3 or 5"}]}]}]},{"kind":"block","type":"table-cell","key":"466410da98014e6bbfa4eb7420e442d5","isVoid":false,"data":{},"nodes":[{"kind":"block","type":"paragraph","key":"3723c5e30f5448d499d22e5a5dcc1156","isVoid":false,"data":{},"nodes":[{"kind":"text","key":"e5dc9c2abd944df680bf37d12c42063c","ranges":[{"kind":"range","marks":[],"text":"-"}]}]}]}]},{"kind":"block","type":"table-row","key":"792b6dded2f74f4e8cf1f634e1784eda","isVoid":false,"data":{},"nodes":[{"kind":"block","type":"table-cell","key":"906099d1bc834728992458507591fd19","isVoid":false,"data":{},"nodes":[{"kind":"block","type":"paragraph","key":"cd39762173e34b5aa7068da243a0706b","isVoid":false,"data":{},"nodes":[{"kind":"text","key":"7abed27f4ed7469499a3e8a26f0f3f85","ranges":[{"kind":"range","marks":[],"text":"Kafka"}]}]}]},{"kind":"block","type":"table-cell","key":"164f072893a8480482409b7ed7936083","isVoid":false,"data":{},"nodes":[{"kind":"block","type":"paragraph","key":"a6aa1f2eac66439cb92844c77572e988","isVoid":false,"data":{},"nodes":[{"kind":"text","key":"52da37eaf43d4ac6a890c56707889b5d","ranges":[{"kind":"range","marks":[],"text":"kafka.servers"}]}]}]},{"kind":"block","type":"table-cell","key":"c11c73fb95114c47838e3d43a7b12b6d","isVoid":false,"data":{},"nodes":[{"kind":"block","type":"paragraph","key":"596dbae142384d83852c2855f87f20d0","isVoid":false,"data":{},"nodes":[{"kind":"text","key":"9cbf2b9cfd394d14bc0140bff59678cf","ranges":[{"kind":"range","marks":[],"text":"same as GPE"}]}]}]},{"kind":"block","type":"table-cell","key":"49a806790d02484ba4c7677e2fce996c","isVoid":false,"data":{},"nodes":[{"kind":"block","type":"paragraph","key":"287c9322916a476ab216b5641f9935f9","isVoid":false,"data":{},"nodes":[{"kind":"text","key":"80398f86d705449096fdebb42a6d4c93","ranges":[{"kind":"range","marks":[],"text":"same as GPE"}]}]}]}]},{"kind":"block","type":"table-row","key":"9dc9d796d3654465b9a212dd1326aa20","isVoid":false,"data":{},"nodes":[{"kind":"block","type":"table-cell","key":"ead7ef65ba7b417b8a65b3415fc238c9","isVoid":false,"data":{},"nodes":[{"kind":"block","type":"paragraph","key":"dfcb5eb2f08a4317aba938dbea83479a","isVoid":false,"data":{},"nodes":[{"kind":"text","key":"a041baf4243f454196ee54f436c0e81e","ranges":[{"kind":"range","marks":[],"text":""}]}]}]},{"kind":"block","type":"table-cell","key":"1f3db1de836f4f61bc2a5f82ad143410","isVoid":false,"data":{},"nodes":[{"kind":"block","type":"paragraph","key":"1c9c8eeb7f7c45e88a524e57f0cfe0d2","isVoid":false,"data":{},"nodes":[{"kind":"text","key":"940479399c474364aabbc3f746c8c7ff","ranges":[{"kind":"range","marks":[],"text":" kafka.num.replicas"}]}]}]},{"kind":"block","type":"table-cell","key":"a57463295ad44bb78234bf3ad01c86ec","isVoid":false,"data":{},"nodes":[{"kind":"block","type":"paragraph","key":"a0c72520c9ff45cf914e633fa44e92bf","isVoid":false,"data":{},"nodes":[{"kind":"text","key":"86db2565431d47a09ad23cf4f36c8959","ranges":[{"kind":"range","marks":[],"text":" 2 or 3"}]}]}]},{"kind":"block","type":"table-cell","key":"1972e446246c42feafa9ec7b12b7003a","isVoid":false,"data":{},"nodes":[{"kind":"block","type":"paragraph","key":"535fca82532648aebf1c936a69cf6791","isVoid":false,"data":{},"nodes":[{"kind":"text","key":"60b096278a56424ba009d722d25efc2c","ranges":[{"kind":"range","marks":[],"text":" 2 or 3"}]}]}]}]},{"kind":"block","type":"table-row","key":"647872a2c72542ba8e0a2da155757667","isVoid":false,"data":{},"nodes":[{"kind":"block","type":"table-cell","key":"a133e42467a849b695e2854784646f92","isVoid":false,"data":{},"nodes":[{"kind":"block","type":"paragraph","key":"8d5f24af3cbc473e9ae84655b3d3ecbc","isVoid":false,"data":{},"nodes":[{"kind":"text","key":"af80e5c580274bf08aaa7c220ca0618c","ranges":[{"kind":"range","marks":[],"text":"GSE"}]}]}]},{"kind":"block","type":"table-cell","key":"8254398568af4961918d57468f98b058","isVoid":false,"data":{},"nodes":[{"kind":"block","type":"paragraph","key":"aa1de9766d5e4472a87f7b1f10c524f1","isVoid":false,"data":{},"nodes":[{"kind":"text","key":"cfd7ad6a13854b118f09cf68878507e2","ranges":[{"kind":"range","marks":[],"text":"gse.servers"}]}]}]},{"kind":"block","type":"table-cell","key":"1e8a2041562340b999f00944728e2807","isVoid":false,"data":{},"nodes":[{"kind":"block","type":"paragraph","key":"aecddfecde074b2b88987908d1e3ee0d","isVoid":false,"data":{},"nodes":[{"kind":"text","key":"c9f03f6a48274f768f7c2089858254a4","ranges":[{"kind":"range","marks":[],"text":"every host"}]}]}]},{"kind":"block","type":"table-cell","key":"31233ffdb2a1414ba79449e69e90d207","isVoid":false,"data":{},"nodes":[{"kind":"block","type":"paragraph","key":"0bdc1555588f42599eba3c5cb1439307","isVoid":false,"data":{},"nodes":[{"kind":"text","key":"4c408253fe244a55bb478ca0b6af33b2","ranges":[{"kind":"range","marks":[],"text":"every host"}]}]}]}]},{"kind":"block","type":"table-row","key":"647c396ca81647819ac6518547ea5d77","isVoid":false,"data":{},"nodes":[{"kind":"block","type":"table-cell","key":"0437e5730c0442fa934fcf1c2bfebcc8","isVoid":false,"data":{},"nodes":[{"kind":"block","type":"paragraph","key":"061dc58c2e704e0d8c50f7d3114d28d8","isVoid":false,"data":{},"nodes":[{"kind":"text","key":"9ed4d5e9ad8d4dcc8acb28d89f2aabab","ranges":[{"kind":"range","marks":[],"text":""}]}]}]},{"kind":"block","type":"table-cell","key":"05a36a31a05a471fa94810b98af739d5","isVoid":false,"data":{},"nodes":[{"kind":"block","type":"paragraph","key":"ed97919263e148159fe414a464d5a83d","isVoid":false,"data":{},"nodes":[{"kind":"text","key":"4b4d1ec7f1d340c8b0bcbd11d6ffd307","ranges":[{"kind":"range","marks":[],"text":"gse.replicas"}]}]}]},{"kind":"block","type":"table-cell","key":"c2c1716362fa42e38aca4f45ad934093","isVoid":false,"data":{},"nodes":[{"kind":"block","type":"paragraph","key":"51f85a482027484cb4453820d77bf411","isVoid":false,"data":{},"nodes":[{"kind":"text","key":"4a7fb813158b431cb95c7ff141e14ff4","ranges":[{"kind":"range","marks":[],"text":"2"}]}]}]},{"kind":"block","type":"table-cell","key":"fbe7d541117a45f4a03304f3dc564eb9","isVoid":false,"data":{},"nodes":[{"kind":"block","type":"paragraph","key":"d324f37f89b542cda6226c1b522ee530","isVoid":false,"data":{},"nodes":[{"kind":"text","key":"4e91f8d8b5fe4c75b5f48d48f09e63ea","ranges":[{"kind":"range","marks":[],"text":"2"}]}]}]}]},{"kind":"block","type":"table-row","key":"36e8247cb26d48d8b8b39fdaedeb05c1","isVoid":false,"data":{},"nodes":[{"kind":"block","type":"table-cell","key":"967efcedff1143fbab40f17b26d014e8","isVoid":false,"data":{},"nodes":[{"kind":"block","type":"paragraph","key":"2bdd830978e24338909e1b89d2278a46","isVoid":false,"data":{},"nodes":[{"kind":"text","key":"4a9edc5556bd4699971628a025f1be16","ranges":[{"kind":"range","marks":[],"text":"GPE"}]}]}]},{"kind":"block","type":"table-cell","key":"6aae7cf550a74d6fb9f89fc70312496e","isVoid":false,"data":{},"nodes":[{"kind":"block","type":"paragraph","key":"7fc48c74252e4563aba89d8ddbdcd061","isVoid":false,"data":{},"nodes":[{"kind":"text","key":"31325e8cccdf4d0881b978ccb293c644","ranges":[{"kind":"range","marks":[],"text":"gpe.servers"}]}]}]},{"kind":"block","type":"table-cell","key":"41d079810cfd4ebfa6cc58ab2dd0fe7f","isVoid":false,"data":{},"nodes":[{"kind":"block","type":"paragraph","key":"6b12a6157ea543178fc1823800e54c89","isVoid":false,"data":{},"nodes":[{"kind":"text","key":"f3bc7ac44ada474e8ef5f5d63d272a4a","ranges":[{"kind":"range","marks":[],"text":"every host"}]}]}]},{"kind":"block","type":"table-cell","key":"a9c6f716bc264bc880eab7c79a6a117b","isVoid":false,"data":{},"nodes":[{"kind":"block","type":"paragraph","key":"3a5d041e9d7643a0aaf590f90088c132","isVoid":false,"data":{},"nodes":[{"kind":"text","key":"dcea0c9fca9a49eb9fbef2b03601a67f","ranges":[{"kind":"range","marks":[],"text":"every host"}]}]}]}]},{"kind":"block","type":"table-row","key":"60ea8bc9eb754e4787a2e805ea9e10d6","isVoid":false,"data":{},"nodes":[{"kind":"block","type":"table-cell","key":"42676ee80f0840ee9e953cec95b76ce6","isVoid":false,"data":{},"nodes":[{"kind":"block","type":"paragraph","key":"2fcf07afe2b5427cad6f71ce1323cf1a","isVoid":false,"data":{},"nodes":[{"kind":"text","key":"1f2dd6c755da4719bfb688dd80d128b0","ranges":[{"kind":"range","marks":[],"text":""}]}]}]},{"kind":"block","type":"table-cell","key":"cfc5619fec54434ca9bf1d872d043b53","isVoid":false,"data":{},"nodes":[{"kind":"block","type":"paragraph","key":"8137a2b070af42efaa154ebdc43180fc","isVoid":false,"data":{},"nodes":[{"kind":"text","key":"61ebd68664004791b8f4cfc97b178d9f","ranges":[{"kind":"range","marks":[],"text":" gpe.replicas"}]}]}]},{"kind":"block","type":"table-cell","key":"21b13db3b21f4a1e9df55493f11ea2ca","isVoid":false,"data":{},"nodes":[{"kind":"block","type":"paragraph","key":"4ecae78cb8f24f8094701a814003b96f","isVoid":false,"data":{},"nodes":[{"kind":"text","key":"f48d30862d7641219a9cb82bc3d083a1","ranges":[{"kind":"range","marks":[],"text":"2"}]}]}]},{"kind":"block","type":"table-cell","key":"f635beafa4e94f4eb0d29d84a7a75ca8","isVoid":false,"data":{},"nodes":[{"kind":"block","type":"paragraph","key":"8ce8dcb6cb5c412e99628e54a42eac47","isVoid":false,"data":{},"nodes":[{"kind":"text","key":"8e823c37f7e14408a72a2237e6650688","ranges":[{"kind":"range","marks":[],"text":"2"}]}]}]}]},{"kind":"block","type":"table-row","key":"24d33d503e914bceafb21f5c9d8973c2","isVoid":false,"data":{},"nodes":[{"kind":"block","type":"table-cell","key":"8b204676b79d47df9989f2adbee24e41","isVoid":false,"data":{},"nodes":[{"kind":"block","type":"paragraph","key":"a65bd8ae4524400190ded41bd80e39c0","isVoid":false,"data":{},"nodes":[{"kind":"text","key":"23cf6bc2fc8c4e9bae76c568b0cb4932","ranges":[{"kind":"range","marks":[],"text":"REST"}]}]}]},{"kind":"block","type":"table-cell","key":"136c3199f4624c82a8baefe1deb1c9c7","isVoid":false,"data":{},"nodes":[{"kind":"block","type":"paragraph","key":"fa2433f7089d4926b939b83c9045fdcb","isVoid":false,"data":{},"nodes":[{"kind":"text","key":"96afeae36ba04ddf8dcb04fa55dbc1d0","ranges":[{"kind":"range","marks":[],"text":"restpp.servers"}]}]}]},{"kind":"block","type":"table-cell","key":"7782380b274841c5b17a849a30d83719","isVoid":false,"data":{},"nodes":[{"kind":"block","type":"paragraph","key":"ef579cdc6766497583c340a48adaa082","isVoid":false,"data":{},"nodes":[{"kind":"text","key":"c0e85033f38743deaa0d9858687f77d7","ranges":[{"kind":"range","marks":[],"text":"every host"}]}]}]},{"kind":"block","type":"table-cell","key":"0c05a796875946988af1af53c8cd76d5","isVoid":false,"data":{},"nodes":[{"kind":"block","type":"paragraph","key":"2335ca6e9bd44ebca4c38d4c7f5590a4","isVoid":false,"data":{},"nodes":[{"kind":"text","key":"cb69bdba4bf24f0db6c14d16eedb1161","ranges":[{"kind":"range","marks":[],"text":"every host"}]}]}]}]}]},{"kind":"block","type":"paragraph","key":"d737e005dbd6436ea4f88cff61032623","isVoid":false,"data":{},"nodes":[{"kind":"text","key":"c46fac04e66c486492694fc060baec7a","ranges":[{"kind":"range","marks":[],"text":"Example: There is a 3-machine cluster m1, m2 and m3. Kafka, GPE, GSE and RESTPP are all on m1 and m2, with replication factor 2. This is a non-distributed graph HA setup."}]}]},{"kind":"block","type":"code","key":"e0d4fabf12e2476c9ab3273e72cdd96a","isVoid":false,"data":{},"nodes":[{"kind":"block","type":"code-tab","key":"374f2752462747b7a8f5663c4f163ad3","isVoid":false,"data":{"syntax":"text","title":"Example: 3-machine non-distributed HA cluster"},"nodes":[{"kind":"block","type":"code-line","key":"6af6da45b0344bfb8912caa37469a1b5","isVoid":false,"data":{},"nodes":[{"kind":"text","key":"ef6cfa88376e43ba8dcd3d68bc6c358d","ranges":[{"kind":"range","marks":[],"text":"gadmin --set zk.servers m1,m2,m3"}]}]},{"kind":"block","type":"code-line","key":"39c648633476458a95345229678ba84d","isVoid":false,"data":{},"nodes":[{"kind":"text","key":"b4975e37e7d448afb032e6ccad0f34c9","ranges":[{"kind":"range","marks":[],"text":"gadmin --set dictserver.servers m1,m2,m3"}]}]},{"kind":"block","type":"code-line","key":"638bc36bfc3148e48cdb7180c9705273","isVoid":false,"data":{},"nodes":[{"kind":"text","key":"78ec9211e5df4a8ca50b8c8d3f1032d1","ranges":[{"kind":"range","marks":[],"text":"gadmin --set dictserver.base_ports 17797,17797,17797"}]}]},{"kind":"block","type":"code-line","key":"9daf8c786e8a45ef82be827d45968861","isVoid":false,"data":{},"nodes":[{"kind":"text","key":"0377e91151b94d7cbaf612ea1d380a3b","ranges":[{"kind":"range","marks":[],"text":"gadmin --set kafka.servers m1,m2"}]}]},{"kind":"block","type":"code-line","key":"33d22e585003458c9619cc0a032e5f87","isVoid":false,"data":{},"nodes":[{"kind":"text","key":"b1e522f0823e43a0bab6a857e63e674a","ranges":[{"kind":"range","marks":[],"text":"gadmin --set kafka.num.replicas 2"}]}]},{"kind":"block","type":"code-line","key":"3c7990d37f2a4f8890b0f185dbf55ccf","isVoid":false,"data":{},"nodes":[{"kind":"text","key":"d3e29dce88e34078aebe5def68394037","ranges":[{"kind":"range","marks":[],"text":"gadmin --set gse.replicas 2"}]}]},{"kind":"block","type":"code-line","key":"1fcccffd42db411c91e9e6d42bd5f428","isVoid":false,"data":{},"nodes":[{"kind":"text","key":"27d0e138a20b4f0585605f4f59287eb0","ranges":[{"kind":"range","marks":[],"text":"gadmin --set gpe.replicas 2"}]}]},{"kind":"block","type":"code-line","key":"aa6431189b51407e8a102d2ecf2b7acb","isVoid":false,"data":{},"nodes":[{"kind":"text","key":"e78c32df8f3145469a06797f1a9d5d6d","ranges":[{"kind":"range","marks":[],"text":"gadmin --set gse.servers m1,m2"}]}]},{"kind":"block","type":"code-line","key":"e2c9ad5a4e2642358236a9beb1f968cf","isVoid":false,"data":{},"nodes":[{"kind":"text","key":"ddede5c6ecd644918da7ccd0121a51e5","ranges":[{"kind":"range","marks":[],"text":"gadmin --set gpe.servers m1,m2"}]}]},{"kind":"block","type":"code-line","key":"866aed62264548399b328b20622949cc","isVoid":false,"data":{},"nodes":[{"kind":"text","key":"b5af48a159264542a031eaea8c1d6f65","ranges":[{"kind":"range","marks":[],"text":"gadmin --set restpp.servers m1,m2"}]}]}]}]},{"kind":"block","type":"heading-2","key":"be02cae998a34a9e9b6c3da59fdd506e","isVoid":false,"data":{},"nodes":[{"kind":"text","key":"585e3b42046348a6b30895a53bbfa641","ranges":[{"kind":"range","marks":[],"text":"(E) Install Package"}]}]},{"kind":"block","type":"paragraph","key":"1e67bab2f5d84b6f9d003e2056039660","isVoid":false,"data":{},"nodes":[{"kind":"text","key":"c7c78c56f73f49e89878b5d08ae84450","ranges":[{"kind":"range","marks":[],"text":"Once the HA configuration is done, proceed to install the package from the first machine (named “m1” in the cluster installation configuration)."}]}]},{"kind":"block","type":"code","key":"50b74cff043d44d0a3abaa22e8a0e0c6","isVoid":false,"data":{},"nodes":[{"kind":"block","type":"code-tab","key":"24b972b2f66b47a29e721f8feacea22d","isVoid":false,"data":{"syntax":"text"},"nodes":[{"kind":"block","type":"code-line","key":"5e7ae41a0ba64d929a2d66268639bfba","isVoid":false,"data":{},"nodes":[{"kind":"text","key":"43b15423bc1743b3ab77a70c1927a5ee","ranges":[{"kind":"range","marks":[],"text":"gadmin pkg-install reset -fy"}]}]}]}]},{"kind":"block","type":"heading-1","key":"df33cfdadbb448f9b60b0e390964002b","isVoid":false,"data":{},"nodes":[{"kind":"text","key":"e0ac7fe2410944d18dbdc59be784e1b0","ranges":[{"kind":"range","marks":[],"text":"Examples"}]}]},{"kind":"block","type":"paragraph","key":"eb9626e306ac4ce0ab37be2eb84f90e1","isVoid":false,"data":{},"nodes":[{"kind":"text","key":"f77ef4288eb74876b348424a2b5d2f5e","ranges":[{"kind":"range","marks":[],"text":"The table below shows how to setup for the common setups. Note if convert the system from another configuration, must stop the old TigerGraph system first."}]}]},{"kind":"block","type":"table","key":"8014e2b3c852405da2d94f94de7dc6c0","isVoid":false,"data":{"aligns":["left","left","left"]},"nodes":[{"kind":"block","type":"table-row","key":"947f6b0eead9486396f00c53c58b6675","isVoid":false,"data":{},"nodes":[{"kind":"block","type":"table-cell","key":"c79097ce28094b5d83f4110a1eb46589","isVoid":false,"data":{},"nodes":[{"kind":"block","type":"paragraph","key":"9158a7b89398429faf91d11f17cb2c87","isVoid":false,"data":{},"nodes":[{"kind":"text","key":"eaf976771f9c419bb94fbb4233893c43","ranges":[{"kind":"range","marks":[],"text":"System Goal"}]}]}]},{"kind":"block","type":"table-cell","key":"657471a15e124de696c762720a43ae2e","isVoid":false,"data":{},"nodes":[{"kind":"block","type":"paragraph","key":"b6e1be3a26c54772b3484a0fd927eb23","isVoid":false,"data":{},"nodes":[{"kind":"text","key":"9381dc4e5f864095a97a15d12d3e4419","ranges":[{"kind":"range","marks":[],"text":"Cluster Configuration \n(number of servers in cluster is X)"}]}]}]},{"kind":"block","type":"table-cell","key":"e2247bccc21445fabeb3641d13d1bc2c","isVoid":false,"data":{},"nodes":[{"kind":"block","type":"paragraph","key":"d9c68860a3d84dd49372fdae3398a3ec","isVoid":false,"data":{},"nodes":[{"kind":"text","key":"12f8506114f24b458bf889f2d99a4faf","ranges":[{"kind":"range","marks":[],"text":"How to \nA,B,C, etc. refer to the Steps in the section above."}]}]}]}]},{"kind":"block","type":"table-row","key":"ea0bda836e0342b5a4630f44deeb1091","isVoid":false,"data":{},"nodes":[{"kind":"block","type":"table-cell","key":"a35dbc3ed7b0470a86d7a171f37edda0","isVoid":false,"data":{},"nodes":[{"kind":"block","type":"paragraph","key":"3198e04e9ec84d3a92a2e03620c4216b","isVoid":false,"data":{},"nodes":[{"kind":"text","key":"b816f5422c6a43c9942918cdfe199dee","ranges":[{"kind":"range","marks":[],"text":"Non-distributed graph \nwith HA"}]}]}]},{"kind":"block","type":"table-cell","key":"6f0cba4c20b94db389a18bd6c270e2e1","isVoid":false,"data":{},"nodes":[{"kind":"block","type":"paragraph","key":"70d813b88bed483cb3c4cfb20583a6d8","isVoid":false,"data":{},"nodes":[{"kind":"text","key":"fbfa92017d254b1380898b49720ee067","ranges":[{"kind":"range","marks":[],"text":"Each server machine holds the complete graph."}]}]}]},{"kind":"block","type":"table-cell","key":"bbf045f0e0d24d8cb96e817cb3defc60","isVoid":false,"data":{},"nodes":[{"kind":"block","type":"list-unordered","key":"004ea0feec2f4a29b2995a9377339cf0","isVoid":false,"data":{},"nodes":[{"kind":"block","type":"list-item","key":"5d6dfb3333fc40a2bc2120ef1b908fed","isVoid":false,"data":{},"nodes":[{"kind":"block","type":"paragraph","key":"2111824cc93941e1935470455be068a9","isVoid":false,"data":{},"nodes":[{"kind":"text","key":"5e2807fe6dfb44fc8686cb40cae265bd","ranges":[{"kind":"range","marks":[],"text":"For both initial installation and reconfiguration, \n(A) → B → C → D → E. While in D,  set all replicas to "},{"kind":"range","marks":[{"kind":"mark","data":{},"type":"italic"}],"text":"X "},{"kind":"range","marks":[],"text":", \ne.g, \ngpe.replicas = "},{"kind":"range","marks":[{"kind":"mark","data":{},"type":"italic"}],"text":"X "},{"kind":"range","marks":[],"text":"\ngse.replicas = "},{"kind":"range","marks":[{"kind":"mark","data":{},"type":"italic"}],"text":"X "},{"kind":"range","marks":[],"text":"\nrestpp.replicas = "},{"kind":"range","marks":[{"kind":"mark","data":{},"type":"italic"}],"text":"X \n... "}]}]}]},{"kind":"block","type":"list-item","key":"ae20091f072b4b2eaff3efdd1ed54c6e","isVoid":false,"data":{},"nodes":[{"kind":"block","type":"paragraph","key":"ce2cc6766750448bad31d7ebaa117f1f","isVoid":false,"data":{},"nodes":[{"kind":"text","key":"5ed33c4981bf49cea52dbeedfd7eaf66","ranges":[{"kind":"range","marks":[],"text":"Note: (A) means A is needed only in initial installation"}]}]}]}]}]}]},{"kind":"block","type":"table-row","key":"7ea3fd3a67684ddfbf31c133d2dc7170","isVoid":false,"data":{},"nodes":[{"kind":"block","type":"table-cell","key":"ebfc854b590f43be937437cac12bef34","isVoid":false,"data":{},"nodes":[{"kind":"block","type":"paragraph","key":"66182cdcd9464f84aeeada16768bfdaa","isVoid":false,"data":{},"nodes":[{"kind":"text","key":"805ecd8ea6f942af8d73cc246b9b6f72","ranges":[{"kind":"range","marks":[],"text":"Distributed graph without HA"}]}]}]},{"kind":"block","type":"table-cell","key":"c3e4998e95904cada9028596a0677c85","isVoid":false,"data":{},"nodes":[{"kind":"block","type":"paragraph","key":"7785d905c0e142a6a927c6e313704906","isVoid":false,"data":{},"nodes":[{"kind":"text","key":"0a7b213859de4f85a14fb9992615e8ee","ranges":[{"kind":"range","marks":[],"text":"Graph is partitioned among all the cluster servers."}]}]}]},{"kind":"block","type":"table-cell","key":"e8826d00d18248f29cab912ba2d59345","isVoid":false,"data":{},"nodes":[{"kind":"block","type":"list-unordered","key":"aa24d8b697c544bdb1cf2e6fb24b533b","isVoid":false,"data":{},"nodes":[{"kind":"block","type":"list-item","key":"7856e3883b4544ed9d3f39ea70e9842f","isVoid":false,"data":{},"nodes":[{"kind":"block","type":"paragraph","key":"94a06b0a6ed944009aa26f696dd3ee70","isVoid":false,"data":{},"nodes":[{"kind":"text","key":"83e9af1fae0c484fbba106af6cb6a2af","ranges":[{"kind":"range","marks":[],"text":"Note: no HA is equivalent to replication factor 1"}]}]}]},{"kind":"block","type":"list-item","key":"b5e2758d7efa44c8b16429ae4e5ed277","isVoid":false,"data":{},"nodes":[{"kind":"block","type":"paragraph","key":"5c9406442bf242b685293d5b2609727b","isVoid":false,"data":{},"nodes":[{"kind":"text","key":"236a20118b4c4b9ea88d38d833ab62e5","ranges":[{"kind":"range","marks":[],"text":"For initial installation, skip B, C, D and E."}]}]}]},{"kind":"block","type":"list-item","key":"e699fe320b464d2180e2e36b4eac8fe6","isVoid":false,"data":{},"nodes":[{"kind":"block","type":"paragraph","key":"6557b47342c94bd19d839c1dff6c3e44","isVoid":false,"data":{},"nodes":[{"kind":"text","key":"b18dbe7dbdb046c9867579426507fe47","ranges":[{"kind":"range","marks":[],"text":"For reconfiguration, \nB → C → D → E. While in D, set all replicas to 1, e.g., \ngpe.replicas = 1 \ngse.replicas = 1 \nrestpp.replicas = 1"}]}]},{"kind":"block","type":"paragraph","key":"3b9b254a46ee44618a109ccaadbb3423","isVoid":false,"data":{},"nodes":[{"kind":"text","key":"24053d8edee44e9cb247dfa2d7a98a83","ranges":[{"kind":"range","marks":[],"text":"..."}]}]}]}]}]}]},{"kind":"block","type":"table-row","key":"5caaf2318303495ba3c0a0cc3d74ef19","isVoid":false,"data":{},"nodes":[{"kind":"block","type":"table-cell","key":"6377d53fb692405f84449a82631951cd","isVoid":false,"data":{},"nodes":[{"kind":"block","type":"paragraph","key":"0b3d0d54bbf84df08197a10aaecc8217","isVoid":false,"data":{},"nodes":[{"kind":"text","key":"da41d6430289489989b4bb9b586a35fe","ranges":[{"kind":"range","marks":[],"text":"Distributed graph \nwith HA"}]}]}]},{"kind":"block","type":"table-cell","key":"46cb724e5288409fb9150a5c5759c23c","isVoid":false,"data":{},"nodes":[{"kind":"block","type":"paragraph","key":"9e918008d2e34a9782d52cf647cb68e0","isVoid":false,"data":{},"nodes":[{"kind":"text","key":"be249cb7973641c681f80d462610b881","ranges":[{"kind":"range","marks":[],"text":"Graph is partitioned with replica factor N. \nNumber of partitions Y equals X/N."}]}]}]},{"kind":"block","type":"table-cell","key":"4463850b22e24fdba6689b6c4620849d","isVoid":false,"data":{},"nodes":[{"kind":"block","type":"list-unordered","key":"7fad8f3ab50b44638c63f4150916459a","isVoid":false,"data":{},"nodes":[{"kind":"block","type":"list-item","key":"57b2169098cf4bbbbbf1e30dd2703043","isVoid":false,"data":{},"nodes":[{"kind":"block","type":"paragraph","key":"c9e09c179ac94a5e9f512b55cd0d386a","isVoid":false,"data":{},"nodes":[{"kind":"text","key":"9fbbf6cb83534871bceefbda41b7fadd","ranges":[{"kind":"range","marks":[],"text":"For both initial installation and reconfiguration, \n(A) → B → C → D → E. While in D, set all replicas to N "},{"kind":"range","marks":[{"kind":"mark","data":{},"type":"italic"}],"text":", e.g., "},{"kind":"range","marks":[],"text":"\ngpe.replicas = N \ngse.replicas = N \n..."}]}]}]},{"kind":"block","type":"list-item","key":"63bf3ee5c02a4f04ac2543a78a3c3ce3","isVoid":false,"data":{},"nodes":[{"kind":"block","type":"paragraph","key":"4f115f466b474a6795f31775add75f33","isVoid":false,"data":{},"nodes":[{"kind":"text","key":"69d80b3c07ed441aa755f97acf56f31d","ranges":[{"kind":"range","marks":[],"text":"Note: (A) means A is needed only in initial installation"}]}]}]}]}]}]}]}]}}