{"format_version":1,"document":{"kind":"document","key":"c743984023d54c01b51e9ca738f67509","data":{"schema_version":5},"nodes":[{"kind":"block","type":"paragraph","key":"f838a7032bbf4c36bc680a69854ccb05","isVoid":false,"data":{},"nodes":[{"kind":"text","key":"67c065c47cdb48039eca365844c6e66b","ranges":[{"kind":"range","marks":[],"text":"Version 2.2 - 2.3 Copyright © 2019 TigerGraph. All Rights Reserved."}]}]},{"kind":"block","type":"heading-1","key":"2a5f38fa805c4b97846090f65aaae235","isVoid":false,"data":{},"nodes":[{"kind":"text","key":"8ecb6df065804cd98fe1606af4a6be43","ranges":[{"kind":"range","marks":[],"text":"Introduction"}]}]},{"kind":"block","type":"paragraph","key":"a75327ee2a034f67990037fb558d5104","isVoid":false,"data":{},"nodes":[{"kind":"text","key":"d5efae4c98254ac5a041b1de3c0dcaa9","ranges":[{"kind":"range","marks":[],"text":"Cluster expansion allows the user to add new machine nodes to an existing cluster and to redistribute data, while the entire system is offline."}]}]},{"kind":"block","type":"heading-1","key":"ecfcc4e9551f4ec4a7ca005dff6e5aff","isVoid":false,"data":{},"nodes":[{"kind":"text","key":"5c4a6dec284b408b8bc7492e55b74e81","ranges":[{"kind":"range","marks":[],"text":"Prerequisites"}]}]},{"kind":"block","type":"list-ordered","key":"fe9a1308249a4d03841900efef51f6cc","isVoid":false,"data":{},"nodes":[{"kind":"block","type":"list-item","key":"0e90c00965ef4c0bb8cdac48ecd56950","isVoid":false,"data":{},"nodes":[{"kind":"block","type":"paragraph","key":"06d72c7813d84943bb755a4e0a5b2585","isVoid":false,"data":{},"nodes":[{"kind":"text","key":"620ef7ce1a384a4786311e44891f6ad7","ranges":[{"kind":"range","marks":[],"text":"The current TigerGraph system must be installed in cluster mode, not single-node mode."}]}]}]},{"kind":"block","type":"list-item","key":"5cbc61afda2f44e088556eaa76d653c5","isVoid":false,"data":{},"nodes":[{"kind":"block","type":"paragraph","key":"b5ed4fd8009b4d8d8d49e7905651f855","isVoid":false,"data":{},"nodes":[{"kind":"text","key":"eab2590f01fa49928162e70efcf98c1d","ranges":[{"kind":"range","marks":[],"text":"The total graph data storage space for the expanded cluster should be at least 3 times as large as the current Gstore disk usage. "}]}]},{"kind":"block","type":"list-ordered","key":"713db43d7b064902addcc41563ebff17","isVoid":false,"data":{},"nodes":[{"kind":"block","type":"list-item","key":"f9b67bd031364380b1536bad0f8d1110","isVoid":false,"data":{},"nodes":[{"kind":"block","type":"paragraph","key":"ba2353086bbd402b9055d5709842965f","isVoid":false,"data":{},"nodes":[{"kind":"text","key":"e3c29b2e3b684fc7828d48e435a7d9c6","ranges":[{"kind":"range","marks":[],"text":"During the expansion process, a backup copy of all the graph data files is created, plus additional working space is needed."}]}]}]},{"kind":"block","type":"list-item","key":"b0131ecc9596449aa4d2c233946e349b","isVoid":false,"data":{},"nodes":[{"kind":"block","type":"paragraph","key":"b9526ce610d74e58b79afd3f73ae99e3","isVoid":false,"data":{},"nodes":[{"kind":"text","key":"c1433c2152de4da9820789818491d367","ranges":[{"kind":"range","marks":[],"text":"To check your existing gstore disk space:"}]}]}]}]}]},{"kind":"block","type":"list-item","key":"ee2ba3560acf41aa900d157d6cd666e0","isVoid":false,"data":{},"nodes":[{"kind":"block","type":"paragraph","key":"131c4460fd77418fb09664a4c14d43b0","isVoid":false,"data":{},"nodes":[{"kind":"text","key":"7dfcd48a75d74c3db6666b4d6a20bdcf","ranges":[{"kind":"range","marks":[],"text":"The new nodes are available."}]}]}]}]},{"kind":"block","type":"heading-2","key":"98d25994e5e04758b9bde7c2885208af","isVoid":false,"data":{},"nodes":[{"kind":"text","key":"d8110db944b1495785d5df9848c12e11","ranges":[{"kind":"range","marks":[],"text":"Configure GBAR"}]}]},{"kind":"block","type":"heading-1","key":"3c75a42501a9407982dd0bf97097e142","isVoid":false,"data":{},"nodes":[{"kind":"text","key":"634c6a777d4f4317bcecdc07236362d7","ranges":[{"kind":"range","marks":[],"text":"Cluster Expansion Workflow"}]}]},{"kind":"block","type":"paragraph","key":"2f1e35430cfe4454839610a57635df1d","isVoid":false,"data":{},"nodes":[{"kind":"text","key":"261c9c4e833b4537afc9a98ecb625027","ranges":[{"kind":"range","marks":[],"text":"The GBAR utility is used for cluster expansion. If this is your first time using GBAR, you must first run "},{"kind":"range","marks":[{"kind":"mark","data":{},"type":"code"}],"text":"gbar config"},{"kind":"range","marks":[],"text":". See the "}]},{"kind":"inline","type":"link","key":"d8d4136c0ec84f6dbb993925c9b7da3d","isVoid":false,"data":{"pageID":"-LMWA2GskCSxbLCmO2uH","anchor":"GBAR-GraphBackupandRestorev2.1-Config"},"nodes":[{"kind":"text","key":"7fc89ac8bfe445f39cc0c0fd20017801","ranges":[{"kind":"range","marks":[],"text":"Backup and Restore"}]}]},{"kind":"text","key":"f79235d063ab4c189fd3f0955f44c845","ranges":[{"kind":"range","marks":[],"text":" guide. For a large system one of the key parameters is "},{"kind":"range","marks":[{"kind":"mark","data":{},"type":"code"}],"text":"backup_core_timeout"},{"kind":"range","marks":[],"text":". The default value is 5 hours. The config script gives guidance on estimating an appropriate value."}]}]},{"kind":"block","type":"heading-2","key":"aca0ed00e5c546998954a4ce62dcebe7","isVoid":false,"data":{"id":"OfflineNodeExpansionFlow-SimpleMode"},"nodes":[{"kind":"text","key":"b8e9b01330294d44ad92ece8b4b63c8b","ranges":[{"kind":"range","marks":[],"text":"Set Up Environment in New Nodes"}]}]},{"kind":"block","type":"paragraph","key":"39a88e150d774b84a62f33c4c3ef8d4e","isVoid":false,"data":{},"nodes":[{"kind":"text","key":"6a115b15e5e54944947aa9aa46012785","ranges":[{"kind":"range","marks":[],"text":"From the command line, switch to the  "},{"kind":"range","marks":[{"kind":"mark","data":{},"type":"code"}],"text":"<tigergraph_root_dir>/pkg_pool/syspre_pkg"},{"kind":"range","marks":[],"text":" directory under  the TigerGraph root directory ("},{"kind":"range","marks":[{"kind":"mark","data":{},"type":"code"}],"text":"~/tigergraph/pkg_pool/syspre_pkg"},{"kind":"range","marks":[],"text":" by default). In this directory, a utility script "},{"kind":"range","marks":[{"kind":"mark","data":{},"type":"code"}],"text":"set_syspre.sh"},{"kind":"range","marks":[],"text":" is used to setup environment:"}]}]},{"kind":"block","type":"paragraph","key":"5353742cf4c64139a5bcbd1776023557","isVoid":false,"data":{},"nodes":[{"kind":"text","key":"58269f8fcb7f49119c7cfaa8e4a00ca9","ranges":[{"kind":"range","marks":[],"text":"Run "},{"kind":"range","marks":[{"kind":"mark","data":{},"type":"code"}],"text":"./set_syspre.sh -h"},{"kind":"range","marks":[],"text":" to see the usage:"}]}]},{"kind":"block","type":"code","key":"517ecfedbf1f4ec0a627754981121bc2","isVoid":false,"data":{},"nodes":[{"kind":"block","type":"code-tab","key":"ed622c6b87094687937a494084eddc47","isVoid":false,"data":{"syntax":"bash"},"nodes":[{"kind":"block","type":"code-line","key":"5f81215f6a8f4c9f987ce62bb40b93b9","isVoid":false,"data":{},"nodes":[{"kind":"text","key":"76d9ddf28d48440d9981dc126bb97e2b","ranges":[{"kind":"range","marks":[],"text":"./set_syspre.sh  -h"}]}]},{"kind":"block","type":"code-line","key":"a24c84112c6f469dbc4d0b77f2a77a77","isVoid":false,"data":{},"nodes":[{"kind":"text","key":"1363bda9e989463b87a716a060598459","ranges":[{"kind":"range","marks":[],"text":""}]}]},{"kind":"block","type":"code-line","key":"a9e259860d9d4c09bef282f53c58c26e","isVoid":false,"data":{},"nodes":[{"kind":"text","key":"79144829e7e1447f8c2b2ff1c20ddb0f","ranges":[{"kind":"range","marks":[],"text":"Usage:"}]}]},{"kind":"block","type":"code-line","key":"55e1fddc1efa4f0d9e8c5c1dd9eaf8c2","isVoid":false,"data":{},"nodes":[{"kind":"text","key":"aafca4e7a81f4b2fa7ff22939c47d075","ranges":[{"kind":"range","marks":[],"text":"./set_syspre.sh -i <IP address/host name> -u <sudo user> (-P <password> | -K <ssh key>) [-p <tigergraph user password>]"}]}]},{"kind":"block","type":"code-line","key":"a916d5f9c2984c5ab7a8b999d40d8e81","isVoid":false,"data":{},"nodes":[{"kind":"text","key":"1fe49abd9aea4d328f006d90dbd2c3fd","ranges":[{"kind":"range","marks":[],"text":"./set_syspre.sh -h"}]}]},{"kind":"block","type":"code-line","key":"bc9f83fd341d45baaec6f1ee45810c66","isVoid":false,"data":{},"nodes":[{"kind":"text","key":"700fc7d5b60447aaba33b256348ea59a","ranges":[{"kind":"range","marks":[],"text":"Options:"}]}]},{"kind":"block","type":"code-line","key":"6ae82eb780df41649b3f1f99bf378a14","isVoid":false,"data":{},"nodes":[{"kind":"text","key":"740a6a15cc034f17bb6ce8b0aec82eb6","ranges":[{"kind":"range","marks":[],"text":"  -h  --  show the help"}]}]},{"kind":"block","type":"code-line","key":"e995098997164871b9292a030a69d335","isVoid":false,"data":{},"nodes":[{"kind":"text","key":"97eec43ab0c54207927ba3c747bc9ac1","ranges":[{"kind":"range","marks":[],"text":"  -i  --  the IP address of the new machine"}]}]},{"kind":"block","type":"code-line","key":"ea11a807261d4b41be22d6f557645a8c","isVoid":false,"data":{},"nodes":[{"kind":"text","key":"66e2d9d598b7460c8629c8e95da4eef5","ranges":[{"kind":"range","marks":[],"text":"  -u  --  sudo user [default: $USER]"}]}]},{"kind":"block","type":"code-line","key":"09fa1b577a204075935e77d62fc9251f","isVoid":false,"data":{},"nodes":[{"kind":"text","key":"51131b77bd60400296bdcbecfcd45c97","ranges":[{"kind":"range","marks":[],"text":"  -P  --  sudo user password [default: empty]"}]}]},{"kind":"block","type":"code-line","key":"da70f352d558499a94592900f8a0051f","isVoid":false,"data":{},"nodes":[{"kind":"text","key":"3534432a1d484993a1a916c7c6a0b574","ranges":[{"kind":"range","marks":[],"text":"  -K  --  sudo user ssh key [default: empty]"}]}]},{"kind":"block","type":"code-line","key":"922d01dcc7a04fb49f56bb7e662fb57b","isVoid":false,"data":{},"nodes":[{"kind":"text","key":"b43cbd43735c4b768e9c414abb7a5e00","ranges":[{"kind":"range","marks":[],"text":"  -p  --  tigergraph user password [default: tigergraph]"}]}]},{"kind":"block","type":"code-line","key":"d9c9654db4eb41fc9d3b2b0168d10f26","isVoid":false,"data":{},"nodes":[{"kind":"text","key":"87a6d2e0b0f94744ae0bd114cda26242","ranges":[{"kind":"range","marks":[],"text":""}]}]},{"kind":"block","type":"code-line","key":"db82a353ee274c299c2f4681f665fedf","isVoid":false,"data":{},"nodes":[{"kind":"text","key":"f21737c90cf74654a0bfd86c8336f123","ranges":[{"kind":"range","marks":[],"text":"[NOTE    ]: This script must be run under tigergraph user."}]}]}]}]},{"kind":"block","type":"paragraph","key":"e7ba016546084d74a69615a9ca7193d4","isVoid":false,"data":{},"nodes":[{"kind":"text","key":"3504141d1bc54e1faa0d23aad5f18452","ranges":[{"kind":"range","marks":[],"text":"For example, to set up the environment on a new node "},{"kind":"range","marks":[{"kind":"mark","data":{},"type":"code"}],"text":"192.168.1.6"},{"kind":"range","marks":[],"text":" with sudo user called "},{"kind":"range","marks":[{"kind":"mark","data":{},"type":"code"}],"text":"ubuntu"},{"kind":"range","marks":[],"text":" and login key "},{"kind":"range","marks":[{"kind":"mark","data":{},"type":"code"}],"text":"ubuntu_rsa"},{"kind":"range","marks":[],"text":", run the following command:"}]}]},{"kind":"block","type":"code","key":"c2e1980d31ba444585041f61fcbd5893","isVoid":false,"data":{},"nodes":[{"kind":"block","type":"code-tab","key":"6a1e74f872b745c78f302609a8c8882e","isVoid":false,"data":{"syntax":"bash","title":"Set Environment in New Nodes"},"nodes":[{"kind":"block","type":"code-line","key":"ffb33f3025b64328b15b7c9c8a2e13bf","isVoid":false,"data":{},"nodes":[{"kind":"text","key":"b852280c6cb24681bb3606731b467730","ranges":[{"kind":"range","marks":[],"text":"./set_syspre.sh -i 192.168.1.6 -u ubuntu -K ~/.ssh/ubuntu_rsa"}]}]}]}]},{"kind":"block","type":"hint","key":"0ba16ff7ec5c43998ab4e4110fafea40","isVoid":false,"data":{"style":"warning"},"nodes":[{"kind":"block","type":"paragraph","key":"2c544044c0c1425ab51c61dba3899181","isVoid":false,"data":{},"nodes":[{"kind":"text","key":"685043803ede45f78bb7761b481db4f5","ranges":[{"kind":"range","marks":[{"kind":"mark","data":{},"type":"bold"}],"text":"Firewall check"}]}]},{"kind":"block","type":"paragraph","key":"d9fccbf5fb6448aa9c72ea88e6b3397d","isVoid":false,"data":{},"nodes":[{"kind":"text","key":"5e6be15715f04dca8ed6ab5a35ff48a6","ranges":[{"kind":"range","marks":[],"text":"The firewall configuration on new node must be the same as that on existing nodes. Otherwise, the TigerGraph instances on new nodes may not work properly."}]}]}]},{"kind":"block","type":"hint","key":"bdceb00d7a8740128c47ca3454874101","isVoid":false,"data":{"style":"danger"},"nodes":[{"kind":"block","type":"paragraph","key":"26c3494e8eda4e33b649eaa00d3a563c","isVoid":false,"data":{},"nodes":[{"kind":"text","key":"7ca171eaf8da458f8a05bab527bd7b41","ranges":[{"kind":"range","marks":[{"kind":"mark","data":{},"type":"bold"}],"text":"For users using TigerGraph 2.2 with Ubuntu"},{"kind":"range","marks":[],"text":", you must comment out the following block at the beginning of "},{"kind":"range","marks":[{"kind":"mark","data":{},"type":"code"}],"text":".bashrc"},{"kind":"range","marks":[],"text":" in the tigergraph user's home directory, on every node."}]}]},{"kind":"block","type":"code","key":"c954725aaece4d26ab61b14292a5b7b0","isVoid":false,"data":{},"nodes":[{"kind":"block","type":"code-tab","key":"8a1df850f1424098b95df6ed32d9cb84","isVoid":false,"data":{"syntax":"bash"},"nodes":[{"kind":"block","type":"code-line","key":"396fd1b657a0466bad4561b539736301","isVoid":false,"data":{},"nodes":[{"kind":"text","key":"90cfdc4008c34a2cae84753ec8464994","ranges":[{"kind":"range","marks":[],"text":"# If not running interactively, don't do anything"}]}]},{"kind":"block","type":"code-line","key":"73de32f1cdb94131a35fd799ed8c1aec","isVoid":false,"data":{},"nodes":[{"kind":"text","key":"28a38be83cae43c79f8b0acdeb40f159","ranges":[{"kind":"range","marks":[],"text":"case $- in"}]}]},{"kind":"block","type":"code-line","key":"12402ed2dc9246f2ac9778e56181c8b4","isVoid":false,"data":{},"nodes":[{"kind":"text","key":"1ed3647a3cf24d28af90999616f5b60d","ranges":[{"kind":"range","marks":[],"text":"    *i*) ;;"}]}]},{"kind":"block","type":"code-line","key":"b507e384bed24d0f86666b6842aefd44","isVoid":false,"data":{},"nodes":[{"kind":"text","key":"49194598f62442c6adb5b60ddd8118bc","ranges":[{"kind":"range","marks":[],"text":"      *) return;;"}]}]},{"kind":"block","type":"code-line","key":"ed98474179614a4f8843a251798c1a5a","isVoid":false,"data":{},"nodes":[{"kind":"text","key":"f2cc96826e1941698980079ebc51ebe1","ranges":[{"kind":"range","marks":[],"text":"esac"}]}]}]}]}]},{"kind":"block","type":"paragraph","key":"a2b97b6c7b624e96aea7b71e6d5d1dd9","isVoid":false,"data":{},"nodes":[{"kind":"text","key":"4e23335f886c4f688fed750be6f54204","ranges":[{"kind":"range","marks":[],"text":"When done, the environment including system-prerequisites and ssh keys for the TigerGraph system will be set up on the new nodes."}]}]},{"kind":"block","type":"heading-2","key":"c9bcecb2fda342c6aa1cc0562914d12f","isVoid":false,"data":{"id":"OfflineNodeExpansionFlow-SimpleMode"},"nodes":[{"kind":"text","key":"c8153b1b9b40491ca6e7fe99e2d93733","ranges":[{"kind":"range","marks":[],"text":"Add New Nodes to Cluster"}]}]},{"kind":"block","type":"paragraph","key":"1a998aa92f74488c8d584855e2469f7f","isVoid":false,"data":{},"nodes":[{"kind":"text","key":"c799a77da7fd4eecbe9e2bf161f7ddb3","ranges":[{"kind":"range","marks":[],"text":"To expand the cluster, run "},{"kind":"range","marks":[{"kind":"mark","data":{},"type":"code"}],"text":"gbar expand"},{"kind":"range","marks":[],"text":" with a list of new nodes in the following format:"}]}]},{"kind":"block","type":"code","key":"e2866023c0c64ddabbcfa6ff5bfb4393","isVoid":false,"data":{},"nodes":[{"kind":"block","type":"code-tab","key":"061ab9c99c4349cfa352436224690519","isVoid":false,"data":{"syntax":"text"},"nodes":[{"kind":"block","type":"code-line","key":"6e2a11127d9840408c9015db31cb641d","isVoid":false,"data":{},"nodes":[{"kind":"text","key":"0496aaad2cab4409bad25846cc76a1c8","ranges":[{"kind":"range","marks":[],"text":"gbar expand <node_alias_1>:<ip_1>,<node_alias_1>:<ip_2>,...,<node_alias_n>:<ip_n>"}]}]}]}]},{"kind":"block","type":"paragraph","key":"2585ebe830194e439891ae12aef82f2b","isVoid":false,"data":{},"nodes":[{"kind":"text","key":"0c8f99632bde41a09c234e674d433046","ranges":[{"kind":"range","marks":[],"text":"For example, the following command adds two nodes to the cluster:"}]}]},{"kind":"block","type":"code","key":"6b5cc3b40d434c97befc9ef67558a728","isVoid":false,"data":{},"nodes":[{"kind":"block","type":"code-tab","key":"eacfface18f74d1196b5ce0304303060","isVoid":false,"data":{"syntax":"text"},"nodes":[{"kind":"block","type":"code-line","key":"b23749e715c5472ca3c918e926d5d520","isVoid":false,"data":{},"nodes":[{"kind":"text","key":"e7e3ee51cf15479692a7c01bb4d71dba","ranges":[{"kind":"range","marks":[],"text":"gbar expand m6:192.168.1.6,m7:192.168.1.7"}]}]}]}]},{"kind":"block","type":"paragraph","key":"710f430cf148489395baa68768151b1d","isVoid":false,"data":{},"nodes":[{"kind":"text","key":"e0db9d233abe4ee79a98bf7ac306cf12","ranges":[{"kind":"range","marks":[],"text":"The command above will redistribute the data on all nodes including m6 and m7, so that each node has about the same amount of data."}]}]},{"kind":"block","type":"hint","key":"e6df16437c574526a0ded6966ef5607c","isVoid":false,"data":{"style":"info"},"nodes":[{"kind":"block","type":"paragraph","key":"d9707351369f42eca22b78184edea33d","isVoid":false,"data":{},"nodes":[{"kind":"text","key":"405e6d02b4d14046be3f4a126ba531c5","ranges":[{"kind":"range","marks":[],"text":"GBAR will run the following checks for each new node: "}]}]},{"kind":"block","type":"list-ordered","key":"08783670298745969393f2a65b0708be","isVoid":false,"data":{},"nodes":[{"kind":"block","type":"list-item","key":"67348a6dca894fb3a26f895570e710e5","isVoid":false,"data":{},"nodes":[{"kind":"block","type":"paragraph","key":"503b3d26bb014dfdbf5553d06703d440","isVoid":false,"data":{},"nodes":[{"kind":"text","key":"59e86e7a6b5a4e5eb20bbc02d5ac92a3","ranges":[{"kind":"range","marks":[],"text":"The number of new nodes must be an integer multiple of "},{"kind":"range","marks":[{"kind":"mark","data":{},"type":"bold"}],"text":"max"},{"kind":"range","marks":[],"text":"(gpe.replicas, gse.replicas)."}]}]}]},{"kind":"block","type":"list-item","key":"c3dfdb39ce9940f186173695dd37a10b","isVoid":false,"data":{},"nodes":[{"kind":"block","type":"paragraph","key":"d802ca5429fa4a379fbda1e66e325895","isVoid":false,"data":{},"nodes":[{"kind":"text","key":"a11a891c14284fa0bf0430fa068e3342","ranges":[{"kind":"range","marks":[],"text":"Each new node alias must be a valid identifier."}]}]}]},{"kind":"block","type":"list-item","key":"c4f5affa7aa74bf388122dd98a1f9c58","isVoid":false,"data":{},"nodes":[{"kind":"block","type":"paragraph","key":"21d9090e735b4802945ea80ea660df98","isVoid":false,"data":{},"nodes":[{"kind":"text","key":"e33a3c7751cb414799eceee9101f6848","ranges":[{"kind":"range","marks":[],"text":"Each new node's IP address must be accessible via ssh from the node where "},{"kind":"range","marks":[{"kind":"mark","data":{},"type":"code"}],"text":"gbar expand"},{"kind":"range","marks":[],"text":" is being run."}]}]}]}]}]},{"kind":"block","type":"heading-2","key":"0b658d9441f5401c84cb5e905214d969","isVoid":false,"data":{"id":"OfflineNodeExpansionFlow-ErrorHandling"},"nodes":[{"kind":"text","key":"84f7a9c3da9b4464b1d4494ead686a2a","ranges":[{"kind":"range","marks":[],"text":"Error Handling"}]}]},{"kind":"block","type":"hint","key":"ffddcdc22e3c47838aafe8b1c0accf73","isVoid":false,"data":{"style":"warning"},"nodes":[{"kind":"block","type":"paragraph","key":"b065e22f2a7e41b7b515e84d429dd3ee","isVoid":false,"data":{},"nodes":[{"kind":"text","key":"1e111992bb3f4195b6e4396c83b5759e","ranges":[{"kind":"range","marks":[],"text":"If the system does not have a schema or data, it will report a data integrity check error. You may ignore this warning."}]}]}]},{"kind":"block","type":"heading-2","key":"b96fd4ceab6c44369420142cfbc8c098","isVoid":false,"data":{},"nodes":[{"kind":"text","key":"81ec8953eda84941b779ed16cd3629bf","ranges":[{"kind":"range","marks":[],"text":"Advanced Expansion Mode"}]}]},{"kind":"block","type":"paragraph","key":"2fc3098ce80049f8902818099d47b0af","isVoid":false,"data":{},"nodes":[{"kind":"text","key":"56d050f82da44a909d81b0aad45c6eea","ranges":[{"kind":"range","marks":[],"text":"Advanced expansion configuration options are possible. Contact TigerGraph Support for guidance."}]}]},{"kind":"block","type":"paragraph","key":"6b3b2c3209d943518485c69a52d62117","isVoid":false,"data":{},"nodes":[{"kind":"text","key":"bf008c4c843e4489a22b77dfb846efed","ranges":[{"kind":"range","marks":[],"text":"Should any errors occur, GBAR will roll back to the state before node expansion started. As a failsafe, a backup copy of the data is kept, until expansion either succeeds or finishes rollback."}]}]}]}}