{"format_version":1,"document":{"kind":"document","key":"7e1860a177d949819d1b93067bdb6afb","data":{"schema_version":5},"nodes":[{"kind":"block","type":"paragraph","key":"484b0a5a0d354089ac4c0c2036cccc15","isVoid":false,"data":{},"nodes":[{"kind":"text","key":"5e4f2a8e6a4f4c7ca2adbdda84e754aa","ranges":[{"kind":"range","marks":[],"text":"The following words are reserved for use by the GSQL query language. This includes words which are currently keywords (such as GRAPH), as well as words which might be used in the future (such as EXTERN).\nFor "}]},{"kind":"inline","type":"link","key":"1adeacaed57142d589752b97632ea295","isVoid":false,"data":{"pageID":"-LMWSwSsPX-SmsDB8vFa"},"nodes":[{"kind":"text","key":"4f7cb71d0a5744258b9d7a0946784ca9","ranges":[{"kind":"range","marks":[],"text":"Data Definition & Loading"}]}]},{"kind":"text","key":"0efcacd275ca4514ac1e2fd3b21b66b1","ranges":[{"kind":"range","marks":[],"text":", there exists a different list of reserved keywords found "}]},{"kind":"inline","type":"link","key":"978cc27c24e048328c7a0906ab52e820","isVoid":false,"data":{"pageID":"-LMWSwSsPX-SmsDB8vFa"},"nodes":[{"kind":"text","key":"0259ed38d0614e36bf041a2073f41bb0","ranges":[{"kind":"range","marks":[],"text":"here"}]}]},{"kind":"text","key":"09467eed3b2a4c6383e3d2a021cf54f2","ranges":[{"kind":"range","marks":[],"text":"."}]}]},{"kind":"block","type":"code","key":"a71b58654e1849ae84f0530cdd0bb50e","isVoid":false,"data":{},"nodes":[{"kind":"block","type":"code-tab","key":"8e223ba1c43a497abb3a63fe2a2174b1","isVoid":false,"data":{"syntax":"sql","title":"Query Language Reserved Words"},"nodes":[{"kind":"block","type":"code-line","key":"92cd4b1e4d76427db0d4f3f29dc8f900","isVoid":false,"data":{},"nodes":[{"kind":"text","key":"06f02654343c4e4e8f5aa58a5579ab63","ranges":[{"kind":"range","marks":[],"text":"ACCUM               ALIGNAS             ALIGNOF             API    "}]}]},{"kind":"block","type":"code-line","key":"6953546ccd54411296b7a232034aaaeb","isVoid":false,"data":{},"nodes":[{"kind":"text","key":"313f4a00616048e2809d42db559d960d","ranges":[{"kind":"range","marks":[],"text":"AND                 AND_EQ              ANY                 AS    "}]}]},{"kind":"block","type":"code-line","key":"7776411a7e664ebdb9a4cfc70a3be330","isVoid":false,"data":{},"nodes":[{"kind":"text","key":"aae14ea54349475abc457526d31b105b","ranges":[{"kind":"range","marks":[],"text":"ASC                 ASM                 AUTO                AVG     "}]}]},{"kind":"block","type":"code-line","key":"fb4dd859b422437fac39d34cf8f5fe3e","isVoid":false,"data":{},"nodes":[{"kind":"text","key":"1c91bc7b1b9d4a06bf820250bb90daa7","ranges":[{"kind":"range","marks":[],"text":"BAG                 BATCH               BETWEEN             BITAND              "}]}]},{"kind":"block","type":"code-line","key":"a93ef06adfd84c4189c18ead9c529994","isVoid":false,"data":{},"nodes":[{"kind":"text","key":"923a72a89a8f4fb9abf1f0d2d1e10bb0","ranges":[{"kind":"range","marks":[],"text":"BITOR               BOOL                BOTH                BREAK               "}]}]},{"kind":"block","type":"code-line","key":"5363ea0367254312b5a2438d066feda8","isVoid":false,"data":{},"nodes":[{"kind":"text","key":"046f940a86eb49ca986278cc13fd6913","ranges":[{"kind":"range","marks":[],"text":"BY                  CASE                CATCH               CHAR                "}]}]},{"kind":"block","type":"code-line","key":"5d1db8fbd1a44cf4865d115892804731","isVoid":false,"data":{},"nodes":[{"kind":"text","key":"ede6cccfa6fb443191e7a63e4265e194","ranges":[{"kind":"range","marks":[],"text":"CHAR16_T            CHAR32_T            CLASS               COALESCE            "}]}]},{"kind":"block","type":"code-line","key":"e7dff3fc4f684b9383e33d4de0ec797b","isVoid":false,"data":{},"nodes":[{"kind":"text","key":"128e8997ee1d4f79ba8cfb287acf28d5","ranges":[{"kind":"range","marks":[],"text":"COMPL               COMPRESS            CONCEPT             CONST               "}]}]},{"kind":"block","type":"code-line","key":"cb28bbe6244a4dc5a63453d080122dc2","isVoid":false,"data":{},"nodes":[{"kind":"text","key":"1ffb5f9c75aa497e98796559083db380","ranges":[{"kind":"range","marks":[],"text":"CONSTEXPR           CONST_CAST          CONTINUE            COUNT               "}]}]},{"kind":"block","type":"code-line","key":"3b6f8fcb558f4148a50f80c4955fdcf1","isVoid":false,"data":{},"nodes":[{"kind":"text","key":"ba46dfc37dc94862bab078f1b7f1e7b1","ranges":[{"kind":"range","marks":[],"text":"CREATE              DATETIME            DATETIME_ADD        DATETIME_SUB        "}]}]},{"kind":"block","type":"code-line","key":"bb4743d5774e40ec81d2bce97407cee7","isVoid":false,"data":{},"nodes":[{"kind":"text","key":"e15bc2ce0b76486e878bb474072a018e","ranges":[{"kind":"range","marks":[],"text":"DECLTYPE            DEFAULT             DELETE              DESC"}]}]},{"kind":"block","type":"code-line","key":"de7fc663740d4326a1b150bf607706bc","isVoid":false,"data":{},"nodes":[{"kind":"text","key":"b879ed83e9154cef9878d0eef0afae61","ranges":[{"kind":"range","marks":[],"text":"DISTRIBUTED         DO                  DONE                DOUBLE              "}]}]},{"kind":"block","type":"code-line","key":"1b93250556ba43b69523dcfbc9dc1147","isVoid":false,"data":{},"nodes":[{"kind":"text","key":"2617c69c834743619ee4071c31bc352c","ranges":[{"kind":"range","marks":[],"text":"DYNAMIC_CAST        EDGE                ELSE                END                 "}]}]},{"kind":"block","type":"code-line","key":"687fa415c7eb482cb9ee1ce8040ccd0f","isVoid":false,"data":{},"nodes":[{"kind":"text","key":"1f1c46c931ad4b0b87ecd40fa270eba1","ranges":[{"kind":"range","marks":[],"text":"ENUM                ESCAPE              EXCEPTION           EXPLICIT            "}]}]},{"kind":"block","type":"code-line","key":"afee16cecc68419f912588323e367b99","isVoid":false,"data":{},"nodes":[{"kind":"text","key":"533f734c92fa46f49f1e555580c565b2","ranges":[{"kind":"range","marks":[],"text":"EXPORT              EXTERN              FALSE              .FILE    "}]}]},{"kind":"block","type":"code-line","key":"ab6c7e28ec8a4e67ba6ea2cbb7a9e51a","isVoid":false,"data":{},"nodes":[{"kind":"text","key":"64b6b7198c894a448d2bded047e00c01","ranges":[{"kind":"range","marks":[],"text":"FILTER              FLOAT               FOR                 FOREACH             "}]}]},{"kind":"block","type":"code-line","key":"c184dab4e92a4630bae645b571ab23e2","isVoid":false,"data":{},"nodes":[{"kind":"text","key":"2c1a68582106476db45e6c76a1dc4330","ranges":[{"kind":"range","marks":[],"text":"FRIEND              FROM                GOTO                GRAPH               "}]}]},{"kind":"block","type":"code-line","key":"5a2d83b140404f9cbd6c410b3ce92aba","isVoid":false,"data":{},"nodes":[{"kind":"text","key":"04d0d08eb26640fb9328c6c972310eaa","ranges":[{"kind":"range","marks":[],"text":"GSQL_INT_MAX        GSQL_INT_MIN        GSQL_UINT_MAX       HAVING              "}]}]},{"kind":"block","type":"code-line","key":"9e6dc5a5e1534142bf0632bf64696187","isVoid":false,"data":{},"nodes":[{"kind":"text","key":"27eaf4c8b8da4c95b3e0d70a480b1409","ranges":[{"kind":"range","marks":[],"text":"IF                  IN                  INLINE              INSERT              "}]}]},{"kind":"block","type":"code-line","key":"04b81e2302134d9dad6aafcb10f6cda8","isVoid":false,"data":{},"nodes":[{"kind":"text","key":"2dd6bfa35def4497b3ac7ec44a403437","ranges":[{"kind":"range","marks":[],"text":"INT                 INTERPRET           INTERSECT           INTERVAL            "}]}]},{"kind":"block","type":"code-line","key":"e44628b9f14c47458d513ee0f98849d5","isVoid":false,"data":{},"nodes":[{"kind":"text","key":"4e74f26ddfb24f97ae7fec51ae6b6807","ranges":[{"kind":"range","marks":[],"text":"INTO                IS                  ISEMPTY             JSONARRAY           "}]}]},{"kind":"block","type":"code-line","key":"8a701ab44d294e4bb399968eda90737f","isVoid":false,"data":{},"nodes":[{"kind":"text","key":"d1f27dc341e84024842cea5304d93986","ranges":[{"kind":"range","marks":[],"text":"JSONOBJECT          LEADING             LIKE                LIMIT               "}]}]},{"kind":"block","type":"code-line","key":"6a2665f2c2024c9aa7fb9d0264254cb8","isVoid":false,"data":{},"nodes":[{"kind":"text","key":"c244e8a1f45d4dffb9f00d7a95c06ec5","ranges":[{"kind":"range","marks":[],"text":"LIST                LOADACCUM           LOG                 LONG                "}]}]},{"kind":"block","type":"code-line","key":"a12c2396e46443738038fe974a26cebf","isVoid":false,"data":{},"nodes":[{"kind":"text","key":"94d621912f6d4fb3b5db822c92bc60fd","ranges":[{"kind":"range","marks":[],"text":"MAP                 MAX                 MIN                 MINUS               "}]}]},{"kind":"block","type":"code-line","key":"9e03ceacbd2b4f759c828b6257247202","isVoid":false,"data":{},"nodes":[{"kind":"text","key":"bcaa322fa09847a2850b821fd7d246f6","ranges":[{"kind":"range","marks":[],"text":"MUTABLE             NAMESPACE           NEW                 NOEXCEPT"}]}]},{"kind":"block","type":"code-line","key":"4d2a1ec55b084fb4acafdde22a92b923","isVoid":false,"data":{},"nodes":[{"kind":"text","key":"a801f7bb2b29438ea33f182fa6cebe77","ranges":[{"kind":"range","marks":[],"text":"NO_TRANSLATION_EID_TO_IID               NOT                 NOT_EQ              "}]}]},{"kind":"block","type":"code-line","key":"8d6430281ae540b1a78f9145079f439e","isVoid":false,"data":{},"nodes":[{"kind":"text","key":"be6215245be84d25a634176ab3f66f36","ranges":[{"kind":"range","marks":[],"text":"NOW                 NULL                NULLPTR             OFFSET              "}]}]},{"kind":"block","type":"code-line","key":"09b1c8c82f4b43e5a8ef80b74b95f21a","isVoid":false,"data":{},"nodes":[{"kind":"text","key":"94c22b8f3e5245f4bd9e597ad348a4b8","ranges":[{"kind":"range","marks":[],"text":"OPERATOR            OR                  ORDER               OR_EQ               "}]}]},{"kind":"block","type":"code-line","key":"11510b994fc04dd5b9d895df641e6a7a","isVoid":false,"data":{},"nodes":[{"kind":"text","key":"592be2c639ad40d7b786e26c50e84fef","ranges":[{"kind":"range","marks":[],"text":"PINNED              POST-ACCUM          POST_ACCUM          PRIMARY_ID          "}]}]},{"kind":"block","type":"code-line","key":"88282f43d004482ca1de04010468c98e","isVoid":false,"data":{},"nodes":[{"kind":"text","key":"cf34e00ad5c74eeebddd227b37852d6e","ranges":[{"kind":"range","marks":[],"text":"PRINT               PRIVATE             PROTECTED           PUBLIC              "}]}]},{"kind":"block","type":"code-line","key":"a9b8f6405ace4c57836b7b8336f86d97","isVoid":false,"data":{},"nodes":[{"kind":"text","key":"dc6172f0c46043dca30652242a83b24e","ranges":[{"kind":"range","marks":[],"text":"QUERY               RAISE               RANGE               REGISTER            "}]}]},{"kind":"block","type":"code-line","key":"b41311426fc74777a909de33a7ba27b0","isVoid":false,"data":{},"nodes":[{"kind":"text","key":"11bab7c8cf5a4e939711111fee4c95f4","ranges":[{"kind":"range","marks":[],"text":"REINTERPRET_CAST    REPLACE             REQUIRES            RETURN              "}]}]},{"kind":"block","type":"code-line","key":"265f0166ec2c42309f574e9b0c796209","isVoid":false,"data":{},"nodes":[{"kind":"text","key":"8483ce9e61134eba82ad794a5d551490","ranges":[{"kind":"range","marks":[],"text":"RETURNS             RUN                 SAMPLE              SELECT              "}]}]},{"kind":"block","type":"code-line","key":"f01db9edc1a84cf0b6036686c2b3e41b","isVoid":false,"data":{},"nodes":[{"kind":"text","key":"1a88ac3043ac467cb49061f86c5729d5","ranges":[{"kind":"range","marks":[],"text":"SELECTVERTEX        SET                 SHORT               SIGNED              "}]}]},{"kind":"block","type":"code-line","key":"25eebfaaa1e84656a2973f3f61e498f2","isVoid":false,"data":{},"nodes":[{"kind":"text","key":"f8684927f1684082a4699e4e2b636f8e","ranges":[{"kind":"range","marks":[],"text":"SIZEOF              STATIC              STATIC_ASSERT       STATIC_CAST         "}]}]},{"kind":"block","type":"code-line","key":"37d3451102ca4ebe81881ed9308cdfc0","isVoid":false,"data":{},"nodes":[{"kind":"text","key":"cbda5a031db4451a8918141d6bd8c762","ranges":[{"kind":"range","marks":[],"text":"STRING              STRUCT              SUM                 SWITCH              "}]}]},{"kind":"block","type":"code-line","key":"1da4dd4d1fa045db8b432fad080ef65d","isVoid":false,"data":{},"nodes":[{"kind":"text","key":"f3d4966bc32a42e0b2f63effb3f94bc3","ranges":[{"kind":"range","marks":[],"text":"TARGET              TEMPLATE            THEN                THIS                "}]}]},{"kind":"block","type":"code-line","key":"f2cc2e5375174f0daf417d9ff4b18647","isVoid":false,"data":{},"nodes":[{"kind":"text","key":"a4c2f1e4fa9840b1ac85a4035d28751b","ranges":[{"kind":"range","marks":[],"text":"THREAD_LOCAL        THROW               TO                  TO_CSV              "}]}]},{"kind":"block","type":"code-line","key":"cc2e5163e09b4ca6afbf3cbc98a81c71","isVoid":false,"data":{},"nodes":[{"kind":"text","key":"25fe766dee034bdeb58555175d379317","ranges":[{"kind":"range","marks":[],"text":"TO_DATETIME         TRAILING            TRIM                TRUE                "}]}]},{"kind":"block","type":"code-line","key":"8a11c34b0c1049be8abaef5c6715bbf4","isVoid":false,"data":{},"nodes":[{"kind":"text","key":"9402aa98a9c74e65b5f14f2eaa7b053a","ranges":[{"kind":"range","marks":[],"text":"TRY                 TUPLE               TYPEDEF             TYPEID              "}]}]},{"kind":"block","type":"code-line","key":"8c11253fe6ec4539a19ea6e7495ed29a","isVoid":false,"data":{},"nodes":[{"kind":"text","key":"b60d5fd1e70b41adbb2b7a3fd76a1b9c","ranges":[{"kind":"range","marks":[],"text":"TYPENAME            UINT                UNION               UNSIGNED            "}]}]},{"kind":"block","type":"code-line","key":"61fc9f4868b64b2d9b7d15a4f045503f","isVoid":false,"data":{},"nodes":[{"kind":"text","key":"f46e88f0025f4cb3a7fa4993d07c8fc2","ranges":[{"kind":"range","marks":[],"text":"UPDATE              USING               VALUES              VERTEX              "}]}]},{"kind":"block","type":"code-line","key":"fcf7469bfb8844a3ab898ec185adc32a","isVoid":false,"data":{},"nodes":[{"kind":"text","key":"cc47840867484d68a77c5423f4ebba83","ranges":[{"kind":"range","marks":[],"text":"VIRTUAL             VOID                VOLATILE            WCHAR_T             "}]}]},{"kind":"block","type":"code-line","key":"5dc2742147764e4787c757088c222030","isVoid":false,"data":{},"nodes":[{"kind":"text","key":"f5717ffa290c41368006bc173c266082","ranges":[{"kind":"range","marks":[],"text":"WHEN                WHERE               WHILE               XOR                 "}]}]},{"kind":"block","type":"code-line","key":"560c531a6d7d46b799783979ac7306df","isVoid":false,"data":{},"nodes":[{"kind":"text","key":"d47d9cbe938641c99bd8a7bf1706db14","ranges":[{"kind":"range","marks":[],"text":"XOR_EQ "}]}]}]}]}]}}