{"format_version":1,"document":{"kind":"document","key":"4","data":{"schema_version":5},"nodes":[{"kind":"block","type":"heading-1","key":"cd079c8db6ad4ec7b081d676ae75cffa","isVoid":false,"data":{},"nodes":[{"kind":"text","key":"2bd31c07e9314142b02cb470c881ef07","ranges":[{"kind":"range","marks":[],"text":"Multiple Hop Pattern Shortest Path Semantics"}]}]},{"kind":"block","type":"paragraph","key":"a53fbb1c86c3493d9a2e4f434dc957f6","isVoid":false,"data":{},"nodes":[{"kind":"text","key":"e1ec644c4cd84f1ca5c43d85d452d046","ranges":[{"kind":"range","marks":[],"text":"Repeating the same hop is useful sometimes, but the real power of pattern matching comes from expressing multi-hop patterns, with specific characteristics for each hop. For example, the well-known product recommendation phrase \"People who bought this product also bought this other product\", is expressed by the following 2-hop pattern:"}]}]},{"kind":"block","type":"code","key":"fcd49995142b4926a0d8f82ae3637375","isVoid":false,"data":{},"nodes":[{"kind":"block","type":"code-tab","key":"2179dd88dcc440159a4baa2fdc713a8f","isVoid":false,"data":{"syntax":"coffeescript"},"nodes":[{"kind":"block","type":"code-line","key":"d2d5f90427cb4008ab470882734cb078","isVoid":false,"data":{},"nodes":[{"kind":"text","key":"edeb36df3bb2418dad11c57625620d42","ranges":[{"kind":"range","marks":[],"text":"FROM This_Product:p -(<Bought:b1)- Customer:c -(Bought>:b2)- Product:p2"}]}]},{"kind":"block","type":"code-line","key":"e035b488fe654207b2c22ac85a5e4497","isVoid":false,"data":{},"nodes":[{"kind":"text","key":"27f77978464147c7b1c469c24fafcc38","ranges":[{"kind":"range","marks":[],"text":"WHERE p2 != p"}]}]}]}]},{"kind":"block","type":"paragraph","key":"7116a10767ab48299a57ed9a2be48f15","isVoid":false,"data":{},"nodes":[{"kind":"text","key":"d680bfbf5b5748d3b64f257ef8d10e57","ranges":[{"kind":"range","marks":[],"text":"As you see, a 2-hop pattern is a simple concatenation and merging of  two 1-hop patterns where the two patterns share a common endpoint.  Below, Y:y is the connecting end point. "}]}]},{"kind":"block","type":"heading-3","key":"d3f4923ef3554f859292fbbfd7048db2","isVoid":false,"data":{},"nodes":[{"kind":"text","key":"64186f2508c54c6d9452ae4a43a9052f","ranges":[{"kind":"range","marks":[],"text":"2-hop pattern"}]}]},{"kind":"block","type":"code","key":"aca03bf34697479eb1446b4865210c50","isVoid":false,"data":{},"nodes":[{"kind":"block","type":"code-tab","key":"49e06fe2637d4cef847248b6d8425c34","isVoid":false,"data":{"syntax":"coffeescript","title":""},"nodes":[{"kind":"block","type":"code-line","key":"ba413398a4f5432cb3ac9e8082b1549d","isVoid":false,"data":{},"nodes":[{"kind":"text","key":"0a797a7490df4a52acb60cbeda3dcc60","ranges":[{"kind":"range","marks":[],"text":"FROM X:x - (E1:e1) - Y:y - (E2>:e2) - Z:z"}]}]}]}]},{"kind":"block","type":"paragraph","key":"7633af925d6541eab024413ac6c5d5d5","isVoid":false,"data":{},"nodes":[{"kind":"text","key":"d60fa579700b47e883eb9bd57c4078f5","ranges":[{"kind":"range","marks":[],"text":"Similarly, a 3-hop pattern concatenates three 1-hop patterns in sequence, each pair of adjacent hops sharing one end point. Below, Y:y and Z:z are the connecting end points. "}]}]},{"kind":"block","type":"heading-3","key":"bb8b75991bcc4217bf7b458ae19c8210","isVoid":false,"data":{},"nodes":[{"kind":"text","key":"7c358f97bdce4d208acfffab29b04640","ranges":[{"kind":"range","marks":[],"text":"3-hop pattern"}]}]},{"kind":"block","type":"code","key":"071367d80399465f8829662ca35c0faf","isVoid":false,"data":{},"nodes":[{"kind":"block","type":"code-tab","key":"ee9badc3202545879ac38db2be7d78c2","isVoid":false,"data":{"syntax":"coffeescript"},"nodes":[{"kind":"block","type":"code-line","key":"1c394f630dc643febfb9bf89acf2d211","isVoid":false,"data":{},"nodes":[{"kind":"text","key":"57eb98d9f3614f06b22921744d0716f6","ranges":[{"kind":"range","marks":[],"text":"FROM X:x - (E2>:e2) -Y:y - (<E3:e3) - Z:z - (E4:e4) - U:u"}]}]}]}]},{"kind":"block","type":"paragraph","key":"da00350ed3e1430583b30b13d2da4b71","isVoid":false,"data":{},"nodes":[{"kind":"text","key":"86d8290edabc4af0bcdb94926d3be242","ranges":[{"kind":"range","marks":[],"text":"In general, we can connect n 1-hop patterns into a n-hop pattern. The database will search the graph topology to find subgraphs that match this n-hop pattern. "}]}]},{"kind":"block","type":"heading-3","key":"ef8c7fe8ce544f89ba9e07218333fa8f","isVoid":false,"data":{},"nodes":[{"kind":"text","key":"01a40cdfc4f242beabf9b2f2928708da","ranges":[{"kind":"range","marks":[],"text":"Unnamed Intermediate Vertex Set"}]}]},{"kind":"block","type":"paragraph","key":"79b83b1e4fa34c3e971bd0a38fb6928b","isVoid":false,"data":{},"nodes":[{"kind":"text","key":"198f99780eb3442d9c4590814cc8dde7","ranges":[{"kind":"range","marks":[],"text":"A multi-hop pattern has two endpoint vertex sets and one or more intermediate vertex sets. If the query does not need to express any conditions for an intermediate vertex set, then the vertex set can be omitted and the two surrounding edge sets can be joined with a simple \".\" For example, in the 2-hop pattern example above, if we did not need to specify that the intermediate vertex type is Y,  nor need to refer to that vertex set in any of the query's other clauses (such as WHERE or ACCUM), then the pattern can be reduced as follows:"}]}]},{"kind":"block","type":"code","key":"63d5d7db295d40758a9dd4ee3b5e99f1","isVoid":false,"data":{},"nodes":[{"kind":"block","type":"code-tab","key":"afe6bcc5d3c14e0dacdb8b75477b3d3f","isVoid":false,"data":{"syntax":"text"},"nodes":[{"kind":"block","type":"code-line","key":"039b399084ae416b89d1ccbed1f29070","isVoid":false,"data":{},"nodes":[{"kind":"text","key":"022a0cb047864247a012b1007c12911a","ranges":[{"kind":"range","marks":[],"text":"FROM X:x - (E1:e1.E2>:e2) - Z:z"}]}]}]}]},{"kind":"block","type":"heading-3","key":"69408d51aaad4a469658e7f31afa19a1","isVoid":false,"data":{},"nodes":[{"kind":"text","key":"33c8fe5f75c045a886e75ca45d21c9cc","ranges":[{"kind":"range","marks":[],"text":"Shortest paths Only for Variable Length Patterns"}]}]},{"kind":"block","type":"paragraph","key":"06680621f9ad478e907c54b869ad1938","isVoid":false,"data":{},"nodes":[{"kind":"text","key":"7cec18b797a349598f7a2e5b7eb986e4","ranges":[{"kind":"range","marks":[],"text":"If a pattern has a Kleene star to repeat an edge, GSQL pattern matching selects only the "},{"kind":"range","marks":[{"kind":"mark","data":{},"type":"italic"}],"text":"shortest paths"},{"kind":"range","marks":[],"text":" which match the pattern.  If we did not apply this restriction, computer science theory tells us that the computation time could be unbounded or extreme (NP,  to be technical). If we instead matched ALL paths regardless of length when a Kleene star is used without an upper bound, there could be an infinite number of matches, if there are loops in the graph. Even without loops or with an upper bound, the number of paths to check grows exponentially with the number of hops. "}]}]},{"kind":"block","type":"image","key":"6ff21dc715cf44839c897d04650a215e","isVoid":true,"data":{"assetID":"-LfTUb3NrS143LRCukzh","caption":"Figure 3. Shortest Path Illustration"},"nodes":[{"kind":"text","key":"a1176dd73c814e068ef93c557725bc76","ranges":[{"kind":"range","marks":[],"text":""}]}]},{"kind":"block","type":"paragraph","key":"4b198f7c95124a0f8af3f886bdb6f723","isVoid":false,"data":{},"nodes":[{"kind":"text","key":"17bf95b0e87b454a84d5ca30a433e2e0","ranges":[{"kind":"range","marks":[],"text":"For the pattern "},{"kind":"range","marks":[{"kind":"mark","data":{},"type":"code"}],"text":"1 - (_*) - 5"},{"kind":"range","marks":[],"text":" in Figure 3 above, you can see the following:"}]}]},{"kind":"block","type":"list-unordered","key":"3de3212945b14bd19d146b0b9654c31a","isVoid":false,"data":{},"nodes":[{"kind":"block","type":"list-item","key":"f03e2f7b8f6949dc8113d7e17b1a53c3","isVoid":false,"data":{},"nodes":[{"kind":"block","type":"paragraph","key":"88748b46588f483287a8799632ee059b","isVoid":false,"data":{},"nodes":[{"kind":"text","key":"c4248ae790c94aa1ab0450f30014174f","ranges":[{"kind":"range","marks":[{"kind":"mark","data":{},"type":"bold"}],"text":"There are TWO shortest paths: 1-2-3-4-5 and 1-2-6-4-5"}]}]},{"kind":"block","type":"list-unordered","key":"0fa3d88f0e4042e8a4c9bcb4fd6d0c46","isVoid":false,"data":{},"nodes":[{"kind":"block","type":"list-item","key":"5991298b893c44bc81eee030cf8525f3","isVoid":false,"data":{},"nodes":[{"kind":"block","type":"paragraph","key":"920d95f08d004c2397d4f05ea3560182","isVoid":false,"data":{},"nodes":[{"kind":"text","key":"8ac1726d16c44ab389c9795535cfd265","ranges":[{"kind":"range","marks":[],"text":"These have 4 hops, so we can stop searching after 4 hops. This makes the task tractable."}]}]}]}]}]},{"kind":"block","type":"list-item","key":"76d2328bb49d4490961c837092b8a05b","isVoid":false,"data":{},"nodes":[{"kind":"block","type":"paragraph","key":"bcacb5ebb3544064aef022c7bfbb0f3c","isVoid":false,"data":{},"nodes":[{"kind":"text","key":"ade6931811d34d7ca45b1ac79007ea41","ranges":[{"kind":"range","marks":[],"text":"If we search for ALL paths which do not repeat any vertices:"}]}]},{"kind":"block","type":"list-unordered","key":"0e1e3553453640bf890fe71249729e06","isVoid":false,"data":{},"nodes":[{"kind":"block","type":"list-item","key":"4efd3389b69e4815bb2fc2d0b3d8578d","isVoid":false,"data":{},"nodes":[{"kind":"block","type":"paragraph","key":"a49f46ea48354a2f90266915b361695e","isVoid":false,"data":{},"nodes":[{"kind":"text","key":"8b1202139ba14930af2b156eedfef575","ranges":[{"kind":"range","marks":[],"text":"There are THREE non-repeated-vertex paths: 1-2-3-4-5, 1-2-6-4-5, and 1-2-9-10-11-12-4-5"}]}]}]},{"kind":"block","type":"list-item","key":"da4e7f0d73d34063a3313d58490bbb54","isVoid":false,"data":{},"nodes":[{"kind":"block","type":"paragraph","key":"716d3c56d00347bea711d6aee53b215a","isVoid":false,"data":{},"nodes":[{"kind":"text","key":"a88e79b6c7174ab3a80122928ba062f7","ranges":[{"kind":"range","marks":[],"text":"The actual number of matches is small, but number of paths to consider is NP."}]}]}]}]}]},{"kind":"block","type":"list-item","key":"59829575779d4c40b7c90b54b7ed1093","isVoid":false,"data":{},"nodes":[{"kind":"block","type":"paragraph","key":"2054d60a83254d869ce2028f346db737","isVoid":false,"data":{},"nodes":[{"kind":"text","key":"b63afc603b784c61871cc696589ce5dc","ranges":[{"kind":"range","marks":[],"text":"If we search for ALL paths which do not repeat any edges:"}]}]},{"kind":"block","type":"list-unordered","key":"898af32650b1415c925b2463250953c2","isVoid":false,"data":{},"nodes":[{"kind":"block","type":"list-item","key":"c72208f6403e49f0a8a8408ac0abd7ce","isVoid":false,"data":{},"nodes":[{"kind":"block","type":"paragraph","key":"c1a7ea0ed6804f648ef5df1766d19d6f","isVoid":false,"data":{},"nodes":[{"kind":"text","key":"2a6af3fdbd0941b89ce3d121de8cff27","ranges":[{"kind":"range","marks":[],"text":"There are FOUR non-repeated-edge paths: 1-2-3-4-5, 1-2-6-4-5, 1-2-9-10-11-12-4-5, and 1-2-3-7-8-3-4-5"}]}]}]},{"kind":"block","type":"list-item","key":"d0b0720262d247a18e6e5a75190e744f","isVoid":false,"data":{},"nodes":[{"kind":"block","type":"paragraph","key":"b0104a19f54b464f890d4f95d7033d55","isVoid":false,"data":{},"nodes":[{"kind":"text","key":"ba36e52c23ca452b89943c659cadac25","ranges":[{"kind":"range","marks":[],"text":"The actual number of matches is small, but number of paths to consider is NP."}]}]}]}]}]},{"kind":"block","type":"list-item","key":"54674a2fb0734c86bdce668caf141189","isVoid":false,"data":{},"nodes":[{"kind":"block","type":"paragraph","key":"f64a771e41a44b708cbe74ee26a7302c","isVoid":false,"data":{},"nodes":[{"kind":"text","key":"886675c560c24b7283bd2132c31152ac","ranges":[{"kind":"range","marks":[],"text":"If we search for ALL paths with no restrictions:"}]}]},{"kind":"block","type":"list-unordered","key":"29c0f95c94ff4669b025819c7c6358db","isVoid":false,"data":{},"nodes":[{"kind":"block","type":"list-item","key":"b7ecf7d269954ee281f5026ddc9b03e2","isVoid":false,"data":{},"nodes":[{"kind":"block","type":"paragraph","key":"d449aab740b4408e89928c24605063fd","isVoid":false,"data":{},"nodes":[{"kind":"text","key":"08330335842c4e878a0a7e31647ca451","ranges":[{"kind":"range","marks":[],"text":"There are infinite matches, because we can go around the 3-7-8-3 cycle any number of times."}]}]}]}]}]}]},{"kind":"block","type":"heading-1","key":"77649445925c4592b5c6e111f6571b20","isVoid":false,"data":{},"nodes":[{"kind":"text","key":"a4bddb351d7240158582a54cbcf6e2eb","ranges":[{"kind":"range","marks":[],"text":"Additional Details about Pattern Matching"}]}]},{"kind":"block","type":"paragraph","key":"38259318dbfc45afb7ac236de6119a19","isVoid":false,"data":{},"nodes":[{"kind":"text","key":"e1e8f6f29aa44b15933923d61f83a44b","ranges":[{"kind":"range","marks":[],"text":"Each vertex set or edge set in a pattern (except edges with Kleene stars) can have an alias variable associated with it. When the query runs and finds matches, it associates, or binds,  each alias to the matching vertices or edges in the graph."}]}]},{"kind":"block","type":"hint","key":"e9e4e2f21e8b455d9e04847203a8e5ec","isVoid":false,"data":{"style":"info"},"nodes":[{"kind":"block","type":"paragraph","key":"252721b78c1d497cafd754743043d362","isVoid":false,"data":{},"nodes":[{"kind":"text","key":"55bb83a8559a4d488139c4ec42d7bf9f","ranges":[{"kind":"range","marks":[],"text":"TigerGraph 2.4 has certain restrictions on how accumulators and aliases can be used. Some or all of these restrictions will be lifted in future releases. We elaborate on them below."}]}]}]},{"kind":"block","type":"heading-2","key":"fafb573344364efc96292b18108e5ab8","isVoid":false,"data":{},"nodes":[{"kind":"text","key":"4159ef57c9e84b4d842480797ea79a06","ranges":[{"kind":"range","marks":[],"text":"SELECT Clause "}]}]},{"kind":"block","type":"paragraph","key":"59b5c9212f094c9ea3e01d182d130e91","isVoid":false,"data":{},"nodes":[{"kind":"text","key":"c5e0fbce96e74711bbd3af3743243194","ranges":[{"kind":"range","marks":[],"text":"The SELECT clause specifies the output vertex set of a SELECT statement. For a multiple-hop pattern, we can only select one of the two endpoints of the pattern. None of the intermediate aliases can be selected. The example below shows the two possible choices for the  given pattern:"}]}]},{"kind":"block","type":"code","key":"3a8a7544ad414692b2df58818bd397c6","isVoid":false,"data":{},"nodes":[{"kind":"block","type":"code-tab","key":"ce8a7e70df404994af8a6c6b7bf1d711","isVoid":false,"data":{"syntax":"coffeescript","title":"SELECT Clause Can Select End Points Only"},"nodes":[{"kind":"block","type":"code-line","key":"6c82ea259e194626a8592373ccbd46b0","isVoid":false,"data":{},"nodes":[{"kind":"text","key":"2d264bb809094a19ba0cc61cdf6f3a33","ranges":[{"kind":"range","marks":[],"text":"#select starting end point x"}]}]},{"kind":"block","type":"code-line","key":"cf2177333980411eb8e65d821212c0ae","isVoid":false,"data":{},"nodes":[{"kind":"text","key":"9f4e19fa1ebc4602be860b57be4bb8d8","ranges":[{"kind":"range","marks":[],"text":"SELECT x"}]}]},{"kind":"block","type":"code-line","key":"c7244041b41e41479d4b3a620d1c6c0b","isVoid":false,"data":{},"nodes":[{"kind":"text","key":"d91dcb2566fa49f8801f7b95bbadc027","ranges":[{"kind":"range","marks":[],"text":"FROM X:x-(E2>:e2)-Y:y-(<E3:e3)-Z:z-(E4:e4)-U:u;"}]}]},{"kind":"block","type":"code-line","key":"b7f221714a4a44d1a43c414996752bae","isVoid":false,"data":{},"nodes":[{"kind":"text","key":"c7a5205a79c8466386ac5328b815dcf0","ranges":[{"kind":"range","marks":[],"text":""}]}]},{"kind":"block","type":"code-line","key":"fcd06ace7c0d4a18b7f5d112fec64e2a","isVoid":false,"data":{},"nodes":[{"kind":"text","key":"47ca5edf25a2470bbe3ff3174c0c5a72","ranges":[{"kind":"range","marks":[],"text":"#select ending end point u"}]}]},{"kind":"block","type":"code-line","key":"9fc99cc3531942a5b0601ca37524df3b","isVoid":false,"data":{},"nodes":[{"kind":"text","key":"7f66fe03be6d43efb33fed378827b8d8","ranges":[{"kind":"range","marks":[],"text":"SELECT u"}]}]},{"kind":"block","type":"code-line","key":"37858d8688ae436ca3aa5619bf665b1c","isVoid":false,"data":{},"nodes":[{"kind":"text","key":"110113a251804b93ac55026ee38c84a6","ranges":[{"kind":"range","marks":[],"text":"FROM X:x-(E2>:e2)-Y:y-(<E3:e3)-Z:z-(E4:e4)-U:u;"}]}]},{"kind":"block","type":"code-line","key":"aee88349d9a041319739dd23bac2a2f2","isVoid":false,"data":{},"nodes":[{"kind":"text","key":"317d9a8b21a044c5b84e7f9195b73634","ranges":[{"kind":"range","marks":[],"text":""}]}]}]}]},{"kind":"block","type":"heading-2","key":"9d03c97ce96342668ead2ee0f832c5de","isVoid":false,"data":{},"nodes":[{"kind":"text","key":"ff1dcf03be1149b39b817724385e0e44","ranges":[{"kind":"range","marks":[],"text":"FROM Clause"}]}]},{"kind":"block","type":"paragraph","key":"ee0b32a9290340ba9f84c25f0dc6df03","isVoid":false,"data":{},"nodes":[{"kind":"text","key":"f5fdaa03ed33408fb9f9317beb4b3499","ranges":[{"kind":"range","marks":[],"text":"For a multiple-hop pattern, if you don't need to refer to the intermediate vertex points, you can just use \".\" to connect the edge patterns, giving a more succinct representation. For example, below we remove y and z, and connect E2, <E3 and E4 using the period symbol. Note that you cannot have an alias for a multi-hop sequence like E2>.<E3.E4.  "}]}]},{"kind":"block","type":"code","key":"9eba274472a54747b5ae21fefe9e9a3d","isVoid":false,"data":{},"nodes":[{"kind":"block","type":"code-tab","key":"d71cf883157c43fead7e3357c9b0bb31","isVoid":false,"data":{"syntax":"coffeescript","title":"Omitting "},"nodes":[{"kind":"block","type":"code-line","key":"a3e0aa36c88a46ef9d3ff24f0ccc6662","isVoid":false,"data":{},"nodes":[{"kind":"text","key":"e603afa66532479684271af1b959519c","ranges":[{"kind":"range","marks":[],"text":"#select starting end point x"}]}]},{"kind":"block","type":"code-line","key":"8ed485aee12b4af2a0a12e3c7aa10718","isVoid":false,"data":{},"nodes":[{"kind":"text","key":"12547e021c854781ad0446fc7f57885b","ranges":[{"kind":"range","marks":[],"text":"SELECT x"}]}]},{"kind":"block","type":"code-line","key":"159a95a8b3cc47ffb3c39daac908f8e8","isVoid":false,"data":{},"nodes":[{"kind":"text","key":"bf9e8cbb26b040c3a6175d188a8e1870","ranges":[{"kind":"range","marks":[],"text":"FROM X:x-(E2>:e2)-Y:y-(<E3:e3)-Z:z-(E4:e4)-U:u;"}]}]},{"kind":"block","type":"code-line","key":"1147d5ec44bb44fd9b1bda57835ef4c5","isVoid":false,"data":{},"nodes":[{"kind":"text","key":"2f73ff4e5da44722845e74cd2708890d","ranges":[{"kind":"range","marks":[],"text":""}]}]},{"kind":"block","type":"code-line","key":"a6bd4fcef9474e488c5f888d48af434f","isVoid":false,"data":{},"nodes":[{"kind":"text","key":"8795c02e0899476e89afe422cec67156","ranges":[{"kind":"range","marks":[],"text":"#if we don't need to access y, z, we can write"}]}]},{"kind":"block","type":"code-line","key":"3440c96a4cc545ed8dcdbd874bb83cb5","isVoid":false,"data":{},"nodes":[{"kind":"text","key":"e6b64df807644c6699e7054ae537bada","ranges":[{"kind":"range","marks":[],"text":"SELECT u"}]}]},{"kind":"block","type":"code-line","key":"925866dbe0e3424080fe5aa736a7ea3b","isVoid":false,"data":{},"nodes":[{"kind":"text","key":"766357e788884110b16bb571043541ed","ranges":[{"kind":"range","marks":[],"text":"FROM X:x-(E2>.<E3.E4)-U:u;"}]}]},{"kind":"block","type":"code-line","key":"cbf7f31186b94529b65b1463d9fca4ac","isVoid":false,"data":{},"nodes":[{"kind":"text","key":"bf384b9753bc4b9ba95298ebd553c296","ranges":[{"kind":"range","marks":[],"text":""}]}]}]}]},{"kind":"block","type":"heading-2","key":"221f08aab7c3480f876416f69082dd69","isVoid":false,"data":{},"nodes":[{"kind":"text","key":"15ef7fa3f96f4f3fbc8255e84c89a5dd","ranges":[{"kind":"range","marks":[],"text":"WHERE Clause"}]}]},{"kind":"block","type":"paragraph","key":"78b25d72cd7c4bc58cb6e55e07ff7b25","isVoid":false,"data":{},"nodes":[{"kind":"text","key":"2b65441b009c4b5987fe18aa7b0b2256","ranges":[{"kind":"range","marks":[],"text":"In a multiple-hop pattern,  the WHERE clause is a conjunction of local hop predicates (conditions), with the exception that the starting end point can appear in the last hop local predicate. "}]}]},{"kind":"block","type":"paragraph","key":"3022a2b38c7a4a72b728051bf8bdea27","isVoid":false,"data":{},"nodes":[{"kind":"text","key":"0a14a893f9a84d5b8332906d4a3a343d","ranges":[{"kind":"range","marks":[],"text":"Consider a pattern"}]}]},{"kind":"block","type":"code","key":"16e489fd5a95463596d636167c3bbd6f","isVoid":false,"data":{},"nodes":[{"kind":"block","type":"code-tab","key":"c87f1f2fa0674196819f0ca2fd8cc8d8","isVoid":false,"data":{"syntax":"text"},"nodes":[{"kind":"block","type":"code-line","key":"3e048fc29fff4ecaab40fb3cdd2a50b0","isVoid":false,"data":{},"nodes":[{"kind":"text","key":"7c7241e8e4d449f1895223f86eb0b891","ranges":[{"kind":"range","marks":[],"text":"X1:x1-(E1:e1)-X2:x2-(E2:e2)-X3:x3-(E3:e3)-X4:x4"}]}]}]}]},{"kind":"block","type":"list-unordered","key":"ceacebaf92814b3fa9331d6f1f2513de","isVoid":false,"data":{},"nodes":[{"kind":"block","type":"list-item","key":"1360e7f9d29f483d81d9df6322369b1a","isVoid":false,"data":{},"nodes":[{"kind":"block","type":"paragraph","key":"0856eb690ded4bd88090ee8b8d05bf1b","isVoid":false,"data":{},"nodes":[{"kind":"text","key":"7c0fdf7ef7044517ac0af2891e52f62d","ranges":[{"kind":"range","marks":[{"kind":"mark","data":{},"type":"bold"}],"text":"Local hop predicate"},{"kind":"range","marks":[],"text":" means a predicate can refer to a single hop’s alias (x_i, e_i, x_(i+1)) only. "}]}]}]},{"kind":"block","type":"list-item","key":"1d3c2ae1525d4c36936ed3fce6ed07ac","isVoid":false,"data":{},"nodes":[{"kind":"block","type":"paragraph","key":"ad90e831694a4e06a744f2e7b6b9e54c","isVoid":false,"data":{},"nodes":[{"kind":"text","key":"f778d7b0370f416d83f86458d66cd556","ranges":[{"kind":"range","marks":[{"kind":"mark","data":{},"type":"bold"}],"text":"Last hop local predicate "},{"kind":"range","marks":[],"text":"can refer to the pattern's starting end point. I.e. (x1, x3, e3, x4). "}]}]}]},{"kind":"block","type":"list-item","key":"b3ec3e9a188a43699484230614dd240e","isVoid":false,"data":{},"nodes":[{"kind":"block","type":"paragraph","key":"a7d3be75ca4d46508ed7f5ad15c98d4e","isVoid":false,"data":{},"nodes":[{"kind":"text","key":"adfdade1248e4e049c0f08aa3c9116f2","ranges":[{"kind":"range","marks":[{"kind":"mark","data":{},"type":"bold"}],"text":"A WHERE clause "},{"kind":"range","marks":[],"text":"is a conjunction (AND) of local hop predicates. "}]}]}]}]},{"kind":"block","type":"code","key":"59ac7276f3f747ad92a20990556bd4c2","isVoid":false,"data":{},"nodes":[{"kind":"block","type":"code-tab","key":"b004dd9358864e9a9715c29c7fcf727b","isVoid":false,"data":{"syntax":"coffeescript","title":"WHERE Clause Support \"AND\" of Local Predicate"},"nodes":[{"kind":"block","type":"code-line","key":"9db6419656ba42e0a14940cfa9eaf06b","isVoid":false,"data":{},"nodes":[{"kind":"text","key":"4f86a27c2f6445d79f081dc9a6241af4","ranges":[{"kind":"range","marks":[],"text":"# (x, e2, y) belongs to the 1-hop"}]}]},{"kind":"block","type":"code-line","key":"996198e49729407db095d1b6fcdac504","isVoid":false,"data":{},"nodes":[{"kind":"text","key":"5f4daa97647b4534bc1582b4e184ec2a","ranges":[{"kind":"range","marks":[],"text":"# (y, e3, z) belongs to the 2-hop"}]}]},{"kind":"block","type":"code-line","key":"abac97a59cf740b2a9dcc7d8df435f8a","isVoid":false,"data":{},"nodes":[{"kind":"text","key":"c6a535f4bbbf4df7bbd3be02148523fb","ranges":[{"kind":"range","marks":[],"text":"# (x, z, e4, u) is the last hop local predicate"}]}]},{"kind":"block","type":"code-line","key":"48df2bf9791743959c6cd5722c06223b","isVoid":false,"data":{},"nodes":[{"kind":"text","key":"a9a964cb6c4047c5bb75e4c8378dab34","ranges":[{"kind":"range","marks":[],"text":"SELECT x"}]}]},{"kind":"block","type":"code-line","key":"97d41f4445ee4697aad99cf05b71dcfe","isVoid":false,"data":{},"nodes":[{"kind":"text","key":"038f841ba8b546da86198da763b3a4a2","ranges":[{"kind":"range","marks":[],"text":"FROM X:x-(E2>:e2)-Y:y-(<E3:e3)-Z:z-(E4:e4)-U:u"}]}]},{"kind":"block","type":"code-line","key":"961899a1064d486dbea7780a083f2c28","isVoid":false,"data":{},"nodes":[{"kind":"text","key":"31d7dc1901e74da09687ce54e54ae2cf","ranges":[{"kind":"range","marks":[],"text":"WHERE x.age > y.age AND y.name != z.name AND (x.salary + z.salary) < u.salary "}]}]}]}]},{"kind":"block","type":"list-unordered","key":"56f2a8a72863478893e41e44df598361","isVoid":false,"data":{},"nodes":[{"kind":"block","type":"list-item","key":"2ca9d1eae2b14d58a7aa9cd514bc89fa","isVoid":false,"data":{},"nodes":[{"kind":"block","type":"paragraph","key":"890741a74070433a86aa590c3a4fb06e","isVoid":false,"data":{},"nodes":[{"kind":"text","key":"3d3ab7157b63451580478c337483cd43","ranges":[{"kind":"range","marks":[{"kind":"mark","data":{},"type":"bold"}],"text":"Kleene Star breaks local hop predicate. "},{"kind":"range","marks":[],"text":"When a local hop's edge has kleene star, we cannot compose a local predicate using the local alias'. "}]}]}]}]},{"kind":"block","type":"code","key":"68cf8120617f4512bdd2609a4224c7ba","isVoid":false,"data":{},"nodes":[{"kind":"block","type":"code-tab","key":"db0ffb26900d4c89b730ffff877abbfb","isVoid":false,"data":{"syntax":"coffeescript","title":"Kleene Star Break Local Predicate"},"nodes":[{"kind":"block","type":"code-line","key":"597afc8361ee43c590230d2ba9df215b","isVoid":false,"data":{},"nodes":[{"kind":"text","key":"9c5dcb04e1fe4ec596ae8de789ba93ad","ranges":[{"kind":"range","marks":[],"text":"# (x,y) belongs to the 1-hop "}]}]},{"kind":"block","type":"code-line","key":"27c760f0808941799024b519857a8c65","isVoid":false,"data":{},"nodes":[{"kind":"text","key":"bf9d663911434c748b249d40d8c94794","ranges":[{"kind":"range","marks":[],"text":"# which has *, then semantic error will be given"}]}]},{"kind":"block","type":"code-line","key":"8d18b36fb6884ec6b0610ecd7bdab5d4","isVoid":false,"data":{},"nodes":[{"kind":"text","key":"73934e71fe5148379a616b9e7f25c514","ranges":[{"kind":"range","marks":[],"text":"SELECT x"}]}]},{"kind":"block","type":"code-line","key":"d46dfc9a4aec45cfa143427c544d1320","isVoid":false,"data":{},"nodes":[{"kind":"text","key":"03481d5d8bc34dee9719de36069b1180","ranges":[{"kind":"range","marks":[],"text":"FROM X:x-(E2>*:e2)-Y:y-(<E3:e3)-Z:z-(E4:e4)-U:u"}]}]},{"kind":"block","type":"code-line","key":"24ea02e6e35c44e4bca414a93f2b6032","isVoid":false,"data":{},"nodes":[{"kind":"text","key":"601b7efab6fc41d39209eb54f9a3aff3","ranges":[{"kind":"range","marks":[],"text":"WHERE x.age > y.age AND y.name != z.name AND (x.salary + z.salary) < u.salary "}]}]}]}]},{"kind":"block","type":"heading-2","key":"268b8422e8a54a9eb906c81ece061869","isVoid":false,"data":{},"nodes":[{"kind":"text","key":"bfb966dba8754f689134e484de2eb851","ranges":[{"kind":"range","marks":[],"text":"ACCUM and POST-ACCUM Clauses"}]}]},{"kind":"block","type":"paragraph","key":"3c54f397766348b0a7cb971d20d3f74c","isVoid":false,"data":{},"nodes":[{"kind":"text","key":"84ddf99d330b48568aaa1d993f15caeb","ranges":[{"kind":"range","marks":[],"text":"In the current version of GSQL, only certain parts of a pattern (and their corresponding aliases) are available in ACCUM and POST-ACCUM clauses. Refer to the example pattern and its highlighted parts in Figure 4 below."}]}]},{"kind":"block","type":"image","key":"bea9d20b807142b28555d3423212cbb0","isVoid":true,"data":{"assetID":"-LhrOTHZrLrZ7_C3U6Jv","size":"original","caption":"Figure 4. Example pattern to show ACCUM behavior "},"nodes":[{"kind":"text","key":"e1175ad0affe417f8f475da8f7b82436","ranges":[{"kind":"range","marks":[],"text":""}]}]},{"kind":"block","type":"list-ordered","key":"61b380c43a5042bea9071fd3ab1c6581","isVoid":false,"data":{},"nodes":[{"kind":"block","type":"list-item","key":"b2c33ddb040643ec8d872294068f1ecf","isVoid":false,"data":{},"nodes":[{"kind":"block","type":"paragraph","key":"2e2b325bd84c4fddbeec974e85376459","isVoid":false,"data":{},"nodes":[{"kind":"text","key":"7c820c2a2bcf43f293f46c917b4c9082","ranges":[{"kind":"range","marks":[],"text":"Accumulators can only be attached to the pattern's endpoints (x and u in the figure). The accumulation statements may only access data from either the left endpoint (x) or the rightmost hop (z, e4, and u). Below is an example of a valid ACCUM clause."}]}]}]},{"kind":"block","type":"list-item","key":"dad3d651aeb749fe9c5fd5f98d9457e4","isVoid":false,"data":{},"nodes":[{"kind":"block","type":"paragraph","key":"72e82ac34d2543c19739652408c8b6d5","isVoid":false,"data":{},"nodes":[{"kind":"text","key":"7643db5e591a47cf8bb74a7bfbd551cd","ranges":[{"kind":"range","marks":[],"text":"In the POST-ACCUM clause, only the pattern's endpoints can be accessed."}]}]}]},{"kind":"block","type":"list-item","key":"beac670621e7479394214b91b67ddb70","isVoid":false,"data":{},"nodes":[{"kind":"block","type":"paragraph","key":"1c3dc1d121e64c208b4c0c197dabf183","isVoid":false,"data":{},"nodes":[{"kind":"text","key":"8afe6325670849b79b79dbf6886aed00","ranges":[{"kind":"range","marks":[],"text":"For queries in Distributed mode, accumulators may only be on the right endpoint (x in the figure)."}]}]}]}]},{"kind":"block","type":"paragraph","key":"fcb4e82e36ea4649983fe8322a24a62a","isVoid":false,"data":{},"nodes":[{"kind":"text","key":"22a4a1ce34244a3dbf6f59dc12af773a","ranges":[{"kind":"range","marks":[],"text":"The example below shows a valid ACCUM clause:"}]}]},{"kind":"block","type":"code","key":"9fb55d5b604e490a88a23deeb3079aee","isVoid":false,"data":{},"nodes":[{"kind":"block","type":"code-tab","key":"50b2f625537d47deaaa4204da2c0e123","isVoid":false,"data":{"syntax":"coffeescript","title":"ACCUM To The Two End Points of A Pattern"},"nodes":[{"kind":"block","type":"code-line","key":"77e2d27055c643868bb98898803f4f26","isVoid":false,"data":{},"nodes":[{"kind":"text","key":"a629e7f4bf874104aacd1becaa4cde72","ranges":[{"kind":"range","marks":[],"text":"# (z,e4, u) belongs to the last-hop aliass "}]}]},{"kind":"block","type":"code-line","key":"8fdb2f158a4d4d60b0ce499527301f5f","isVoid":false,"data":{},"nodes":[{"kind":"text","key":"29c7c85c9d334850b356c4c7645b9921","ranges":[{"kind":"range","marks":[],"text":"# (x, u) are the end points of the pattern"}]}]},{"kind":"block","type":"code-line","key":"52d64a7aab1c4d50b8c4734e09428b99","isVoid":false,"data":{},"nodes":[{"kind":"text","key":"5f3c1e2dcb5244ea994209c2ba1b3cc8","ranges":[{"kind":"range","marks":[],"text":"SELECT x"}]}]},{"kind":"block","type":"code-line","key":"e9401e9b12ac4505845c6eca51b36009","isVoid":false,"data":{},"nodes":[{"kind":"text","key":"75cf8d6b77764de282dcf85fdf19f5e6","ranges":[{"kind":"range","marks":[],"text":"FROM X:x-(E2>*:e2)-Y:y-(<E3:e3)-Z:z-(E4:e4)-U:u"}]}]},{"kind":"block","type":"code-line","key":"3e3b821c558144bb8592ea7df278a0ca","isVoid":false,"data":{},"nodes":[{"kind":"text","key":"e38f9294007a48e9a70169edb64d1aba","ranges":[{"kind":"range","marks":[],"text":"ACCUM x.@cnt += z.id, u.@cnt += e4.id"}]}]}]}]},{"kind":"block","type":"heading-1","key":"32a6503ccd4143589f988fc4ef2de56b","isVoid":false,"data":{},"nodes":[{"kind":"text","key":"772da7b9846d47fcbaa6625355b18418","ranges":[{"kind":"range","marks":[],"text":"Examples of Multiple Hop Pattern Match"}]}]},{"kind":"block","type":"paragraph","key":"73fad8d4a0374e64a63de002f88a49cf","isVoid":false,"data":{},"nodes":[{"kind":"text","key":"712f7624abc6456c978b41e71e7f7a3a","ranges":[{"kind":"range","marks":[{"kind":"mark","data":{},"type":"bold"}],"text":"Example 1. Find the 3rd superclass of the Tag class whose name is \"TennisPlayer\". "}]}]},{"kind":"block","type":"code","key":"aafbdb33c6f9406cbe4f0a27020bcef8","isVoid":false,"data":{},"nodes":[{"kind":"block","type":"code-tab","key":"757d909f606d44baa000b24834ba53aa","isVoid":false,"data":{"syntax":"coffeescript","title":"Example1. Succict Representation Of Multiple-hop Pattern"},"nodes":[{"kind":"block","type":"code-line","key":"6087ad27d9c94021a393e58052109a2a","isVoid":false,"data":{},"nodes":[{"kind":"text","key":"7b1dae7d1dcc42b4b4c5d77b6ce0b46d","ranges":[{"kind":"range","marks":[],"text":"USE GRAPH ldbc_snb"}]}]},{"kind":"block","type":"code-line","key":"d91a23bd9a65455388829646676b05af","isVoid":false,"data":{},"nodes":[{"kind":"text","key":"2289663ec78f44d3bf3ec0d97e6cba57","ranges":[{"kind":"range","marks":[],"text":"SET syntax_version=\"v2\""}]}]},{"kind":"block","type":"code-line","key":"fb1f63f5128a495689cadb6c9764a138","isVoid":false,"data":{},"nodes":[{"kind":"text","key":"b24d4e74700e43eb923f95ffe55dd0a5","ranges":[{"kind":"range","marks":[],"text":""}]}]},{"kind":"block","type":"code-line","key":"237930193e924c44b0b5e5b4f21d8a46","isVoid":false,"data":{},"nodes":[{"kind":"text","key":"d06260e261a84657b3a07915df9ec39c","ranges":[{"kind":"range","marks":[],"text":"INTERPRET QUERY () FOR GRAPH ldbc_snb {"}]}]},{"kind":"block","type":"code-line","key":"6d988c3c74174b0b833258ba68f55bec","isVoid":false,"data":{},"nodes":[{"kind":"text","key":"11898ad0c82e49eeadf8584dba775779","ranges":[{"kind":"range","marks":[],"text":""}]}]},{"kind":"block","type":"code-line","key":"fbefb1ad58d745f99fd26a8b2a0a3f53","isVoid":false,"data":{},"nodes":[{"kind":"text","key":"f197790aa5354370b60520965bd5ba5c","ranges":[{"kind":"range","marks":[],"text":"  TagClass1 = {TagClass.*};"}]}]},{"kind":"block","type":"code-line","key":"23592033164241dbb9ad5b8a2c098fd4","isVoid":false,"data":{},"nodes":[{"kind":"text","key":"afe1f9b9bdc24956a47271fe8eb186d5","ranges":[{"kind":"range","marks":[],"text":""}]}]},{"kind":"block","type":"code-line","key":"495255934b704918ba5933d2e0499aa9","isVoid":false,"data":{},"nodes":[{"kind":"text","key":"2c5459438abd4ae79f659529a8827c87","ranges":[{"kind":"range","marks":[],"text":"  TagClass2 =  SELECT t"}]}]},{"kind":"block","type":"code-line","key":"cf3a26d70854469aa3148bc052d661a5","isVoid":false,"data":{},"nodes":[{"kind":"text","key":"f4c020592d4c4876b8b191a133529b00","ranges":[{"kind":"range","marks":[],"text":"    FROM TagClass1:s - (TagClass_IS_SUBCLASS_OF_TagClass>.TagClass_IS_SUBCLASS_OF_TagClass>.TagClass_IS_SUBCLASS_OF_TagClass>)-TagClass:t"}]}]},{"kind":"block","type":"code-line","key":"d5721ab3e46b4d1da0178b6e2986d3e8","isVoid":false,"data":{},"nodes":[{"kind":"text","key":"055950a72fc24a0b8a5d566d3eaf4577","ranges":[{"kind":"range","marks":[],"text":"    WHERE s.name == \"TennisPlayer\";"}]}]},{"kind":"block","type":"code-line","key":"e6604b1481ca4fc2b1aa1430d830b16c","isVoid":false,"data":{},"nodes":[{"kind":"text","key":"3941e977a70444d1a7f59f01c7ebf671","ranges":[{"kind":"range","marks":[],"text":""}]}]},{"kind":"block","type":"code-line","key":"fbe39489993845e9b29aa872761a4687","isVoid":false,"data":{},"nodes":[{"kind":"text","key":"4adc0305ce8c484fa4e6b2a4256fff1f","ranges":[{"kind":"range","marks":[],"text":"  PRINT  TagClass2;"}]}]},{"kind":"block","type":"code-line","key":"fc88f3224ed640baa6e05f4be27f1d8a","isVoid":false,"data":{},"nodes":[{"kind":"text","key":"e53fa1d66a4f4bc089e0647310cbc945","ranges":[{"kind":"range","marks":[],"text":"}\n"}]}]}]}]},{"kind":"block","type":"paragraph","key":"a36b06b9baa04fd7bde5153b8f5d93d6","isVoid":false,"data":{},"nodes":[{"kind":"text","key":"4b9e9b7a52fd4adb86b3134548b11ec5","ranges":[{"kind":"range","marks":[],"text":"You can copy the above GSQL script to a file named example1.gsql, and invoke this script file in a Linux shell. "}]}]},{"kind":"block","type":"code","key":"d208d7eef51641a095cbaf3e395e1553","isVoid":false,"data":{},"nodes":[{"kind":"block","type":"code-tab","key":"80dc1fcdabcb4a9fa650125499f610f2","isVoid":false,"data":{"syntax":"bash","title":"Linux Bash"},"nodes":[{"kind":"block","type":"code-line","key":"7ccbef6f6d4b420c9de0bafe210acf78","isVoid":false,"data":{},"nodes":[{"kind":"text","key":"d223d4e2fe5d455288282c33e4a2d6d4","ranges":[{"kind":"range","marks":[],"text":"gsql example1.gsql"}]}]}]}]},{"kind":"block","type":"code","key":"4b8f80dc4488408abe19212ed83498aa","isVoid":false,"data":{},"nodes":[{"kind":"block","type":"code-tab","key":"98a9cfaab01c4f868fa9b5f6cedd9107","isVoid":false,"data":{"syntax":"coffeescript","title":" Output of Example 1"},"nodes":[{"kind":"block","type":"code-line","key":"f90cef7b581a4be39f8f7d49d823ce07","isVoid":false,"data":{},"nodes":[{"kind":"text","key":"ee69332859144b2bbf0657a25442ca89","ranges":[{"kind":"range","marks":[],"text":"Using graph 'ldbc_snb'"}]}]},{"kind":"block","type":"code-line","key":"1c92cceb710047ad87df08ace3d6e4ff","isVoid":false,"data":{},"nodes":[{"kind":"text","key":"b43ed462fcb04adda0b670274e1350db","ranges":[{"kind":"range","marks":[],"text":"{"}]}]},{"kind":"block","type":"code-line","key":"c1b351164328480cbbbf43b1b8d20d9c","isVoid":false,"data":{},"nodes":[{"kind":"text","key":"31430e1c37904ed297913f9e8a4cfa7a","ranges":[{"kind":"range","marks":[],"text":"  \"error\": false,"}]}]},{"kind":"block","type":"code-line","key":"1da0cda84bae4f3ea414763f45b7920b","isVoid":false,"data":{},"nodes":[{"kind":"text","key":"30b26c6d03774f6eacb7dabdccbb7649","ranges":[{"kind":"range","marks":[],"text":"  \"message\": \"\","}]}]},{"kind":"block","type":"code-line","key":"fa5f4e4977d14ef5b622795e66a1c999","isVoid":false,"data":{},"nodes":[{"kind":"text","key":"1745d615f0544996946453af20aa40f3","ranges":[{"kind":"range","marks":[],"text":"  \"version\": {"}]}]},{"kind":"block","type":"code-line","key":"c1fb188916cc4dddb4a3fe71f47725d1","isVoid":false,"data":{},"nodes":[{"kind":"text","key":"33ec48986fea4fd5a10bcd8b262f9073","ranges":[{"kind":"range","marks":[],"text":"    \"schema\": 0,"}]}]},{"kind":"block","type":"code-line","key":"0aa99e3696dc4782969e7b8a607a4b4a","isVoid":false,"data":{},"nodes":[{"kind":"text","key":"e808e61e3f544f8f950575d049fec464","ranges":[{"kind":"range","marks":[],"text":"    \"edition\": \"enterprise\","}]}]},{"kind":"block","type":"code-line","key":"dccf9f10b8954b76949b428ea8e89b41","isVoid":false,"data":{},"nodes":[{"kind":"text","key":"f3fabdecf665414c94b3df7234b67877","ranges":[{"kind":"range","marks":[],"text":"    \"api\": \"v2\""}]}]},{"kind":"block","type":"code-line","key":"29a3b289f18840cabd784612a6a63228","isVoid":false,"data":{},"nodes":[{"kind":"text","key":"a58f79fc41fc4bb3b570d9aa4d9eb570","ranges":[{"kind":"range","marks":[],"text":"  },"}]}]},{"kind":"block","type":"code-line","key":"132c3b8b70b84f3d906ad01e53931018","isVoid":false,"data":{},"nodes":[{"kind":"text","key":"6d8a0e94317943be93f14ba8d524db3d","ranges":[{"kind":"range","marks":[],"text":"  \"results\": [{\"TagClass2\": [{"}]}]},{"kind":"block","type":"code-line","key":"daddd22a76bf4319ba67688ecaabd2c6","isVoid":false,"data":{},"nodes":[{"kind":"text","key":"cb54d7a0be49448197f242fe31a02d2b","ranges":[{"kind":"range","marks":[],"text":"    \"v_id\": \"239\","}]}]},{"kind":"block","type":"code-line","key":"73363b98eb7a409f868cd85510016b9e","isVoid":false,"data":{},"nodes":[{"kind":"text","key":"bcfbd2d4558f4b669a6d5b38494aea6d","ranges":[{"kind":"range","marks":[],"text":"    \"attributes\": {"}]}]},{"kind":"block","type":"code-line","key":"6f0c70e03ff4479c999fe6fc4a577c02","isVoid":false,"data":{},"nodes":[{"kind":"text","key":"2b329910374f4dd69c9f89f8c5e578e5","ranges":[{"kind":"range","marks":[],"text":"      \"name\": \"Agent\","}]}]},{"kind":"block","type":"code-line","key":"c4f06c35f8e3497683e4adf78aa251d9","isVoid":false,"data":{},"nodes":[{"kind":"text","key":"e1b09910188c41468e8fd2b25a82b8f4","ranges":[{"kind":"range","marks":[],"text":"      \"id\": 239,"}]}]},{"kind":"block","type":"code-line","key":"e742d03cb71749d4b78a7194bdf89273","isVoid":false,"data":{},"nodes":[{"kind":"text","key":"faa64539c2ee4f55a8e51fcd92867d8f","ranges":[{"kind":"range","marks":[],"text":"      \"url\": \"http://dbpedia.org/ontology/Agent\""}]}]},{"kind":"block","type":"code-line","key":"5239f646b0214963a6b7d935d5089c7c","isVoid":false,"data":{},"nodes":[{"kind":"text","key":"fed92e1d35d84dafa7c11f19a1f9504e","ranges":[{"kind":"range","marks":[],"text":"    },"}]}]},{"kind":"block","type":"code-line","key":"7f6f5f692af143ffaec319af62848b29","isVoid":false,"data":{},"nodes":[{"kind":"text","key":"e3708d6d35374f01bd1f94864973305d","ranges":[{"kind":"range","marks":[],"text":"    \"v_type\": \"TagClass\""}]}]},{"kind":"block","type":"code-line","key":"e764bed679264856ba3d2849dc61d5e4","isVoid":false,"data":{},"nodes":[{"kind":"text","key":"ff5817030617495b989c6a6c9446138b","ranges":[{"kind":"range","marks":[],"text":"  }]}]"}]}]},{"kind":"block","type":"code-line","key":"de3bb19a571a4645bc316f68071bb4c9","isVoid":false,"data":{},"nodes":[{"kind":"text","key":"230f898f6353412e9a1f95f06060e628","ranges":[{"kind":"range","marks":[],"text":"}"}]}]}]}]},{"kind":"block","type":"paragraph","key":"b2c9057ba08845ef9f653386569fc57d","isVoid":false,"data":{},"nodes":[{"kind":"text","key":"518a42fc553549c39899adc2a746e68e","ranges":[{"kind":"range","marks":[{"kind":"mark","data":{},"type":"bold"}],"text":"Example 2. Find in which continents were the 3 most recent messages in Jan 2011 created."}]}]},{"kind":"block","type":"code","key":"c818c949b91c4baf858ab69e737e9be4","isVoid":false,"data":{},"nodes":[{"kind":"block","type":"code-tab","key":"f477abda472543058afdbc8aa10d3116","isVoid":false,"data":{"syntax":"coffeescript","title":"Example1. Disjunction In A Succict Representation Of Multiple-hop Pattern"},"nodes":[{"kind":"block","type":"code-line","key":"0b1879fb9c67485cb84e95936ede2360","isVoid":false,"data":{},"nodes":[{"kind":"text","key":"15e8109d7dad4ffe8b9354aeccc0d48a","ranges":[{"kind":"range","marks":[],"text":"USE GRAPH ldbc_snb"}]}]},{"kind":"block","type":"code-line","key":"ecbeaf50f0434c8dbf842fe03c1b2966","isVoid":false,"data":{},"nodes":[{"kind":"text","key":"8733f649601b4287b679869cf35396f6","ranges":[{"kind":"range","marks":[],"text":"SET syntax_version=\"v2\""}]}]},{"kind":"block","type":"code-line","key":"1eaf3ca408a7421f8b78c3fe430706fd","isVoid":false,"data":{},"nodes":[{"kind":"text","key":"d584df5e2f1c4971bdf093fd0b424f2e","ranges":[{"kind":"range","marks":[],"text":""}]}]},{"kind":"block","type":"code-line","key":"39953f0da610488499daadec832b4273","isVoid":false,"data":{},"nodes":[{"kind":"text","key":"00bc76d2611245149379ecc3396e4ee8","ranges":[{"kind":"range","marks":[],"text":"INTERPRET QUERY () FOR GRAPH ldbc_snb {"}]}]},{"kind":"block","type":"code-line","key":"0619405012674e31a51a3d9d1488550c","isVoid":false,"data":{},"nodes":[{"kind":"text","key":"00e3a304742d45faba9508bf5f540f2b","ranges":[{"kind":"range","marks":[],"text":""}]}]},{"kind":"block","type":"code-line","key":"4a2eca2931674e859f866580e04a6b5b","isVoid":false,"data":{},"nodes":[{"kind":"text","key":"1d61bcf0e1fc48559cec85c0a820a49c","ranges":[{"kind":"range","marks":[],"text":"  SumAccum<String> @continentName;"}]}]},{"kind":"block","type":"code-line","key":"58ddc52a51f04efea051c58333d6fbf8","isVoid":false,"data":{},"nodes":[{"kind":"text","key":"7bcda2e77aa94955b3e732ddf8de4105","ranges":[{"kind":"range","marks":[],"text":""}]}]},{"kind":"block","type":"code-line","key":"fe2667b4c7dd4589b24c4712ecddee9f","isVoid":false,"data":{},"nodes":[{"kind":"text","key":"ec8e775681124a38ae5893c16bef95c2","ranges":[{"kind":"range","marks":[],"text":"  msg = {Comment.*, Post.*};"}]}]},{"kind":"block","type":"code-line","key":"fbf46c48ca7e4aa38daa86fbf1c60037","isVoid":false,"data":{},"nodes":[{"kind":"text","key":"ffb145b1f1c24e47a9eb5b9c3872977b","ranges":[{"kind":"range","marks":[],"text":""}]}]},{"kind":"block","type":"code-line","key":"59e5437d9a9b433ba0f62a4d2751424f","isVoid":false,"data":{},"nodes":[{"kind":"text","key":"eb395a143b504789a69f4ed6cc4be8ff","ranges":[{"kind":"range","marks":[],"text":"  accMsgContinent ="}]}]},{"kind":"block","type":"code-line","key":"fe8684d53d8d48d089759f345bee1d9d","isVoid":false,"data":{},"nodes":[{"kind":"text","key":"746f6c3e9a824dd594c0a876405325d6","ranges":[{"kind":"range","marks":[],"text":"    SELECT s"}]}]},{"kind":"block","type":"code-line","key":"b5303646256840438692505d5dc0c26f","isVoid":false,"data":{},"nodes":[{"kind":"text","key":"67a9befa5ac04784818ceeaf3145555e","ranges":[{"kind":"range","marks":[],"text":"    FROM msg:s-((Post_IS_LOCATED_IN_Country>|Comment_IS_LOCATED_IN_Country>).Country_IS_PART_OF_Continent>)-Continent:t"}]}]},{"kind":"block","type":"code-line","key":"81aebca8c517428b8c564c6e669fed04","isVoid":false,"data":{},"nodes":[{"kind":"text","key":"ade68f154ff6433eacae982b68f9ac11","ranges":[{"kind":"range","marks":[],"text":"    WHERE  year(s.creationDate) == 2011 AND month(s.creationDate) == 1"}]}]},{"kind":"block","type":"code-line","key":"5e8290b86c5d4804a17d7070140eeb55","isVoid":false,"data":{},"nodes":[{"kind":"text","key":"5deaf298ea314cb7993bdd010c164fd4","ranges":[{"kind":"range","marks":[],"text":"    ACCUM s.@continentName = t.name"}]}]},{"kind":"block","type":"code-line","key":"e3da0505ecdb4950b2fba0f65cdaaeed","isVoid":false,"data":{},"nodes":[{"kind":"text","key":"b9a3191fb6dc4fe5976d326f133a2193","ranges":[{"kind":"range","marks":[],"text":"    ORDER BY s.creationDate DESC"}]}]},{"kind":"block","type":"code-line","key":"31cd498688e04b56aeb0568aa6ea6882","isVoid":false,"data":{},"nodes":[{"kind":"text","key":"8f2a65a8a19b403e8a7dad04ff70bdd1","ranges":[{"kind":"range","marks":[],"text":"    LIMIT 3;"}]}]},{"kind":"block","type":"code-line","key":"08550e34e9e04aea8099a795edd94581","isVoid":false,"data":{},"nodes":[{"kind":"text","key":"a0cade190d204448a7581a56f94c3093","ranges":[{"kind":"range","marks":[],"text":""}]}]},{"kind":"block","type":"code-line","key":"dd2d5626a937456981acbdc09a0e6b39","isVoid":false,"data":{},"nodes":[{"kind":"text","key":"fc9b80d91deb4a008f69ea077f7c6222","ranges":[{"kind":"range","marks":[],"text":"  PRINT  accMsgContinent;"}]}]},{"kind":"block","type":"code-line","key":"477065c852794ec1b4de492df3180848","isVoid":false,"data":{},"nodes":[{"kind":"text","key":"d24cda89e0a24f79a22767d821c42a89","ranges":[{"kind":"range","marks":[],"text":"}"}]}]}]}]},{"kind":"block","type":"paragraph","key":"c86972e67af045baa7e7f79c51815a59","isVoid":false,"data":{},"nodes":[{"kind":"text","key":"89dd2b557033434b891030afdbe84bfb","ranges":[{"kind":"range","marks":[],"text":"You can copy the above GSQL script to a file named example2.gsql, and invoke this script file in a Linux shell. "}]}]},{"kind":"block","type":"code","key":"646f2ae715fc425da2e69f45fe57b339","isVoid":false,"data":{},"nodes":[{"kind":"block","type":"code-tab","key":"39c6848c35324fc0a807784066008631","isVoid":false,"data":{"syntax":"bash","title":"Linux Bash"},"nodes":[{"kind":"block","type":"code-line","key":"423a54085e5648398a59a6dde8910682","isVoid":false,"data":{},"nodes":[{"kind":"text","key":"50a4c3c53c474125838097ecd0a4d99b","ranges":[{"kind":"range","marks":[],"text":"gsql example2.gsql"}]}]}]}]},{"kind":"block","type":"code","key":"25d19c5ee1604e07a0c91feecfe132df","isVoid":false,"data":{},"nodes":[{"kind":"block","type":"code-tab","key":"b8b824b95ada4eaa98a07335eabac7a6","isVoid":false,"data":{"syntax":"coffeescript","title":" Output of Example 2"},"nodes":[{"kind":"block","type":"code-line","key":"6009327374044d4d92b18a4394943534","isVoid":false,"data":{},"nodes":[{"kind":"text","key":"4507a4bdd2eb43a9886016b39cc42bd6","ranges":[{"kind":"range","marks":[],"text":"Using graph 'ldbc_snb'"}]}]},{"kind":"block","type":"code-line","key":"ef332397e43b4896ba44290e60f84257","isVoid":false,"data":{},"nodes":[{"kind":"text","key":"44dc92969b8744b8a60963341cd9965c","ranges":[{"kind":"range","marks":[],"text":"{"}]}]},{"kind":"block","type":"code-line","key":"4f6eb32ae34e4b978152fbf2a54bf89c","isVoid":false,"data":{},"nodes":[{"kind":"text","key":"97df576e8f9b496290128078ff5be80a","ranges":[{"kind":"range","marks":[],"text":"  \"error\": false,"}]}]},{"kind":"block","type":"code-line","key":"ab366a89f9e9469cb15df2abab2c4aa9","isVoid":false,"data":{},"nodes":[{"kind":"text","key":"c8e8ab2c1ac244d2bc09c10447b41a76","ranges":[{"kind":"range","marks":[],"text":"  \"message\": \"\","}]}]},{"kind":"block","type":"code-line","key":"fe6824433f524efd883ec5dc9681fd6c","isVoid":false,"data":{},"nodes":[{"kind":"text","key":"4c9ee8a2325646d8a80f73b6e0a965a2","ranges":[{"kind":"range","marks":[],"text":"  \"version\": {"}]}]},{"kind":"block","type":"code-line","key":"60a33cb99d444caca5604000596e06eb","isVoid":false,"data":{},"nodes":[{"kind":"text","key":"1cd9949674274b6692a3c49105ea7869","ranges":[{"kind":"range","marks":[],"text":"    \"schema\": 0,"}]}]},{"kind":"block","type":"code-line","key":"3e7af1c688d44e6eb11b95e537705c7b","isVoid":false,"data":{},"nodes":[{"kind":"text","key":"311c8036adc64268836a53bd09cef098","ranges":[{"kind":"range","marks":[],"text":"    \"edition\": \"enterprise\","}]}]},{"kind":"block","type":"code-line","key":"acdbd9fa8a174ec1a7ce665e304b93a4","isVoid":false,"data":{},"nodes":[{"kind":"text","key":"2429f0f061e74c22a5dfad2ecdc61abe","ranges":[{"kind":"range","marks":[],"text":"    \"api\": \"v2\""}]}]},{"kind":"block","type":"code-line","key":"49ca296b047e47119e25abcd303e582d","isVoid":false,"data":{},"nodes":[{"kind":"text","key":"54d321bbd21846968dfee64852e177a3","ranges":[{"kind":"range","marks":[],"text":"  },"}]}]},{"kind":"block","type":"code-line","key":"f61f43ec049d4a129f07d485f4273b79","isVoid":false,"data":{},"nodes":[{"kind":"text","key":"85090bb4aba0434c8f28a580be474493","ranges":[{"kind":"range","marks":[],"text":"  \"results\": [{\"accMsgContinent\": ["}]}]},{"kind":"block","type":"code-line","key":"c3391acd6dd049bbb2adb728943f4415","isVoid":false,"data":{},"nodes":[{"kind":"text","key":"aa90ebc436eb4169b7283de07522ca47","ranges":[{"kind":"range","marks":[],"text":"    {"}]}]},{"kind":"block","type":"code-line","key":"09b9a5977f024ae7a8069b8f9b40b438","isVoid":false,"data":{},"nodes":[{"kind":"text","key":"3b1569db059d45a8abf2cdf8d3e3f832","ranges":[{"kind":"range","marks":[],"text":"      \"v_id\": \"824640012997\","}]}]},{"kind":"block","type":"code-line","key":"b61d3d1c15264dd6b66436b080825492","isVoid":false,"data":{},"nodes":[{"kind":"text","key":"b24ced71293947b989cdeddba05e5660","ranges":[{"kind":"range","marks":[],"text":"      \"attributes\": {"}]}]},{"kind":"block","type":"code-line","key":"62a8f8ea54f8440cb2977bdd50a66d3c","isVoid":false,"data":{},"nodes":[{"kind":"text","key":"8583fdd28b7046798c9ee45c267a2ebc","ranges":[{"kind":"range","marks":[],"text":"        \"browserUsed\": \"Firefox\","}]}]},{"kind":"block","type":"code-line","key":"c027901cdc4d4a87bdfdd3968881e88f","isVoid":false,"data":{},"nodes":[{"kind":"text","key":"957dd00b06fa4dc2b349d0a62405b378","ranges":[{"kind":"range","marks":[],"text":"        \"length\": 7,"}]}]},{"kind":"block","type":"code-line","key":"4461657672bb48b3a7f315aeced466af","isVoid":false,"data":{},"nodes":[{"kind":"text","key":"b20617b7f1734a4086c88519b2020400","ranges":[{"kind":"range","marks":[],"text":"        \"locationIP\": \"27.112.21.246\","}]}]},{"kind":"block","type":"code-line","key":"bff1659a6fd24385877647efd0a50ae8","isVoid":false,"data":{},"nodes":[{"kind":"text","key":"578d1e1eab7e4a0b95fb63065ac9dae8","ranges":[{"kind":"range","marks":[],"text":"        \"@continentName\": \"Asia\","}]}]},{"kind":"block","type":"code-line","key":"bf03b44ed3524276b4b93e89ef16fd43","isVoid":false,"data":{},"nodes":[{"kind":"text","key":"d5641a3182c04169a11391e3566d100a","ranges":[{"kind":"range","marks":[],"text":"        \"id\": 824640012997,"}]}]},{"kind":"block","type":"code-line","key":"67d0532db1cb410eb8c7696f9d30a7f6","isVoid":false,"data":{},"nodes":[{"kind":"text","key":"d8e96ac8d8094dac81fa3e2d060ca4f3","ranges":[{"kind":"range","marks":[],"text":"        \"creationDate\": \"2011-01-31 23:54:28\","}]}]},{"kind":"block","type":"code-line","key":"92520b9129584923811026585e76d15e","isVoid":false,"data":{},"nodes":[{"kind":"text","key":"d897195dd00e420e924bff9c5e334f89","ranges":[{"kind":"range","marks":[],"text":"        \"content\": \"no way!\""}]}]},{"kind":"block","type":"code-line","key":"b4b43bd73abd450ba57bd0de61b69d84","isVoid":false,"data":{},"nodes":[{"kind":"text","key":"aa062039167a47f9958538270ea24dc9","ranges":[{"kind":"range","marks":[],"text":"      },"}]}]},{"kind":"block","type":"code-line","key":"dca7fe8b45594b24b657f384884bad16","isVoid":false,"data":{},"nodes":[{"kind":"text","key":"f2932a23215e402fa0aa8c246d3cd099","ranges":[{"kind":"range","marks":[],"text":"      \"v_type\": \"Comment\""}]}]},{"kind":"block","type":"code-line","key":"214f9bf9a5a64cfba8649d9966e37157","isVoid":false,"data":{},"nodes":[{"kind":"text","key":"c20b8026248b4b5a9eed2f8d1eb19324","ranges":[{"kind":"range","marks":[],"text":"    },"}]}]},{"kind":"block","type":"code-line","key":"7fca2c588cdd4d25bba5231183c87e32","isVoid":false,"data":{},"nodes":[{"kind":"text","key":"9d005cc187e845b994b39703deccd696","ranges":[{"kind":"range","marks":[],"text":"    {"}]}]},{"kind":"block","type":"code-line","key":"99b02622fb234cb286f1d6cafe9e5785","isVoid":false,"data":{},"nodes":[{"kind":"text","key":"d88f633ed0c64647b30d6fcea0114123","ranges":[{"kind":"range","marks":[],"text":"      \"v_id\": \"824636727408\","}]}]},{"kind":"block","type":"code-line","key":"f0c666b4140e41aba28058f87c63a3c6","isVoid":false,"data":{},"nodes":[{"kind":"text","key":"33e4230a437d4795b6d2c3a42e319fa5","ranges":[{"kind":"range","marks":[],"text":"      \"attributes\": {"}]}]},{"kind":"block","type":"code-line","key":"5f71a35b305a4dd58b362cfd6d1c6a9f","isVoid":false,"data":{},"nodes":[{"kind":"text","key":"aec7b85c88944579bd179ae5b207e6f4","ranges":[{"kind":"range","marks":[],"text":"        \"browserUsed\": \"Firefox\","}]}]},{"kind":"block","type":"code-line","key":"c415e0dca00f4bfabc6e1664391ce39f","isVoid":false,"data":{},"nodes":[{"kind":"text","key":"89c41926fe37472bba2fcb275c5de83d","ranges":[{"kind":"range","marks":[],"text":"        \"length\": 3,"}]}]},{"kind":"block","type":"code-line","key":"5b9e58be7c4841e5828e6ec721a3352f","isVoid":false,"data":{},"nodes":[{"kind":"text","key":"3bfdf30ccd984e2a98d6e0db95a32b23","ranges":[{"kind":"range","marks":[],"text":"        \"locationIP\": \"31.2.225.17\","}]}]},{"kind":"block","type":"code-line","key":"fed2a10054d145829b300365bf802c95","isVoid":false,"data":{},"nodes":[{"kind":"text","key":"c11aa999550b40c49efd59cfaa412a0e","ranges":[{"kind":"range","marks":[],"text":"        \"@continentName\": \"Europe\","}]}]},{"kind":"block","type":"code-line","key":"5c9e210345424fbc8d069d21538d72e7","isVoid":false,"data":{},"nodes":[{"kind":"text","key":"95d424fd742649e8a84b3e1fb9f24245","ranges":[{"kind":"range","marks":[],"text":"        \"id\": 824636727408,"}]}]},{"kind":"block","type":"code-line","key":"dd6ab0f0fb6e4d1380fed34947467560","isVoid":false,"data":{},"nodes":[{"kind":"text","key":"eaf73c3cd9234a3399fe60558ed3b274","ranges":[{"kind":"range","marks":[],"text":"        \"creationDate\": \"2011-01-31 23:57:46\","}]}]},{"kind":"block","type":"code-line","key":"f8ad4358db074c88a6a41eabcf1de76c","isVoid":false,"data":{},"nodes":[{"kind":"text","key":"bb2fb7358d1b4d9ba057e216ea5fbb75","ranges":[{"kind":"range","marks":[],"text":"        \"content\": \"thx\""}]}]},{"kind":"block","type":"code-line","key":"90f3457a8cc14659906856b53a44f210","isVoid":false,"data":{},"nodes":[{"kind":"text","key":"faadb9548d184c6a966563854bba1b00","ranges":[{"kind":"range","marks":[],"text":"      },"}]}]},{"kind":"block","type":"code-line","key":"30ffb8d608684544a67875dd93cf30c1","isVoid":false,"data":{},"nodes":[{"kind":"text","key":"5f0e82476fe8492cae348d4340fe90fd","ranges":[{"kind":"range","marks":[],"text":"      \"v_type\": \"Comment\""}]}]},{"kind":"block","type":"code-line","key":"e7c010dc5ef34a8fbe86d512c9784080","isVoid":false,"data":{},"nodes":[{"kind":"text","key":"d0ca786d241b4177ad1cc3016ae5985b","ranges":[{"kind":"range","marks":[],"text":"    },"}]}]},{"kind":"block","type":"code-line","key":"5fc56335587e4feb9bb331a969f754ba","isVoid":false,"data":{},"nodes":[{"kind":"text","key":"d04d670e6519473cbcfdbfdb2f42887d","ranges":[{"kind":"range","marks":[],"text":"    {"}]}]},{"kind":"block","type":"code-line","key":"b39cc328cbba4f229c78f6e1ac90f280","isVoid":false,"data":{},"nodes":[{"kind":"text","key":"55fd75ebea234398bb519ea34f6c5a0d","ranges":[{"kind":"range","marks":[],"text":"      \"v_id\": \"824634837528\","}]}]},{"kind":"block","type":"code-line","key":"c445946467d0489bb018c330687dccf4","isVoid":false,"data":{},"nodes":[{"kind":"text","key":"63d47162e0fa4c0490923cb3cc10808a","ranges":[{"kind":"range","marks":[],"text":"      \"attributes\": {"}]}]},{"kind":"block","type":"code-line","key":"eb2782aeb215431589af7621c39e8e2b","isVoid":false,"data":{},"nodes":[{"kind":"text","key":"22ae41274d3c48a2ab47c03866be98a0","ranges":[{"kind":"range","marks":[],"text":"        \"imageFile\": \"\","}]}]},{"kind":"block","type":"code-line","key":"e626eb979e8f4b769d741f43b390b7b5","isVoid":false,"data":{},"nodes":[{"kind":"text","key":"91bce3585c6743edb023053a381a8836","ranges":[{"kind":"range","marks":[],"text":"        \"browserUsed\": \"Internet Explorer\","}]}]},{"kind":"block","type":"code-line","key":"f592aa3c94b84ba4ba6911ba0cbf7890","isVoid":false,"data":{},"nodes":[{"kind":"text","key":"0a2a56dc798f4919b6ec9a6246845c32","ranges":[{"kind":"range","marks":[],"text":"        \"length\": 115,"}]}]},{"kind":"block","type":"code-line","key":"317a52f2e33845e28a6fdd0e8875e0bb","isVoid":false,"data":{},"nodes":[{"kind":"text","key":"1ef42b530f2841ac8179343428714996","ranges":[{"kind":"range","marks":[],"text":"        \"locationIP\": \"87.251.6.121\","}]}]},{"kind":"block","type":"code-line","key":"edce8dd0bb524dc5acd7f0311ba3bd11","isVoid":false,"data":{},"nodes":[{"kind":"text","key":"44c95c07ae5e476c87eeb491adb467b0","ranges":[{"kind":"range","marks":[],"text":"        \"@continentName\": \"Asia\","}]}]},{"kind":"block","type":"code-line","key":"9c565bcd87fe41c1b24179e698fa4256","isVoid":false,"data":{},"nodes":[{"kind":"text","key":"cef476927d2f4cc08ff18e64fcadb668","ranges":[{"kind":"range","marks":[],"text":"        \"id\": 824634837528,"}]}]},{"kind":"block","type":"code-line","key":"04d104ce4e754b58a799013729447fa1","isVoid":false,"data":{},"nodes":[{"kind":"text","key":"04b32e0a6fb845a785d47d5a82e8c9a7","ranges":[{"kind":"range","marks":[],"text":"        \"creationDate\": \"2011-01-31 23:58:03\","}]}]},{"kind":"block","type":"code-line","key":"a7ef16c6ea854391b04bf4b23fccf4cb","isVoid":false,"data":{},"nodes":[{"kind":"text","key":"1f5708d1aac14ceeaa61afe9a0ccec89","ranges":[{"kind":"range","marks":[],"text":"        \"lang\": \"tk\","}]}]},{"kind":"block","type":"code-line","key":"b51ea785793541e9a66b48879078dc12","isVoid":false,"data":{},"nodes":[{"kind":"text","key":"ae85a64fbfec4645882d62491cb74f40","ranges":[{"kind":"range","marks":[],"text":"        \"content\": \"About Adolf Hitler, iews. His writings and methods were often adapted to need and circumstance, although there were\""}]}]},{"kind":"block","type":"code-line","key":"bbc41a6f52644da0b21faa89e11e4bd1","isVoid":false,"data":{},"nodes":[{"kind":"text","key":"6298409ff2954b98adae8ef8eb91157e","ranges":[{"kind":"range","marks":[],"text":"      },"}]}]},{"kind":"block","type":"code-line","key":"8eccf1bdaaae4fb7b3d3aae1e0480b8e","isVoid":false,"data":{},"nodes":[{"kind":"text","key":"8a7beb0047054f0db1e75921ac0fa313","ranges":[{"kind":"range","marks":[],"text":"      \"v_type\": \"Post\""}]}]},{"kind":"block","type":"code-line","key":"cf5ddfb48bb2434f9e3fb711e9cc9088","isVoid":false,"data":{},"nodes":[{"kind":"text","key":"33b32acc8494425783b98551adebf666","ranges":[{"kind":"range","marks":[],"text":"    }"}]}]},{"kind":"block","type":"code-line","key":"58b7c3b032c14ed69fd20e278a568e81","isVoid":false,"data":{},"nodes":[{"kind":"text","key":"eacdbf7a1e21409bb21b84dbddc400ca","ranges":[{"kind":"range","marks":[],"text":"  ]}]"}]}]},{"kind":"block","type":"code-line","key":"aae31bc0d990458b89dd63ca593403f5","isVoid":false,"data":{},"nodes":[{"kind":"text","key":"42909b0c865b4ab094f48ee87e2ec1e9","ranges":[{"kind":"range","marks":[],"text":"}"}]}]}]}]},{"kind":"block","type":"paragraph","key":"f4f933b1081b4fbab9e4a6f17ea105cb","isVoid":false,"data":{},"nodes":[{"kind":"text","key":"16edc0a8f76e402fa5a619611b2821d1","ranges":[{"kind":"range","marks":[{"kind":"mark","data":{},"type":"bold"}],"text":"Example 3. Find Viktor Akhiezer's favorite author of 2012 whose last name begins with character 'S', and how many LIKES Viktor give to the author's post or comment. "}]}]},{"kind":"block","type":"code","key":"ddec166211b24ec4b3ff4e98c4298262","isVoid":false,"data":{},"nodes":[{"kind":"block","type":"code-tab","key":"fb701cfbc30945ee8b8637f84799c8d0","isVoid":false,"data":{"syntax":"coffeescript","title":"Example 3. Multiple-hop Pattern With Accumulator Applied To All Matched Paths"},"nodes":[{"kind":"block","type":"code-line","key":"a23a3a4ac98f490d9e5d5aac76184b73","isVoid":false,"data":{},"nodes":[{"kind":"text","key":"ae9b501ae5e5403595393e6c848f5402","ranges":[{"kind":"range","marks":[],"text":"USE GRAPH ldbc_snb"}]}]},{"kind":"block","type":"code-line","key":"bf00da85c6c84df1b6ea6ab400a5dec3","isVoid":false,"data":{},"nodes":[{"kind":"text","key":"aad22e2a85b448dab15d672b30111b8f","ranges":[{"kind":"range","marks":[],"text":"SET syntax_version=\"v2\""}]}]},{"kind":"block","type":"code-line","key":"11283d2d8b4547e080c267709000e164","isVoid":false,"data":{},"nodes":[{"kind":"text","key":"796c306d341b45769339af4d09d6576f","ranges":[{"kind":"range","marks":[],"text":""}]}]},{"kind":"block","type":"code-line","key":"326e069a8a0a41bcbebd7dc3261511a8","isVoid":false,"data":{},"nodes":[{"kind":"text","key":"f6ce0beb4b7e454ab8888610d82ce29f","ranges":[{"kind":"range","marks":[],"text":"INTERPRET QUERY () FOR GRAPH ldbc_snb {"}]}]},{"kind":"block","type":"code-line","key":"1f604ed407f34b139d8da8d19f6dbfb9","isVoid":false,"data":{},"nodes":[{"kind":"text","key":"a01f6e23a2aa490a8c672df5acc47027","ranges":[{"kind":"range","marks":[],"text":"  SumAccum<int> @likesCnt;"}]}]},{"kind":"block","type":"code-line","key":"4f29e5fd157640dc8c7f3c5f22794cd1","isVoid":false,"data":{},"nodes":[{"kind":"text","key":"0dffe8a09412424f859ab8c0e2ce9b8b","ranges":[{"kind":"range","marks":[],"text":"  PersonAll = {Person.*};"}]}]},{"kind":"block","type":"code-line","key":"13dafab00d4d42078d58e1973635c741","isVoid":false,"data":{},"nodes":[{"kind":"text","key":"bdc4dbda83c34138975cb926ac1fa25e","ranges":[{"kind":"range","marks":[],"text":""}]}]},{"kind":"block","type":"code-line","key":"78bc6228951f425da8092371eeb532cf","isVoid":false,"data":{},"nodes":[{"kind":"text","key":"50f062aff13549b0858aa6e012d01bd2","ranges":[{"kind":"range","marks":[],"text":"  FavoriteAuthors =  SELECT t"}]}]},{"kind":"block","type":"code-line","key":"5627800755cc406f95636f85a9027cf4","isVoid":false,"data":{},"nodes":[{"kind":"text","key":"7d47d5c09d414401bcc133f54e4aaf78","ranges":[{"kind":"range","marks":[],"text":"               FROM PersonAll:s-((Person_LIKES_Comment>|Person_LIKES_Post>)) -:msg - ((Comment_HAS_CREATOR_Person>|Post_HAS_CREATOR_Person>))-Person:t"}]}]},{"kind":"block","type":"code-line","key":"84a9f61fc4d54e3f9e82c7fc6e0e859a","isVoid":false,"data":{},"nodes":[{"kind":"text","key":"a9669e59831f4506ac9077fc7e4c2a74","ranges":[{"kind":"range","marks":[],"text":"               WHERE s.firstName == \"Viktor\" AND s.lastName == \"Akhiezer\" AND t.lastName LIKE \"S%\" AND year(msg.creationDate) == 2012"}]}]},{"kind":"block","type":"code-line","key":"550b212abaff4d0293737434bf25ef87","isVoid":false,"data":{},"nodes":[{"kind":"text","key":"ea9845e91f0046b9bb19da4d7f421bc8","ranges":[{"kind":"range","marks":[],"text":"               ACCUM t.@likesCnt +=1;"}]}]},{"kind":"block","type":"code-line","key":"374ef29a54584cc0b7de2c959747ec88","isVoid":false,"data":{},"nodes":[{"kind":"text","key":"d6cb75244c2b4c0097a359d3eac975a3","ranges":[{"kind":"range","marks":[],"text":""}]}]},{"kind":"block","type":"code-line","key":"bf4e41a8ccfd41379170758585c78ddf","isVoid":false,"data":{},"nodes":[{"kind":"text","key":"9ebe2e31505c496aa8ab36ec2da923f8","ranges":[{"kind":"range","marks":[],"text":"  PRINT  FavoriteAuthors[FavoriteAuthors.firstName, FavoriteAuthors.lastName, FavoriteAuthors.@likesCnt];"}]}]},{"kind":"block","type":"code-line","key":"881fec0d66384752af813fabe64f56ef","isVoid":false,"data":{},"nodes":[{"kind":"text","key":"ec09c67a03b748d59bdaa8306ad7ccbd","ranges":[{"kind":"range","marks":[],"text":"}"}]}]}]}]},{"kind":"block","type":"paragraph","key":"74f1d83b99454605a3477822e9a373d1","isVoid":false,"data":{},"nodes":[{"kind":"text","key":"b2a5fbc5afa94164a15cc0ca4771bac5","ranges":[{"kind":"range","marks":[],"text":"You can copy the above GSQL script to a file named example3.gsql, and invoke this script file in a Linux shell. "}]}]},{"kind":"block","type":"code","key":"8506554962594cefac91fb0f45023240","isVoid":false,"data":{},"nodes":[{"kind":"block","type":"code-tab","key":"31ad3d56a0424abb867e384b1d1ad1df","isVoid":false,"data":{"syntax":"bash","title":"Linux Bash"},"nodes":[{"kind":"block","type":"code-line","key":"a892e41b99d1443d92d7a0ae7a72305c","isVoid":false,"data":{},"nodes":[{"kind":"text","key":"952732c4f7c041299a8efd20c92feba4","ranges":[{"kind":"range","marks":[],"text":"gsql example3.gsql"}]}]}]}]},{"kind":"block","type":"code","key":"94dfda9ec7b44c53b78f4f3c5c2a92b7","isVoid":false,"data":{},"nodes":[{"kind":"block","type":"code-tab","key":"3bfef899c279413d9693ca94365a31ba","isVoid":false,"data":{"syntax":"coffeescript","title":" Output of Example 3"},"nodes":[{"kind":"block","type":"code-line","key":"a6a81bb5bb9441d1a21345d32744fe79","isVoid":false,"data":{},"nodes":[{"kind":"text","key":"90b8bfbdb0bf40ef91712a9a20d6e5bf","ranges":[{"kind":"range","marks":[],"text":"Using graph 'ldbc_snb'"}]}]},{"kind":"block","type":"code-line","key":"7b73c47a7e0f42eb9fb940376b210943","isVoid":false,"data":{},"nodes":[{"kind":"text","key":"0427fc05ed4f40e1b3560a56b2f0b4bd","ranges":[{"kind":"range","marks":[],"text":"{"}]}]},{"kind":"block","type":"code-line","key":"62a324e7a39d48878d7f6017a39f61a1","isVoid":false,"data":{},"nodes":[{"kind":"text","key":"dee3311ff0604e8890695e078fe535f1","ranges":[{"kind":"range","marks":[],"text":"  \"error\": false,"}]}]},{"kind":"block","type":"code-line","key":"ce184f9475ba4e65b07309e196e5eaf8","isVoid":false,"data":{},"nodes":[{"kind":"text","key":"762bc69cb4db444285226263c7fe0902","ranges":[{"kind":"range","marks":[],"text":"  \"message\": \"\","}]}]},{"kind":"block","type":"code-line","key":"aa53ea22a9da4e9c9473f7e82b06faeb","isVoid":false,"data":{},"nodes":[{"kind":"text","key":"32ea17d3954b4a6697dec1d738bde271","ranges":[{"kind":"range","marks":[],"text":"  \"version\": {"}]}]},{"kind":"block","type":"code-line","key":"c28fc883dbd4481bbd987bc7cb60df38","isVoid":false,"data":{},"nodes":[{"kind":"text","key":"094145f094884afb94751fb9499578cb","ranges":[{"kind":"range","marks":[],"text":"    \"schema\": 0,"}]}]},{"kind":"block","type":"code-line","key":"c592b0fd44e1466f9c2befa70d13abaa","isVoid":false,"data":{},"nodes":[{"kind":"text","key":"2aa9b0ed3edd45b6bf68462310ffbb83","ranges":[{"kind":"range","marks":[],"text":"    \"edition\": \"enterprise\","}]}]},{"kind":"block","type":"code-line","key":"051844a1d783424b824679431fe4163b","isVoid":false,"data":{},"nodes":[{"kind":"text","key":"2d16e3e04b454885ad096dba1d43f3f1","ranges":[{"kind":"range","marks":[],"text":"    \"api\": \"v2\""}]}]},{"kind":"block","type":"code-line","key":"dab66621d44347799f94cf4e15b2e67e","isVoid":false,"data":{},"nodes":[{"kind":"text","key":"c9f6f85ac6cd4024bf041c00af3f1620","ranges":[{"kind":"range","marks":[],"text":"  },"}]}]},{"kind":"block","type":"code-line","key":"0e3fddfa84604072a182732a4d7b4e86","isVoid":false,"data":{},"nodes":[{"kind":"text","key":"fe0da2dfdf3c40adae95015a6b51cf0e","ranges":[{"kind":"range","marks":[],"text":"  \"results\": [{\"FavoriteAuthors\": ["}]}]},{"kind":"block","type":"code-line","key":"b03ae96cc29544f19b211d3e8c1a9578","isVoid":false,"data":{},"nodes":[{"kind":"text","key":"88fa0c6df02a4ab684756f661403d595","ranges":[{"kind":"range","marks":[],"text":"    {"}]}]},{"kind":"block","type":"code-line","key":"965d5293e8f2459bb8a0230ece67dc7b","isVoid":false,"data":{},"nodes":[{"kind":"text","key":"e54b143725c74eefb93f959887cce1db","ranges":[{"kind":"range","marks":[],"text":"      \"v_id\": \"8796093025410\","}]}]},{"kind":"block","type":"code-line","key":"b8c5a28dd9e8467fb887f273a8ee3e6c","isVoid":false,"data":{},"nodes":[{"kind":"text","key":"d1ace168ebca47458b6657a7fdcc848a","ranges":[{"kind":"range","marks":[],"text":"      \"attributes\": {"}]}]},{"kind":"block","type":"code-line","key":"7e7f6890bd72463391311dd89ffda7c7","isVoid":false,"data":{},"nodes":[{"kind":"text","key":"5e32373ac1e7491da3054b2ac7211237","ranges":[{"kind":"range","marks":[],"text":"        \"FavoriteAuthors.firstName\": \"Priyanka\","}]}]},{"kind":"block","type":"code-line","key":"fba8e21b277d4499bd6ac65d08eaaa53","isVoid":false,"data":{},"nodes":[{"kind":"text","key":"21ab4f8d51e943e08343be62e8e3140b","ranges":[{"kind":"range","marks":[],"text":"        \"FavoriteAuthors.lastName\": \"Singh\","}]}]},{"kind":"block","type":"code-line","key":"d1bdc97347c74ab9bffda371da19f67e","isVoid":false,"data":{},"nodes":[{"kind":"text","key":"43d307d61c0a42ea80b1b91921552f03","ranges":[{"kind":"range","marks":[],"text":"        \"FavoriteAuthors.@likesCnt\": 1"}]}]},{"kind":"block","type":"code-line","key":"2733165aca0b432a925ac000e11dd3c9","isVoid":false,"data":{},"nodes":[{"kind":"text","key":"6aac902d768c46fb884084ce99880f21","ranges":[{"kind":"range","marks":[],"text":"      },"}]}]},{"kind":"block","type":"code-line","key":"bcf406576fb64e8ea43791a68a390e93","isVoid":false,"data":{},"nodes":[{"kind":"text","key":"acb22e38597f4074971ae8a46092193c","ranges":[{"kind":"range","marks":[],"text":"      \"v_type\": \"Person\""}]}]},{"kind":"block","type":"code-line","key":"2c9cd6d8cf2f458184d4045e748ca981","isVoid":false,"data":{},"nodes":[{"kind":"text","key":"c5bddc4164bf4fe5b115fe8fa27e0ad0","ranges":[{"kind":"range","marks":[],"text":"    },"}]}]},{"kind":"block","type":"code-line","key":"19a7794bb92a430784da72afbe8d523d","isVoid":false,"data":{},"nodes":[{"kind":"text","key":"e2b31deecfa04a90b0ee29a6c94fc75b","ranges":[{"kind":"range","marks":[],"text":"    {"}]}]},{"kind":"block","type":"code-line","key":"429efb7a5f144404b23c6301a790e2fb","isVoid":false,"data":{},"nodes":[{"kind":"text","key":"734e0a39d2c244fab0e92ee1212409e0","ranges":[{"kind":"range","marks":[],"text":"      \"v_id\": \"2199023260091\","}]}]},{"kind":"block","type":"code-line","key":"6d148f7b3b7a4842a21fb0a4d4a78b91","isVoid":false,"data":{},"nodes":[{"kind":"text","key":"5f11cd1eb3b8479ab509250c8f82b222","ranges":[{"kind":"range","marks":[],"text":"      \"attributes\": {"}]}]},{"kind":"block","type":"code-line","key":"0a3be6af3dda4c518ee621a6ede31b39","isVoid":false,"data":{},"nodes":[{"kind":"text","key":"6992c1ab61d245608a338c23e9880711","ranges":[{"kind":"range","marks":[],"text":"        \"FavoriteAuthors.firstName\": \"Janne\","}]}]},{"kind":"block","type":"code-line","key":"8d11ace84643482aae17f6a373d30017","isVoid":false,"data":{},"nodes":[{"kind":"text","key":"a9efe073cb664a65bfcfe73194517824","ranges":[{"kind":"range","marks":[],"text":"        \"FavoriteAuthors.lastName\": \"Seppala\","}]}]},{"kind":"block","type":"code-line","key":"02f6786f00be41c795fa768207a4f293","isVoid":false,"data":{},"nodes":[{"kind":"text","key":"daf9ee744c3a41138b5a62b20a7e9c13","ranges":[{"kind":"range","marks":[],"text":"        \"FavoriteAuthors.@likesCnt\": 1"}]}]},{"kind":"block","type":"code-line","key":"e7eec96dfa884413aff23e6ce607f11a","isVoid":false,"data":{},"nodes":[{"kind":"text","key":"1bd2e31f40774a1bbdbef114fbbedd6c","ranges":[{"kind":"range","marks":[],"text":"      },"}]}]},{"kind":"block","type":"code-line","key":"e74e9b6f68654030a9ddf1cace458512","isVoid":false,"data":{},"nodes":[{"kind":"text","key":"3f6d0198ed2b4f2689658993466ce391","ranges":[{"kind":"range","marks":[],"text":"      \"v_type\": \"Person\""}]}]},{"kind":"block","type":"code-line","key":"016919f5bf3f4cf28c1e15b044358a2d","isVoid":false,"data":{},"nodes":[{"kind":"text","key":"913556c890ac48f288bd1ffd74bca36f","ranges":[{"kind":"range","marks":[],"text":"    },"}]}]},{"kind":"block","type":"code-line","key":"4ab3a1864924401a98b4af58f53dcdd5","isVoid":false,"data":{},"nodes":[{"kind":"text","key":"4db5c1ce664b497b940f3d26e70d7e60","ranges":[{"kind":"range","marks":[],"text":"    {"}]}]},{"kind":"block","type":"code-line","key":"7ca6327f0d174f4d9b3792f646025f7e","isVoid":false,"data":{},"nodes":[{"kind":"text","key":"cf9f9458a9c74dad963f930ca4da1d9b","ranges":[{"kind":"range","marks":[],"text":"      \"v_id\": \"15393162796846\","}]}]},{"kind":"block","type":"code-line","key":"1e530736a20b4c889ab199d659db5c80","isVoid":false,"data":{},"nodes":[{"kind":"text","key":"fb5bab13ca0540f28d96b7fedca47708","ranges":[{"kind":"range","marks":[],"text":"      \"attributes\": {"}]}]},{"kind":"block","type":"code-line","key":"2c00b6cf1ce64dd89bef98d1a3c4f8d0","isVoid":false,"data":{},"nodes":[{"kind":"text","key":"4fe303c73d264b2aa911079a1e76a1ff","ranges":[{"kind":"range","marks":[],"text":"        \"FavoriteAuthors.firstName\": \"Mario\","}]}]},{"kind":"block","type":"code-line","key":"47b9adc0a46e4327ba1ccb1f9c78ac84","isVoid":false,"data":{},"nodes":[{"kind":"text","key":"bf1d97ff329a49cc9f848973be584373","ranges":[{"kind":"range","marks":[],"text":"        \"FavoriteAuthors.lastName\": \"Santos\","}]}]},{"kind":"block","type":"code-line","key":"03b206460d8a4f6ba31d470641e25e5e","isVoid":false,"data":{},"nodes":[{"kind":"text","key":"a181ef56f0a14163a3c9bb50e806d2b3","ranges":[{"kind":"range","marks":[],"text":"        \"FavoriteAuthors.@likesCnt\": 1"}]}]},{"kind":"block","type":"code-line","key":"88a2ee2b60d44944aea68027c6026b55","isVoid":false,"data":{},"nodes":[{"kind":"text","key":"bd5e025177ef480e9edc5d654d893628","ranges":[{"kind":"range","marks":[],"text":"      },"}]}]},{"kind":"block","type":"code-line","key":"59b48f378bce4955afd5e1d5b3a8a498","isVoid":false,"data":{},"nodes":[{"kind":"text","key":"48c93bd46f674a1ab0e2fbb6fba4d3b5","ranges":[{"kind":"range","marks":[],"text":"      \"v_type\": \"Person\""}]}]},{"kind":"block","type":"code-line","key":"561f9dbf565a4627999c2c9ec50851ce","isVoid":false,"data":{},"nodes":[{"kind":"text","key":"d4902d7af814434098ce3fcff0d670e5","ranges":[{"kind":"range","marks":[],"text":"    }"}]}]},{"kind":"block","type":"code-line","key":"35cab391b84846acbe92a432f6bdc84d","isVoid":false,"data":{},"nodes":[{"kind":"text","key":"1a7d5d189aae43e28eef9c4e89ba6431","ranges":[{"kind":"range","marks":[],"text":"  ]}]"}]}]},{"kind":"block","type":"code-line","key":"9b82f87ee5e04b0cbc980c66b1baa840","isVoid":false,"data":{},"nodes":[{"kind":"text","key":"4fbfcb176fb64d6889a77b6f11bd2425","ranges":[{"kind":"range","marks":[],"text":"}\n"}]}]}]}]},{"kind":"block","type":"paragraph","key":"d5c0e6f15e644f149e47546d305480d5","isVoid":false,"data":{},"nodes":[{"kind":"text","key":"01d2884b781a484b9db4f90aec7086b1","ranges":[{"kind":"range","marks":[],"text":""}]}]}]}}