{"format_version":1,"document":{"kind":"document","key":"03b1357d6a97477f9af0d02fff5604cd","data":{"schema_version":5},"nodes":[{"kind":"block","type":"paragraph","key":"a9b97188182444df98f0d48f7597e272","isVoid":false,"data":{},"nodes":[{"kind":"text","key":"0f1c80531c554b15824bf239cba4ed1d","ranges":[{"kind":"range","marks":[],"text":"You have learned a lot in GSQL 101!"}]}]},{"kind":"block","type":"paragraph","key":"1d4f05c023154cf985138016e532f1d6","isVoid":false,"data":{},"nodes":[{"kind":"text","key":"1a0de837959844f192033ebf88f922b4","ranges":[{"kind":"range","marks":[],"text":"With just the knowledge from GSQL 101 and a little practice, you should be able to do the following:"}]}]},{"kind":"block","type":"list-unordered","key":"66f71491eff74c20a25d304fde046161","isVoid":false,"data":{},"nodes":[{"kind":"block","type":"list-item","key":"18386ee92c024ee8b22167b716d03c8b","isVoid":false,"data":{},"nodes":[{"kind":"block","type":"paragraph","key":"78ae2596f9da4631ae154c380f906ba2","isVoid":false,"data":{},"nodes":[{"kind":"text","key":"d90b5d21e4c4407ba834f4fe85260a24","ranges":[{"kind":"range","marks":[],"text":"Create a graph schema containing multiple vertex types and edge types."}]}]}]},{"kind":"block","type":"list-item","key":"8859f808dece467b9056bdaaca0dea32","isVoid":false,"data":{},"nodes":[{"kind":"block","type":"paragraph","key":"6e2f7368f11543628a730ec1f53db562","isVoid":false,"data":{},"nodes":[{"kind":"text","key":"4a254471cf4c41c8883337eb93aa1392","ranges":[{"kind":"range","marks":[],"text":"Define a loading job that takes one or more CSV files and maps the data directly to the vertices and edges of your graph."}]}]}]},{"kind":"block","type":"list-item","key":"7d36b123cd1540e685c82db6f0b77a55","isVoid":false,"data":{},"nodes":[{"kind":"block","type":"paragraph","key":"65266441d0ff478ca4cdb16c93f2a351","isVoid":false,"data":{},"nodes":[{"kind":"text","key":"ab8136065b6142c8b4628d1b6a24edde","ranges":[{"kind":"range","marks":[],"text":"Write and run simple parameterized queries which start at one vertex and then traverse one or more hops to generate a final vertex set. Make a simple additive computation and return the results."}]}]}]}]},{"kind":"block","type":"paragraph","key":"d69639fcb9544695a2a44906f7a10b0e","isVoid":false,"data":{},"nodes":[{"kind":"text","key":"8c05ef2ef50a43a089aebd730c76b77d","ranges":[{"kind":"range","marks":[],"text":"Want to learn more?"}]}]},{"kind":"block","type":"list-unordered","key":"3a5056a6447b49b1bcb8dcb8f820830e","isVoid":false,"data":{},"nodes":[{"kind":"block","type":"list-item","key":"ac7bb13b93a04a59b59481bf6bd8c7f7","isVoid":false,"data":{},"nodes":[{"kind":"block","type":"paragraph","key":"f411fe6c57bd4509845b8dd9a37b48f9","isVoid":false,"data":{},"nodes":[{"kind":"text","key":"91a86dff073143c2bb5b75c5779dedb2","ranges":[{"kind":"range","marks":[],"text":"To learn to do the same types of operations using the GraphStudio Visual SDK and UI, see the "}]},{"kind":"inline","type":"link","key":"83beb013e70a448da1349529d15b6649","isVoid":false,"data":{"pageID":"-LMVRMLP728FyJXRhxVo"},"nodes":[{"kind":"text","key":"c9a7a024fc14452694d693299d22585a","ranges":[{"kind":"range","marks":[],"text":"TigerGraph GraphStudio UI Guide"}]}]},{"kind":"text","key":"d1b474a5b8774acdb80af17fe7f752ef","ranges":[{"kind":"range","marks":[],"text":"."}]}]}]},{"kind":"block","type":"list-item","key":"51b4462f66b14643af2f2b2811feb60c","isVoid":false,"data":{},"nodes":[{"kind":"block","type":"paragraph","key":"08a130688e3f4d4fb43d785a5db231e9","isVoid":false,"data":{},"nodes":[{"kind":"text","key":"ed9f535abc26438e969271a83d15fa52","ranges":[{"kind":"range","marks":[],"text":"To see more GSQL examples, see"}]},{"kind":"inline","type":"link","key":"447d79a292e841abb278585b467a7f98","isVoid":false,"data":{"pageID":"-LMW7CYYbjUAl5oAuhK3"},"nodes":[{"kind":"text","key":"a517ef2f10de49539857627e4ff21e3a","ranges":[{"kind":"range","marks":[],"text":" GSQL Demo Examples ."}]}]},{"kind":"text","key":"a5b98a13a0d9401da21388e49b4b267c","ranges":[{"kind":"range","marks":[],"text":""}]}]}]},{"kind":"block","type":"list-item","key":"c036f94c94984affa6164ce81bba03e1","isVoid":false,"data":{},"nodes":[{"kind":"block","type":"paragraph","key":"a7c90d41861f42cb80402576a47606f0","isVoid":false,"data":{},"nodes":[{"kind":"text","key":"c39bc772b3dd4ee0bf35b73c8609ad93","ranges":[{"kind":"range","marks":[],"text":"To get answers to common questions, see the "}]},{"kind":"inline","type":"link","key":"72fd9c8c66f644b9852a8ef050526c76","isVoid":false,"data":{"pageID":"-LMW83p8IWENIdLPqmBG"},"nodes":[{"kind":"text","key":"8f29997938384187aa5bf8afef57a44d","ranges":[{"kind":"range","marks":[],"text":"TigerGraph Knowledge Base and FAQs ."}]}]},{"kind":"text","key":"b7f1a40e662e4ba58d56d5568acf09f4","ranges":[{"kind":"range","marks":[],"text":""}]}]}]},{"kind":"block","type":"list-item","key":"efd09c038320407991f964b25a32d986","isVoid":false,"data":{},"nodes":[{"kind":"block","type":"paragraph","key":"b613a0972bba4d26ab1a0351bbd8188c","isVoid":false,"data":{},"nodes":[{"kind":"text","key":"3308c806fa7a4d89819461b19883726f","ranges":[{"kind":"range","marks":[],"text":"To see the full GSQL specification (whose table of contents with give you and idea of what is available) see \n"}]}]},{"kind":"block","type":"list-unordered","key":"9d444e6c5acb48029a4440408ba2e76e","isVoid":false,"data":{},"nodes":[{"kind":"block","type":"list-item","key":"5291b375f1b34f0a8c01099ca256be26","isVoid":false,"data":{},"nodes":[{"kind":"block","type":"paragraph","key":"ea45824c8bc241778b8fdff45f1bac3c","isVoid":false,"data":{},"nodes":[{"kind":"text","key":"b72d07be75864168a420c50df09d9887","ranges":[{"kind":"range","marks":[],"text":""}]},{"kind":"inline","type":"link","key":"e5e1a6152b9b4ae59fcef5175548d5c3","isVoid":false,"data":{"pageID":"-LMVWRzDFoeoIh2fS-j3"},"nodes":[{"kind":"text","key":"0df3a575fe20469c84f61f2f4e4eed47","ranges":[{"kind":"range","marks":[],"text":"GSQL Language Reference Part 1 - Defining Graphs and Loading Data"}]}]},{"kind":"text","key":"11eb3695ae08467d8053075e2e6e6b85","ranges":[{"kind":"range","marks":[],"text":""}]}]}]},{"kind":"block","type":"list-item","key":"b2942840d0e5442082ee7acd888ff667","isVoid":false,"data":{},"nodes":[{"kind":"block","type":"paragraph","key":"922eb73565b94dfd90f4d9bd0c6ed398","isVoid":false,"data":{},"nodes":[{"kind":"text","key":"28bc44fc196f4eb894673b27da61ff55","ranges":[{"kind":"range","marks":[],"text":""}]},{"kind":"inline","type":"link","key":"758962ffebd74cd89cb9f44c6c5508dc","isVoid":false,"data":{"pageID":"-LMVWjjmykauDll542SC"},"nodes":[{"kind":"text","key":"4def24035edf41eca5fb95c9e536833a","ranges":[{"kind":"range","marks":[],"text":"GSQL Language Reference Part 2 - Querying"}]}]},{"kind":"text","key":"5129d43fef9f463a9705c4e81be3742d","ranges":[{"kind":"range","marks":[],"text":""}]}]}]}]}]}]},{"kind":"block","type":"paragraph","key":"60b6b097e450459781f4d56d994c31d5","isVoid":false,"data":{},"nodes":[{"kind":"text","key":"727c90b93c284073a0863471da4fbe62","ranges":[{"kind":"range","marks":[],"text":""}]}]}]}}