{"format_version":1,"document":{"kind":"document","key":"4","data":{"schema_version":6},"nodes":[{"kind":"block","type":"paragraph","key":"2","isVoid":false,"data":{},"nodes":[{"kind":"text","key":"1","ranges":[{"kind":"range","marks":[],"text":"We have demonstrated the basic pattern match syntax. You should have mastered the basics by this point. The next step is to see more examples and practice more. "}]}]},{"kind":"block","type":"heading-1","key":"564db2bd1c3a4c17aa9445e92e4bb59d","isVoid":false,"data":{},"nodes":[{"kind":"text","key":"86b42ee13b14414b8427c89224f1b895","ranges":[{"kind":"range","marks":[],"text":"A Recommendation Application"}]}]},{"kind":"block","type":"paragraph","key":"bdd5362e36f04771b4df0d714b8c3d30","isVoid":false,"data":{},"nodes":[{"kind":"text","key":"17eb9981c97f44dc9e226f9bad71c2f6","ranges":[{"kind":"range","marks":[],"text":"In this example, we want to recommend some messages (comments or posts) to the person Viktor Akhiezer. "}]}]},{"kind":"block","type":"paragraph","key":"255d4cf64b004d4dae86a29091e73a2c","isVoid":false,"data":{},"nodes":[{"kind":"text","key":"38d8908cbd0c4a2d8b5fad8c327923aa","ranges":[{"kind":"range","marks":[],"text":"How do we do this?"}]}]},{"kind":"block","type":"paragraph","key":"fa01ce581e3a42d8a71d0d01e5b572d1","isVoid":false,"data":{},"nodes":[{"kind":"text","key":"f3be69f628294e52a4be483bcbb8cfd9","ranges":[{"kind":"range","marks":[],"text":"One way is to find Others who likes the same messages Viktor likes. And then recommend the messages that Others like but Viktor have not seen. The pattern is roughly like below "}]}]},{"kind":"block","type":"list-unordered","key":"35b63ee5c13345ee921ecdf08ade773f","isVoid":false,"data":{},"nodes":[{"kind":"block","type":"list-item","key":"82d09343137c4af297d14c0a9a9d6e22","isVoid":false,"data":{},"nodes":[{"kind":"block","type":"paragraph","key":"376ff3c48fb842dfb174c8eb20840b4b","isVoid":false,"data":{},"nodes":[{"kind":"text","key":"54e507aabe764083a39670ea121e6c87","ranges":[{"kind":"range","marks":[],"text":"Viktor - (Likes>) - Message - (<Likes) - Others"}]}]}]},{"kind":"block","type":"list-item","key":"4b1aac4c25cb464ebf7d9d8c3ad3eaf8","isVoid":false,"data":{},"nodes":[{"kind":"block","type":"paragraph","key":"77473a00ee45424ea171349151bfdbc9","isVoid":false,"data":{},"nodes":[{"kind":"text","key":"dc09d2f8e3b9482c8799841791bb5b34","ranges":[{"kind":"range","marks":[],"text":"Others - (Likes>) - NewMessage "}]}]}]},{"kind":"block","type":"list-item","key":"3030d06fd5b44cce8cf0155a9e1e1079","isVoid":false,"data":{},"nodes":[{"kind":"block","type":"paragraph","key":"e63f94e884c343e39200a34bc73ec225","isVoid":false,"data":{},"nodes":[{"kind":"text","key":"a86002a9f6c84101a95c2dd91d735e07","ranges":[{"kind":"range","marks":[],"text":"Recommend NewMessage to Viktor"}]}]}]}]},{"kind":"block","type":"paragraph","key":"bd1c28c4389f472abac705a230f19392","isVoid":false,"data":{},"nodes":[{"kind":"text","key":"27ab8246ce0042cb975ea3a05bd41b04","ranges":[{"kind":"range","marks":[],"text":"However, this is too fine granularity, and we are overfitting the message level data with a collaborative filtering algorithm. The intuition is that two persons are similar to each other when their \"liked\" messages fall into the same category (tag). This makes more sense and common than finding two persons that \"likes\" the same set of messages. As a result,  one way to avoid this overfitting is to go one level above. That is, instead of finding common messages as a similarity base, we find common messages'  tags as a similarity base. Person A and Person B are similar if they like messages that belong to the same tag. This scheme fixes the overfitting problem. In pattern match vocabulary, we have "}]}]},{"kind":"block","type":"list-unordered","key":"d6efdaa66dfc460ab68fecb7afc30f90","isVoid":false,"data":{},"nodes":[{"kind":"block","type":"list-item","key":"83161a19554a42a097043cd087fb84cd","isVoid":false,"data":{},"nodes":[{"kind":"block","type":"paragraph","key":"e4652f6a26f540b0afd6ba8e38758929","isVoid":false,"data":{},"nodes":[{"kind":"text","key":"76333e0ce98f424dbb5c3459e7bbfb70","ranges":[{"kind":"range","marks":[],"text":"Viktor - (Likes>) - Message -  (Has>) - "},{"kind":"range","marks":[{"kind":"mark","data":{},"type":"bold"}],"text":"Tag"},{"kind":"range","marks":[],"text":" -  (<Has) -  Message - (<Likes) - Others  "}]}]}]},{"kind":"block","type":"list-item","key":"bea8a19ccd72485a9949a5aee582f763","isVoid":false,"data":{},"nodes":[{"kind":"block","type":"paragraph","key":"14e6d0b6ae104aff8781aa7371b6ff34","isVoid":false,"data":{},"nodes":[{"kind":"text","key":"9d766e5bd9c24694b102fb4c02bc1590","ranges":[{"kind":"range","marks":[],"text":"Others - (Likes>) -  NewMessage "}]}]}]},{"kind":"block","type":"list-item","key":"d0498c422cd94485b53eae39e00a3197","isVoid":false,"data":{},"nodes":[{"kind":"block","type":"paragraph","key":"2e640dbe24b347c292e641d568093573","isVoid":false,"data":{},"nodes":[{"kind":"text","key":"59a213712501408bb6591a8db3151d40","ranges":[{"kind":"range","marks":[],"text":"Recommend NewMessage to Viktor"}]}]}]}]},{"kind":"block","type":"paragraph","key":"d6e165da66b6425c80fd6551a43ccff3","isVoid":false,"data":{},"nodes":[{"kind":"text","key":"91f307fdd81b46f4ab682147a8845655","ranges":[{"kind":"range","marks":[{"kind":"mark","data":{},"type":"bold"}],"text":"GSQL. RecommendMessage Application. "}]}]},{"kind":"block","type":"paragraph","key":"5007dfb46c4f46bebfad2adb37db930e","isVoid":false,"data":{},"nodes":[{"kind":"text","key":"c869946a20a14afbb4f497b114b69252","ranges":[{"kind":"range","marks":[],"text":"This time, we create the query first, and interpret the query by calling the query name with parameters.\nIf we are satisfied with this query, we can use \"install query queryName\" to get the compiled query installed which has the best performance. "}]}]},{"kind":"block","type":"code","key":"2fcbb7c218ea4cadabd8cdb0ec6519b4","isVoid":false,"data":{"syntax":"sql","title":"GSQL Recommendation Algorithm "},"nodes":[{"kind":"block","type":"code-line","key":"cb72f736076f4d8eac5f8ad754a30420","isVoid":false,"data":{},"nodes":[{"kind":"text","key":"0cc85cfa60e34895b5211a582bcb3ffb","ranges":[{"kind":"range","marks":[],"text":"use graph ldbc_snb"}]}]},{"kind":"block","type":"code-line","key":"48dada8bbf4b475d85a5c049d376cbc7","isVoid":false,"data":{},"nodes":[{"kind":"text","key":"a14c8517ce814d2daaa7dbc84bf6f252","ranges":[{"kind":"range","marks":[],"text":"set query_timeout=60000"}]}]},{"kind":"block","type":"code-line","key":"8be265e9437c42e58b3e379219f61fbe","isVoid":false,"data":{},"nodes":[{"kind":"text","key":"753f2bfaa82142d082a6a8d5ab8249fe","ranges":[{"kind":"range","marks":[],"text":"DROP QUERY RecommendMessage"}]}]},{"kind":"block","type":"code-line","key":"541e19ed4c794a8d80dec64b36cb6910","isVoid":false,"data":{},"nodes":[{"kind":"text","key":"0a2eafe288bb4905b7cbecdfa6c5841c","ranges":[{"kind":"range","marks":[],"text":""}]}]},{"kind":"block","type":"code-line","key":"dfd8538e845f4b749a12594915f96c3c","isVoid":false,"data":{},"nodes":[{"kind":"text","key":"e039228398054b24ab21fe9ac9cdb7e8","ranges":[{"kind":"range","marks":[],"text":"CREATE QUERY RecommendMessage (String fn, String ln) FOR GRAPH ldbc_snb SYNTAX v2{"}]}]},{"kind":"block","type":"code-line","key":"8589f0dde643408ca14a159299268cd2","isVoid":false,"data":{},"nodes":[{"kind":"text","key":"2959d44521b34c14a79f78c351dd22e6","ranges":[{"kind":"range","marks":[],"text":""}]}]},{"kind":"block","type":"code-line","key":"5cb646428a6a468998234a201379b763","isVoid":false,"data":{},"nodes":[{"kind":"text","key":"0e891fa620194b9fb5f0d3ccd7199ea6","ranges":[{"kind":"range","marks":[],"text":"  SumAccum<int> @TagInCommon;"}]}]},{"kind":"block","type":"code-line","key":"cfaf7c732cbb431d913fae920feaea3b","isVoid":false,"data":{},"nodes":[{"kind":"text","key":"22b29235c66b4554b5808fd97eb43156","ranges":[{"kind":"range","marks":[],"text":"  SumAccum<float> @SimilarityScore;"}]}]},{"kind":"block","type":"code-line","key":"bda66069268b4216b8b8cefbcf3bdd29","isVoid":false,"data":{},"nodes":[{"kind":"text","key":"573fe9b4e3104b71a04cb1b20ceec19b","ranges":[{"kind":"range","marks":[],"text":"  SumAccum<float> @Rank;"}]}]},{"kind":"block","type":"code-line","key":"0e595e2e1e92499ca3a89d9e38e9029d","isVoid":false,"data":{},"nodes":[{"kind":"text","key":"0deae6999d3249278074889a1b2fc245","ranges":[{"kind":"range","marks":[],"text":"  OrAccum @Liked = false;"}]}]},{"kind":"block","type":"code-line","key":"ee2ee346e8d74bc795d0394c04f8644a","isVoid":false,"data":{},"nodes":[{"kind":"text","key":"fa41bfe1d78c4f5cb89c4bf5bc3abb12","ranges":[{"kind":"range","marks":[],"text":""}]}]},{"kind":"block","type":"code-line","key":"365b3ad73ef04521809188e24934f6e3","isVoid":false,"data":{},"nodes":[{"kind":"text","key":"71a3315cd6044161902cc348f2cc2fb0","ranges":[{"kind":"range","marks":[],"text":"   #1. mark messages liked by Viktor"}]}]},{"kind":"block","type":"code-line","key":"515881b966824131bce016d04cef3c6c","isVoid":false,"data":{},"nodes":[{"kind":"text","key":"2bdc0b8fe7d7444cb4a16e05ceb14a40","ranges":[{"kind":"range","marks":[],"text":"   #2. calculate log similarity score for each persons share the same "}]}]},{"kind":"block","type":"code-line","key":"5905793611974aaa8365bede398cb88a","isVoid":false,"data":{},"nodes":[{"kind":"text","key":"f6ec0ca4989b46bf8de5df15d5d521b8","ranges":[{"kind":"range","marks":[],"text":"   #   interests at Tag level."}]}]},{"kind":"block","type":"code-line","key":"c978af5ccec34043b3ae695b14eabfd2","isVoid":false,"data":{},"nodes":[{"kind":"text","key":"9740897781e646dc9163a410513fdc56","ranges":[{"kind":"range","marks":[],"text":"    Others ="}]}]},{"kind":"block","type":"code-line","key":"a7889e74255c496d94fd2298e7b8af69","isVoid":false,"data":{},"nodes":[{"kind":"text","key":"d6666ea8f8c54d86a5f661eef88d9fcd","ranges":[{"kind":"range","marks":[],"text":"       SELECT p"}]}]},{"kind":"block","type":"code-line","key":"27c964cbc2a8459bad40f6f36e435aee","isVoid":false,"data":{},"nodes":[{"kind":"text","key":"e57ac340c9ae439da5886d0a233a337c","ranges":[{"kind":"range","marks":[],"text":"       FROM Person:s-(LIKES>)-:msg - (HAS_TAG>.<HAS_TAG.<LIKES)- :p"}]}]},{"kind":"block","type":"code-line","key":"0a6314f1cec64fae8cc51d218be777cd","isVoid":false,"data":{},"nodes":[{"kind":"text","key":"2e9167e2b4cb49e0b6ed65823f00e556","ranges":[{"kind":"range","marks":[],"text":"       WHERE s.firstName == fn AND s.lastName == ln"}]}]},{"kind":"block","type":"code-line","key":"6bfe9f8854044ba183a49d907ecfe6bd","isVoid":false,"data":{},"nodes":[{"kind":"text","key":"93d48f32ae2b4999b3ccccd3f47e6794","ranges":[{"kind":"range","marks":[],"text":"       ACCUM msg.@Liked = true, p.@TagInCommon +=1"}]}]},{"kind":"block","type":"code-line","key":"be3cb977a19c46fcb7a729dd29bf5ea2","isVoid":false,"data":{},"nodes":[{"kind":"text","key":"7787ae0b363c4182bf80923917f3d9cf","ranges":[{"kind":"range","marks":[],"text":"       POST-ACCUM p.@SimilarityScore = log (1 + p.@TagInCommon);"}]}]},{"kind":"block","type":"code-line","key":"8259a34fa90549298c135602b3f9fad4","isVoid":false,"data":{},"nodes":[{"kind":"text","key":"a78eb77aaff64dbca4343170affffba1","ranges":[{"kind":"range","marks":[],"text":""}]}]},{"kind":"block","type":"code-line","key":"78c66ca9de2b4231a50756df868e31ff","isVoid":false,"data":{},"nodes":[{"kind":"text","key":"84c6d78d9127431e9a581e26b4091aa4","ranges":[{"kind":"range","marks":[],"text":"    # recommend new messages to Viktor that have not liked by him."}]}]},{"kind":"block","type":"code-line","key":"a0aeb34d789540ae9b80533ceb5a1d43","isVoid":false,"data":{},"nodes":[{"kind":"text","key":"19181f86351a41309836e3f5ad866ac0","ranges":[{"kind":"range","marks":[],"text":"    RecommendedMessage ="}]}]},{"kind":"block","type":"code-line","key":"2ff8be47da574c858bd19d7ce0032a6b","isVoid":false,"data":{},"nodes":[{"kind":"text","key":"336d3c08d6f44852b6bae47fbd6c7e85","ranges":[{"kind":"range","marks":[],"text":"             SELECT msg"}]}]},{"kind":"block","type":"code-line","key":"dc16070f267c4baf8e706ba6716667ab","isVoid":false,"data":{},"nodes":[{"kind":"text","key":"72667a0b79e948c88aef6e9f06ab5d61","ranges":[{"kind":"range","marks":[],"text":"             FROM Others:o-(LIKES>) - :msg"}]}]},{"kind":"block","type":"code-line","key":"b0bf85a8bac44a31ad20f0b62a72bc4d","isVoid":false,"data":{},"nodes":[{"kind":"text","key":"2b3424202cab458fbebe2457d2b062f0","ranges":[{"kind":"range","marks":[],"text":"             WHERE  msg.@Liked == false"}]}]},{"kind":"block","type":"code-line","key":"d28081b7616c48dc9d3bd7b1e2bf72e0","isVoid":false,"data":{},"nodes":[{"kind":"text","key":"2afbbcb60f114818af0554eab740630f","ranges":[{"kind":"range","marks":[],"text":"             ACCUM msg.@Rank +=o.@SimilarityScore"}]}]},{"kind":"block","type":"code-line","key":"3e3b3d42c4d44ec4b16e5e3a6068215a","isVoid":false,"data":{},"nodes":[{"kind":"text","key":"820c41b658624a7b9f9d1f80182ff76a","ranges":[{"kind":"range","marks":[],"text":"             ORDER BY msg.@Rank DESC"}]}]},{"kind":"block","type":"code-line","key":"667e9b859e83477abbcb13239624b838","isVoid":false,"data":{},"nodes":[{"kind":"text","key":"756e7ce422814617b9d8c3a8cc21262c","ranges":[{"kind":"range","marks":[],"text":"             LIMIT 2;"}]}]},{"kind":"block","type":"code-line","key":"715e4aba9e8c4851bdf9f1e47dda5320","isVoid":false,"data":{},"nodes":[{"kind":"text","key":"4226c4f9cb5b492f896220cd921f94b3","ranges":[{"kind":"range","marks":[],"text":""}]}]},{"kind":"block","type":"code-line","key":"6e5f5b015bdc4c489857a41ed7d97a6f","isVoid":false,"data":{},"nodes":[{"kind":"text","key":"54822388086841a6a9a0481c6391ef56","ranges":[{"kind":"range","marks":[],"text":"  PRINT   RecommendedMessage[RecommendedMessage.content, RecommendedMessage.@Rank];"}]}]},{"kind":"block","type":"code-line","key":"1fc950d53f594c20b3f8ce60386fcdec","isVoid":false,"data":{},"nodes":[{"kind":"text","key":"cc75c43999bf46e99bfd404735c2e71e","ranges":[{"kind":"range","marks":[],"text":"}"}]}]},{"kind":"block","type":"code-line","key":"320c08fcf9914333a821215df01bcdee","isVoid":false,"data":{},"nodes":[{"kind":"text","key":"3c659cd1979645f0a2e891211146f0b9","ranges":[{"kind":"range","marks":[],"text":""}]}]},{"kind":"block","type":"code-line","key":"683ca318dc574fa58c24bab74e761653","isVoid":false,"data":{},"nodes":[{"kind":"text","key":"5476a66020824e4793552b4526fd0647","ranges":[{"kind":"range","marks":[],"text":""}]}]},{"kind":"block","type":"code-line","key":"472fac702ccc44c28ea78a7dd7271d5f","isVoid":false,"data":{},"nodes":[{"kind":"text","key":"5c481e1c452a4a53b3da4a2faf697034","ranges":[{"kind":"range","marks":[],"text":"INTERPRET QUERY RecommendMessage (\"Viktor\", \"Akhiezer\")"}]}]},{"kind":"block","type":"code-line","key":"18702d50f18b4a9085fec90cc00d8e12","isVoid":false,"data":{},"nodes":[{"kind":"text","key":"4a79d9c9299a469cbe95afb0a1b5b7b1","ranges":[{"kind":"range","marks":[],"text":"#try the second person with just parameter change."}]}]},{"kind":"block","type":"code-line","key":"560f4f47b71a4ffda52b5beb1b9cc863","isVoid":false,"data":{},"nodes":[{"kind":"text","key":"343260c354ec466882fb7eccc1287de2","ranges":[{"kind":"range","marks":[],"text":"INTERPRET QUERY RecommendMessage (\"Adriaan\", \"Jong\")"}]}]}]},{"kind":"block","type":"paragraph","key":"45e1b06b77f2474b9fbc677b377ef08e","isVoid":false,"data":{},"nodes":[{"kind":"text","key":"f67879056c3a4ec49849b65500ee8f9b","ranges":[{"kind":"range","marks":[],"text":"You can copy the above GSQL script to a file named app1.gsql, and invoke this script file in linux command line. "}]}]},{"kind":"block","type":"code","key":"d8e9e7533d104b31948c156f0a26fee4","isVoid":false,"data":{"syntax":"bash","title":"Linux Bash"},"nodes":[{"kind":"block","type":"code-line","key":"2db9f2e686254bd4b2971d761dd5437a","isVoid":false,"data":{},"nodes":[{"kind":"text","key":"f7a4f0f5d96a424e890582bf45bed980","ranges":[{"kind":"range","marks":[],"text":"gsql app1.gsql"}]}]}]},{"kind":"block","type":"code","key":"0455f9acad07440dadfd61e3b545c7a3","isVoid":false,"data":{"syntax":"coffeescript","title":" Output of App1"},"nodes":[{"kind":"block","type":"code-line","key":"c4a0cd18ce754d5ab9e29ba89a295986","isVoid":false,"data":{},"nodes":[{"kind":"text","key":"e284648f92404df6a9743cb9b530e774","ranges":[{"kind":"range","marks":[],"text":"Using graph 'ldbc_snb'"}]}]},{"kind":"block","type":"code-line","key":"99a298410762418bb4144682b5eb29ee","isVoid":false,"data":{},"nodes":[{"kind":"text","key":"5c7454a9bc9a45289a1baa54096ebc98","ranges":[{"kind":"range","marks":[],"text":"The query RecommendMessage is dropped."}]}]},{"kind":"block","type":"code-line","key":"7d4da539670c40c5b51e6226ead5c570","isVoid":false,"data":{},"nodes":[{"kind":"text","key":"d589778a8ad54a50a9671572402e18ab","ranges":[{"kind":"range","marks":[],"text":"The query RecommendMessage has been added!"}]}]},{"kind":"block","type":"code-line","key":"23ea62cb86ee4e13a48022855564c596","isVoid":false,"data":{},"nodes":[{"kind":"text","key":"5abf88490b914c8c85053362537ffeef","ranges":[{"kind":"range","marks":[],"text":"{"}]}]},{"kind":"block","type":"code-line","key":"44f4edce30b449d298e6933c8628931c","isVoid":false,"data":{},"nodes":[{"kind":"text","key":"5fa24554430d44eda519a44d47ca7650","ranges":[{"kind":"range","marks":[],"text":"  \"error\": false,"}]}]},{"kind":"block","type":"code-line","key":"e810f243ab1241a995292b374637b7c6","isVoid":false,"data":{},"nodes":[{"kind":"text","key":"ac760f6d67824a15b9bb254c60989c47","ranges":[{"kind":"range","marks":[],"text":"  \"message\": \"\","}]}]},{"kind":"block","type":"code-line","key":"7065d9934cf246858e50ca3d01bcd4ea","isVoid":false,"data":{},"nodes":[{"kind":"text","key":"69714c368f51448ca4cdfead72b5b811","ranges":[{"kind":"range","marks":[],"text":"  \"version\": {"}]}]},{"kind":"block","type":"code-line","key":"631c22880aac4d3fb140126e70e902f4","isVoid":false,"data":{},"nodes":[{"kind":"text","key":"1dafc4f602884aae9bf1716116c5cddf","ranges":[{"kind":"range","marks":[],"text":"    \"schema\": 0,"}]}]},{"kind":"block","type":"code-line","key":"e60c1f563f8d444db057572f6e28c2ef","isVoid":false,"data":{},"nodes":[{"kind":"text","key":"b78736df05ab4387bf149067cd1a33a0","ranges":[{"kind":"range","marks":[],"text":"    \"edition\": \"enterprise\","}]}]},{"kind":"block","type":"code-line","key":"51c30aaf90aa4a26a79a41fb9bb08966","isVoid":false,"data":{},"nodes":[{"kind":"text","key":"75ac4473cb7c4c6ca9e9115604c7e356","ranges":[{"kind":"range","marks":[],"text":"    \"api\": \"v2\""}]}]},{"kind":"block","type":"code-line","key":"e2e78f5a3fb746ec9acc33e6909747ae","isVoid":false,"data":{},"nodes":[{"kind":"text","key":"c6da85d91c0242e69d8de5ea7236e6d4","ranges":[{"kind":"range","marks":[],"text":"  },"}]}]},{"kind":"block","type":"code-line","key":"a3eb058a1af94d2391b4d1adff750a95","isVoid":false,"data":{},"nodes":[{"kind":"text","key":"993f573bac1946aea667b7962c290aca","ranges":[{"kind":"range","marks":[],"text":"  \"results\": [{\"RecommendedMessage\": ["}]}]},{"kind":"block","type":"code-line","key":"a485bdf29a6e46d1a3598ac4192b0739","isVoid":false,"data":{},"nodes":[{"kind":"text","key":"cb2bd01d9ca349ac9bf1f2bad3fe12d8","ranges":[{"kind":"range","marks":[],"text":"    {"}]}]},{"kind":"block","type":"code-line","key":"77440f64a76e425b935744c14c953aa8","isVoid":false,"data":{},"nodes":[{"kind":"text","key":"ea03a559ee374b2891ab96868a6dd3aa","ranges":[{"kind":"range","marks":[],"text":"      \"v_id\": \"549760294602\","}]}]},{"kind":"block","type":"code-line","key":"41c15b85f35b40b3b280ce93a7a5bfac","isVoid":false,"data":{},"nodes":[{"kind":"text","key":"a9fc2221e32441c4b321d04e3ade50d7","ranges":[{"kind":"range","marks":[],"text":"      \"attributes\": {"}]}]},{"kind":"block","type":"code-line","key":"e0afcc0537d9473a92d0584be6a6b59b","isVoid":false,"data":{},"nodes":[{"kind":"text","key":"bcfb322d6ddc4242aa43e8b1cbc2e4ad","ranges":[{"kind":"range","marks":[],"text":"        \"RecommendedMessage.@Rank\": 4855.49219,"}]}]},{"kind":"block","type":"code-line","key":"e867a950ad324146a89f86f345460e3e","isVoid":false,"data":{},"nodes":[{"kind":"text","key":"77a8ba36c9ff42bfb6f92d28fcd90341","ranges":[{"kind":"range","marks":[],"text":"        \"RecommendedMessage.content\": \"About Indira Gandhi, Gandhi established closer relatAbout Mick Jagger, eer of the band. In 1989, he waAbout Ho Chi Minh, ce Unit and ECA International, About Ottoman Empire,  After t\""}]}]},{"kind":"block","type":"code-line","key":"a6d3363cddb247f6b6e47ee99e5d1ffc","isVoid":false,"data":{},"nodes":[{"kind":"text","key":"905b3333c7274bd69e2218f626b7e5c8","ranges":[{"kind":"range","marks":[],"text":"      },"}]}]},{"kind":"block","type":"code-line","key":"92a2a0b5e0ce4eaab2be493de6f5d372","isVoid":false,"data":{},"nodes":[{"kind":"text","key":"50cbc8d7ecd3465b814f2564864c5d64","ranges":[{"kind":"range","marks":[],"text":"      \"v_type\": \"Post\""}]}]},{"kind":"block","type":"code-line","key":"1cae10f83c9f4c3abe4017873d50bd2b","isVoid":false,"data":{},"nodes":[{"kind":"text","key":"7722e9c71c874f87aff750fe9ca2abaf","ranges":[{"kind":"range","marks":[],"text":"    },"}]}]},{"kind":"block","type":"code-line","key":"399aab98eca24e3488bfe5fd0b2d2dd9","isVoid":false,"data":{},"nodes":[{"kind":"text","key":"7caac73b21e5426fbe834154d644108a","ranges":[{"kind":"range","marks":[],"text":"    {"}]}]},{"kind":"block","type":"code-line","key":"87565fa0402c49b58c86587b19724daa","isVoid":false,"data":{},"nodes":[{"kind":"text","key":"11e85d16bf4f472eb252e32f042053d9","ranges":[{"kind":"range","marks":[],"text":"      \"v_id\": \"549760292109\","}]}]},{"kind":"block","type":"code-line","key":"6a7e6fea25864983978bdddae5f379ac","isVoid":false,"data":{},"nodes":[{"kind":"text","key":"74c04f9a52214f92bb5b18ff1d0bd9b7","ranges":[{"kind":"range","marks":[],"text":"      \"attributes\": {"}]}]},{"kind":"block","type":"code-line","key":"379d8ba8c6474141a75f77488efdfedb","isVoid":false,"data":{},"nodes":[{"kind":"text","key":"75fba276b6f1461080905d0a18d9ecb6","ranges":[{"kind":"range","marks":[],"text":"        \"RecommendedMessage.@Rank\": 4828.7251,"}]}]},{"kind":"block","type":"code-line","key":"d348a599aac1412fac6e2ff6e5b53f4d","isVoid":false,"data":{},"nodes":[{"kind":"text","key":"8e589a9b81c2499c9100d45a2c420847","ranges":[{"kind":"range","marks":[],"text":"        \"RecommendedMessage.content\": \"About Ho Chi Minh, nam, as an anti-communist state, fought against the communisAbout Shiny Happy People, sale in the U.\""}]}]},{"kind":"block","type":"code-line","key":"5bc2d9ccc8744e1384a197db2ab327d4","isVoid":false,"data":{},"nodes":[{"kind":"text","key":"e3cf879a04174b40a15ca57475ec2418","ranges":[{"kind":"range","marks":[],"text":"      },"}]}]},{"kind":"block","type":"code-line","key":"3913af08f54c41f6bece5216f17fb56a","isVoid":false,"data":{},"nodes":[{"kind":"text","key":"fa5c327184d74aacbd81c22f47ae2b9b","ranges":[{"kind":"range","marks":[],"text":"      \"v_type\": \"Post\""}]}]},{"kind":"block","type":"code-line","key":"512c7bd33ff547b2a688eb6396e55145","isVoid":false,"data":{},"nodes":[{"kind":"text","key":"39021ee4594d49d99314e946e7b6b0f2","ranges":[{"kind":"range","marks":[],"text":"    }"}]}]},{"kind":"block","type":"code-line","key":"1dd64054171c416faa9e75a50362b7e8","isVoid":false,"data":{},"nodes":[{"kind":"text","key":"9a64560205ff4cfc871f4a61861177ca","ranges":[{"kind":"range","marks":[],"text":"  ]}]"}]}]},{"kind":"block","type":"code-line","key":"5edfbda8145a4c8098136f0f91d83d99","isVoid":false,"data":{},"nodes":[{"kind":"text","key":"88493dcb0b3047c19b67c80af5d3c175","ranges":[{"kind":"range","marks":[],"text":"}"}]}]}]},{"kind":"block","type":"heading-3","key":"65f40195ac604ba6bae96c66a0005f24","isVoid":false,"data":{},"nodes":[{"kind":"text","key":"9ba652ec175441f3bc52ef63fe9621f8","ranges":[{"kind":"range","marks":[],"text":"Install the query"}]}]},{"kind":"block","type":"paragraph","key":"32188b40e6e7484eb9ab8a6df4b8ac20","isVoid":false,"data":{},"nodes":[{"kind":"text","key":"b66fd5150ee440f58c0da10d6020534a","ranges":[{"kind":"range","marks":[],"text":"When you are satisfied with your query  in the GSQL interpret mode,  you can now install it as a generic service which has a much faster speed.  Since we have been using \"CREATE QUERY ..\" syntax, the query is added into the catalog, we can set the syntax version and install it. "}]}]},{"kind":"block","type":"code","key":"e90eba21c051412aab7e52fe1ef238f4","isVoid":false,"data":{"syntax":"coffeescript","title":"GSQL Prepare Install Query"},"nodes":[{"kind":"block","type":"code-line","key":"8a83a052bc6641de9a68c9e6146f9aaa","isVoid":false,"data":{},"nodes":[{"kind":"text","key":"26d4d192af2a44aa91a94f5de3dd2b6e","ranges":[{"kind":"range","marks":[],"text":"#before install the query, need to set the syntax version "}]}]},{"kind":"block","type":"code-line","key":"c7ac5f0b90ed48738e0d956476be7d60","isVoid":false,"data":{},"nodes":[{"kind":"text","key":"acd5af7a336c442e8ac3d77b7a182051","ranges":[{"kind":"range","marks":[],"text":"SET syntax_version=\"v2\""}]}]},{"kind":"block","type":"code-line","key":"c17815e89a4740bcb26ef9c8b96293d7","isVoid":false,"data":{},"nodes":[{"kind":"text","key":"8fd52e341a5d4690ac1f4b669e31c6c8","ranges":[{"kind":"range","marks":[],"text":"USE GRAPH ldbc_snb"}]}]},{"kind":"block","type":"code-line","key":"63d260c84a4f46248b78ba288d0c7f9a","isVoid":false,"data":{},"nodes":[{"kind":"text","key":"0de678b87eb14d75af848ff21c52afd5","ranges":[{"kind":"range","marks":[],"text":""}]}]},{"kind":"block","type":"code-line","key":"69ff1d666752440d87bb9f592913b116","isVoid":false,"data":{},"nodes":[{"kind":"text","key":"441b387a86c444a0a030fc709817cc98","ranges":[{"kind":"range","marks":[],"text":"#install query "}]}]},{"kind":"block","type":"code-line","key":"1e621d7da6164dae80596d8e7a86111e","isVoid":false,"data":{},"nodes":[{"kind":"text","key":"3bd5dd785f1f4fcebf714f3166b90b17","ranges":[{"kind":"range","marks":[],"text":"INSTALL QUERY RecommendMessage"}]}]}]},{"kind":"block","type":"code","key":"d55a27b380c448639f9aa7130529436a","isVoid":false,"data":{"syntax":"coffeescript","title":"GSQL Run the Installed Query"},"nodes":[{"kind":"block","type":"code-line","key":"3c71c54906ff438cbf5778e895552581","isVoid":false,"data":{},"nodes":[{"kind":"text","key":"c43dd646929f4830bb122ed268a2f654","ranges":[{"kind":"range","marks":[],"text":"GSQL > install query RecommendMessage"}]}]},{"kind":"block","type":"code-line","key":"428af5b7644b4c649905f2596447d79d","isVoid":false,"data":{},"nodes":[{"kind":"text","key":"e777ffd92e6345c68d38612760fe488e","ranges":[{"kind":"range","marks":[],"text":"Start installing queries, about 1 minute ..."}]}]},{"kind":"block","type":"code-line","key":"2b908e8cccf247a49e034219e873677b","isVoid":false,"data":{},"nodes":[{"kind":"text","key":"6c830ed5ea414b1fa13d27ab6a592a67","ranges":[{"kind":"range","marks":[],"text":"RecommendMessage query: curl -X GET 'http://127.0.0.1:9000/query/ldbc_snb/RecommendMessage?fn=VALUE&ln=VALUE'. Add -H \"Authorization: Bearer TOKEN\" if authentication is enabled."}]}]},{"kind":"block","type":"code-line","key":"cfcca8992ac74721a1c929d1e4b88419","isVoid":false,"data":{},"nodes":[{"kind":"text","key":"97549f66142a451086d0e5f3589f9165","ranges":[{"kind":"range","marks":[],"text":""}]}]},{"kind":"block","type":"code-line","key":"3027260092dd44808d4100ba3c86caa9","isVoid":false,"data":{},"nodes":[{"kind":"text","key":"ce57ee6345a94dc1a5f850b0d56d5d6f","ranges":[{"kind":"range","marks":[],"text":"[========================================================================================================] 100% (1/1)"}]}]},{"kind":"block","type":"code-line","key":"5aeb15fd0ff8449b952ac62f2560b83f","isVoid":false,"data":{},"nodes":[{"kind":"text","key":"2c5ae60b11fc4729bc225cdfd7e69f0c","ranges":[{"kind":"range","marks":[],"text":"GSQL > run query RecommendMessage(\"Viktor\", \"Akhiezer\")"}]}]},{"kind":"block","type":"code-line","key":"d0e63ec0458b44429c54c38cbf1442b9","isVoid":false,"data":{},"nodes":[{"kind":"text","key":"a93dd1c40a6b4e7e86da6e99560c20f9","ranges":[{"kind":"range","marks":[],"text":"{"}]}]},{"kind":"block","type":"code-line","key":"b7c04b608e9c471aa931934d92b20927","isVoid":false,"data":{},"nodes":[{"kind":"text","key":"431edf991ae244ccbd10538cfc54cd5c","ranges":[{"kind":"range","marks":[],"text":"  \"error\": false,"}]}]},{"kind":"block","type":"code-line","key":"c9458950e7ec4caba6f5b602dac66abc","isVoid":false,"data":{},"nodes":[{"kind":"text","key":"9603f510510942c08f66d6c7800f9994","ranges":[{"kind":"range","marks":[],"text":"  \"message\": \"\","}]}]},{"kind":"block","type":"code-line","key":"cb2e4282c5f648e3bc4a7ec2f15b67e9","isVoid":false,"data":{},"nodes":[{"kind":"text","key":"1041c89b2115400bb169a56fd1e1606f","ranges":[{"kind":"range","marks":[],"text":"  \"version\": {"}]}]},{"kind":"block","type":"code-line","key":"57d9719cf8fb4d22952df0d048eec3b8","isVoid":false,"data":{},"nodes":[{"kind":"text","key":"664bb5837ac34386a802fe3b2a799677","ranges":[{"kind":"range","marks":[],"text":"    \"schema\": 0,"}]}]},{"kind":"block","type":"code-line","key":"57795435a511494dad67f8b28239acd3","isVoid":false,"data":{},"nodes":[{"kind":"text","key":"af1421db2103480dba61582e648578bb","ranges":[{"kind":"range","marks":[],"text":"    \"edition\": \"enterprise\","}]}]},{"kind":"block","type":"code-line","key":"a04a0acf45c242e794f5160f28a59878","isVoid":false,"data":{},"nodes":[{"kind":"text","key":"b133a7073df344e6a7d34b6f410c2d1c","ranges":[{"kind":"range","marks":[],"text":"    \"api\": \"v2\""}]}]},{"kind":"block","type":"code-line","key":"f8292ced1d694ba8a7f2b5071a72482e","isVoid":false,"data":{},"nodes":[{"kind":"text","key":"d6328e6450a443949a0f68a2f1a53b23","ranges":[{"kind":"range","marks":[],"text":"  },"}]}]},{"kind":"block","type":"code-line","key":"7db42a9134f3484b9cb45dcf2dcce36d","isVoid":false,"data":{},"nodes":[{"kind":"text","key":"9d857e952cb64af58748cb2a1e53c7a0","ranges":[{"kind":"range","marks":[],"text":"  \"results\": [{\"RecommendedMessage\": ["}]}]},{"kind":"block","type":"code-line","key":"d89b3c180cb04daa82b3eeb7e8db35cd","isVoid":false,"data":{},"nodes":[{"kind":"text","key":"1b157a5980c04800a446ea347382b9d4","ranges":[{"kind":"range","marks":[],"text":"    {"}]}]},{"kind":"block","type":"code-line","key":"8b0e2de336e04e94b8747e16dec42e74","isVoid":false,"data":{},"nodes":[{"kind":"text","key":"665b272bea354c68bdae39f07044b5be","ranges":[{"kind":"range","marks":[],"text":"      \"v_id\": \"549760294602\","}]}]},{"kind":"block","type":"code-line","key":"262a9047798048648cdc97c0f0a8bcdd","isVoid":false,"data":{},"nodes":[{"kind":"text","key":"717b45bf47de49689fdb4a68d1be31a1","ranges":[{"kind":"range","marks":[],"text":"      \"attributes\": {"}]}]},{"kind":"block","type":"code-line","key":"5b0c8b00e63e41aeb3224cfc746b0a38","isVoid":false,"data":{},"nodes":[{"kind":"text","key":"e27db671b8634a769b46211540ed02c7","ranges":[{"kind":"range","marks":[],"text":"        \"RecommendedMessage.@Rank\": 4855.49219,"}]}]},{"kind":"block","type":"code-line","key":"7e47539ac59344f9b2b80b948d9fcbd2","isVoid":false,"data":{},"nodes":[{"kind":"text","key":"c1240d7037c0454eb8ee9a2d1158ec4e","ranges":[{"kind":"range","marks":[],"text":"        \"RecommendedMessage.content\": \"About Indira Gandhi, Gandhi established closer relatAbout Mick Jagger, eer of the band. In 1989, he waAbout Ho Chi Minh, ce Unit and ECA International, About Ottoman Empire,  After t\""}]}]},{"kind":"block","type":"code-line","key":"8a41350747c24e538cd810a85447b27d","isVoid":false,"data":{},"nodes":[{"kind":"text","key":"b7833f1c46004c518bcd01a38dab6fb9","ranges":[{"kind":"range","marks":[],"text":"      },"}]}]},{"kind":"block","type":"code-line","key":"94cac6295ecf4474a59fa47c86b79ada","isVoid":false,"data":{},"nodes":[{"kind":"text","key":"c22f39ea28a4451aa2f247e661897180","ranges":[{"kind":"range","marks":[],"text":"      \"v_type\": \"Post\""}]}]},{"kind":"block","type":"code-line","key":"c1f83d0dfd784f649d040375d2b64012","isVoid":false,"data":{},"nodes":[{"kind":"text","key":"e470d3f69b104823909774799b0facfa","ranges":[{"kind":"range","marks":[],"text":"    },"}]}]},{"kind":"block","type":"code-line","key":"bbf04cb641cc43ddb3d670090405ccca","isVoid":false,"data":{},"nodes":[{"kind":"text","key":"14cd98260c3b455da927028292c480c0","ranges":[{"kind":"range","marks":[],"text":"    {"}]}]},{"kind":"block","type":"code-line","key":"421d6e5d4f084aba9c9227b53cd36ceb","isVoid":false,"data":{},"nodes":[{"kind":"text","key":"15a94c28b4f34fc4ac01f97172d50bed","ranges":[{"kind":"range","marks":[],"text":"      \"v_id\": \"549760292109\","}]}]},{"kind":"block","type":"code-line","key":"7d97601f5794416b93aefd7894e24970","isVoid":false,"data":{},"nodes":[{"kind":"text","key":"57bb20aeabf54de4ac340c50953264c4","ranges":[{"kind":"range","marks":[],"text":"      \"attributes\": {"}]}]},{"kind":"block","type":"code-line","key":"9b398e7d9b444d2c877df64fdd2d1484","isVoid":false,"data":{},"nodes":[{"kind":"text","key":"c83348e6e36b469e833f109e947063cf","ranges":[{"kind":"range","marks":[],"text":"        \"RecommendedMessage.@Rank\": 4828.7251,"}]}]},{"kind":"block","type":"code-line","key":"47fc228d36a44eba9bdd82acca9808de","isVoid":false,"data":{},"nodes":[{"kind":"text","key":"5cb60e32fdfd4ea0bd01ca20251d6d97","ranges":[{"kind":"range","marks":[],"text":"        \"RecommendedMessage.content\": \"About Ho Chi Minh, nam, as an anti-communist state, fought against the communisAbout Shiny Happy People, sale in the U.\""}]}]},{"kind":"block","type":"code-line","key":"a4cd707a61f3404c8dbe838c4984ab32","isVoid":false,"data":{},"nodes":[{"kind":"text","key":"ec92cb472ade461783a113348f5eece1","ranges":[{"kind":"range","marks":[],"text":"      },"}]}]},{"kind":"block","type":"code-line","key":"de42e23916814ad281ce3ab77580b111","isVoid":false,"data":{},"nodes":[{"kind":"text","key":"9ef06935125f4ce3b6b6a3ba30e6d5f2","ranges":[{"kind":"range","marks":[],"text":"      \"v_type\": \"Post\""}]}]},{"kind":"block","type":"code-line","key":"1c524a1139c24f6d9b2b58d12ece32d2","isVoid":false,"data":{},"nodes":[{"kind":"text","key":"7c30ad3633dd456ebfabc9023c5e5205","ranges":[{"kind":"range","marks":[],"text":"    }"}]}]},{"kind":"block","type":"code-line","key":"5f3591340f5e46bfa365d22b9ba125ad","isVoid":false,"data":{},"nodes":[{"kind":"text","key":"8549118c124a4e1382a619764b877bf3","ranges":[{"kind":"range","marks":[],"text":"  ]}]"}]}]},{"kind":"block","type":"code-line","key":"c996bfa3afb84266a661f05939830eb0","isVoid":false,"data":{},"nodes":[{"kind":"text","key":"2f46bbd6a3dc4e65a33185e58b38e76d","ranges":[{"kind":"range","marks":[],"text":"}"}]}]}]},{"kind":"block","type":"code","key":"304732568434455cba9c35702a77ee67","isVoid":false,"data":{"syntax":"coffeescript","title":"Linux Bash:  Shutdown The System"},"nodes":[{"kind":"block","type":"code-line","key":"366bfe6335ce4deb93b6a068712c6822","isVoid":false,"data":{},"nodes":[{"kind":"text","key":"f7f7e07a1fe54c4782bb6f620957f98a","ranges":[{"kind":"range","marks":[],"text":"#when you are not using the TigerGraph System on your laptop,"}]}]},{"kind":"block","type":"code-line","key":"526897543e734c2691f31ae242cfee19","isVoid":false,"data":{},"nodes":[{"kind":"text","key":"7b11e812b35b4ed69ba16f7828701cab","ranges":[{"kind":"range","marks":[],"text":"# to save resource, you can stop it by"}]}]},{"kind":"block","type":"code-line","key":"a4541894af7f4a4c99b9f6aed97f601c","isVoid":false,"data":{},"nodes":[{"kind":"text","key":"e0b281a1331040e19c659d747b6d8672","ranges":[{"kind":"range","marks":[],"text":"gadmin stop"}]}]},{"kind":"block","type":"code-line","key":"d1f3da2c63f04642bccde4cb0e0d5840","isVoid":false,"data":{},"nodes":[{"kind":"text","key":"cee29ed0b5904f8d8c37e5dd36a82df4","ranges":[{"kind":"range","marks":[],"text":"#when you need to start it again, use "}]}]},{"kind":"block","type":"code-line","key":"f79a5359da5d4f6e8bc1c41e354b9ec9","isVoid":false,"data":{},"nodes":[{"kind":"text","key":"9247fc80310a443a9bce60caedc68990","ranges":[{"kind":"range","marks":[],"text":"gadmin start"}]}]}]},{"kind":"block","type":"paragraph","key":"267ec47c390a42428e1726aca9dbb686","isVoid":false,"data":{},"nodes":[{"kind":"text","key":"6b4917933d24480f8d75e2ace06d5f6c","ranges":[{"kind":"range","marks":[],"text":"The above use log-cosine as a similarity measurement. We can also use cosine similarity by using two persons liked messages."}]}]},{"kind":"block","type":"code","key":"78e97148cef341f99a80105ada509d33","isVoid":false,"data":{"syntax":"sql","title":"GSQL Recommendation Algorithm 2"},"nodes":[{"kind":"block","type":"code-line","key":"c3fdbb40374d4f42bca9fdda71c4a040","isVoid":false,"data":{},"nodes":[{"kind":"text","key":"775170999f2b41cc8c21436cb57e9265","ranges":[{"kind":"range","marks":[],"text":"use graph ldbc_snb"}]}]},{"kind":"block","type":"code-line","key":"f9503cd05cf945a59dacb1e668a5f6fc","isVoid":false,"data":{},"nodes":[{"kind":"text","key":"3ef7678eb5ee43268fcf54b41b448913","ranges":[{"kind":"range","marks":[],"text":"set query_timeout=60000"}]}]},{"kind":"block","type":"code-line","key":"eb9b2769de6a4e3abd4db75c013858b7","isVoid":false,"data":{},"nodes":[{"kind":"text","key":"f43425a188ae49fbb73776d2d57692f7","ranges":[{"kind":"range","marks":[],"text":"DROP QUERY RecommendMessage"}]}]},{"kind":"block","type":"code-line","key":"e5717d80035b403c8d3a85e44007b827","isVoid":false,"data":{},"nodes":[{"kind":"text","key":"5a10d2ee5e0844fe9a83f69042e9a57a","ranges":[{"kind":"range","marks":[],"text":""}]}]},{"kind":"block","type":"code-line","key":"b60a935eeebc41b89bb9d7299d7d4660","isVoid":false,"data":{},"nodes":[{"kind":"text","key":"b71c9e1955ab42188d99bdca9ff4b7e8","ranges":[{"kind":"range","marks":[],"text":"CREATE QUERY RecommendMessage (String fn, String ln) FOR GRAPH ldbc_snb SYNTAX v2{"}]}]},{"kind":"block","type":"code-line","key":"078f9eccea1245a5a5f563addf292125","isVoid":false,"data":{},"nodes":[{"kind":"text","key":"0473f4a50a514fa6aae781476ab8db33","ranges":[{"kind":"range","marks":[],"text":""}]}]},{"kind":"block","type":"code-line","key":"cf8b87dc427d4385952ff6c5157356a4","isVoid":false,"data":{},"nodes":[{"kind":"text","key":"085fdcb1b1e946aabf9e42a73cdf6118","ranges":[{"kind":"range","marks":[],"text":"  SumAccum<int> @MsgInCommon = 0;"}]}]},{"kind":"block","type":"code-line","key":"82e163edcd3641e9a3d6c6d309c6e3fa","isVoid":false,"data":{},"nodes":[{"kind":"text","key":"f46ba14c5d064c1db923753e24fb5fc4","ranges":[{"kind":"range","marks":[],"text":"  SumAccum<int> @MsgCnt = 0 ;"}]}]},{"kind":"block","type":"code-line","key":"3e3bff7af4d64406961ecff28d6e4587","isVoid":false,"data":{},"nodes":[{"kind":"text","key":"4eba7690bde9453986bb9deb87e39a44","ranges":[{"kind":"range","marks":[],"text":"  SumAccum<int> @@InputPersonMsgCnt = 0;"}]}]},{"kind":"block","type":"code-line","key":"ce60920d6df847bd8bea74337396bc76","isVoid":false,"data":{},"nodes":[{"kind":"text","key":"eaad854b2a13412088104ab4598e0798","ranges":[{"kind":"range","marks":[],"text":"  SumAccum<float> @SimilarityScore;"}]}]},{"kind":"block","type":"code-line","key":"207347883d8a484c9e24530b1c9a7cff","isVoid":false,"data":{},"nodes":[{"kind":"text","key":"faa88ca22b524eb4a2ec857092776894","ranges":[{"kind":"range","marks":[],"text":"  SumAccum<float> @Rank;"}]}]},{"kind":"block","type":"code-line","key":"bb71440180fd4796a9495ec7bf0985d4","isVoid":false,"data":{},"nodes":[{"kind":"text","key":"7b394b77f7e742b0aaa30522f8324462","ranges":[{"kind":"range","marks":[],"text":"  SumAccum<float> @TagCnt = 0;"}]}]},{"kind":"block","type":"code-line","key":"65b8f9b644724f6199a57303dbadaea1","isVoid":false,"data":{},"nodes":[{"kind":"text","key":"81d1cd12c41a4c1283af1c471d9aa9ea","ranges":[{"kind":"range","marks":[],"text":"  OrAccum @Liked = false;"}]}]},{"kind":"block","type":"code-line","key":"1daa84953e6f460186a9f23bf1dfc4e2","isVoid":false,"data":{},"nodes":[{"kind":"text","key":"a78d6cf60e0547a7b4a7e3c0e1a56e97","ranges":[{"kind":"range","marks":[],"text":"  float sqrtOfInputPersonMsgCnt;"}]}]},{"kind":"block","type":"code-line","key":"5a00330de8674bb1835d3231f8faef7b","isVoid":false,"data":{},"nodes":[{"kind":"text","key":"93d7199acc4741b290581de54f3dafd1","ranges":[{"kind":"range","marks":[],"text":""}]}]},{"kind":"block","type":"code-line","key":"4ed9496d775145759f0de84a7cccd6eb","isVoid":false,"data":{},"nodes":[{"kind":"text","key":"2d31bc60c0064edc8ee09d10c7016d73","ranges":[{"kind":"range","marks":[],"text":"   #1. mark messages liked by input user"}]}]},{"kind":"block","type":"code-line","key":"e064f466693e43e7aab29a41ed75b841","isVoid":false,"data":{},"nodes":[{"kind":"text","key":"bb0c1d58b9ee4d8f94c53bee856d9615","ranges":[{"kind":"range","marks":[],"text":"   #2. find common msg between input user and other persons"}]}]},{"kind":"block","type":"code-line","key":"daacddf2a0dc4ec8a1912f9c4c04966b","isVoid":false,"data":{},"nodes":[{"kind":"text","key":"8dcc69d473aa4cd4805b79bb3deb8a02","ranges":[{"kind":"range","marks":[],"text":"    Others ="}]}]},{"kind":"block","type":"code-line","key":"312ff75c8ca44fa3b8c0f02af99d6adc","isVoid":false,"data":{},"nodes":[{"kind":"text","key":"a05dd16f38b6442299fc121b40fed00a","ranges":[{"kind":"range","marks":[],"text":"       SELECT p"}]}]},{"kind":"block","type":"code-line","key":"1600ab29ff8043408b14e10275e67a52","isVoid":false,"data":{},"nodes":[{"kind":"text","key":"120cd20616a841369449856c0cbcf6e7","ranges":[{"kind":"range","marks":[],"text":"       FROM Person:s-(LIKES>)-:msg -(<LIKES)-:p"}]}]},{"kind":"block","type":"code-line","key":"bd2d41598d5648858b7b40a1ced822ae","isVoid":false,"data":{},"nodes":[{"kind":"text","key":"93602a6a9681433fba9e474b03875cc7","ranges":[{"kind":"range","marks":[],"text":"       WHERE s.firstName == fn AND s.lastName == ln"}]}]},{"kind":"block","type":"code-line","key":"49a4fc48ebfa4f1cbff12965d28dcfba","isVoid":false,"data":{},"nodes":[{"kind":"text","key":"3a95f1cdde9b46e9b8d1d07e83723d48","ranges":[{"kind":"range","marks":[],"text":"       ACCUM msg.@Liked = true, @@InputPersonMsgCnt += 1,"}]}]},{"kind":"block","type":"code-line","key":"0f6693cb6a004ea39242c19128de20cf","isVoid":false,"data":{},"nodes":[{"kind":"text","key":"5f043c3cf032495cb4c684d085dc608e","ranges":[{"kind":"range","marks":[],"text":"             p.@MsgInCommon += 1;"}]}]},{"kind":"block","type":"code-line","key":"2e05c1d065e747f48d6f4ceabb98cc78","isVoid":false,"data":{},"nodes":[{"kind":"text","key":"3ba186319fd44f4a914b27cfa66ce2db","ranges":[{"kind":"range","marks":[],"text":""}]}]},{"kind":"block","type":"code-line","key":"0ad30b32186a4593baa9cbf1987676a5","isVoid":false,"data":{},"nodes":[{"kind":"text","key":"b9b99fbff3224ec18d07c792ee8989eb","ranges":[{"kind":"range","marks":[],"text":"    sqrtOfInputPersonMsgCnt = sqrt(@@InputPersonMsgCnt);"}]}]},{"kind":"block","type":"code-line","key":"bb0ce31b0deb435c86d416b25f05c5d8","isVoid":false,"data":{},"nodes":[{"kind":"text","key":"b8734cf27d1d4703bea4ec4b6ffc1588","ranges":[{"kind":"range","marks":[],"text":""}]}]},{"kind":"block","type":"code-line","key":"083d7dbf22d940ab9740c3fd5f5defbb","isVoid":false,"data":{},"nodes":[{"kind":"text","key":"9c7682dcfd8e4fa9a726d6614b9e4757","ranges":[{"kind":"range","marks":[],"text":"    #calculate cosine similarity score."}]}]},{"kind":"block","type":"code-line","key":"dcd4a6a8b59f4fe09d9d825bf5827b02","isVoid":false,"data":{},"nodes":[{"kind":"text","key":"eff126d4c33f43f6ada78d40f8e3fe0a","ranges":[{"kind":"range","marks":[],"text":"    #|AxB|/(sqrt(Sum(A_i^2)) * sqrt(Sum(B_i^2)))"}]}]},{"kind":"block","type":"code-line","key":"8c7dff54c8a34f9596302ca9007b9c67","isVoid":false,"data":{},"nodes":[{"kind":"text","key":"dd9895147daa42558e1ad952529b920e","ranges":[{"kind":"range","marks":[],"text":"    Others  ="}]}]},{"kind":"block","type":"code-line","key":"05a6d844f8bd46ce85cdc06206524fb9","isVoid":false,"data":{},"nodes":[{"kind":"text","key":"4b1a53b1cd5647019135d399c6837b3b","ranges":[{"kind":"range","marks":[],"text":"        SELECT o"}]}]},{"kind":"block","type":"code-line","key":"9f803ba31d9d451faa1f8d5006d57e18","isVoid":false,"data":{},"nodes":[{"kind":"text","key":"6df9f96874194115b304f6a8824a2ae9","ranges":[{"kind":"range","marks":[],"text":"        FROM Others:o-(LIKES>)-:msg"}]}]},{"kind":"block","type":"code-line","key":"f3f7c4ddb8eb4e8dbd5c9c0abcc3f87b","isVoid":false,"data":{},"nodes":[{"kind":"text","key":"c3411e51475142d394dbfc132b6c3fa0","ranges":[{"kind":"range","marks":[],"text":"        ACCUM o.@MsgCnt += 1"}]}]},{"kind":"block","type":"code-line","key":"444a2a7d8948446ca8fe23acdc8c2254","isVoid":false,"data":{},"nodes":[{"kind":"text","key":"76099cd09d94444ca79827f26850d33c","ranges":[{"kind":"range","marks":[],"text":"        POST-ACCUM o.@SimilarityScore = o.@MsgInCommon/(sqrtOfInputPersonMsgCnt * sqrt(o.@MsgCnt));"}]}]},{"kind":"block","type":"code-line","key":"707d726e93024f39a1170e446d26f857","isVoid":false,"data":{},"nodes":[{"kind":"text","key":"84c6e8bc38f3420c9692df826ea65e54","ranges":[{"kind":"range","marks":[],"text":""}]}]},{"kind":"block","type":"code-line","key":"a8f1e2c7fe4c472cb088a6e917276f66","isVoid":false,"data":{},"nodes":[{"kind":"text","key":"2f2bfd87b50f44cd8647334b455ca274","ranges":[{"kind":"range","marks":[],"text":"   #recommend new messages to input user that have not liked by him."}]}]},{"kind":"block","type":"code-line","key":"c02890bbfd9947d9b707cf8901a4daf1","isVoid":false,"data":{},"nodes":[{"kind":"text","key":"20eb75160a6c44358b182dc5eb467f66","ranges":[{"kind":"range","marks":[],"text":"    RecommendedMessage ="}]}]},{"kind":"block","type":"code-line","key":"51aa3f829b2c4d45aae7b2233802281d","isVoid":false,"data":{},"nodes":[{"kind":"text","key":"44ffd728d604476797e1ffd2affc7620","ranges":[{"kind":"range","marks":[],"text":"             SELECT msg"}]}]},{"kind":"block","type":"code-line","key":"6d152467c84845d59defcc81ed0e60c0","isVoid":false,"data":{},"nodes":[{"kind":"text","key":"6afaed03dbfd4df4bf0432ca40cd0472","ranges":[{"kind":"range","marks":[],"text":"             FROM Others:o-(LIKES>) - :msg"}]}]},{"kind":"block","type":"code-line","key":"a61ae8621f4848b78db00bf0fb8be586","isVoid":false,"data":{},"nodes":[{"kind":"text","key":"180eabd362c048b2a183dc1b8da07b9e","ranges":[{"kind":"range","marks":[],"text":"             WHERE  msg.@Liked == false"}]}]},{"kind":"block","type":"code-line","key":"418c34f322e24d9eaf29b983a5242a0c","isVoid":false,"data":{},"nodes":[{"kind":"text","key":"614ea7f864754ca28b578730d1bd08c7","ranges":[{"kind":"range","marks":[],"text":"             ACCUM msg.@Rank +=o.@SimilarityScore"}]}]},{"kind":"block","type":"code-line","key":"44127db0aa9445b39cbdae62bf2ef34d","isVoid":false,"data":{},"nodes":[{"kind":"text","key":"2898b7d2bc30440e8c7a689962ee333c","ranges":[{"kind":"range","marks":[],"text":"             ORDER BY msg.@Rank DESC"}]}]},{"kind":"block","type":"code-line","key":"76dd55dbe879465db356c32c74abf7e3","isVoid":false,"data":{},"nodes":[{"kind":"text","key":"f0edcb83459f4d42adf795600d025052","ranges":[{"kind":"range","marks":[],"text":"             LIMIT 3;"}]}]},{"kind":"block","type":"code-line","key":"a46eea1cca19429c87764139ca310dc9","isVoid":false,"data":{},"nodes":[{"kind":"text","key":"6250704626cd42bebb5c25bb617b7468","ranges":[{"kind":"range","marks":[],"text":""}]}]},{"kind":"block","type":"code-line","key":"cab48aabc99941aebac86820f366a242","isVoid":false,"data":{},"nodes":[{"kind":"text","key":"bae59962efc947d497ffa258c63ad39f","ranges":[{"kind":"range","marks":[],"text":"  PRINT   RecommendedMessage[RecommendedMessage.content, RecommendedMessage.@Rank];"}]}]},{"kind":"block","type":"code-line","key":"5f80ec6a83354f57baf4cdd9077bdb62","isVoid":false,"data":{},"nodes":[{"kind":"text","key":"34a0aa32b33543f49e2e404e9fbb9a8c","ranges":[{"kind":"range","marks":[],"text":"}"}]}]},{"kind":"block","type":"code-line","key":"0594b11eded649f48a2c4e03946118e5","isVoid":false,"data":{},"nodes":[{"kind":"text","key":"4f5f9d73935543deadb78f3d4221cb5c","ranges":[{"kind":"range","marks":[],"text":""}]}]},{"kind":"block","type":"code-line","key":"61e139ff6d7a4a569799a2db793ef78c","isVoid":false,"data":{},"nodes":[{"kind":"text","key":"a83f1f6b72e44521977b6a6962491804","ranges":[{"kind":"range","marks":[],"text":"INTERPRET QUERY RecommendMessage (\"Viktor\", \"Akhiezer\")"}]}]},{"kind":"block","type":"code-line","key":"81b8f66125b6448a8a57f431a0a64907","isVoid":false,"data":{},"nodes":[{"kind":"text","key":"c6110d88c8df4c628ed1a54ab91eb431","ranges":[{"kind":"range","marks":[],"text":"#try the second person with just parameter change."}]}]},{"kind":"block","type":"code-line","key":"ce67a048aeff497fb0e90713b7da5501","isVoid":false,"data":{},"nodes":[{"kind":"text","key":"952ed6d907844a83bc6f126cdcb1e1da","ranges":[{"kind":"range","marks":[],"text":"INTERPRET QUERY RecommendMessage (\"Adriaan\", \"Jong\")"}]}]},{"kind":"block","type":"code-line","key":"47756867f3124c5faff07182f383eefb","isVoid":false,"data":{},"nodes":[{"kind":"text","key":"48af694f85ad40a4898f153fef21f020","ranges":[{"kind":"range","marks":[],"text":""}]}]},{"kind":"block","type":"code-line","key":"b4b9d8f28cee4d6a80e3f0b1a3bf73a6","isVoid":false,"data":{},"nodes":[{"kind":"text","key":"bdd0fb4c16784fb58d8554d8175b76e9","ranges":[{"kind":"range","marks":[],"text":""}]}]}]},{"kind":"block","type":"heading-1","key":"48d3b4b283314c82b3d44760b2fc0194","isVoid":false,"data":{},"nodes":[{"kind":"text","key":"7b12dca652c74426b8d02a88d3f44084","ranges":[{"kind":"range","marks":[],"text":"LDBC SNB Benchmark Queries"}]}]},{"kind":"block","type":"paragraph","key":"383616fc0b8a4e2c81f238282b0d68ff","isVoid":false,"data":{},"nodes":[{"kind":"text","key":"3280e0cf27af4499bfbbb75b1155175b","ranges":[{"kind":"range","marks":[],"text":"We have made available all LDBC SNB benchmark queries translated into GSQL pattern matching syntax. The benchmark queries are described in Sections 4 and 5 of the "}]},{"kind":"inline","type":"link","key":"5fa073eef3974cfaaa40a9c2bc2fec79","isVoid":false,"data":{"href":"http://ldbc.github.io/ldbc_snb_docs/ldbc-snb-specification.pdf"},"nodes":[{"kind":"text","key":"cb78bfcefe6b4c059a78a81d622398b3","ranges":[{"kind":"range","marks":[],"text":"LDBC Social Network Benchmark Reference"}]}]},{"kind":"text","key":"459e18a206384d1dbcd523162c694293","ranges":[{"kind":"range","marks":[],"text":"."}]}]},{"kind":"block","type":"paragraph","key":"79ba6c85ba274098ab1e8e49507048c7","isVoid":false,"data":{},"nodes":[{"kind":"text","key":"533ec4367ca343819c6ff3418ca594f2","ranges":[{"kind":"range","marks":[],"text":"You can find our GSQL pattern match translations of these queries on Github:\n"}]},{"kind":"inline","type":"link","key":"ca481faf412047d3b2c8eabdb9f5623d","isVoid":false,"data":{"href":"https://github.com/tigergraph/ecosys/tree/ldbc/ldbc_benchmark/tigergraph/queries_pattern_match"},"nodes":[{"kind":"text","key":"c856deff18784f1b8e83dd86b785faab","ranges":[{"kind":"range","marks":[],"text":"https://github.com/tigergraph/ecosys/tree/ldbc/ldbc_benchmark/tigergraph/queries_pattern_match"}]}]},{"kind":"text","key":"033220b973e84fe1be1bf73f3dec752f","ranges":[{"kind":"range","marks":[],"text":""}]}]},{"kind":"block","type":"paragraph","key":"db2940c3d80246f2bc691190f19870f3","isVoid":false,"data":{},"nodes":[{"kind":"text","key":"c4fc3379dd754872b5bce7c6fca8e7b3","ranges":[{"kind":"range","marks":[],"text":"Note we use CREATE/INSTALL/RUN QUERY instead of INTERPRET QUERY so that these queries can be optimized and installed as REST services.  There are three sets of queries:"}]}]},{"kind":"block","type":"list-unordered","key":"c882f8dd95c347d18cfc8e4812cfadaf","isVoid":false,"data":{},"nodes":[{"kind":"block","type":"list-item","key":"ac919e164e5f410ea2ff8796dd0d2f76","isVoid":false,"data":{},"nodes":[{"kind":"block","type":"paragraph","key":"c3cecf52da324a1a847d555c7a59e48c","isVoid":false,"data":{},"nodes":[{"kind":"text","key":"d19c89c196e7429ba5cac188743d852a","ranges":[{"kind":"range","marks":[],"text":""}]},{"kind":"inline","type":"link","key":"f65cd6bf9ee048a1a66b5b1f0133df6d","isVoid":false,"data":{"href":"https://github.com/tigergraph/ecosys/tree/ldbc/ldbc_benchmark/tigergraph/queries_pattern_match/interactive_short"},"nodes":[{"kind":"text","key":"017db15e99e74279b6bb653660dab6c5","ranges":[{"kind":"range","marks":[],"text":"Interactive Short Queries"}]}]},{"kind":"text","key":"b61a4f691ad14e09985da225e4910b3d","ranges":[{"kind":"range","marks":[],"text":""}]}]}]},{"kind":"block","type":"list-item","key":"a12176e19b2f4b7b8a6cbf938dffbbf5","isVoid":false,"data":{},"nodes":[{"kind":"block","type":"paragraph","key":"488fa8c22f894719b94fefd09d4f8622","isVoid":false,"data":{},"nodes":[{"kind":"text","key":"bf338b3cd9bb4385a3773381dcbe6062","ranges":[{"kind":"range","marks":[],"text":""}]},{"kind":"inline","type":"link","key":"89ad58b8d5524995a6ab547022a0a339","isVoid":false,"data":{"href":"https://github.com/tigergraph/ecosys/tree/ldbc/ldbc_benchmark/tigergraph/queries_pattern_match/interactive_complex"},"nodes":[{"kind":"text","key":"28abb7d92bb14f73ad9bd1ada5b8dea8","ranges":[{"kind":"range","marks":[],"text":"Complex Short Queries"}]}]},{"kind":"text","key":"b53dbfd53fc1470cad99380a9ab1ef55","ranges":[{"kind":"range","marks":[],"text":""}]}]}]},{"kind":"block","type":"list-item","key":"dfde6dd6a5714c70ac79e82627090f10","isVoid":false,"data":{},"nodes":[{"kind":"block","type":"paragraph","key":"292e44847cd84e5483b29142ecde735f","isVoid":false,"data":{},"nodes":[{"kind":"text","key":"cb85712a092c426380f56dfc1d3cf4ef","ranges":[{"kind":"range","marks":[],"text":""}]},{"kind":"inline","type":"link","key":"45d7fce73c0c4193855e0ca47bc1add3","isVoid":false,"data":{"href":"https://github.com/tigergraph/ecosys/tree/ldbc/ldbc_benchmark/tigergraph/queries_pattern_match/business_intelligence"},"nodes":[{"kind":"text","key":"0dac73aa86bf4864b2bbec86654c4953","ranges":[{"kind":"range","marks":[],"text":"Business Intelligence Queries"}]}]},{"kind":"text","key":"052efc57290243079036eb7b2d9890a6","ranges":[{"kind":"range","marks":[],"text":""}]}]}]}]},{"kind":"block","type":"paragraph","key":"89108e2b344e42a7a1459635c400db9f","isVoid":false,"data":{},"nodes":[{"kind":"text","key":"4ac72367c57a463fba1df7ee70ae4cc8","ranges":[{"kind":"range","marks":[],"text":"Also, you may want to use the "}]},{"kind":"inline","type":"link","key":"8bae08556020410abdadc4f516d506de","isVoid":false,"data":{"pageID":"-LMVRMLP728FyJXRhxVo"},"nodes":[{"kind":"text","key":"03eb324eaf3d43adbe7557d7278cf09e","ranges":[{"kind":"range","marks":[],"text":"GraphStudio UI "}]}]},{"kind":"text","key":"82c6a25ad8aa4926b0ab11cbf135b3b1","ranges":[{"kind":"range","marks":[],"text":"to help you visualize and explore the graph and to try your hand at writing your own queries."}]}]},{"kind":"block","type":"paragraph","key":"80fc64362a6c4882ae9aea9ca449011f","isVoid":false,"data":{},"nodes":[{"kind":"text","key":"39a14d1b55224310a8f26794ed2794f5","ranges":[{"kind":"range","marks":[],"text":"Last but not least, join "}]},{"kind":"inline","type":"link","key":"64dd033613714eba9845f0b9647a2bf9","isVoid":false,"data":{"href":"https://groups.google.com/a/opengsql.org/forum/#!forum/gsql-users"},"nodes":[{"kind":"text","key":"f94041527248433aa1d283fba2ae91d2","ranges":[{"kind":"range","marks":[],"text":"GSQL community forum"}]}]},{"kind":"text","key":"5b8d2a92734e428e9fad005de8bb5987","ranges":[{"kind":"range","marks":[],"text":",  discuss and get help from fellow GSQL users and GSQL developers."}]}]},{"kind":"block","type":"paragraph","key":"0ca1b3db49424d3e9f5b383c2a2957c3","isVoid":false,"data":{},"nodes":[{"kind":"text","key":"b70252cdc2d1421994b89480509f094b","ranges":[{"kind":"range","marks":[],"text":""}]}]},{"kind":"block","type":"paragraph","key":"4e5bb940626d4622a2bc3f492383faa8","isVoid":false,"data":{},"nodes":[{"kind":"text","key":"f79720a1f13349d894e38672cc65c27b","ranges":[{"kind":"range","marks":[],"text":""}]}]}]}}