{"format_version":1,"document":{"kind":"document","key":"84a93c3b1a24414584d78fe43512ac63","data":{"schema_version":5},"nodes":[{"kind":"block","type":"paragraph","key":"c7595a94c6cb4a9daa267a96631351c5","isVoid":false,"data":{},"nodes":[{"kind":"text","key":"5d4a06c6f36c45d795f9d83d52afba8c","ranges":[{"kind":"range","marks":[],"text":"Version 2.0 to 2.3. Copyright © 2019 TigerGraph. All Rights Reserved."}]}]},{"kind":"block","type":"paragraph","key":"10af0d183e3e431e92fa5605bd7c3202","isVoid":false,"data":{},"nodes":[{"kind":"text","key":"59dd610ace2e4cb78ba7906ba2484042","ranges":[{"kind":"range","marks":[],"text":"The Lightweight Directory Access Protocol ( LDAP ) is an industry-standard protocol for accessing and maintaining directory information services across a network. Typically, LDAP servers are used to provide centralized user authentication service. The Tigergraph system supports LDAP authentication by allowing a TigerGraph user to log in using an LDAP username and credentials. During the authentication process, the GSQL server connects to the LDAP server and requests the LDAP server to authenticate the user."}]}]},{"kind":"block","type":"heading-1","key":"8e4c679233f14ea1a8057775a5d2e1af","isVoid":false,"data":{},"nodes":[{"kind":"text","key":"e9ca1b0445c4451b9790a895674e75aa","ranges":[{"kind":"range","marks":[],"text":"Supported Features"}]}]},{"kind":"block","type":"paragraph","key":"e2a46d118d8e4d93891ab25dde4154f6","isVoid":false,"data":{},"nodes":[{"kind":"text","key":"60d82905599946da86d9cacd66dda34f","ranges":[{"kind":"range","marks":[],"text":"GSQL LDAP authentication supports any LDAP server that follows LDAPv3 protocol. StartTLS/SSL connection is also supported."}]}]},{"kind":"block","type":"paragraph","key":"35e1936885944d00aca8e342f76af6de","isVoid":false,"data":{},"nodes":[{"kind":"text","key":"e99dfadda07e4698a722549c984e0aa4","ranges":[{"kind":"range","marks":[],"text":"SASL authentication is not yet supported. Some LDAP server are configured to require a client certificate upon connection. Client certificate is not yet supported in GSQL LDAP authentication."}]}]},{"kind":"block","type":"heading-1","key":"a9c1118e61404bbea4b1788ce69f2be6","isVoid":false,"data":{},"nodes":[{"kind":"text","key":"839df153c2734800985bbecad3758222","ranges":[{"kind":"range","marks":[],"text":"Mapping Users From LDAP to GSQL"}]}]},{"kind":"block","type":"paragraph","key":"99dd15020fad4874a649736acf1c8b98","isVoid":false,"data":{},"nodes":[{"kind":"text","key":"37b8393f5ac8480fa83c238caf4f7bd1","ranges":[{"kind":"range","marks":[],"text":"In order to manage the user roles and privileges, the TigerGraph GSQL server employs two concepts—proxy user and proxy group."}]}]},{"kind":"block","type":"heading-2","key":"39a41205bfa04c0088e0d178297bf6cf","isVoid":false,"data":{},"nodes":[{"kind":"text","key":"44af0de388ca4105a9ab8ceb4ee39b0f","ranges":[{"kind":"range","marks":[],"text":"Proxy User"}]}]},{"kind":"block","type":"paragraph","key":"8d25374aedea42faa661a13d7734de92","isVoid":false,"data":{},"nodes":[{"kind":"text","key":"f796d01c88e44e52b3d2935f7effbbba","ranges":[{"kind":"range","marks":[],"text":"A proxy user is a GSQL user created to correspond an external LDAP user. When operating within GSQL, the external LDAP user's roles and privileges are determined by the proxy user."}]}]},{"kind":"block","type":"heading-2","key":"79c55c5016424161bad6b5f47fde3e6e","isVoid":false,"data":{},"nodes":[{"kind":"text","key":"40a14a11e12d4ddcb009d244e3e3f32b","ranges":[{"kind":"range","marks":[],"text":"Proxy Group"}]}]},{"kind":"block","type":"paragraph","key":"07b957939a0042e6b416d92bd6da759d","isVoid":false,"data":{},"nodes":[{"kind":"text","key":"2e45bc0174f0491d9f76150a8b38b1b6","ranges":[{"kind":"range","marks":[],"text":"A proxy group is a GSQL user group that is used to manage a group of proxy users who share similar properties/attributes in LDAP."}]}]},{"kind":"block","type":"paragraph","key":"cf737955f8e942a5b2b563c19143e7ef","isVoid":false,"data":{},"nodes":[{"kind":"text","key":"f078bf5001fd410082ab2a6ff5673a3a","ranges":[{"kind":"range","marks":[],"text":"An existing LDAP user can log in to GSQL only when the user matches at least one of the existing proxy groups' criteria. Once the criteria are satisfied, a proxy user will be created for the LDAP user. The roles and privileges of the proxy user are at least as permissive as the proxy group(s) he belongs to. It is also possible to change the roles of a specific proxy user independently. When the roles and privileges of a proxy group changes, the roles and privileges of all the proxy users belonging to this proxy group change accordingly."}]}]},{"kind":"block","type":"heading-1","key":"c70c932a1c4a421cb9bf99e3c78d1cbe","isVoid":false,"data":{},"nodes":[{"kind":"text","key":"ac80fb4275fa47598f721cc7aba30dfc","ranges":[{"kind":"range","marks":[],"text":"Configure GSQL LDAP Authentication"}]}]},{"kind":"block","type":"paragraph","key":"f2be9e1b21ff40b9ac0ea67848d555dd","isVoid":false,"data":{},"nodes":[{"kind":"text","key":"628df13040c048ab9d697f3a89bfdd7b","ranges":[{"kind":"range","marks":[],"text":"To configure a TigerGraph system to use LDAP, there are two main configuration steps:"}]}]},{"kind":"block","type":"list-ordered","key":"cfe4b5e2ef8b46d3a307b4528ef49e86","isVoid":false,"data":{},"nodes":[{"kind":"block","type":"list-item","key":"43ad88cada7f48839bd13158c6d6141f","isVoid":false,"data":{},"nodes":[{"kind":"block","type":"paragraph","key":"a54f3cafffa1408aaeb3ad2acb79c44f","isVoid":false,"data":{},"nodes":[{"kind":"text","key":"0a1694765bb0467faee2f0a492bba111","ranges":[{"kind":"range","marks":[],"text":"Configure the LDAP Connection."}]}]}]},{"kind":"block","type":"list-item","key":"f57a67e6538341129da6627eb8a53556","isVoid":false,"data":{},"nodes":[{"kind":"block","type":"paragraph","key":"354fa72a01024a109b55358ff134e768","isVoid":false,"data":{},"nodes":[{"kind":"text","key":"4f82065c7af449c29073be7ca7e5a0e0","ranges":[{"kind":"range","marks":[],"text":"Configure GSQL Proxy Groups and Users."}]}]}]}]},{"kind":"block","type":"paragraph","key":"c619a8107e354a8bbf26bae8b3bf4d02","isVoid":false,"data":{},"nodes":[{"kind":"text","key":"ba93034eed4345f4b8907399cee94c09","ranges":[{"kind":"range","marks":[],"text":"In order to choose and specify your LDAP configuration settings, you must understand some basic LDAP concepts.  One reference for LDAP concepts is "}]},{"kind":"inline","type":"link","key":"44f05e3280d641c1b0a8c4a95155b932","isVoid":false,"data":{"href":"https://www.ldap.com/basic-ldap-concepts"},"nodes":[{"kind":"text","key":"275eb0c47bc842fc93ebafa068ea58f3","ranges":[{"kind":"range","marks":[],"text":"https://www.ldap.com/basic-ldap-concepts "}]}]},{"kind":"text","key":"a0d468c222414b18b1bae8cea2068856","ranges":[{"kind":"range","marks":[],"text":"."}]}]},{"kind":"block","type":"heading-2","key":"c3b5bb83272c411b96e6194dd446ba21","isVoid":false,"data":{},"nodes":[{"kind":"text","key":"13c7689e4d484be286678255804793fd","ranges":[{"kind":"range","marks":[],"text":"Step 1 - Configure the LDAP Connection"}]}]},{"kind":"block","type":"paragraph","key":"14589ac5ba3744daae2e1478884283b7","isVoid":false,"data":{},"nodes":[{"kind":"text","key":"57d0ae4435b04201a72af7cefc49f89b","ranges":[{"kind":"range","marks":[],"text":"To enable and configure LDAP, run three commands."}]}]},{"kind":"block","type":"list-ordered","key":"d581c05710684f02ad90b16767e35e32","isVoid":false,"data":{},"nodes":[{"kind":"block","type":"list-item","key":"b018d5da380a436191f5a9d9ef901632","isVoid":false,"data":{},"nodes":[{"kind":"block","type":"paragraph","key":"772c11cd4a364f6c9d7555897ffe7dfb","isVoid":false,"data":{},"nodes":[{"kind":"text","key":"c9f4b07fb1a64faeaa11858b19b53c3c","ranges":[{"kind":"range","marks":[],"text":"Configure LDAP:"}]}]}]}]},{"kind":"block","type":"code","key":"a3c1eed64704475b985346454b6d4c5c","isVoid":false,"data":{},"nodes":[{"kind":"block","type":"code-tab","key":"fc304adc193a4dedb1ab31b2de6c27b2","isVoid":false,"data":{"syntax":"text"},"nodes":[{"kind":"block","type":"code-line","key":"96081cd0ff82481ebb2682cb7de9543d","isVoid":false,"data":{},"nodes":[{"kind":"text","key":"d3151d96c29c4517b0c4d39fc9600518","ranges":[{"kind":"range","marks":[],"text":"gadmin --configure ldap"}]}]}]}]},{"kind":"block","type":"paragraph","key":"20e6fef690ed4068b057cb26d92b096f","isVoid":false,"data":{},"nodes":[{"kind":"text","key":"8872f20bcb2c4a68b042415a60f24725","ranges":[{"kind":"range","marks":[],"text":"The gadmin program will then prompt the user for the settings for several LDAP configuration parameters. "}]}]},{"kind":"block","type":"paragraph","key":"26055d0cfada4c1483952c7d1cdcce6e","isVoid":false,"data":{},"nodes":[{"kind":"text","key":"65f5aeb7b92644db9b7c1d7fa986e9ef","ranges":[{"kind":"range","marks":[],"text":"     2.Apply the configuration:"}]}]},{"kind":"block","type":"code","key":"4d4176b7ea3f4bc2ad4d9c9487d93e43","isVoid":false,"data":{},"nodes":[{"kind":"block","type":"code-tab","key":"2f931799e13640c89aa8a91402c76740","isVoid":false,"data":{"syntax":"text"},"nodes":[{"kind":"block","type":"code-line","key":"59b8257f230d4ad4b23cd49c4b0a8845","isVoid":false,"data":{},"nodes":[{"kind":"text","key":"9d77bc442c414bc5a7ec902a52df176b","ranges":[{"kind":"range","marks":[],"text":"gadmin config-apply"}]}]}]}]},{"kind":"block","type":"paragraph","key":"5e6627f593074f92b402a72c8b2e455a","isVoid":false,"data":{},"nodes":[{"kind":"text","key":"50d55a8b159b494f80a7309565a8f0e9","ranges":[{"kind":"range","marks":[],"text":"     3.Restart the gsql server:"}]}]},{"kind":"block","type":"code","key":"0a9a24aa23d3402fa074d22f4cf5484c","isVoid":false,"data":{},"nodes":[{"kind":"block","type":"code-tab","key":"d9ebcd8c94b24973b46c0b206644349e","isVoid":false,"data":{"syntax":"text"},"nodes":[{"kind":"block","type":"code-line","key":"ec0ca1fd5dbd4af0899aea226ccb4f36","isVoid":false,"data":{},"nodes":[{"kind":"text","key":"9eae73233e76404ba7e5e396a2d0f236","ranges":[{"kind":"range","marks":[],"text":"gadmin restart gsql -y"}]}]}]}]},{"kind":"block","type":"paragraph","key":"6d7e493301ea4717a9d96d286a84500f","isVoid":false,"data":{},"nodes":[{"kind":"text","key":"dd83f0a9c9d54fe59aed5f07a49264e6","ranges":[{"kind":"range","marks":[],"text":" An example configuration is shown below."}]}]},{"kind":"block","type":"code","key":"bc84e7b7e563409bb79de459792e6362","isVoid":false,"data":{},"nodes":[{"kind":"block","type":"code-tab","key":"1e4991c1c84b41d5b97de2b9b5710e4d","isVoid":false,"data":{"syntax":"text","title":"Example of gadmin --configure ldap"},"nodes":[{"kind":"block","type":"code-line","key":"354f278923a74ebdb0c32febd7115e5a","isVoid":false,"data":{},"nodes":[{"kind":"text","key":"3b335c08e5e54fb1a0d23b62f02e3a02","ranges":[{"kind":"range","marks":[],"text":"$ gadmin --configure ldap"}]}]},{"kind":"block","type":"code-line","key":"18cf7ca180f54dfdb2f44016970231ba","isVoid":false,"data":{},"nodes":[{"kind":"text","key":"f045320ec128487782be2db463f713cb","ranges":[{"kind":"range","marks":[],"text":"# Enable LDAP authentication: default false"}]}]},{"kind":"block","type":"code-line","key":"3edfc52272254316841b31dc1e127057","isVoid":false,"data":{},"nodes":[{"kind":"text","key":"eb62cefa8dca430d9fe8dd57287f3b19","ranges":[{"kind":"range","marks":[],"text":"security.ldap.enable [False]: true"}]}]},{"kind":"block","type":"code-line","key":"5cc4ab6a0914408b91dfe25b6f8ef332","isVoid":false,"data":{},"nodes":[{"kind":"text","key":"e35cabf2a4c14ecf945c2faf90b579b9","ranges":[{"kind":"range","marks":[],"text":"True"}]}]},{"kind":"block","type":"code-line","key":"dd1613d405664ac684f23662ebc770c1","isVoid":false,"data":{},"nodes":[{"kind":"text","key":"c7a7a2e1a5884c9586a075f98d03639f","ranges":[{"kind":"range","marks":[],"text":""}]}]},{"kind":"block","type":"code-line","key":"ad83ec5832554fb5b82776f2c475136f","isVoid":false,"data":{},"nodes":[{"kind":"text","key":"74a7c8b59919435f905d7ab7b9923592","ranges":[{"kind":"range","marks":[],"text":"# Configure LDAP server hostname: default localhost"}]}]},{"kind":"block","type":"code-line","key":"0031241f30774dbf8f4cb983a9109487","isVoid":false,"data":{},"nodes":[{"kind":"text","key":"52b23b93408b45f8b595942bdb4394e3","ranges":[{"kind":"range","marks":[],"text":"security.ldap.host [ldap.tigergraph.com]: ldap.tigergraph.com"}]}]},{"kind":"block","type":"code-line","key":"7de9302e12b9449d9ee99517544189d8","isVoid":false,"data":{},"nodes":[{"kind":"text","key":"bbc9950de8494cd69c2fb4732d0864dd","ranges":[{"kind":"range","marks":[],"text":"ldap.tigergraph.com"}]}]},{"kind":"block","type":"code-line","key":"0820df69cc1e4db18bd84649c4061846","isVoid":false,"data":{},"nodes":[{"kind":"text","key":"893b836fded54926a874abc1eadbf0b6","ranges":[{"kind":"range","marks":[],"text":""}]}]},{"kind":"block","type":"code-line","key":"3f471f97db5c4e0f96fd1e8d8486b34b","isVoid":false,"data":{},"nodes":[{"kind":"text","key":"496a99b5d4bc47da9075b526d7936910","ranges":[{"kind":"range","marks":[],"text":"# Configure LDAP server port: default 389"}]}]},{"kind":"block","type":"code-line","key":"62568681ff674bcc8af28b69505cb37e","isVoid":false,"data":{},"nodes":[{"kind":"text","key":"351b33754d884237a61db495620643fa","ranges":[{"kind":"range","marks":[],"text":"security.ldap.port [389]: 389"}]}]},{"kind":"block","type":"code-line","key":"d35256c4a69241dca91c82139fa3b279","isVoid":false,"data":{},"nodes":[{"kind":"text","key":"4ae575663a284f029c1cc37753dd067b","ranges":[{"kind":"range","marks":[],"text":"389"}]}]},{"kind":"block","type":"code-line","key":"77313bfe528c4d749c7839d46e6f5407","isVoid":false,"data":{},"nodes":[{"kind":"text","key":"5d712c940c624784806144634a44a349","ranges":[{"kind":"range","marks":[],"text":""}]}]},{"kind":"block","type":"code-line","key":"dec2d8faa6f84168b483a633921fb9f1","isVoid":false,"data":{},"nodes":[{"kind":"text","key":"42cae08cdbfc4bae8fd2342018e8936a","ranges":[{"kind":"range","marks":[],"text":"# Configure LDAP search base DN, the root node to start the LDAP search for user authentication: must specify"}]}]},{"kind":"block","type":"code-line","key":"8ce8dd298f14429196f8b5d4b14d49ca","isVoid":false,"data":{},"nodes":[{"kind":"text","key":"c8941c78a3a7470d83dcbc8bf683c8df","ranges":[{"kind":"range","marks":[],"text":"security.ldap.base_dn [dc=tigergraph,dc=com]: dc=tigergraph,dc=com"}]}]},{"kind":"block","type":"code-line","key":"08ada398fa6a4c8f81552892b0ef4720","isVoid":false,"data":{},"nodes":[{"kind":"text","key":"3db63be7c9234c74ab38208419a606d5","ranges":[{"kind":"range","marks":[],"text":"dc=tigergraph,dc=com"}]}]},{"kind":"block","type":"code-line","key":"bf5da7e4169242a0957b5c49bea21632","isVoid":false,"data":{},"nodes":[{"kind":"text","key":"d7d6d7460b6c4614926e2816e0158186","ranges":[{"kind":"range","marks":[],"text":""}]}]},{"kind":"block","type":"code-line","key":"5666bf484c2246859f4c22543563c14a","isVoid":false,"data":{},"nodes":[{"kind":"text","key":"26a1a2169209434f8163a197939a7fb4","ranges":[{"kind":"range","marks":[],"text":"# Configure LDAP search base DN, the root node to start the LDAP search for user authentication."}]}]},{"kind":"block","type":"code-line","key":"596d2927950f4cc7b1f326435ccabec2","isVoid":false,"data":{},"nodes":[{"kind":"text","key":"844ac25486114964bcd5f8b967f5ee58","ranges":[{"kind":"range","marks":[],"text":"security.ldap.search_filter [(objectClass=*)]: "}]}]},{"kind":"block","type":"code-line","key":"0806e1c513514a37a36f653ec8278159","isVoid":false,"data":{},"nodes":[{"kind":"text","key":"2f672e674b3e4f44b4572dfc1e95b92f","ranges":[{"kind":"range","marks":[],"text":"(objectClass=*)"}]}]},{"kind":"block","type":"code-line","key":"249612386a7247fbb341d572f6190069","isVoid":false,"data":{},"nodes":[{"kind":"text","key":"b5ee663314c14bb7a653015b6dcf31a9","ranges":[{"kind":"range","marks":[],"text":""}]}]},{"kind":"block","type":"code-line","key":"a36eb3b990e94ba6ab3d14bba70a4e42","isVoid":false,"data":{},"nodes":[{"kind":"text","key":"20c1558d50f44acb8bd4932402a4570f","ranges":[{"kind":"range","marks":[],"text":"# Configure the username attribute name in LDAP server: default uid"}]}]},{"kind":"block","type":"code-line","key":"d60cfd81eaff4baaae8545aea51d0600","isVoid":false,"data":{},"nodes":[{"kind":"text","key":"0f7fec2a39c9423bb7425ba5690045ab","ranges":[{"kind":"range","marks":[],"text":"security.ldap.username_attribute [uid]: uid"}]}]},{"kind":"block","type":"code-line","key":"390aab2d3b2847fb864dcbbbac3eadae","isVoid":false,"data":{},"nodes":[{"kind":"text","key":"7b7508ac419140cbaf44ec47ac3075b9","ranges":[{"kind":"range","marks":[],"text":"uid"}]}]},{"kind":"block","type":"code-line","key":"2b403dfbc3704b19bd1741047157620e","isVoid":false,"data":{},"nodes":[{"kind":"text","key":"6011e81a1dca4cec8710cd1249dc56bb","ranges":[{"kind":"range","marks":[],"text":""}]}]},{"kind":"block","type":"code-line","key":"02a65e7e20064b319cc976503bf44232","isVoid":false,"data":{},"nodes":[{"kind":"text","key":"a747b902e0924211aad1d461797b1bea","ranges":[{"kind":"range","marks":[],"text":"# Configure the DN of LDAP user who has read access to the base DN specified above. Empty if everyone has read access to LDAP data: default empty"}]}]},{"kind":"block","type":"code-line","key":"3ffc2e2522db4950938a12dfa52f2974","isVoid":false,"data":{},"nodes":[{"kind":"text","key":"fba2d41363af4ed98c2d01fff7c0614b","ranges":[{"kind":"range","marks":[],"text":"security.ldap.admin_dn [cn=Manager,dc=tigergraph,dc=com]: cn=Manager,dc=tigergraph,dc=com"}]}]},{"kind":"block","type":"code-line","key":"295ab4de4ab44c2db12fedd1295b65d5","isVoid":false,"data":{},"nodes":[{"kind":"text","key":"bd1fd5790352422abd22eb2897607d2f","ranges":[{"kind":"range","marks":[],"text":"cn=Manager,dc=tigergraph,dc=com"}]}]},{"kind":"block","type":"code-line","key":"8ffd14ef38cf436f92c1864ccaf460a5","isVoid":false,"data":{},"nodes":[{"kind":"text","key":"4f57b09d52ed4b53a486fd040f9ae852","ranges":[{"kind":"range","marks":[],"text":""}]}]},{"kind":"block","type":"code-line","key":"7cd72c4df50c4ea5b7575aa693e4dd4e","isVoid":false,"data":{},"nodes":[{"kind":"text","key":"24fd408a6e56412cb0b7740b423f68a0","ranges":[{"kind":"range","marks":[],"text":"# Configure the password of the admin DN specified above. Needed only when admin_dn is specified: default empty"}]}]},{"kind":"block","type":"code-line","key":"51228fd122a64efdbc256b4fd31d3aa7","isVoid":false,"data":{},"nodes":[{"kind":"text","key":"272097f8974b4ae699ae0a8ca68d1736","ranges":[{"kind":"range","marks":[],"text":"security.ldap.admin_password [secret]: secret"}]}]},{"kind":"block","type":"code-line","key":"b56fa9791ade44beaae7dd55b88560a2","isVoid":false,"data":{},"nodes":[{"kind":"text","key":"567f66faea72476bbc06729130829ec2","ranges":[{"kind":"range","marks":[],"text":"secret"}]}]},{"kind":"block","type":"code-line","key":"b651b8363561479c8b5c316963d9be15","isVoid":false,"data":{},"nodes":[{"kind":"text","key":"5f7c472d2f8949fca17a9edb9f6ebca2","ranges":[{"kind":"range","marks":[],"text":""}]}]},{"kind":"block","type":"code-line","key":"3f250152106d4c0cbea44cea8eae9e40","isVoid":false,"data":{},"nodes":[{"kind":"text","key":"699d8d257d434c3da1a18150bb39d763","ranges":[{"kind":"range","marks":[],"text":"# Enable SSL/StartTLS for LDAP connection [none/ssl/starttls]: default none"}]}]},{"kind":"block","type":"code-line","key":"320e0b92c60841ce96210b17c1696d2a","isVoid":false,"data":{},"nodes":[{"kind":"text","key":"4029f327c864401aaac27afcc2db291e","ranges":[{"kind":"range","marks":[],"text":"security.ldap.secure.protocol [starttls]: none    "}]}]},{"kind":"block","type":"code-line","key":"7a3d7d6f14dd46e7abc3b8425cd99f34","isVoid":false,"data":{},"nodes":[{"kind":"text","key":"c4d8a5fc09324b658d40fecb5242f4c0","ranges":[{"kind":"range","marks":[],"text":"none"}]}]},{"kind":"block","type":"code-line","key":"ef6f39d9569a4a228c2d5a95d8d41f0f","isVoid":false,"data":{},"nodes":[{"kind":"text","key":"f8cfb76abd9045c595787c07d752b00c","ranges":[{"kind":"range","marks":[],"text":""}]}]},{"kind":"block","type":"code-line","key":"3fe3386eb6f247ba8989278519b71fae","isVoid":false,"data":{},"nodes":[{"kind":"text","key":"9d663a11d0624b0eadc365b1762243ed","ranges":[{"kind":"range","marks":[],"text":"# Configure the truststore path for the certificates used in SSL: default empty"}]}]},{"kind":"block","type":"code-line","key":"c32adeac577f4a43aaffd6182a18035a","isVoid":false,"data":{},"nodes":[{"kind":"text","key":"a5eeee9a8c5346e191dabcbe7215d6ce","ranges":[{"kind":"range","marks":[],"text":"security.ldap.secure.truststore_path [/tmp/ca_server.pkcs12]: "}]}]},{"kind":"block","type":"code-line","key":"876070d75dab4978865922ac5f90b913","isVoid":false,"data":{},"nodes":[{"kind":"text","key":"856cc41e731e4913be7ab0f7a0d2e25e","ranges":[{"kind":"range","marks":[],"text":"/tmp/ca_server.pkcs12"}]}]},{"kind":"block","type":"code-line","key":"ec5fd9e986a94d00ab0df4dae08a2665","isVoid":false,"data":{},"nodes":[{"kind":"text","key":"b953345bf838411e8a88a4ce70ff03ab","ranges":[{"kind":"range","marks":[],"text":""}]}]},{"kind":"block","type":"code-line","key":"d0b8b2d20483459a9f20d84f78e77f4d","isVoid":false,"data":{},"nodes":[{"kind":"text","key":"91879f554ef04edda89cb5e3e5688e0b","ranges":[{"kind":"range","marks":[],"text":"# Configure the truststore format  [JKS/PKCS12]: default JKS"}]}]},{"kind":"block","type":"code-line","key":"021c40fa3e2b4556a61442754038af12","isVoid":false,"data":{},"nodes":[{"kind":"text","key":"b112316d8deb419790cacc3ff814f331","ranges":[{"kind":"range","marks":[],"text":"security.ldap.secure.truststore_format [pkcs12]: "}]}]},{"kind":"block","type":"code-line","key":"3424bec634634a7ebbf96d06620f86b4","isVoid":false,"data":{},"nodes":[{"kind":"text","key":"00178d07cbad41b6b95b703d544b74bf","ranges":[{"kind":"range","marks":[],"text":"pkcs12"}]}]},{"kind":"block","type":"code-line","key":"cfc34dc4f24c440cbf5b5a4b3fe44117","isVoid":false,"data":{},"nodes":[{"kind":"text","key":"3aa56c42799a4e88a36014df79369a5c","ranges":[{"kind":"range","marks":[],"text":""}]}]},{"kind":"block","type":"code-line","key":"dfbb9e3176b440609bae79f4f8a151cb","isVoid":false,"data":{},"nodes":[{"kind":"text","key":"352dbb335e684682b930aaa4b62b0649","ranges":[{"kind":"range","marks":[],"text":"# Configure the truststore password: default changeit"}]}]},{"kind":"block","type":"code-line","key":"66af4bf3b22b447d94c4dd9253b5ac22","isVoid":false,"data":{},"nodes":[{"kind":"text","key":"ae4a6c74dfb14a54abe0ec7360b25c0d","ranges":[{"kind":"range","marks":[],"text":"security.ldap.secure.truststore_password [test]: "}]}]},{"kind":"block","type":"code-line","key":"273abd0aa455487886ca62ee36f39d95","isVoid":false,"data":{},"nodes":[{"kind":"text","key":"6b9ef03032e44c4da034a63385a6b150","ranges":[{"kind":"range","marks":[],"text":"test"}]}]},{"kind":"block","type":"code-line","key":"07f39965845d47f1a6fcbb3b4f13e0f9","isVoid":false,"data":{},"nodes":[{"kind":"text","key":"13e6d28c41b8493aa1eb97cd673e1c76","ranges":[{"kind":"range","marks":[],"text":""}]}]},{"kind":"block","type":"code-line","key":"f5277066b97f4d26b6bfd6316756841c","isVoid":false,"data":{},"nodes":[{"kind":"text","key":"627f52abe4ba45f6a5ee597d63a25258","ranges":[{"kind":"range","marks":[],"text":"# Configure to trust all LDAP servers (unsafe): default false"}]}]},{"kind":"block","type":"code-line","key":"200d43b4f8db4716845b976d3174a60b","isVoid":false,"data":{},"nodes":[{"kind":"text","key":"adcbfa3b6f6b43478c2179cdbcee90ab","ranges":[{"kind":"range","marks":[],"text":"security.ldap.secure.trust_all [False]: false"}]}]}]}]},{"kind":"block","type":"paragraph","key":"39c7eb93e5ac437487b2d657645a54cf","isVoid":false,"data":{},"nodes":[{"kind":"text","key":"884129a7c8f44288af850209945c3986","ranges":[{"kind":"range","marks":[],"text":"Below is an explanation of each configuration parameter."}]}]},{"kind":"block","type":"heading-3","key":"6753567944d24223822f148a7aa06209","isVoid":false,"data":{},"nodes":[{"kind":"text","key":"e0452b410eca478f8268e0e0632987ea","ranges":[{"kind":"range","marks":[{"kind":"mark","data":{},"type":"bold"}],"text":"security.ldap.enable"}]}]},{"kind":"block","type":"paragraph","key":"cbecfac883d3441f9f6fb63fc92a97ed","isVoid":false,"data":{},"nodes":[{"kind":"text","key":"89fa98411bb04f3f85718a65440b96d7","ranges":[{"kind":"range","marks":[],"text":"Set to \"true\" to enable LDAP; \"false\" to disable LDAP."}]}]},{"kind":"block","type":"heading-3","key":"e4a39b075fe148e7be8c5361d4287691","isVoid":false,"data":{},"nodes":[{"kind":"text","key":"6b16843a79b547a99b45cd40cb9a617e","ranges":[{"kind":"range","marks":[{"kind":"mark","data":{},"type":"bold"}],"text":"security.ldap.host"}]}]},{"kind":"block","type":"paragraph","key":"36967c22e7c24b30a0f5c0cc6ac34717","isVoid":false,"data":{},"nodes":[{"kind":"text","key":"f0c09096db98434f86a822b44715929a","ranges":[{"kind":"range","marks":[],"text":"Hostname of LDAP server."}]}]},{"kind":"block","type":"heading-3","key":"fb85b61a4aec463c9e6fb4657d16f9ff","isVoid":false,"data":{},"nodes":[{"kind":"text","key":"e7aaea534b794d7698a5ea8cb6cf675a","ranges":[{"kind":"range","marks":[{"kind":"mark","data":{},"type":"bold"}],"text":"security.ldap.port"}]}]},{"kind":"block","type":"paragraph","key":"9a3cba4ca4324b2b96809c3575f142ac","isVoid":false,"data":{},"nodes":[{"kind":"text","key":"ceb4743bf1934fb684db4358876e7c4e","ranges":[{"kind":"range","marks":[],"text":"Port of LDAP server."}]}]},{"kind":"block","type":"heading-3","key":"e045a5ad27ec4249858cd2d9c31e741d","isVoid":false,"data":{},"nodes":[{"kind":"text","key":"f59507412e3c4f278b6dcfdee3cd778f","ranges":[{"kind":"range","marks":[{"kind":"mark","data":{},"type":"bold"}],"text":"security.ldap.base_dn"}]}]},{"kind":"block","type":"paragraph","key":"21a574d11e08405caf7affbb840471e6","isVoid":false,"data":{},"nodes":[{"kind":"text","key":"9d63c07e75ab45f999bd5f8dae360dee","ranges":[{"kind":"range","marks":[],"text":"Base DN (Distinguished Name), in order for GSQL to perform the LDAP search."}]}]},{"kind":"block","type":"heading-3","key":"5fa31bf6016141a59b9eb1f5191e97ae","isVoid":false,"data":{},"nodes":[{"kind":"text","key":"d298299109f14767b915e3d3b2af2f09","ranges":[{"kind":"range","marks":[{"kind":"mark","data":{},"type":"bold"}],"text":"security.ldap.search_filter"}]}]},{"kind":"block","type":"paragraph","key":"d6bd59c16c3145a1a5b0357dd07209a3","isVoid":false,"data":{},"nodes":[{"kind":"text","key":"3a3d929366624e6f991e3ab11648f6e7","ranges":[{"kind":"range","marks":[],"text":"A search filter is optional. When configured, the search is only performed for the LDAP entries that satisfy the filter. The filter must strictly follow LDAP filter format, i.e., the condition must be wrapped by parentheses, etc. A description of the different types of filters is available at "}]},{"kind":"inline","type":"link","key":"f089b1aaa040407a8bebce956f924c16","isVoid":false,"data":{"href":"https://www.ldap.com/ldap-filters"},"nodes":[{"kind":"text","key":"af59294501b14a6aab56c1805cff57b7","ranges":[{"kind":"range","marks":[],"text":"https://www.ldap.com/ldap-filters "}]}]},{"kind":"text","key":"97f1be721f664995b4255813c15fc069","ranges":[{"kind":"range","marks":[],"text":". The official specification for LDAP filters is available at "}]},{"kind":"inline","type":"link","key":"8cfc609d0d904e789c43676b45f609e1","isVoid":false,"data":{"href":"https://docs.ldap.com/specs/rfc4515.txt"},"nodes":[{"kind":"text","key":"d316ac6abeb84ff0a40fafcfa947bbc8","ranges":[{"kind":"range","marks":[],"text":"https://docs.ldap.com/specs/rfc4515.txt "}]}]},{"kind":"text","key":"ce0ecb877f1142f297604011570a5b02","ranges":[{"kind":"range","marks":[],"text":"."}]}]},{"kind":"block","type":"heading-3","key":"4d7c1a53e652488b87c428eefed20901","isVoid":false,"data":{},"nodes":[{"kind":"text","key":"e9d83260e00b414d83e508bdd329530c","ranges":[{"kind":"range","marks":[{"kind":"mark","data":{},"type":"bold"}],"text":"security.ldap.username_attribute"}]}]},{"kind":"block","type":"paragraph","key":"7df2b2d7f98740199d5dbed9ca246feb","isVoid":false,"data":{},"nodes":[{"kind":"text","key":"e92b7075226243918f1e4e19ea759e79","ranges":[{"kind":"range","marks":[],"text":"This specifies the LDAP attribute to search when the GSQL server looks up the usernames in the LDAP server upon login. For example, in the configuration shown above, when a user logs in with the \"-u john\" option, the GSQL server will search the \"uid\" attribute in LDAP to find \"john\" and check the credentials only after \"john\" is found."}]}]},{"kind":"block","type":"heading-3","key":"eb79f23b84cb49bcab72b9aacf4bb6b1","isVoid":false,"data":{},"nodes":[{"kind":"text","key":"960b4fe0396b4c6c939e5c712bf3b4dc","ranges":[{"kind":"range","marks":[{"kind":"mark","data":{},"type":"bold"}],"text":"security.ldap.admin_password & security.ldap.admin_dn"}]}]},{"kind":"block","type":"paragraph","key":"75b14457b8944159b9b1d279b63c0dc1","isVoid":false,"data":{},"nodes":[{"kind":"text","key":"4bda28ced0a54cb2b6276d191d7deb7b","ranges":[{"kind":"range","marks":[],"text":"These options are needed when the LDAP server is not publicly readable. In this case, the admin DN and corresponding password need to be specified in order for the GSQL server to connect to the LDAP server."}]}]},{"kind":"block","type":"heading-3","key":"5730433f5cfb496c900c7524533bcae8","isVoid":false,"data":{},"nodes":[{"kind":"text","key":"28cf6b31bec44d7eafd661f760da324a","ranges":[{"kind":"range","marks":[{"kind":"mark","data":{},"type":"bold"}],"text":"security.ldap.secure.protocol"}]}]},{"kind":"block","type":"paragraph","key":"cecf12054b684121ac8977050842aa3c","isVoid":false,"data":{},"nodes":[{"kind":"text","key":"c742011f2611441282d6146efb0c63da","ranges":[{"kind":"range","marks":[],"text":"When set to \"none\", TigerGraph uses insecure LDAP connection. This can be changed to a secure connection protocol: \"starttls\" or \"ssl\"."}]}]},{"kind":"block","type":"heading-3","key":"1d4e87c75cb14ddb9e8e6b4315449fcd","isVoid":false,"data":{},"nodes":[{"kind":"text","key":"954c5aa0d78c49d0af3a5600a99addc9","ranges":[{"kind":"range","marks":[{"kind":"mark","data":{},"type":"bold"}],"text":"security.ldap.secure.truststore_path & security.ldap.secure.truststore_password"}]}]},{"kind":"block","type":"paragraph","key":"a6ce39df11c845ad9b708d092fd5a839","isVoid":false,"data":{},"nodes":[{"kind":"text","key":"bf7c65d92f1d484281cc615cbee72a9e","ranges":[{"kind":"range","marks":[],"text":"When starttls or ssl is used, a truststore path as well as its password needs to be configured."}]}]},{"kind":"block","type":"heading-3","key":"b24511f58c804f26ac39b9bc811d601f","isVoid":false,"data":{},"nodes":[{"kind":"text","key":"0d37b830392f40e6b9f52c06f7d03b3b","ranges":[{"kind":"range","marks":[{"kind":"mark","data":{},"type":"bold"}],"text":"security.ldap.secure.truststore_format"}]}]},{"kind":"block","type":"paragraph","key":"93e93c992fd2436ab95d00395adb5cb7","isVoid":false,"data":{},"nodes":[{"kind":"text","key":"d850f7d0a88b419dacdb06f069337808","ranges":[{"kind":"range","marks":[],"text":"Currently, the TigerGraph system supports two trustore formats: pkcs12 and jks."}]}]},{"kind":"block","type":"heading-3","key":"737855e8a2b14820b0e328e6d3e84e97","isVoid":false,"data":{},"nodes":[{"kind":"text","key":"30c5ad45536a47d1ad09cbf42c29f0c1","ranges":[{"kind":"range","marks":[{"kind":"mark","data":{},"type":"bold"}],"text":"security.ldap.secure.trust_all"}]}]},{"kind":"block","type":"paragraph","key":"d12b2ac0eb734b80bf7b47e87175e14a","isVoid":false,"data":{},"nodes":[{"kind":"text","key":"6caca259babe420daa5aefc1ea52b20c","ranges":[{"kind":"range","marks":[],"text":"When specified, the GSQL server will blindly trust any LDAP sever."}]}]},{"kind":"block","type":"heading-2","key":"6565a890eaf7430dad58e6e5e79cbd34","isVoid":false,"data":{},"nodes":[{"kind":"text","key":"483b266e47c241cbbf443f971dbf8701","ranges":[{"kind":"range","marks":[],"text":"Step 2 - Configure GSQL Proxy Groups and Users"}]}]},{"kind":"block","type":"paragraph","key":"c6d08fc6e0ae4e58966de170bbdd221f","isVoid":false,"data":{},"nodes":[{"kind":"text","key":"152d0a9b9d514fa6b332b2178980990e","ranges":[{"kind":"range","marks":[],"text":"This section explains how to configure a GSQL proxy group in order to allow LDAP user authentication."}]}]},{"kind":"block","type":"heading-3","key":"4cab886e464844aeb681d9cc4d68698a","isVoid":false,"data":{},"nodes":[{"kind":"text","key":"4f2ce5e7d28c4af49d1aae68849ead38","ranges":[{"kind":"range","marks":[{"kind":"mark","data":{},"type":"bold"}],"text":"Configure Proxy Group"}]}]},{"kind":"block","type":"paragraph","key":"8f6df8693c694e62b907c20266d25630","isVoid":false,"data":{},"nodes":[{"kind":"text","key":"89f29d6916084dc3aebb9b047d69583f","ranges":[{"kind":"range","marks":[],"text":"A GSQL proxy group is created by the CREATE GROUP command with a given proxy rule. For example, assume there is an attribute called \"role\" in the LDAP directory, and \"engineering\" is one of the \"role\" attribute values. We can create a proxy group with the proxy rule \"role=engineering\". Different roles can then be assigned to the proxy group. An example is shown below. When a user logins, the GSQL server searches for the user's entry in the LDAP directory. If the user's LDAP entry matches the proxy rule of an existing proxy group, a proxy user is created to which the user will login in."}]}]},{"kind":"block","type":"code","key":"ffd46c4a28b8464f8c66c6457da1d5d5","isVoid":false,"data":{},"nodes":[{"kind":"block","type":"code-tab","key":"dd45194a36cc4dab8e404791076d552a","isVoid":false,"data":{"syntax":"text","title":"CREATE GROUP command"},"nodes":[{"kind":"block","type":"code-line","key":"93085099232947738e69ca0f1e9648a5","isVoid":false,"data":{},"nodes":[{"kind":"text","key":"45a11e274b9140f6b142d06c8e6e6ef7","ranges":[{"kind":"range","marks":[],"text":"# create a proxy group"}]}]},{"kind":"block","type":"code-line","key":"3c55b5d113924968801c9bf61e754b1d","isVoid":false,"data":{},"nodes":[{"kind":"text","key":"3a1dfa816f57460991331d47440d83d3","ranges":[{"kind":"range","marks":[],"text":"CREATE GROUP developers PROXY \"role=engineering\" // Any user in LDAP with role=engineer is proxied to the group 'developers'"}]}]},{"kind":"block","type":"code-line","key":"f4ea882ceddd4c80b0bceee3700451cc","isVoid":false,"data":{},"nodes":[{"kind":"text","key":"e3dc506e0d934974b1c7adc84684099e","ranges":[{"kind":"range","marks":[],"text":""}]}]},{"kind":"block","type":"code-line","key":"73935bd351c1479980dcb99fca28f5ce","isVoid":false,"data":{},"nodes":[{"kind":"text","key":"c39ee3ce81194b9d85359c70e28413b3","ranges":[{"kind":"range","marks":[],"text":"# grant role to proxy group"}]}]},{"kind":"block","type":"code-line","key":"ae606f2d50204fc8b77ecf039ca42e1c","isVoid":false,"data":{},"nodes":[{"kind":"text","key":"ec88766b941e4ce9a0635709107300e0","ranges":[{"kind":"range","marks":[],"text":"GRANT ROLE querywriter ON GRAPH computerNet TO developers "}]}]}]}]},{"kind":"block","type":"paragraph","key":"50329f07415846ac88ad5f0808b40b92","isVoid":false,"data":{},"nodes":[{"kind":"text","key":"53e6d68dbde748db9a4477cccf968d47","ranges":[{"kind":"range","marks":[],"text":" The SHOW GROUP command will display information about a group. The DROP GROUP command deletes the definition of a group."}]}]},{"kind":"block","type":"code","key":"5c8cc51bc09145f699ae9a41b3ead306","isVoid":false,"data":{},"nodes":[{"kind":"block","type":"code-tab","key":"301174496c964aa595894ecfa0a2f4d6","isVoid":false,"data":{"syntax":"text","title":"SHOW GROUP and DROP GROUP commands"},"nodes":[{"kind":"block","type":"code-line","key":"d9049043e5d34d2e82e2855a302ad370","isVoid":false,"data":{},"nodes":[{"kind":"text","key":"ca3f512c313741a389b05c86736f17cc","ranges":[{"kind":"range","marks":[],"text":"# show the current groups "}]}]},{"kind":"block","type":"code-line","key":"ffb0b130c3c041b093c751e67c4728e3","isVoid":false,"data":{},"nodes":[{"kind":"text","key":"2d6584ab12294e1593f9928d6ac71598","ranges":[{"kind":"range","marks":[],"text":"SHOW GROUP"}]}]},{"kind":"block","type":"code-line","key":"445982e6479c4221bc97921c455b9ebb","isVoid":false,"data":{},"nodes":[{"kind":"text","key":"60808eaf37d247c280f34cb185edcc2a","ranges":[{"kind":"range","marks":[],"text":""}]}]},{"kind":"block","type":"code-line","key":"c366710f62e94080a14d4c97d6e8e496","isVoid":false,"data":{},"nodes":[{"kind":"text","key":"24133273d21b4dc3b7aa81b8da209c1b","ranges":[{"kind":"range","marks":[],"text":"# delete a proxy group"}]}]},{"kind":"block","type":"code-line","key":"3a7e19532334480d9311667799759846","isVoid":false,"data":{},"nodes":[{"kind":"text","key":"ae97d46bf62d477c830d419e1507baf7","ranges":[{"kind":"range","marks":[],"text":"DROP GROUP developers"}]}]}]}]},{"kind":"block","type":"hint","key":"6d1334b4bab64ec6a64e03a6827f9fad","isVoid":false,"data":{"style":"danger"},"nodes":[{"kind":"block","type":"paragraph","key":"f635b2b150454aeab68b37aa3fbd751c","isVoid":false,"data":{},"nodes":[{"kind":"text","key":"6b5fbc0d340b44b38923242c589b0658","ranges":[{"kind":"range","marks":[],"text":" Only users with the admin and superuser role can create, show, or drop a group."}]}]}]},{"kind":"block","type":"heading-3","key":"ad21a477b4ac4c9f8a2d4482dda5d772","isVoid":false,"data":{},"nodes":[{"kind":"text","key":"7f6b09efa6f54e6298e46850cfe5eaec","ranges":[{"kind":"range","marks":[{"kind":"mark","data":{},"type":"bold"}],"text":"Proxy User"}]}]},{"kind":"block","type":"paragraph","key":"d41dbeb5ab1d4bf29bbd32e672c26951","isVoid":false,"data":{},"nodes":[{"kind":"text","key":"c8916aeb6eef452f8ae49b90fe8e93c3","ranges":[{"kind":"range","marks":[],"text":"Nothing needs to be configured for a proxy user. As long as the proxy rule matches, the proxy user will be automatically created upon login. A proxy user is very similar to a normal user. The minor differences are that a proxy user cannot change their password in GSQL and that a proxy user comes with default roles inherited from the proxy group that they belong to."}]}]},{"kind":"block","type":"heading-1","key":"27c26977bd85415989473f1d00044bdf","isVoid":false,"data":{},"nodes":[{"kind":"text","key":"2cc55926e23945d49fa634551bea6bda","ranges":[{"kind":"range","marks":[],"text":"Frequently Asked Questions"}]}]},{"kind":"block","type":"heading-2","key":"8a2b3f476a914ed0a1c9b7c73d506af9","isVoid":false,"data":{},"nodes":[{"kind":"text","key":"5b4f338376c74bf0941ba5bea2c0e1ad","ranges":[{"kind":"range","marks":[],"text":"What is security.ldap.admin_dn?"}]}]},{"kind":"block","type":"paragraph","key":"4ef5a755c5554ec0893b51d62e294f46","isVoid":false,"data":{},"nodes":[{"kind":"text","key":"7e060833521140f7b8ef8b1ac1d751d8","ranges":[{"kind":"range","marks":[],"text":"Admin_dn is the \"distinguished name\" of an LDAP entry. In LDAP, \"distinguished name\" is often abbreviated as dn. When configuring this field, a dn entry with read permission on the ldap directory is expected. Configuring a dn with no read permission will result in an error. Not configuring this field will likely result in an error since the LDAP server is typically not publicly readable. Please note that only the dn field will be accepted for this entry. All other entries will result in an authentication error. The corresponding password for the configured dn should also be set correctly in the configured entry \"security.ldap.admin_password \"."}]}]},{"kind":"block","type":"heading-2","key":"2005e53d23b74a76b9f063efec383e06","isVoid":false,"data":{},"nodes":[{"kind":"text","key":"4d6e2c72d3fc4df6981ed3717a8b9610","ranges":[{"kind":"range","marks":[],"text":"What protocol should I use for security.ldap.secure.protocol?"}]}]},{"kind":"block","type":"paragraph","key":"5206f8fd530e4221a28ff573b92aeffb","isVoid":false,"data":{},"nodes":[{"kind":"text","key":"223f3161ca98485fafee5a017e2d63cd","ranges":[{"kind":"range","marks":[],"text":"It depends on what type of protocol your LDAP server uses. SSL/TLS is very common in enterprise use today. When SSL is used, the port is typically 636 instead of default port 389."}]}]},{"kind":"block","type":"heading-2","key":"42bad636db3444b9a12a2ca680cdbec1","isVoid":false,"data":{},"nodes":[{"kind":"text","key":"d4b32dd6c9d149abb66e2391e6500ff7","ranges":[{"kind":"range","marks":[],"text":"Should I configure the truststore and how?"}]}]},{"kind":"block","type":"paragraph","key":"803bb27d2953438d8406c40eb431a7ae","isVoid":false,"data":{},"nodes":[{"kind":"text","key":"37a161e1210c49d1bd63ead50eb67da6","ranges":[{"kind":"range","marks":[],"text":"You need to configure the truststore when SSL/TLS is used in the LDAP server. The truststore's path, password, and format need to be configured accordingly. We support two formats—JKS and PKCS12. The JKS is Java KeyStore. The corresponding certificates for the LDAP server need to be imported to the JKS for successful authentication. Different truststore formats are typically interchangeable."}]}]},{"kind":"block","type":"heading-2","key":"7fb44ae92df442b3b7b32144192e72e4","isVoid":false,"data":{},"nodes":[{"kind":"text","key":"ec0fe5c6bf634b0b8baa0e932671da43","ranges":[{"kind":"range","marks":[],"text":"What if I just want to test the LDAP login without any certificate?"}]}]},{"kind":"block","type":"paragraph","key":"6f9a9f728cd6470382bf8234bd7ea167","isVoid":false,"data":{},"nodes":[{"kind":"text","key":"faf84c60d28c4a78a1d07db02485c0a3","ranges":[{"kind":"range","marks":[],"text":"This might be the case if SSL/TLS is enabled from the LDAP server side but you don't have a certificate. You can set \"security.ldap.secure.trust_all\" to true to bypass the SSL/TLS certificate checking."}]}]},{"kind":"block","type":"heading-2","key":"2a8766243a474c579470ffcf23d53451","isVoid":false,"data":{},"nodes":[{"kind":"text","key":"f1d605be7e3841abaff70ea9eff37f32","ranges":[{"kind":"range","marks":[],"text":"What does it mean when I try to login but got \"parameter error\"? Can I see a more detailed error message?"}]}]},{"kind":"block","type":"paragraph","key":"68021319cde64c33a0aa38f7d1dda5f5","isVoid":false,"data":{},"nodes":[{"kind":"text","key":"17934d2a7f99470090ea8ec42782b4f1","ranges":[{"kind":"range","marks":[],"text":"\"Parameter error\" means some of the LDAP configurations are not set properly. Most often it is because admin_dn, admin_password, or the login username and password are not set correctly. Unfortunately, we cannot know exactly what field is wrong because the LDAP server side does not respond back with such detail."}]}]},{"kind":"block","type":"heading-2","key":"a4d0e19dd1794bc7ae8ec2b856b5f574","isVoid":false,"data":{},"nodes":[{"kind":"text","key":"3dc751d3a9ca4f7e913d2e4ed59bf663","ranges":[{"kind":"range","marks":[],"text":"What does it mean when I see error \"User does not match any proxy rule\"?"}]}]},{"kind":"block","type":"paragraph","key":"d923b65e63534e3ea603d74d14133858","isVoid":false,"data":{},"nodes":[{"kind":"text","key":"2d2aa0ed68584ffe880a96585e654413","ranges":[{"kind":"range","marks":[],"text":"Congratulations! This means the LDAP is working. However, TigerGraph cannot find a matching rule for the login user. Please create a proxy group for the user. See documents for creating a proxy group "}]},{"kind":"inline","type":"link","key":"b47cabb9c1c144f1b9fe6e2ee7e0f187","isVoid":false,"data":{"pageID":"-LNhrjRbcLiwYViqvPPx","anchor":"proxy-group"},"nodes":[{"kind":"text","key":"0fdf2df472c64ac1bab250ab58306ecf","ranges":[{"kind":"range","marks":[],"text":"here"}]}]},{"kind":"text","key":"a63dd135b8af476dba6746968c09c4c3","ranges":[{"kind":"range","marks":[],"text":"."}]}]}]}}