{"format_version":1,"document":{"kind":"document","key":"46524c16dee14f2788794bd830216f8b","data":{"schema_version":6},"nodes":[{"kind":"block","type":"paragraph","key":"9281bd4d0a3a4283981eedc63838784f","isVoid":false,"data":{},"nodes":[{"kind":"text","key":"2aebb298ab5944b095290efa11c3adde","ranges":[{"kind":"range","marks":[],"text":"After a graph schema has been created , it can be modified. Data already stored in the graph and which is not logically part of the change will be retained. For example, if you had 100 Book vertices and then added an attribute to the Book schema, you would still have 100 Books, with default values for the new attribute. If you dropped a Book attribute, you still would have all your books, but one attribute would be gone."}]}]},{"kind":"block","type":"paragraph","key":"6a82e1bacc064570ab4c3c8847fad388","isVoid":false,"data":{},"nodes":[{"kind":"text","key":"9fe3e7ca51fc4e76ba59c1f427c4869b","ranges":[{"kind":"range","marks":[],"text":"To safely update the graph schema, the user should follow this procedure:"}]}]},{"kind":"block","type":"list-unordered","key":"3d7288245f914df1a45b5044ddf64e3d","isVoid":false,"data":{},"nodes":[{"kind":"block","type":"list-item","key":"0e5d3556b7ce4b5fb29be71d4898f375","isVoid":false,"data":{},"nodes":[{"kind":"block","type":"paragraph","key":"2d8d23656dbd4009abecda9a36282c83","isVoid":false,"data":{},"nodes":[{"kind":"text","key":"a26a0ea4b0ab4fc88f13e91377daf879","ranges":[{"kind":"range","marks":[],"text":"Create a SCHEMA_CHANGE JOB, which defines a sequence of ADD, ALTER and/or DROP statements."}]}]}]},{"kind":"block","type":"list-item","key":"46d172d271fa4159abc3e60c04057830","isVoid":false,"data":{},"nodes":[{"kind":"block","type":"paragraph","key":"70090f6b368f45ff8de7c82e610db47d","isVoid":false,"data":{},"nodes":[{"kind":"text","key":"c7017ee5aee842419fb1631ad6302c63","ranges":[{"kind":"range","marks":[],"text":" Run the SCHEMA_CHANGE JOB (i.e. "},{"kind":"range","marks":[{"kind":"mark","data":{},"type":"bold"},{"kind":"mark","data":{},"type":"code"}],"text":"RUN JOB job_name"},{"kind":"range","marks":[],"text":"), which will do the following:"}]}]},{"kind":"block","type":"list-unordered","key":"17282fa8e54647ceb08bd5d470be8054","isVoid":false,"data":{},"nodes":[{"kind":"block","type":"list-item","key":"f0e33d8000be41e984e73d5cec93a284","isVoid":false,"data":{},"nodes":[{"kind":"block","type":"paragraph","key":"8bd0f10074234b93937452169c07e52b","isVoid":false,"data":{},"nodes":[{"kind":"text","key":"7371bee1e0224c94907691933b85873e","ranges":[{"kind":"range","marks":[],"text":"Attempt the schema change."}]}]}]},{"kind":"block","type":"list-item","key":"8d869f158a3144c4b32fc325c3e96574","isVoid":false,"data":{},"nodes":[{"kind":"block","type":"paragraph","key":"ece30c36c3d5462faf01ce33ec7b8ccf","isVoid":false,"data":{},"nodes":[{"kind":"text","key":"785adba53c4e4c78a8922fe1d83807c7","ranges":[{"kind":"range","marks":[],"text":"If the change is successful, invalidate any loading job or query definitions which are incompatible with the new schema."}]}]}]},{"kind":"block","type":"list-item","key":"91dfce8a73184a9cbc08d09528ea6a6a","isVoid":false,"data":{},"nodes":[{"kind":"block","type":"paragraph","key":"0ab48d69ea424b98a0565f3349751746","isVoid":false,"data":{},"nodes":[{"kind":"text","key":"ef15e4b45d9f4de898c5927a40ac698d","ranges":[{"kind":"range","marks":[],"text":"if the change is unsuccessful, report the failure and return to the state before the attempt."}]}]}]}]}]}]},{"kind":"block","type":"hint","key":"d7d55cc42abf4fe48f311a19ad656061","isVoid":false,"data":{"style":"danger"},"nodes":[{"kind":"block","type":"paragraph","key":"392a2450abc244a7b246c332436a280e","isVoid":false,"data":{},"nodes":[{"kind":"text","key":"59e8716a5522467291b64166a5d9ccda","ranges":[{"kind":"range","marks":[],"text":"A schema change will invalidate any loading jobs or query jobs which relate to an altered part of the schema. Specifically:"}]}]},{"kind":"block","type":"list-unordered","key":"8fe91419b1f04e14af6ef114f915da2d","isVoid":false,"data":{},"nodes":[{"kind":"block","type":"list-item","key":"38d1efe26365408584e61d2b16a2b3f4","isVoid":false,"data":{},"nodes":[{"kind":"block","type":"paragraph","key":"878250def1f04910a9bd1f49da1f0e79","isVoid":false,"data":{},"nodes":[{"kind":"text","key":"04f580ea49bb47409ebc13b1285858e4","ranges":[{"kind":"range","marks":[],"text":"A loading job becomes invalid if it refers to a vertex or and an edge which has been "},{"kind":"range","marks":[{"kind":"mark","data":{},"type":"bold"}],"text":"dropped "},{"kind":"range","marks":[],"text":"(deleted) or "},{"kind":"range","marks":[{"kind":"mark","data":{},"type":"bold"}],"text":"altered "},{"kind":"range","marks":[],"text":"."}]}]}]},{"kind":"block","type":"list-item","key":"2340387b5a974921b875afa10e62e3bc","isVoid":false,"data":{},"nodes":[{"kind":"block","type":"paragraph","key":"4f4d5ac3920e4aa78bb70938a21f137b","isVoid":false,"data":{},"nodes":[{"kind":"text","key":"a020ccc75a63403696e6a5afee420ae2","ranges":[{"kind":"range","marks":[],"text":"A query becomes invalid if it refers to a vertex, and edge, or an attribute which has been "},{"kind":"range","marks":[{"kind":"mark","data":{},"type":"bold"}],"text":"dropped "},{"kind":"range","marks":[],"text":"."}]}]}]}]},{"kind":"block","type":"paragraph","key":"67c1902b3b064140a2bd1af6843b3eeb","isVoid":false,"data":{},"nodes":[{"kind":"text","key":"78216bb3133b4344953092559cfbacbd","ranges":[{"kind":"range","marks":[],"text":"Invalid loading jobs are dropped, and invalid queries are uninstalled. After the schema update, the user will need to create and install new load and query jobs based on the new schema."}]}]}]},{"kind":"block","type":"paragraph","key":"1d2712513c4c4721a807b757a019339b","isVoid":false,"data":{},"nodes":[{"kind":"text","key":"f553a84dd2d44458b08da7706c2d0bfb","ranges":[{"kind":"range","marks":[],"text":"Jobs and queries for unaltered parts of the schema will still be available and do not need to be reinstalled.  However, even though these jobs are valid (e.g., they "},{"kind":"range","marks":[{"kind":"mark","data":{},"type":"bold"}],"text":"can "},{"kind":"range","marks":[],"text":"be run), the user may wish to examine whether they still perform the preferred operations (e.g., do you "},{"kind":"range","marks":[{"kind":"mark","data":{},"type":"bold"}],"text":"want "},{"kind":"range","marks":[],"text":"to run them?)"}]}]},{"kind":"block","type":"hint","key":"e9ad182651314c5193dda60742857cb1","isVoid":false,"data":{"style":"danger"},"nodes":[{"kind":"block","type":"paragraph","key":"c8abf1cb250c4b06af92330292228223","isVoid":false,"data":{},"nodes":[{"kind":"text","key":"b8d66d0082ff4a6580411ccfc36e9d90","ranges":[{"kind":"range","marks":[],"text":" Load or query operations which begin before the schema change will be completed based on the pre-change schema. Load or query operations which begin after the schema change, and which have not been invalidated, will be completed based on the post-change schema."}]}]}]},{"kind":"block","type":"heading-1","key":"442e3efde1da46b3848baf95f0e2dd15","isVoid":false,"data":{},"nodes":[{"kind":"text","key":"021f1b4356644abeba6af163a386d2e3","ranges":[{"kind":"range","marks":[{"kind":"mark","data":{},"type":"bold"}],"text":"Global vs. Local Schema Changes"}]}]},{"kind":"block","type":"hint","key":"d022627805c14b918b616e71ba485234","isVoid":false,"data":{"style":"info"},"nodes":[{"kind":"block","type":"paragraph","key":"eebcafc844424387805bdcfda90f5bd1","isVoid":false,"data":{},"nodes":[{"kind":"text","key":"a3b0e8fcb5be4941a818a6c44355859f","ranges":[{"kind":"range","marks":[],"text":"Only admin, designer, and superuser users can create and run schema changes.  Each user role can create and run a different type of schema change."}]}]}]},{"kind":"block","type":"paragraph","key":"e214399a80bf453c82989231687ea82a","isVoid":false,"data":{},"nodes":[{"kind":"text","key":"d486121ec08f4f2fadf9a06cc42ccce0","ranges":[{"kind":"range","marks":[],"text":"Only a superuser can add, alter, or drop global vertex types or global edge types, which are those that are created using CREATE VERTEX or CREATE ... EDGE.  This rule applies even if the vertex or edge type is used in only one graph. To make these changes, the superuser uses a GLOBAL SCHEMA_CHANGE JOB."}]}]},{"kind":"block","type":"paragraph","key":"5040e884236a49718d53e4042f68030f","isVoid":false,"data":{},"nodes":[{"kind":"text","key":"a0836e65762044588b5c2e162783fb79","ranges":[{"kind":"range","marks":[],"text":"An admin or designer user can add, alter, or drop local vertex types or local edge types which are created in the context of that graph. Local vertex and edge types are created using an ADD statement inside a SCHEMA_CHANGE JOB. To alter or drop any of these local types, the admin user uses a regular SCHEMA_CHANGE JOB."}]}]},{"kind":"block","type":"hint","key":"069768756462414b855db3f6aec517b7","isVoid":false,"data":{"style":"info"},"nodes":[{"kind":"block","type":"paragraph","key":"07cf423dc428410e91ef472abb5b5fd3","isVoid":false,"data":{},"nodes":[{"kind":"text","key":"3fc7660b7b2e4f6fb9c6d9b18d07399a","ranges":[{"kind":"range","marks":[],"text":"Local graphs can define vertex and edge types independently of the vertex and edge types in other graph. That is, the same name can be used in different graphs for (different) vertex or edge types."}]}]},{"kind":"block","type":"paragraph","key":"1a428841e9e64bf0b2677408bae26626","isVoid":false,"data":{},"nodes":[{"kind":"text","key":"ee58a6e15abb45ec9434c1bc62cabc55","ranges":[{"kind":"range","marks":[],"text":"It is even permitted for a local graph and the global graph to use the same name for their own vertex or edge types, as long as the global vertex/edge type is not used within the local graph."}]}]}]},{"kind":"block","type":"paragraph","key":"490c8ecfa5de4d539369acc67bced2b6","isVoid":false,"data":{},"nodes":[{"kind":"text","key":"9212027892e744a58b81b6cee68b2e52","ranges":[{"kind":"range","marks":[],"text":"The two types of schema change jobs are described below."}]}]},{"kind":"block","type":"heading-1","key":"eb3baf07b4e54b00af5f0ab51fa0cba5","isVoid":false,"data":{},"nodes":[{"kind":"text","key":"1c60179c755445af9c62af0722597029","ranges":[{"kind":"range","marks":[{"kind":"mark","data":{},"type":"bold"}],"text":"CREATE SCHEMA_CHANGE JOB"}]}]},{"kind":"block","type":"paragraph","key":"cdfac0d20e6d4039b681f4015d771ba7","isVoid":false,"data":{},"nodes":[{"kind":"text","key":"d4126cac67e04857866728d7e5a45535","ranges":[{"kind":"range","marks":[],"text":"The CREATE SCHEMA_CHANGE JOB block defines a sequence of ADD, ALTER, and DROP statements for changing a particular graph. It does not perform the schema change."}]}]},{"kind":"block","type":"code","key":"2495ebfbcdd64383b17c585a5ce58cd3","isVoid":false,"data":{"syntax":"sql","title":"CREATE SCHEMA_CHANGE JOB syntax"},"nodes":[{"kind":"block","type":"code-line","key":"f596a2ebd55b4d988facb0f13417a694","isVoid":false,"data":{},"nodes":[{"kind":"text","key":"50a788bab95d432a9a34392c015add56","ranges":[{"kind":"range","marks":[],"text":"CREATE SCHEMA_CHANGE JOB job_name FOR GRAPH graph_name {"}]}]},{"kind":"block","type":"code-line","key":"4755de50f9f24bccba55ec79b5a3be63","isVoid":false,"data":{},"nodes":[{"kind":"text","key":"e5e934412e864842aa2625a910237ea4","ranges":[{"kind":"range","marks":[],"text":"    [sequence of DROP, ALTER, and ADD statements, each line ending with a semicolon]"}]}]},{"kind":"block","type":"code-line","key":"fb057341623347e5a08f0a40e836f926","isVoid":false,"data":{},"nodes":[{"kind":"text","key":"b8244b2e9b0b4a83b9a90dcf365630d2","ranges":[{"kind":"range","marks":[],"text":"}"}]}]}]},{"kind":"block","type":"paragraph","key":"daa6d093086c4be79d77c79f08d5c926","isVoid":false,"data":{},"nodes":[{"kind":"text","key":"d0a5ce15b035465782ba71d9a23c12a4","ranges":[{"kind":"range","marks":[],"text":"One use of CREATE SCHEMA_CHANGE JOB is to define an additional vertex type and edge type to be the structure for a secondary index. For example, if you wanted to index the postalCode attribute of the User vertex, you could create a postalCode_idx (PRIMARY_ID id string, code string) vertex type and hasPostalCode (FROM User, TO postalCode_idx) edge type. Then create an index structure having one edge from each User to a postalCode_idx vertex."}]}]},{"kind":"block","type":"hint","key":"6835867a14844875aea65a1fe5d1db2c","isVoid":false,"data":{"style":"danger"},"nodes":[{"kind":"block","type":"paragraph","key":"859b3c7511724d04b72d49d5dc19ee73","isVoid":false,"data":{},"nodes":[{"kind":"text","key":"98777ab959564052991b4d892d550069","ranges":[{"kind":"range","marks":[],"text":"By its nature, a SCHEMA_CHANGE JOB may contain multiple statements. If the job block is used in the interactive GSQL shell, then the BEGIN and END commands should be used to permit the SCHEMA_CHANGE JOB to be entered on several lines. if the job is stored in a command file to be read in batch mode, then BEGIN and END are not needed."}]}]},{"kind":"block","type":"paragraph","key":"25001a32f33741899426f8d17a082f0f","isVoid":false,"data":{},"nodes":[{"kind":"text","key":"e8f4b02ac710421084438520f58409eb","ranges":[{"kind":"range","marks":[],"text":"Remember to include a semicolon at the end of each DROP, ALTER, or ADD statement within the JOB block."}]}]},{"kind":"block","type":"paragraph","key":"4cbe022fa8a24da283f0a6b27da8391b","isVoid":false,"data":{},"nodes":[{"kind":"text","key":"68f3c25e93f64950b9987dfd232b208e","ranges":[{"kind":"range","marks":[],"text":"If a SCHEMA_CHANGE JOB defines a new edge type which connects to a new vertex type, the ADD VERTEX statement should precede the related ADD EDGE statement. However, the ADD EDGE and ADD VERTEX statements can be in the same SCHEMA_CHANGE JOB."}]}]}]},{"kind":"block","type":"heading-2","key":"08fbe29e2978431ca0c757ad2a5380b7","isVoid":false,"data":{},"nodes":[{"kind":"text","key":"94180b7de785441e9a1cf0a40dfaf19e","ranges":[{"kind":"range","marks":[{"kind":"mark","data":{},"type":"bold"}],"text":"ADD VERTEX | EDGE (local)"}]}]},{"kind":"block","type":"paragraph","key":"1e59e18598a54fdfb00c10d17df20420","isVoid":false,"data":{},"nodes":[{"kind":"text","key":"6ae1595a972942909798f1a549bb2690","ranges":[{"kind":"range","marks":[],"text":"The ADD statement defines a new type of vertex or edge and automatically adds it to a graph schema. The syntax for the ADD VERTEX | EDGE statement is analogous to that of the CREATE VERTEX | EDGE | GRAPH statements.  It may only be used within a SCHEMA_CHANGE JOB."}]}]},{"kind":"block","type":"code","key":"cd83b67f0bc8489f9dce178ef0fef78c","isVoid":false,"data":{"syntax":"sql","title":"# ADD VERTEX / UNDIRECTED EDGE / DIRECTED EDGE"},"nodes":[{"kind":"block","type":"code-line","key":"79f031f4b5c64df7ad889da62125ad54","isVoid":false,"data":{},"nodes":[{"kind":"text","key":"ffb48e74037d42c2897fa34ad3e4d809","ranges":[{"kind":"range","marks":[],"text":"ADD VERTEX v_type_name (PRIMARY_ID id type [',' attribute_list]) [WITH STATS '=' \"none\"|\"outdegree_by_edgetype\"]; "}]}]},{"kind":"block","type":"code-line","key":"0f2ab59d969846f6982795957c44a9c7","isVoid":false,"data":{},"nodes":[{"kind":"text","key":"eb40f7041ed64d04ab4fbfe8585807af","ranges":[{"kind":"range","marks":[],"text":"ADD UNDIRECTED EDGE e_type_name (FROM v_type_name',' TO v_type_name [',' edge_attribute_list])"}]}]},{"kind":"block","type":"code-line","key":"f6fd67fade844e13923c0d56acad6f80","isVoid":false,"data":{},"nodes":[{"kind":"text","key":"3ed59c7ae0344e1797ba18d23b2dfa9b","ranges":[{"kind":"range","marks":[],"text":"ADD DIRECTED EDGE e_type_name (FROM v_type_name',' TO v_type_name [',' edge_attribute_list])"}]}]},{"kind":"block","type":"code-line","key":"5572f56673d9444eae8a2b5b238a431c","isVoid":false,"data":{},"nodes":[{"kind":"text","key":"ddf9a2889b9c406ea6e5680f6dede3f7","ranges":[{"kind":"range","marks":[],"text":"    [WITH REVERSE_EDGE '=' \"rev_name\"];"}]}]}]},{"kind":"block","type":"hint","key":"bf3859777e1147e4a05bcf5c70085cfa","isVoid":false,"data":{"style":"warning"},"nodes":[{"kind":"block","type":"paragraph","key":"1f4bf57f772a4940a41cb9047521bb4d","isVoid":false,"data":{},"nodes":[{"kind":"text","key":"77684c172daa48c58ae00d91150fd78e","ranges":[{"kind":"range","marks":[],"text":"In the current version,  v_type_name and e_type_name identifiers must be GLOBALLY unique, even though they are only locally visible to local graph users.  As a consequence, when a user runs a SCHEMA_CHANGE JOB with ADD VERTEX/EDGE statements, it is possible that the system will reject the proposed names, because they have already been used by another graph."}]}]}]},{"kind":"block","type":"heading-2","key":"6f47c74ae6b04a22988b75740961840e","isVoid":false,"data":{},"nodes":[{"kind":"text","key":"b602c8104f774f12a73a0b92230299e6","ranges":[{"kind":"range","marks":[{"kind":"mark","data":{},"type":"bold"}],"text":"ALTER VERTEX | EDGE"}]}]},{"kind":"block","type":"paragraph","key":"d071c631955b4e16b2445f8ddf76f37b","isVoid":false,"data":{},"nodes":[{"kind":"text","key":"38292d7d52e54be5999616f74b10f721","ranges":[{"kind":"range","marks":[],"text":"The ALTER statement is used to add attributes to or remove attributes from an existing vertex type or edge type. Additionally, the ALTER VERTEX statement is used to add to or remove Indexes from an existing vertex type. The ALTER #   statement may only be used within a SCHEMA_CHANGE JOB. The basic format is as follows:"}]}]},{"kind":"block","type":"code","key":"9bf197de8fca43aea94b011535e394e1","isVoid":false,"data":{"syntax":"sql","title":"# ALTER VERTEX / EDGE"},"nodes":[{"kind":"block","type":"code-line","key":"a704aeeb0c70483ca14e6d5bc86284de","isVoid":false,"data":{},"nodes":[{"kind":"text","key":"8c204ed223884ce38739c3aba763ce39","ranges":[{"kind":"range","marks":[],"text":"ALTER VERTEX|EDGE object_type_name ADD|DROP (attribute_list);"}]}]},{"kind":"block","type":"code-line","key":"4c238d3e76c9469aae03c7f25c41c9f7","isVoid":false,"data":{},"nodes":[{"kind":"text","key":"c5c2d182c6a84198ba6632840b7d148c","ranges":[{"kind":"range","marks":[],"text":"ALTER VERTEX object_type_name ADD|DROP INDEX;"}]}]}]},{"kind":"block","type":"heading-3","key":"221a48abda8746158029c07f392034e3","isVoid":false,"data":{},"nodes":[{"kind":"text","key":"00b9174d9ccf4a16ae86596ff817f7a6","ranges":[{"kind":"range","marks":[{"kind":"mark","data":{},"type":"bold"}],"text":"ALTER ... ADD"}]}]},{"kind":"block","type":"paragraph","key":"ddb9143278b0409c85df11536f869783","isVoid":false,"data":{},"nodes":[{"kind":"text","key":"14adebe9bfbc4dbfae967ee5ca927139","ranges":[{"kind":"range","marks":[],"text":"Added attributes are appended to the end of the schema.  The new attributes may include DEFAULT fields:"}]}]},{"kind":"block","type":"code","key":"8a576ac75bf74a999b0e686f32df3d32","isVoid":false,"data":{"syntax":"sql","title":"# ALTER ... ADD"},"nodes":[{"kind":"block","type":"code-line","key":"5b183dab608a4078a6b90a7628f0c4c0","isVoid":false,"data":{},"nodes":[{"kind":"text","key":"2bd1fbd01d6f4a1ea8f2ce98aef153ec","ranges":[{"kind":"range","marks":[],"text":"ALTER VERTEX|EDGE object_type_name ADD ATTRIBUTE ("}]}]},{"kind":"block","type":"code-line","key":"8a76806e5d964fc49fd663526d81bfff","isVoid":false,"data":{},"nodes":[{"kind":"text","key":"d7504f6ddd444cbd88a15d1738203d33","ranges":[{"kind":"range","marks":[],"text":"       attribute_name type [DEFAULT default_value]"}]}]},{"kind":"block","type":"code-line","key":"cd50691af9de44f394d94f72dfdc1cf6","isVoid":false,"data":{},"nodes":[{"kind":"text","key":"bd5bdaf6783a496684abe6d186e71c88","ranges":[{"kind":"range","marks":[],"text":"    [',' attribute_name type [DEFAULT default_value]]* );"}]}]},{"kind":"block","type":"code-line","key":"4c01cea6cdee4bc68691f42be0918c0b","isVoid":false,"data":{},"nodes":[{"kind":"text","key":"3d3a81ab0633442d9e88345c90df0aaf","ranges":[{"kind":"range","marks":[],"text":"ALTER VERTEX object_type_name ADD INDEX ON (attribute_name);"}]}]}]},{"kind":"block","type":"heading-3","key":"63564ac3ee864209bc766e13d3c3c3aa","isVoid":false,"data":{},"nodes":[{"kind":"text","key":"ed4e312575eb47db8661893e54485dd2","ranges":[{"kind":"range","marks":[{"kind":"mark","data":{},"type":"bold"}],"text":"ALTER ... DROP"}]}]},{"kind":"block","type":"code","key":"a09954d6ac0e4b6b871bbd1211391937","isVoid":false,"data":{"syntax":"sql","title":"ALTER ... DROP"},"nodes":[{"kind":"block","type":"code-line","key":"68309b11594f45df87498c9db1b42b01","isVoid":false,"data":{},"nodes":[{"kind":"text","key":"54e18463278c41249a380bd345b5094e","ranges":[{"kind":"range","marks":[],"text":"ALTER VERTEX|EDGE object_type_name DROP ATTRIBUTE ("}]}]},{"kind":"block","type":"code-line","key":"23682ba98cda4124a5edbfbbcd1c1750","isVoid":false,"data":{},"nodes":[{"kind":"text","key":"f63ea4bc5a944629bb729f803c24325d","ranges":[{"kind":"range","marks":[],"text":"      attribute_name [',' attribute_name]* );"}]}]},{"kind":"block","type":"code-line","key":"3ec5c6c4a1a54937b4144a08d9da8e86","isVoid":false,"data":{},"nodes":[{"kind":"text","key":"a7fa121e6f154b5ba81351e8269688a7","ranges":[{"kind":"range","marks":[],"text":"ALTER VERTEX object_type_name DROP INDEX;     "}]}]}]},{"kind":"block","type":"heading-2","key":"29740928809846f1bb7c6b70413fca96","isVoid":false,"data":{},"nodes":[{"kind":"text","key":"c8f4b9084c26403f9b3bc07d2cb10da8","ranges":[{"kind":"range","marks":[],"text":"DROP VERTEX | EDGE (local)"}]}]},{"kind":"block","type":"paragraph","key":"4f6f89aa5e09419f9da2b201bcc8e769","isVoid":false,"data":{},"nodes":[{"kind":"text","key":"dab75690edc840d083e5cf8957f3b883","ranges":[{"kind":"range","marks":[],"text":"The DROP statement removes the specified vertex type or edge type from the database dictionary. The DROP statement should only be used when graph operations are not in progress."}]}]},{"kind":"block","type":"code","key":"4392259111a94b3da040371e81c6d45b","isVoid":false,"data":{"syntax":"sql","title":"drop vertex / edge"},"nodes":[{"kind":"block","type":"code-line","key":"eda5c4206bfb4c79929fa2530a3e7f09","isVoid":false,"data":{},"nodes":[{"kind":"text","key":"36827f6595f440aeaee5fb62556960ee","ranges":[{"kind":"range","marks":[],"text":"DROP VERTEX v_type_name [',' v_type_name]*"}]}]},{"kind":"block","type":"code-line","key":"25b05e22c91c4d61b2f044e0a46c777f","isVoid":false,"data":{},"nodes":[{"kind":"text","key":"76aa986c9e1244e2a7fe0f3e6f7774d5","ranges":[{"kind":"range","marks":[],"text":"DROP EDGE e_type_name [',' e_type_name]*"}]}]}]},{"kind":"block","type":"heading-2","key":"3181bf900af04b9ba7c58cbf0352dac7","isVoid":false,"data":{},"nodes":[{"kind":"text","key":"886bbc3fcee448739c0553a8a5a469b8","ranges":[{"kind":"range","marks":[{"kind":"mark","data":{},"type":"bold"}],"text":"DROP TUPLE"}]}]},{"kind":"block","type":"paragraph","key":"8c6be6c21f544466985cfe5c0148e5be","isVoid":false,"data":{},"nodes":[{"kind":"text","key":"0c55156c06cd49f890fc0785c8e90161","ranges":[{"kind":"range","marks":[],"text":"For tuples that are defined within a graph schema, you can drop them by using the following command."}]}]},{"kind":"block","type":"code","key":"5fae285f178e4be09304ca9800c16526","isVoid":false,"data":{"syntax":"text","title":"drop tuple"},"nodes":[{"kind":"block","type":"code-line","key":"81dc028c007e48d5a143bf306efb07c1","isVoid":false,"data":{},"nodes":[{"kind":"text","key":"fbe76e5315844555ac2d872008ae9716","ranges":[{"kind":"range","marks":[],"text":"DROP TUPLE tuple_name [',' tuple_name]*"}]}]}]},{"kind":"block","type":"heading-1","key":"7554ba85eb084c2aa2f4a4757e99e1e6","isVoid":false,"data":{},"nodes":[{"kind":"text","key":"977bac06794445f1975d698596bafc66","ranges":[{"kind":"range","marks":[{"kind":"mark","data":{},"type":"bold"}],"text":"RUN SCHEMA_CHANGE JOB"}]}]},{"kind":"block","type":"paragraph","key":"6db9970e619749069894535161e389ad","isVoid":false,"data":{},"nodes":[{"kind":"text","key":"da7d1cc467d24301be8687352294866b","ranges":[{"kind":"range","marks":[{"kind":"mark","data":{},"type":"bold"}],"text":"RUN JOB job_name "},{"kind":"range","marks":[],"text":"performs the schema change job. After the schema has been changed, the GSQL system checks all existing GSQL queries (described in \"GSQL Language Reference, Part 2: Querying\"). If an existing GSQL query uses a dropped vertex, edge, or attribute, the query becomes invalid, and GSQL will show the message \"Query "},{"kind":"range","marks":[{"kind":"mark","data":{},"type":"italic"}],"text":"query_name "},{"kind":"range","marks":[],"text":"becomes invalid after schema update, please update it.\"."}]}]},{"kind":"block","type":"paragraph","key":"aa907708454f4d7f9b9195c6f9bf5daf","isVoid":false,"data":{},"nodes":[{"kind":"text","key":"3d3a0963094b4b0a9ae824f395c196a4","ranges":[{"kind":"range","marks":[],"text":"Below is an example. The schema change job add_reviews adds a Review vertex type and two edge types to connect reviews to users and books, respectively."}]}]},{"kind":"block","type":"code","key":"27000eb4bafa4460b4c1994170b41240","isVoid":false,"data":{"syntax":"sql","title":"SCHEMA_CHANGE JOB example"},"nodes":[{"kind":"block","type":"code-line","key":"7714e1a289a24ee996b4d2923b042d24","isVoid":false,"data":{},"nodes":[{"kind":"text","key":"d54a4f794967476297e43c0669e37e66","ranges":[{"kind":"range","marks":[],"text":"USE GRAPH Book_rating"}]}]},{"kind":"block","type":"code-line","key":"a90f6efad67c43029bf443a912ca9ec4","isVoid":false,"data":{},"nodes":[{"kind":"text","key":"b7adb7445dc34a09b2185d43024fb6a2","ranges":[{"kind":"range","marks":[],"text":"CREATE SCHEMA_CHANGE JOB add_reviews FOR GRAPH Book_rating {"}]}]},{"kind":"block","type":"code-line","key":"51680c83dbea42e38395f6fac0e9a454","isVoid":false,"data":{},"nodes":[{"kind":"text","key":"e8c802d6c22e4036ab682e01f7f763b3","ranges":[{"kind":"range","marks":[],"text":"    ADD VERTEX Review (PRIMARY_ID id UINT, review_date DATETIME, url STRING);"}]}]},{"kind":"block","type":"code-line","key":"d2bdaeea678f428eb120f41309e78596","isVoid":false,"data":{},"nodes":[{"kind":"text","key":"548b4b4aad6e438dac7b8892838f53a0","ranges":[{"kind":"range","marks":[],"text":"    ADD UNDIRECTED EDGE wrote_review (FROM User, TO Review);"}]}]},{"kind":"block","type":"code-line","key":"f396bf7960a34ac39d66f91760510066","isVoid":false,"data":{},"nodes":[{"kind":"text","key":"35a53fa5e5a148fca789d74c8f340956","ranges":[{"kind":"range","marks":[],"text":"    ADD UNDIRECTED EDGE review_of_book (FROM Review, TO Book);"}]}]},{"kind":"block","type":"code-line","key":"7915a2748f2044a789d4fecdb0204ff3","isVoid":false,"data":{},"nodes":[{"kind":"text","key":"0f6891167d3342e8b99ee0d3e3299bb6","ranges":[{"kind":"range","marks":[],"text":"}"}]}]},{"kind":"block","type":"code-line","key":"de0464be8e9444b4acbe860faa57d8b9","isVoid":false,"data":{},"nodes":[{"kind":"text","key":"a038d0cd38824856b8ae5a5397accd0e","ranges":[{"kind":"range","marks":[],"text":"RUN JOB add_reviews"}]}]}]},{"kind":"block","type":"heading-1","key":"62a0c3072b454789a399d8f5ea126ed7","isVoid":false,"data":{},"nodes":[{"kind":"text","key":"72c95834ad094fdab6508aa14d2777cc","ranges":[{"kind":"range","marks":[{"kind":"mark","data":{},"type":"bold"}],"text":"USE GLOBAL"}]}]},{"kind":"block","type":"hint","key":"f187460df9334b618d0d1c8c4f31c150","isVoid":false,"data":{"style":"info"},"nodes":[{"kind":"block","type":"paragraph","key":"0f6a688d59a44fe8a2a8b6f93e4d1831","isVoid":false,"data":{},"nodes":[{"kind":"text","key":"921b15f69f35457caeb8d0c630eae6c3","ranges":[{"kind":"range","marks":[],"text":"The USE GLOBAL command changes a superuser's mode to Global mode.  In global mode, a superuser can define or modify global vertex and edge types, as well as specifying which graphs use those global types.  For example, the user should run USE GLOBAL before creating or running a GLOBAL SCHEMA_CHANGE JOB."}]}]}]},{"kind":"block","type":"heading-1","key":"23d9d47bfec142808b1c40098f90d5c7","isVoid":false,"data":{},"nodes":[{"kind":"text","key":"2125dce335524dcebf6e1611a504280f","ranges":[{"kind":"range","marks":[{"kind":"mark","data":{},"type":"bold"}],"text":"CREATE GLOBAL SCHEMA_CHANGE JOB"}]}]},{"kind":"block","type":"hint","key":"5a2a106bc7d4450e9aa3208259885fa1","isVoid":false,"data":{"style":"info"},"nodes":[{"kind":"block","type":"paragraph","key":"5cb941577c5c472383a827ca95c98f27","isVoid":false,"data":{},"nodes":[{"kind":"text","key":"6072fa70e7424a48ab3dcd0bf58be734","ranges":[{"kind":"range","marks":[],"text":" The CREATE GLOBAL SCHEMA_CHANGE JOB block defines a sequence of ADD, ALTER, and DROP statements which modify either the attributes or the graph membership of global vertex or edge types.  Unlike the non-global schema_change job, the header does not include a graph name. However, the ADD/ALTER/DROP statements in the body do mention graphs."}]}]}]},{"kind":"block","type":"code","key":"566eeec2496947b08854c6341ffbe4db","isVoid":false,"data":{"syntax":"sql","title":"CREATE GLOBAL SCHEMA_CHANGE JOB syntax"},"nodes":[{"kind":"block","type":"code-line","key":"a4a1301582d14e44a6be7d6e2d3dbc0e","isVoid":false,"data":{},"nodes":[{"kind":"text","key":"fa3dd362d48f475abcfe68d8236bc931","ranges":[{"kind":"range","marks":[],"text":"CREATE GLOBAL SCHEMA_CHANGE JOB job_name {"}]}]},{"kind":"block","type":"code-line","key":"d925dbf196ed4cf3b0dfd8cc157f1adb","isVoid":false,"data":{},"nodes":[{"kind":"text","key":"53fa49d331f4471497f0acd3b6d73ffe","ranges":[{"kind":"range","marks":[],"text":"    [sequence of global DROP, ALTER, and ADD statements, each line ending with a semicolon]"}]}]},{"kind":"block","type":"code-line","key":"59e2837ca17a45df9e77fe30f6f19a2e","isVoid":false,"data":{},"nodes":[{"kind":"text","key":"eab5bc6f6e9b4cfba54a48b07cab1417","ranges":[{"kind":"range","marks":[],"text":"}"}]}]}]},{"kind":"block","type":"paragraph","key":"c52b13aeaffa4d1c80b5af39f9944c09","isVoid":false,"data":{},"nodes":[{"kind":"text","key":"c2a41d60a3ba4dfebc53e714a58cb9fb","ranges":[{"kind":"range","marks":[],"text":"Those both global and local schema change jobs have ADD and DROP statements, they have different meanings. The table below outlines the differences."}]}]},{"kind":"block","type":"table","key":"b33ffffbd0de40709ea8e683a2317595","isVoid":false,"data":{"aligns":["left","left","left"]},"nodes":[{"kind":"block","type":"table-row","key":"7bead22edc214262ac5c24d49b068dcf","isVoid":false,"data":{},"nodes":[{"kind":"block","type":"table-cell","key":"b895787b96e5453bbd5e246430cfdbda","isVoid":false,"data":{},"nodes":[{"kind":"block","type":"paragraph","key":"0daa185ec1394cc4a24e79dad5f964c4","isVoid":false,"data":{},"nodes":[{"kind":"text","key":"e80f164be0f54e71be5e1701adc327bb","ranges":[{"kind":"range","marks":[],"text":""}]}]}]},{"kind":"block","type":"table-cell","key":"e03ac229bed0467f8f1372e0456354bc","isVoid":false,"data":{},"nodes":[{"kind":"block","type":"paragraph","key":"5651dc3ade4141fdb3f6aa49fc16c748","isVoid":false,"data":{},"nodes":[{"kind":"text","key":"4c207f2bc23b41d0b6c3ffd2fd371516","ranges":[{"kind":"range","marks":[],"text":"local \nSCHEMA_CHANGE"}]}]}]},{"kind":"block","type":"table-cell","key":"ecf43da59c834662b5023b52a94ab172","isVoid":false,"data":{},"nodes":[{"kind":"block","type":"paragraph","key":"56eeba87c18347d98949569a399e726f","isVoid":false,"data":{},"nodes":[{"kind":"text","key":"38d16b23c49b4baa962518adc14d421c","ranges":[{"kind":"range","marks":[],"text":"GLOBAL \nSCHEMA_CHANGE"}]}]}]}]},{"kind":"block","type":"table-row","key":"86b96dd8e3e24483bdde7870a347473a","isVoid":false,"data":{},"nodes":[{"kind":"block","type":"table-cell","key":"5e4392a8cd2c48e2a6e4874d21e6319c","isVoid":false,"data":{},"nodes":[{"kind":"block","type":"paragraph","key":"bacdce99bcc541308470003f0a36f8fe","isVoid":false,"data":{},"nodes":[{"kind":"text","key":"d9c8e3d545e84976b76330cd79d8186f","ranges":[{"kind":"range","marks":[],"text":"ADD"}]}]}]},{"kind":"block","type":"table-cell","key":"de44d15c51c54a1f857b499818157ee9","isVoid":false,"data":{},"nodes":[{"kind":"block","type":"paragraph","key":"59f134917478494a87a04573a7fe8ad4","isVoid":false,"data":{},"nodes":[{"kind":"text","key":"ca70029e7fff4ad0850c035afef74403","ranges":[{"kind":"range","marks":[],"text":"Defines a new local vertex/edge type; \nadds it to the graph's domain"}]}]}]},{"kind":"block","type":"table-cell","key":"81d1354db9fc42c1a7cb444b5bf8abb9","isVoid":false,"data":{},"nodes":[{"kind":"block","type":"paragraph","key":"850d22e9357c41afa1da3d943a0e4f4b","isVoid":false,"data":{},"nodes":[{"kind":"text","key":"9765eeb7bbb24bf099b2b3ca0a319f66","ranges":[{"kind":"range","marks":[],"text":"Adds one or more existing global \nvertex/edge types to a graph's domain."}]}]}]}]},{"kind":"block","type":"table-row","key":"f0e264e792c84957b63f345dda7e006a","isVoid":false,"data":{},"nodes":[{"kind":"block","type":"table-cell","key":"e2b8e5c097114e9d803aaa5da6eec519","isVoid":false,"data":{},"nodes":[{"kind":"block","type":"paragraph","key":"07cb4395f0484f87b7f47e7b6b8d1d1d","isVoid":false,"data":{},"nodes":[{"kind":"text","key":"a175ef86110941188287cb32e4707d68","ranges":[{"kind":"range","marks":[],"text":"DROP"}]}]}]},{"kind":"block","type":"table-cell","key":"4292763e2f1f40c5b315a9267f40fdc4","isVoid":false,"data":{},"nodes":[{"kind":"block","type":"paragraph","key":"93e1266f817342dbb1927b32ee21f4a0","isVoid":false,"data":{},"nodes":[{"kind":"text","key":"437cc07346c24d0e9b612a81f86f4005","ranges":[{"kind":"range","marks":[],"text":"Deletes a local vertex/edge type \nand its vertex/edge instances"}]}]}]},{"kind":"block","type":"table-cell","key":"52abeef9098b40f0a29da771826d9eca","isVoid":false,"data":{},"nodes":[{"kind":"block","type":"paragraph","key":"8ff9f9d833be4287b02ad5d4f642fcc1","isVoid":false,"data":{},"nodes":[{"kind":"text","key":"9be6af4560c74a1a9924b8a7f3337052","ranges":[{"kind":"range","marks":[],"text":"Removes one or more existing global \nvertex/edge types from a graph's domain."}]}]}]}]},{"kind":"block","type":"table-row","key":"ea384c0c798947668938c7e3e3e7e095","isVoid":false,"data":{},"nodes":[{"kind":"block","type":"table-cell","key":"77c0557cb92b43218f9b8b437d6f8e7f","isVoid":false,"data":{},"nodes":[{"kind":"block","type":"paragraph","key":"75ad303bbba6432aac97c4c49491e6cd","isVoid":false,"data":{},"nodes":[{"kind":"text","key":"1bbfa3606a934e989e12bf00388f7fea","ranges":[{"kind":"range","marks":[],"text":"ALTER"}]}]}]},{"kind":"block","type":"table-cell","key":"b6f9c5d1bbd545e68af17dcdafb01e8e","isVoid":false,"data":{},"nodes":[{"kind":"block","type":"paragraph","key":"e2139e836d9847fd8cc6ccfee7ec4915","isVoid":false,"data":{},"nodes":[{"kind":"text","key":"ecb4ef3b6c874999963fe6ab1ca08b42","ranges":[{"kind":"range","marks":[],"text":"Adds or drops attributes from a local \nvertex/edge type."}]}]}]},{"kind":"block","type":"table-cell","key":"52e292836aa34eee960719bbfb4b5a02","isVoid":false,"data":{},"nodes":[{"kind":"block","type":"paragraph","key":"cf28d9b50d9c4cdd8755fa1a6c64ecf7","isVoid":false,"data":{},"nodes":[{"kind":"text","key":"788e6d315be346b6ab77b52a076e9d29","ranges":[{"kind":"range","marks":[],"text":"Adds or drops attributes from a global vertex/edge \ntype, which may affect several graphs."}]}]}]}]}]},{"kind":"block","type":"hint","key":"5cc8e106ce334457af91ede174c4f18e","isVoid":false,"data":{"style":"danger"},"nodes":[{"kind":"block","type":"paragraph","key":"ce287553f3284bb6b034689f70e4ceec","isVoid":false,"data":{},"nodes":[{"kind":"text","key":"581c23e02ed64ddead12365d5e441359","ranges":[{"kind":"range","marks":[],"text":" Remember to include a semicolon at the end of each DROP, ALTER, or ADD statement within the JOB block."}]}]}]},{"kind":"block","type":"heading-2","key":"ab987911ee624536bd5cd032cb17495f","isVoid":false,"data":{},"nodes":[{"kind":"text","key":"b2a3f9d88cc4481580cd12882d6caf02","ranges":[{"kind":"range","marks":[{"kind":"mark","data":{},"type":"bold"}],"text":"ADD VERTEX | EDGE (global)"}]}]},{"kind":"block","type":"hint","key":"edcff2916f3843aaab07be405bde2abd","isVoid":false,"data":{"style":"info"},"nodes":[{"kind":"block","type":"paragraph","key":"6b4d32ae96654aba9e65edaff687956b","isVoid":false,"data":{},"nodes":[{"kind":"text","key":"7cb51e832bf74b92ac75f9eb25438ae9","ranges":[{"kind":"range","marks":[],"text":" The ADD statement adds existing global vertex or edge types to one of the graphs."}]}]}]},{"kind":"block","type":"code","key":"649537d280824c5199f12b5a042c00eb","isVoid":false,"data":{"syntax":"sql","title":"ADD VERTEX / UNDIRECTED EDGE / DIRECTED EDGE (Global)"},"nodes":[{"kind":"block","type":"code-line","key":"0a8b0d6a35a54c6b94698e2a0a841bd0","isVoid":false,"data":{},"nodes":[{"kind":"text","key":"efc6be9ffc9d48ec8f4d9f3280264fee","ranges":[{"kind":"range","marks":[],"text":"ADD VERTEX v_type_name [',' v_type_name...] TO GRAPH gname;"}]}]},{"kind":"block","type":"code-line","key":"67268042de614a818cb45d0f7be121c2","isVoid":false,"data":{},"nodes":[{"kind":"text","key":"cebe5f4c95124e65a68e9174ad0d4a91","ranges":[{"kind":"range","marks":[],"text":"ADD EDGE e_type_name [',' e_type_name...] TO GRAPH gname;"}]}]}]},{"kind":"block","type":"heading-2","key":"bf431fd23af140549af7dea2d9da3d15","isVoid":false,"data":{},"nodes":[{"kind":"text","key":"5a23b95dab314ea78da7d2350c5ab131","ranges":[{"kind":"range","marks":[{"kind":"mark","data":{},"type":"bold"}],"text":"ALTER VERTEX | EDGE"}]}]},{"kind":"block","type":"hint","key":"abcdb828a3c245fbb252feed341a116b","isVoid":false,"data":{"style":"info"},"nodes":[{"kind":"block","type":"paragraph","key":"2892bd21d25a4a478fc45dc7fd553eaa","isVoid":false,"data":{},"nodes":[{"kind":"text","key":"79c549b1169e470186d2e69aee0a379e","ranges":[{"kind":"range","marks":[],"text":" The ALTER statement is used to add attributes to or remove attributes from an existing global vertex type or edge type. The ALTER VERTEX / EDGE syntax for global schema changes is the same as that for local schema change jobs."}]}]}]},{"kind":"block","type":"code","key":"1b649633a137431998fe745c82579823","isVoid":false,"data":{"syntax":"sql","title":"ALTER VERTEX / EDGE"},"nodes":[{"kind":"block","type":"code-line","key":"437bd8aeaf0b4333b73d40a5a780e89a","isVoid":false,"data":{},"nodes":[{"kind":"text","key":"595c2d1bdec740f8b80c184a7c7a94e0","ranges":[{"kind":"range","marks":[],"text":"ALTER VERTEX|EDGE object_type_name ADD|DROP (attribute_list);"}]}]},{"kind":"block","type":"code-line","key":"8c1e1160ae724974a0acff832b25a503","isVoid":false,"data":{},"nodes":[{"kind":"text","key":"530530816b914a759893354a464c63fd","ranges":[{"kind":"range","marks":[],"text":"ALTER VERTEX object_type_name ADD|DROP INDEX;"}]}]}]},{"kind":"block","type":"heading-3","key":"907a2a62344846a78835130c7967146b","isVoid":false,"data":{},"nodes":[{"kind":"text","key":"eb9ca310b45d44deb9fd96f689894fea","ranges":[{"kind":"range","marks":[{"kind":"mark","data":{},"type":"bold"}],"text":"ALTER ... ADD"}]}]},{"kind":"block","type":"paragraph","key":"6f12d0bc68b841d0a9dedc00620d5859","isVoid":false,"data":{},"nodes":[{"kind":"text","key":"02c977f0a5b34233af3c9f51d841826d","ranges":[{"kind":"range","marks":[],"text":"Added attributes are appended to the end of the schema.  The new attributes may include DEFAULT fields:"}]}]},{"kind":"block","type":"code","key":"ff22ff014f344325937b6d3c1fce7e93","isVoid":false,"data":{"syntax":"sql","title":"ALTER ... ADD"},"nodes":[{"kind":"block","type":"code-line","key":"77c4beb7c32a435c89bfdc26b255561a","isVoid":false,"data":{},"nodes":[{"kind":"text","key":"85d80c5520a5419bafde1d0271d3ddfa","ranges":[{"kind":"range","marks":[],"text":"ALTER VERTEX|EDGE object_type_name ADD ATTRIBUTE ("}]}]},{"kind":"block","type":"code-line","key":"a2907359461c4245aa2a69364afc670d","isVoid":false,"data":{},"nodes":[{"kind":"text","key":"8fdc042cbb53435b9cca1767817a228c","ranges":[{"kind":"range","marks":[],"text":"       attribute_name type [DEFAULT default_value]"}]}]},{"kind":"block","type":"code-line","key":"235b4be6a63845f487e02fb1f2c49a17","isVoid":false,"data":{},"nodes":[{"kind":"text","key":"86e7e343f9664aa2bc19ab42b2a8d935","ranges":[{"kind":"range","marks":[],"text":"    [',' attribute_name type [DEFAULT default_value]]* );"}]}]},{"kind":"block","type":"code-line","key":"e490731bc9744ccdaa333349c9af4e8a","isVoid":false,"data":{},"nodes":[{"kind":"text","key":"1b00bb1e1a184e3ebd7ea743eb5d8da1","ranges":[{"kind":"range","marks":[],"text":"ALTER VERTEX object_type_name ADD INDEX ON (attribute_name);"}]}]}]},{"kind":"block","type":"heading-3","key":"15aaf349417f4c868bebf1f08a4200e5","isVoid":false,"data":{},"nodes":[{"kind":"text","key":"6f6a2b0386a44afebd0e9735c3ab48ff","ranges":[{"kind":"range","marks":[{"kind":"mark","data":{},"type":"bold"}],"text":"ALTER ... DROP"}]}]},{"kind":"block","type":"code","key":"f3185a70413d45469026f2ee0450fb1f","isVoid":false,"data":{"syntax":"sql","title":"ALTER ... DROP"},"nodes":[{"kind":"block","type":"code-line","key":"8e98a37ac03d42feb311adf66da7169e","isVoid":false,"data":{},"nodes":[{"kind":"text","key":"2cd5c2e736614e9898b63d078ed700d7","ranges":[{"kind":"range","marks":[],"text":"ALTER VERTEX|EDGE object_type_name DROP ATTRIBUTE ("}]}]},{"kind":"block","type":"code-line","key":"95cc613b313f4c8ea10aa6f2f1f47829","isVoid":false,"data":{},"nodes":[{"kind":"text","key":"cb6faa815c3942249142f3a66413c2fb","ranges":[{"kind":"range","marks":[],"text":"      attribute_name [',' attribute_name]* );"}]}]},{"kind":"block","type":"code-line","key":"78afa86aed6f4d6980fddae384e29178","isVoid":false,"data":{},"nodes":[{"kind":"text","key":"ee7babbcbdf14ede9f768538a6e61ded","ranges":[{"kind":"range","marks":[],"text":"ALTER VERTEX object_type_name DROP INDEX;"}]}]}]},{"kind":"block","type":"heading-2","key":"1134e75f8ad34e2698464cbd48507c33","isVoid":false,"data":{},"nodes":[{"kind":"text","key":"f4ead9c22a7e44c9ba30cbefdc009aa7","ranges":[{"kind":"range","marks":[{"kind":"mark","data":{},"type":"bold"}],"text":"DROP VERTEX | EDGE (global)"}]}]},{"kind":"block","type":"hint","key":"7fe86e9539a44bd4a661cf6b553a8e48","isVoid":false,"data":{"style":"info"},"nodes":[{"kind":"block","type":"paragraph","key":"ec411d4f46b842f694914bba6b60450f","isVoid":false,"data":{},"nodes":[{"kind":"text","key":"175132dbeb25409a9a95393fbb0f8bec","ranges":[{"kind":"range","marks":[],"text":" The DROP statement removes specified global vertex or edge types from one of the graphs. The command does not delete any data."}]}]}]},{"kind":"block","type":"code","key":"56b9e7084ffd4033b6ca5ef4917268e5","isVoid":false,"data":{"syntax":"sql","title":"drop vertex / edge"},"nodes":[{"kind":"block","type":"code-line","key":"2c732a4b4f7a4de2a2a60b3d5dcde4e8","isVoid":false,"data":{},"nodes":[{"kind":"text","key":"f203caa703fa436a87d7fa5ecd4786ce","ranges":[{"kind":"range","marks":[],"text":"DROP VERTEX v_type_name [',' v_type_name...] FROM GRAPH gname;"}]}]},{"kind":"block","type":"code-line","key":"a90eb508ac984908962c3535aad14093","isVoid":false,"data":{},"nodes":[{"kind":"text","key":"c760150661504ee2bdd51a357cd16824","ranges":[{"kind":"range","marks":[],"text":"DROP EDGE e_type_name   [',' e_type_name...] FROM GRAPH gname;"}]}]}]},{"kind":"block","type":"heading-1","key":"d70dd259b1214ea0b8a327c24e9d9efa","isVoid":false,"data":{},"nodes":[{"kind":"text","key":"d0a66ff1bd324dd1b7b98829092bf295","ranges":[{"kind":"range","marks":[{"kind":"mark","data":{},"type":"bold"}],"text":"RUN GLOBAL SCHEMA_CHANGE JOB"}]}]},{"kind":"block","type":"hint","key":"20da89f32bbf4b55b766542b2202470a","isVoid":false,"data":{"style":"info"},"nodes":[{"kind":"block","type":"paragraph","key":"ae8fc60aa6314abc8db816fa08fb50ba","isVoid":false,"data":{},"nodes":[{"kind":"text","key":"c30a903ef702462384847be75c619763","ranges":[{"kind":"range","marks":[{"kind":"mark","data":{},"type":"bold"}],"text":"RUN JOB job_name "},{"kind":"range","marks":[],"text":"performs the global schema change job. After the schema has been changed, the GSQL system checks all existing GSQL queries (described in \"GSQL Language Reference, Part 2: Querying\"). If an existing GSQL query uses a dropped vertex, edge, or attribute, the query becomes invalid, and GSQL will show the message \"Query "},{"kind":"range","marks":[{"kind":"mark","data":{},"type":"italic"}],"text":"query_name "},{"kind":"range","marks":[],"text":"becomes invalid after schema update, please update it.\"."}]}]}]},{"kind":"block","type":"paragraph","key":"36a1a20dabdd447ab4316a44fefd0400","isVoid":false,"data":{},"nodes":[{"kind":"text","key":"6feaef4ac7ed44e0bee032d11d0c527f","ranges":[{"kind":"range","marks":[],"text":"Below is an example. The schema change alter_friendship_make_library drops the on_date attribute from the friend_of edge and adds Book type to the library graph."}]}]},{"kind":"block","type":"code","key":"5f3891fabab545e5bf810ada05fe7b77","isVoid":false,"data":{"syntax":"sql","title":"GLOBAL SCHEMA_CHANGE JOB example"},"nodes":[{"kind":"block","type":"code-line","key":"c1fa29579d1c4e6a967e2a23a9e6f7dd","isVoid":false,"data":{},"nodes":[{"kind":"text","key":"e146bbc1ddc649a88f3eafac1aa323fa","ranges":[{"kind":"range","marks":[],"text":"USE GLOBAL"}]}]},{"kind":"block","type":"code-line","key":"08b3787447c94ff2b0f539c1d1289cf2","isVoid":false,"data":{},"nodes":[{"kind":"text","key":"64006455d653414b90201f913577d183","ranges":[{"kind":"range","marks":[],"text":"CREATE GRAPH library()"}]}]},{"kind":"block","type":"code-line","key":"bf0c0afa1970438cb98d192832a6f297","isVoid":false,"data":{},"nodes":[{"kind":"text","key":"140e20c2e1d0430fbfd2fead964b8cbd","ranges":[{"kind":"range","marks":[],"text":"CREATE GLOBAL SCHEMA_CHANGE JOB alter_friendship_make_library {"}]}]},{"kind":"block","type":"code-line","key":"1ff492a7b01440fa92e9b9e5deb437d4","isVoid":false,"data":{},"nodes":[{"kind":"text","key":"2f92daef9b804a6ea0e2e85eb4075686","ranges":[{"kind":"range","marks":[],"text":"    ALTER EDGE friend_of DROP ATTRIBUTE (on_date);"}]}]},{"kind":"block","type":"code-line","key":"3510bb3db4bd4c45977640ee56fac027","isVoid":false,"data":{},"nodes":[{"kind":"text","key":"7dc39168313a4541b832dace44f3c07f","ranges":[{"kind":"range","marks":[],"text":"    ADD VERTEX Book TO GRAPH library;"}]}]},{"kind":"block","type":"code-line","key":"01bcd71cf76c4244b7e720ecc964c94c","isVoid":false,"data":{},"nodes":[{"kind":"text","key":"5a77f3a9a3de4ffd8e46e64a8107a28b","ranges":[{"kind":"range","marks":[],"text":"}"}]}]},{"kind":"block","type":"code-line","key":"20f326e23c7d466dac623b4cda6ec980","isVoid":false,"data":{},"nodes":[{"kind":"text","key":"4c0ee72604db46c2bf67ed63bad25fb3","ranges":[{"kind":"range","marks":[],"text":"RUN JOB alter_friendship_make_library"}]}]}]},{"kind":"block","type":"paragraph","key":"1a7cebc6672c499384a03930806ff067","isVoid":false,"data":{},"nodes":[{"kind":"text","key":"d42514edf59845908142c26741d567a3","ranges":[{"kind":"range","marks":[],"text":""}]}]}]}}