{"format_version":1,"document":{"kind":"document","key":"03b1357d6a97477f9af0d02fff5604cd","data":{"schema_version":6},"nodes":[{"kind":"block","type":"paragraph","key":"f301788e2a314022aa262b7bf32fbb6c","isVoid":false,"data":{},"nodes":[{"kind":"text","key":"8a591bca4e824710bdc3d68b179b5358","ranges":[{"kind":"range","marks":[],"text":"We just saw how easy and quick it is to run simple built-in queries. However you'll undoubtedly want to create more customized or complex queries.  GSQL puts maximum power in your hands through parameterized vertex set queries. Parameterized queries let you traverse the graph from one vertex set to an adjacent set of vertices, again and again, performing computations along the way, with built-in parallel execution and handy aggregation operations. You can even have one query call another query.  But we'll start simple."}]}]},{"kind":"block","type":"paragraph","key":"0a3298e5c1d2402080f5d9446744b2f3","isVoid":false,"data":{},"nodes":[{"kind":"text","key":"f2a024969e4944a1be0cdc541ba0d330","ranges":[{"kind":"range","marks":[],"text":"A GSQL parameterized query has three steps."}]}]},{"kind":"block","type":"list-ordered","key":"664f982da0bb4da4875eaa66e5edc8da","isVoid":false,"data":{},"nodes":[{"kind":"block","type":"list-item","key":"77dedbb87f2642f3a9b2befbb0b57c4a","isVoid":false,"data":{},"nodes":[{"kind":"block","type":"paragraph","key":"52fa9eee354c4f54a18fa919cb59860b","isVoid":false,"data":{},"nodes":[{"kind":"text","key":"6be16e32ce3f4e26ae34e01cd901552b","ranges":[{"kind":"range","marks":[],"text":"Define your query in GSQL. This query will be added to the GSQL catalog."}]}]}]},{"kind":"block","type":"list-item","key":"4543a242e2a9463ba58eb0401426fd1e","isVoid":false,"data":{},"nodes":[{"kind":"block","type":"paragraph","key":"2823b3adb8d34d54a6e23b1fcbd88d13","isVoid":false,"data":{},"nodes":[{"kind":"text","key":"2cab2a302276471d915f05f114b59cf6","ranges":[{"kind":"range","marks":[],"text":"Install one or more queries in the catalog, generating a REST endpoint for each query."}]}]}]},{"kind":"block","type":"list-item","key":"4ca5cd00f43c452a902d05f9046badb8","isVoid":false,"data":{},"nodes":[{"kind":"block","type":"paragraph","key":"32192248ee6b4ff48fe945a2e98e0142","isVoid":false,"data":{},"nodes":[{"kind":"text","key":"e0e79349d34b44de9bb11315b08aea36","ranges":[{"kind":"range","marks":[],"text":"Run an installed query, supplying appropriate parameters, either as a GSQL command or by sending an HTTP request to the REST endpoint."}]}]}]}]},{"kind":"block","type":"heading-1","key":"9ee59223079e46eaa676d736c5d13c67","isVoid":false,"data":{},"nodes":[{"kind":"text","key":"4f99b10067714d6db1bdc1f494116ca0","ranges":[{"kind":"range","marks":[],"text":"A Simple 1-Hop Query"}]}]},{"kind":"block","type":"paragraph","key":"b1b721dc544a4b00b918beb71e3782e3","isVoid":false,"data":{},"nodes":[{"kind":"text","key":"95b76600aec54d0f800a94306b1a5a29","ranges":[{"kind":"range","marks":[],"text":"Now, let's write our first GSQL query. We'll display all the direct (1-hop) neighbors of a person, given as an input parameter."}]}]},{"kind":"block","type":"code","key":"ad3764ef132c46298e12b4fbec6ac751","isVoid":false,"data":{"syntax":"sql","title":"GSQL command"},"nodes":[{"kind":"block","type":"code-line","key":"246445acc9024a8b85691f55b24f6ad4","isVoid":false,"data":{},"nodes":[{"kind":"text","key":"698a34ed8b8a4490ab3cd51b2773d798","ranges":[{"kind":"range","marks":[],"text":"USE GRAPH social"}]}]},{"kind":"block","type":"code-line","key":"2f13a3772100421c8803567e8e96d801","isVoid":false,"data":{},"nodes":[{"kind":"text","key":"7f09cbc77fa3499d9ad17a996b567c45","ranges":[{"kind":"range","marks":[],"text":"CREATE QUERY hello(VERTEX<person> p) FOR GRAPH social{"}]}]},{"kind":"block","type":"code-line","key":"cee3dd601a9c41cbb9d81c2ba186c4e0","isVoid":false,"data":{},"nodes":[{"kind":"text","key":"069021a2afe548329f02f74b72eeaca2","ranges":[{"kind":"range","marks":[],"text":"  Start = {p};"}]}]},{"kind":"block","type":"code-line","key":"fa56b0f3d094449294ea1db863b07e48","isVoid":false,"data":{},"nodes":[{"kind":"text","key":"6cb897cb05a843f18e0631c6dd4fbf4b","ranges":[{"kind":"range","marks":[],"text":"  Result = SELECT tgt"}]}]},{"kind":"block","type":"code-line","key":"91d042f9ff4c41a8852063c2059218e9","isVoid":false,"data":{},"nodes":[{"kind":"text","key":"a0a77cecca7a425b91c50c8ffccab8db","ranges":[{"kind":"range","marks":[],"text":"           FROM Start:s-(friendship:e) ->person:tgt;"}]}]},{"kind":"block","type":"code-line","key":"d368128da6e74fe1a3bcce3462d109aa","isVoid":false,"data":{},"nodes":[{"kind":"text","key":"f5008b1a2e2b4e9d8bd69c5915b10e46","ranges":[{"kind":"range","marks":[],"text":"  PRINT Result;"}]}]},{"kind":"block","type":"code-line","key":"ceac1d960e9d4b4981fdb781be9e1eb4","isVoid":false,"data":{},"nodes":[{"kind":"text","key":"3635597a208340bb921e1b054b9cf670","ranges":[{"kind":"range","marks":[],"text":"}"}]}]}]},{"kind":"block","type":"paragraph","key":"237f7c4442e248c99c880a12eb6d580c","isVoid":false,"data":{},"nodes":[{"kind":"text","key":"14c0e5e4566f4da79b1453608f155215","ranges":[{"kind":"range","marks":[],"text":"This query features one SELECT statement.  The SELECT statements here are much more powerful than the ones in built-in queries. Here you can do the following:The query starts by seeding a vertex set \"Start\" with the person vertex identified by parameter "},{"kind":"range","marks":[{"kind":"mark","data":{},"type":"italic"}],"text":"p "},{"kind":"range","marks":[],"text":"passed in from the query call. The curly braces tell GSQL to construct a set containing the enclosed items."}]}]},{"kind":"block","type":"paragraph","key":"aa126d5b8c084b47a4a20c59a37b4bc7","isVoid":false,"data":{},"nodes":[{"kind":"text","key":"271efd47efce4b48acc068d062e73a11","ranges":[{"kind":"range","marks":[],"text":"Next, the SELECT statement describes a 1-hop traversal according to the pattern described in the FROM clause:"}]}]},{"kind":"block","type":"paragraph","key":"2c5e180fe4df47678feecff0d0ffe680","isVoid":false,"data":{},"nodes":[{"kind":"text","key":"5b4ac968b93d4550ba91d0d36074959b","ranges":[{"kind":"range","marks":[{"kind":"mark","data":{},"type":"code"}],"text":"Start:s -(friendship:e)-> person:tgt"}]}]},{"kind":"block","type":"paragraph","key":"68597d101c364b4a84622eecb49df131","isVoid":false,"data":{},"nodes":[{"kind":"text","key":"49a15166062f4e97bc34345ff92e3c61","ranges":[{"kind":"range","marks":[],"text":"This is basically the same syntax we used for the built-in select edges query.  Namely, we select all edges beginning from the given source set (Start), which have the given edge type (friendship) and which end at the given vertex type (person). A feature we haven't seen before is the use of vertex and edge set aliases defined by \":alias\": \"s\" is the alias for the source vertex set, \"e\" is the edge set alias, and \"tgt\" is the target vertex set alias."}]}]},{"kind":"block","type":"paragraph","key":"0d1d011d4b7044fab6aa6040c7cbbc6f","isVoid":false,"data":{},"nodes":[{"kind":"text","key":"f3da810df8e242f6aab4df85b2e4cfc3","ranges":[{"kind":"range","marks":[],"text":"Refer back to the initial clause and the assignment (\""},{"kind":"range","marks":[{"kind":"mark","data":{},"type":"code"}],"text":"Result = SELECT tgt"},{"kind":"range","marks":[],"text":"\"). Here we see the target set's  alias tgt.  This means that the SELECT statement should return the target vertex set (as filtered and processed by the full set of clauses in the SELECT query block) and assign that output set to the variable called Result."}]}]},{"kind":"block","type":"paragraph","key":"87edaec556c245419daa4374e957cdfd","isVoid":false,"data":{},"nodes":[{"kind":"text","key":"aeba21e1fa4041f3a8a9c3e5432bd368","ranges":[{"kind":"range","marks":[],"text":"Last, we print out the Result vertex set, in JSON format."}]}]},{"kind":"block","type":"heading-1","key":"3c65d590e3294a06b0eb8a7e60685044","isVoid":false,"data":{},"nodes":[{"kind":"text","key":"2daef7bbe7ec4c50a57fe374cd315609","ranges":[{"kind":"range","marks":[],"text":"Create A Query"}]}]},{"kind":"block","type":"paragraph","key":"b93c7cb1e27b465ea9b04cb0d0a644c2","isVoid":false,"data":{},"nodes":[{"kind":"text","key":"5546c98d50ab4e6f8897174c1bf76f6f","ranges":[{"kind":"range","marks":[],"text":"Rather than defining our query in interactive mode, we can store the query in a file and invoke the file from within the GSQL shell, using the @filename syntax. Copy and paste the above query into a file "},{"kind":"range","marks":[{"kind":"mark","data":{},"type":"code"}],"text":"/home/tigergraph/hello.gsql"},{"kind":"range","marks":[],"text":". Then, enter the GSQL shell and invoke the file using @hello.qsql ( Note that if you are not in the /home/tigergraph folder when you start gsql, then you can use the absolute path to invoke a gsql file. e.g., "},{"kind":"range","marks":[{"kind":"mark","data":{},"type":"code"}],"text":"@/home/tigergraph/hello.gsql"},{"kind":"range","marks":[{"kind":"mark","data":{},"type":"bold"},{"kind":"mark","data":{},"type":"code"}],"text":" "},{"kind":"range","marks":[],"text":") Then run the \"ls\" command to see that the query is now in the catalog."}]}]},{"kind":"block","type":"code","key":"93437fd12aac442ebb848dc72a5362de","isVoid":false,"data":{"syntax":"sql","title":"GSQL shell"},"nodes":[{"kind":"block","type":"code-line","key":"d6586610c79041a981d5f2b571cee58e","isVoid":false,"data":{},"nodes":[{"kind":"text","key":"7e13a654b8d24391862d782021a5f495","ranges":[{"kind":"range","marks":[],"text":"GSQL > @hello.gsql"}]}]},{"kind":"block","type":"code-line","key":"700b619b09ea40d1b3531715098744b4","isVoid":false,"data":{},"nodes":[{"kind":"text","key":"82c217e843934dd8944fcbd93dee8f67","ranges":[{"kind":"range","marks":[],"text":"Using graph 'social'"}]}]},{"kind":"block","type":"code-line","key":"38284cd199b443ce9aa51c4953300805","isVoid":false,"data":{},"nodes":[{"kind":"text","key":"36da0be875e74290b719a276d3b2b75a","ranges":[{"kind":"range","marks":[],"text":"The query hello has been added!"}]}]},{"kind":"block","type":"code-line","key":"395134b5b1b04190ad76ee7eb2ff4158","isVoid":false,"data":{},"nodes":[{"kind":"text","key":"26a42ca9269744d7b1ebeaadf5abe249","ranges":[{"kind":"range","marks":[],"text":"GSQL > ls"}]}]},{"kind":"block","type":"code-line","key":"9ef1749481824311854d7e5437b5ccb9","isVoid":false,"data":{},"nodes":[{"kind":"text","key":"d901d3a939804ad8ab3a86b74f81dc0a","ranges":[{"kind":"range","marks":[],"text":"---- Graph social"}]}]},{"kind":"block","type":"code-line","key":"1bf77bed405b4a12b1a188f4bfd4d09e","isVoid":false,"data":{},"nodes":[{"kind":"text","key":"07de773c637340bbb195441994bccde3","ranges":[{"kind":"range","marks":[],"text":"Vertex Types: "}]}]},{"kind":"block","type":"code-line","key":"e89cce8a4c7c4cdd8efcda781f503c9c","isVoid":false,"data":{},"nodes":[{"kind":"text","key":"b28232d0257b4ee5a9d1ea832ddf3715","ranges":[{"kind":"range","marks":[],"text":"  - VERTEX person(PRIMARY_ID name STRING, name STRING, age INT, gender STRING, state STRING) WITH STATS=\"OUTDEGREE_BY_EDGETYPE\""}]}]},{"kind":"block","type":"code-line","key":"da35a66f5d484cf384cbd11d54b36e62","isVoid":false,"data":{},"nodes":[{"kind":"text","key":"e056da53460b42c5a27b74781d1e0e03","ranges":[{"kind":"range","marks":[],"text":"Edge Types: "}]}]},{"kind":"block","type":"code-line","key":"40343f79907644d4b0f5ad3d3004bdcf","isVoid":false,"data":{},"nodes":[{"kind":"text","key":"7ee244cc31a04e619741383902ad1c48","ranges":[{"kind":"range","marks":[],"text":"  - UNDIRECTED EDGE friendship(from person, to person, connect_day DATETIME)"}]}]},{"kind":"block","type":"code-line","key":"5c0049aecc134ca4874374872f051771","isVoid":false,"data":{},"nodes":[{"kind":"text","key":"21dfee6563214d8cb59e9a835c5ccdcd","ranges":[{"kind":"range","marks":[],"text":""}]}]},{"kind":"block","type":"code-line","key":"0017daa432564361bac532a5500f0cee","isVoid":false,"data":{},"nodes":[{"kind":"text","key":"6a9f82aab3b24e1b9c50ac238a64258c","ranges":[{"kind":"range","marks":[],"text":"Graphs: "}]}]},{"kind":"block","type":"code-line","key":"af17b8067de14ff2891386fffa9e895f","isVoid":false,"data":{},"nodes":[{"kind":"text","key":"ad01941716a3449a9ec08480af3bf2c0","ranges":[{"kind":"range","marks":[],"text":"  - Graph social(person:v, friendship:e)"}]}]},{"kind":"block","type":"code-line","key":"f11c1355e2f345bd8b13d58de248536d","isVoid":false,"data":{},"nodes":[{"kind":"text","key":"0a0624f5f9494a9ca46b13fe3db2eb02","ranges":[{"kind":"range","marks":[],"text":"Jobs: "}]}]},{"kind":"block","type":"code-line","key":"547ec870bb7e476d870e016a5afdabbc","isVoid":false,"data":{},"nodes":[{"kind":"text","key":"097ee538a26d42b396e48074209bdd8e","ranges":[{"kind":"range","marks":[],"text":"  - CREATE LOADING JOB load_social FOR GRAPH social {"}]}]},{"kind":"block","type":"code-line","key":"69f662e64ad644e485f06977fbc0adc5","isVoid":false,"data":{},"nodes":[{"kind":"text","key":"d5cfed8819b94cea9956338e1c77b71f","ranges":[{"kind":"range","marks":[],"text":"      DEFINE FILENAME file2 = \"/home/tigergraph/friendship.csv\";"}]}]},{"kind":"block","type":"code-line","key":"93d8e186cb4e49f7adbab517caa99569","isVoid":false,"data":{},"nodes":[{"kind":"text","key":"e4b25d42be404c5db93fec02a55e543e","ranges":[{"kind":"range","marks":[],"text":"      DEFINE FILENAME file1 = \"/home/tigergraph/person.csv\";"}]}]},{"kind":"block","type":"code-line","key":"659e32f648a3429f928601959907f7b4","isVoid":false,"data":{},"nodes":[{"kind":"text","key":"6607ca09e55d4a2e99804341ddcef906","ranges":[{"kind":"range","marks":[],"text":""}]}]},{"kind":"block","type":"code-line","key":"c455e68904c141dbbabc72694dbc3431","isVoid":false,"data":{},"nodes":[{"kind":"text","key":"0489223bf8a049d397ffbb86e5efd6d2","ranges":[{"kind":"range","marks":[],"text":"      LOAD file1 TO VERTEX person VALUES($\"name\", $\"name\", $\"age\", $\"gender\", $\"state\") USING SEPARATOR=\",\", HEADER=\"true\", EOL=\"\\n\";"}]}]},{"kind":"block","type":"code-line","key":"434cd8f666c143acbe93f369dcda1116","isVoid":false,"data":{},"nodes":[{"kind":"text","key":"bfcc023d3d8c468294eab84df39963ef","ranges":[{"kind":"range","marks":[],"text":"      LOAD file2 TO EDGE friendship VALUES($0, $1, $2) USING SEPARATOR=\",\", HEADER=\"true\", EOL=\"\\n\";"}]}]},{"kind":"block","type":"code-line","key":"3710fe5c286c40b9a78b78dcd2400e94","isVoid":false,"data":{},"nodes":[{"kind":"text","key":"0a7232dc3db94f13a3307364fa99eafc","ranges":[{"kind":"range","marks":[],"text":"    }"}]}]},{"kind":"block","type":"code-line","key":"4f59b86183274032b1b709b7c84a9302","isVoid":false,"data":{},"nodes":[{"kind":"text","key":"0b8935b1664846219c901143e854d3ab","ranges":[{"kind":"range","marks":[],"text":""}]}]},{"kind":"block","type":"code-line","key":"80dd834691934317b3b08057468f6145","isVoid":false,"data":{},"nodes":[{"kind":"text","key":"b1d828c6cbbe4bf4afce2b121ad677a9","ranges":[{"kind":"range","marks":[],"text":"Queries: "}]}]},{"kind":"block","type":"code-line","key":"8c93de03defc4f8abe96078f9a56bd20","isVoid":false,"data":{},"nodes":[{"kind":"text","key":"864b442f6cd04f8fbcc0afde6fce134a","ranges":[{"kind":"range","marks":[],"text":"  - hello(vertex<person> p) "}]}]}]},{"kind":"block","type":"heading-1","key":"df30b294eb8c440fa180e82d2077b737","isVoid":false,"data":{},"nodes":[{"kind":"text","key":"f2231f152d164cd3b84779a3a45cbec8","ranges":[{"kind":"range","marks":[],"text":"Install a Query"}]}]},{"kind":"block","type":"paragraph","key":"93bbe354070d4509b8b4b2a09af48234","isVoid":false,"data":{},"nodes":[{"kind":"text","key":"962f23be2b3d48f5a7679097e15a54cd","ranges":[{"kind":"range","marks":[],"text":"However, the query is not installed yet; it is not ready to run. In the GSQL shell, type the following command to installed the just added query \"hello\"."}]}]},{"kind":"block","type":"code","key":"6f51f98ab5ae40c6ac0ebe7ec12ed4f9","isVoid":false,"data":{"syntax":"sql","title":"GSQL command"},"nodes":[{"kind":"block","type":"code-line","key":"e31c5f4430314a58ab3d6d474c4b0bfc","isVoid":false,"data":{},"nodes":[{"kind":"text","key":"eaadcce99f95415b8a1c86b7b030fcd3","ranges":[{"kind":"range","marks":[],"text":"INSTALL QUERY hello"}]}]}]},{"kind":"block","type":"code","key":"ca7fb10cc8474eb786613941544147e7","isVoid":false,"data":{"syntax":"coffeescript","title":"GSQL shell"},"nodes":[{"kind":"block","type":"code-line","key":"3cea0161188f46babc026c3a1d4c7c6a","isVoid":false,"data":{},"nodes":[{"kind":"text","key":"64579891e6754496b6bd5be39eb9fcf9","ranges":[{"kind":"range","marks":[],"text":"GSQL > INSTALL QUERY hello"}]}]},{"kind":"block","type":"code-line","key":"1665048ff66d441d933fae4858bb14b8","isVoid":false,"data":{},"nodes":[{"kind":"text","key":"b9df101b57104736b23b0d6520f1231a","ranges":[{"kind":"range","marks":[],"text":"Start installing queries, about 1 minute ..."}]}]},{"kind":"block","type":"code-line","key":"a32ef154ce9d4238818c37d26e0652c2","isVoid":false,"data":{},"nodes":[{"kind":"text","key":"794cc16f46af451f9585806efbb4d4ee","ranges":[{"kind":"range","marks":[],"text":"hello query: curl -X GET 'http://127.0.0.1:9000/query/social/hello?p=VALUE'. Add -H \"Authorization: Bearer TOKEN\" if authentication is enabled."}]}]},{"kind":"block","type":"code-line","key":"1389c3b98b8843e1b7b3700928e3e339","isVoid":false,"data":{},"nodes":[{"kind":"text","key":"5636883d5cd84f5ca4d1a07c833c61ea","ranges":[{"kind":"range","marks":[],"text":""}]}]},{"kind":"block","type":"code-line","key":"11c680a698ab4ceb8c33c097e895d582","isVoid":false,"data":{},"nodes":[{"kind":"text","key":"4ecf540f7469428ab1cfe63560c86f07","ranges":[{"kind":"range","marks":[],"text":"[========================================================================================================] 100% (1/1)"}]}]}]},{"kind":"block","type":"paragraph","key":"b72ac5bc35b84e3ea7930cab5507068f","isVoid":false,"data":{},"nodes":[{"kind":"text","key":"193f672474124aae8e11f149de45ca9c","ranges":[{"kind":"range","marks":[],"text":"It takes about 1 minute for the database to install this new query. Be patient! For queries on large datasets, this small investment pays off many times over in faster query execution, particularly if you will run the query many times, with different parameters. The installation will generate machine instructions and a REST endpoint. After the progress bar reaches 100%, we are ready to run this query."}]}]},{"kind":"block","type":"heading-1","key":"1bc33c392394486f890a1786e140f74b","isVoid":false,"data":{},"nodes":[{"kind":"text","key":"4462c83a1a3042208c057983288d4c52","ranges":[{"kind":"range","marks":[],"text":"Run a Query in GSQL"}]}]},{"kind":"block","type":"paragraph","key":"0429cc364a8941238999fdc5f299cb6d","isVoid":false,"data":{},"nodes":[{"kind":"text","key":"7e041ddf4ade4bd9ba8ab4b913aa0362","ranges":[{"kind":"range","marks":[],"text":"To run a query in GSQL, use \"RUN QUERY\" followed by the query name and a set of parameter values."}]}]},{"kind":"block","type":"code","key":"262c97afa33b43f08661cb7e9c1d1fff","isVoid":false,"data":{"syntax":"coffeescript","title":"GSQL command - run query examples"},"nodes":[{"kind":"block","type":"code-line","key":"d06480e741d24511ab669c0d7a217257","isVoid":false,"data":{},"nodes":[{"kind":"text","key":"929f50b87fba47cbad958a08c6b97949","ranges":[{"kind":"range","marks":[],"text":"RUN QUERY hello(\"Tom\")"}]}]}]},{"kind":"block","type":"paragraph","key":"be2eb039b90449cf9361fadacf91e704","isVoid":false,"data":{},"nodes":[{"kind":"text","key":"32507eec308346ad9b2a423e69e6a70c","ranges":[{"kind":"range","marks":[],"text":"The result is presented in JSON format.  Tom has two 1-hop neighbors, namely Dan and Jenny."}]}]},{"kind":"block","type":"code","key":"16b8dcf7ecdc45529d308d43ae0236ee","isVoid":false,"data":{"syntax":"coffeescript","title":"GSQL shell"},"nodes":[{"kind":"block","type":"code-line","key":"413c6836a2c341b1bfafc7afbd394930","isVoid":false,"data":{},"nodes":[{"kind":"text","key":"5bff0c93c1014783aeffe2e1c3b49741","ranges":[{"kind":"range","marks":[],"text":"GSQL > RUN QUERY hello(\"Tom\")"}]}]},{"kind":"block","type":"code-line","key":"2e1a2ddfe6084425acc2983d476940cd","isVoid":false,"data":{},"nodes":[{"kind":"text","key":"ca6e8b054c8e447e914d4f58a03aecb3","ranges":[{"kind":"range","marks":[],"text":"{"}]}]},{"kind":"block","type":"code-line","key":"643a8456eefd4f898edd8cd26d818593","isVoid":false,"data":{},"nodes":[{"kind":"text","key":"7e020e40a2fb4209acac1ede378198f8","ranges":[{"kind":"range","marks":[],"text":"  \"error\": false,"}]}]},{"kind":"block","type":"code-line","key":"f8ac421d5267410ea61bc5f892a86d6a","isVoid":false,"data":{},"nodes":[{"kind":"text","key":"c606884d351348fca276e8add2c6d04c","ranges":[{"kind":"range","marks":[],"text":"  \"message\": \"\","}]}]},{"kind":"block","type":"code-line","key":"6cae2f7d535b4f508a59dd7dccd5be8e","isVoid":false,"data":{},"nodes":[{"kind":"text","key":"628054a67c9849e4b88a8563d41d0a96","ranges":[{"kind":"range","marks":[],"text":"  \"version\": {"}]}]},{"kind":"block","type":"code-line","key":"245bf8ee8c344e36bbcc198768b11d9d","isVoid":false,"data":{},"nodes":[{"kind":"text","key":"de64724e59ac4c99a49430966a116f10","ranges":[{"kind":"range","marks":[],"text":"    \"edition\": \"developer\","}]}]},{"kind":"block","type":"code-line","key":"6e29f9ffc2a84e75bd05f9bc6b2a2526","isVoid":false,"data":{},"nodes":[{"kind":"text","key":"ea18f712714e42919914514be333c989","ranges":[{"kind":"range","marks":[],"text":"    \"schema\": 0,"}]}]},{"kind":"block","type":"code-line","key":"a1c215ec4c214086ba2191fb777e4b4d","isVoid":false,"data":{},"nodes":[{"kind":"text","key":"f457b071861f45ccbb15be3cfdb2810a","ranges":[{"kind":"range","marks":[],"text":"    \"api\": \"v2\""}]}]},{"kind":"block","type":"code-line","key":"3c0e993fd3744ec8a492f8616c2a979d","isVoid":false,"data":{},"nodes":[{"kind":"text","key":"c378e7b082674cb7975fbef3880582ae","ranges":[{"kind":"range","marks":[],"text":"  },"}]}]},{"kind":"block","type":"code-line","key":"768ee04f6c384dabab79256a50156a55","isVoid":false,"data":{},"nodes":[{"kind":"text","key":"2d18e0859c234779b0916f314defa496","ranges":[{"kind":"range","marks":[],"text":"  \"results\": [{\"Result\": ["}]}]},{"kind":"block","type":"code-line","key":"68ec3d12c45e4d38bed2250919cc3333","isVoid":false,"data":{},"nodes":[{"kind":"text","key":"c938ac1d40e54b0f982869f4aafcd0ca","ranges":[{"kind":"range","marks":[],"text":"    {"}]}]},{"kind":"block","type":"code-line","key":"53d476bb85dc40cea238fe8a2091b171","isVoid":false,"data":{},"nodes":[{"kind":"text","key":"38b94a808b6e4e9aadae75445125f0e8","ranges":[{"kind":"range","marks":[],"text":"      \"v_id\": \"Dan\","}]}]},{"kind":"block","type":"code-line","key":"27dc18cc8b154bce9ee298c63abf9de0","isVoid":false,"data":{},"nodes":[{"kind":"text","key":"5583de6fd6b14de5b17eb5b053226074","ranges":[{"kind":"range","marks":[],"text":"      \"attributes\": {"}]}]},{"kind":"block","type":"code-line","key":"c89e650ae26a4b83a8e335718da241c6","isVoid":false,"data":{},"nodes":[{"kind":"text","key":"fd76120ae5cb403caab740fb5aff33d8","ranges":[{"kind":"range","marks":[],"text":"        \"gender\": \"male\","}]}]},{"kind":"block","type":"code-line","key":"dffc08e92fcd4f3696e98215f9a75e31","isVoid":false,"data":{},"nodes":[{"kind":"text","key":"d0aa09b5cee94690b9433afd74ce050a","ranges":[{"kind":"range","marks":[],"text":"        \"name\": \"Dan\","}]}]},{"kind":"block","type":"code-line","key":"ebc2f2a08bd84fa98eaae59e563b77ca","isVoid":false,"data":{},"nodes":[{"kind":"text","key":"40c0604426c74c01a8f2811c04022180","ranges":[{"kind":"range","marks":[],"text":"        \"state\": \"ny\","}]}]},{"kind":"block","type":"code-line","key":"a83d53bceee34fb5acb1efdbcb6995c2","isVoid":false,"data":{},"nodes":[{"kind":"text","key":"ca614b3fb5c34339a5d43c90c95d73d5","ranges":[{"kind":"range","marks":[],"text":"        \"age\": 34"}]}]},{"kind":"block","type":"code-line","key":"17f520b4dbe84ab9ad9678fa6d0968a0","isVoid":false,"data":{},"nodes":[{"kind":"text","key":"6586f9ed63ff4f3186b09021746c62df","ranges":[{"kind":"range","marks":[],"text":"      },"}]}]},{"kind":"block","type":"code-line","key":"3c14cc3d46b945b2a799b452f44bc292","isVoid":false,"data":{},"nodes":[{"kind":"text","key":"f94df0808f784144b1845d9771908dc9","ranges":[{"kind":"range","marks":[],"text":"      \"v_type\": \"person\""}]}]},{"kind":"block","type":"code-line","key":"31099d935277436d82dc7236e70ff7fb","isVoid":false,"data":{},"nodes":[{"kind":"text","key":"0673d0a743b243b7aab0366d65edf742","ranges":[{"kind":"range","marks":[],"text":"    },"}]}]},{"kind":"block","type":"code-line","key":"4392b3282b7947eda734800f6349d549","isVoid":false,"data":{},"nodes":[{"kind":"text","key":"65200c9235744275b60ab9b981dd87bd","ranges":[{"kind":"range","marks":[],"text":"    {"}]}]},{"kind":"block","type":"code-line","key":"e1a995699eab414a926987e98bb2e9ae","isVoid":false,"data":{},"nodes":[{"kind":"text","key":"a5f6ecb356ab4174a9ce1a0b70936a83","ranges":[{"kind":"range","marks":[],"text":"      \"v_id\": \"Jenny\","}]}]},{"kind":"block","type":"code-line","key":"af68835cb8594e838828894f01fdb04e","isVoid":false,"data":{},"nodes":[{"kind":"text","key":"b818f06499df4346a88c7847a5b5b759","ranges":[{"kind":"range","marks":[],"text":"      \"attributes\": {"}]}]},{"kind":"block","type":"code-line","key":"3039d8194fed4c209cdca60007878d9f","isVoid":false,"data":{},"nodes":[{"kind":"text","key":"3b5a6cad290641ca919d5f6dda07ffa1","ranges":[{"kind":"range","marks":[],"text":"        \"gender\": \"female\","}]}]},{"kind":"block","type":"code-line","key":"a3dd246242b44d2cbec5b7e26302a219","isVoid":false,"data":{},"nodes":[{"kind":"text","key":"849e9b20252d4ae1bdb5518675962e17","ranges":[{"kind":"range","marks":[],"text":"        \"name\": \"Jenny\","}]}]},{"kind":"block","type":"code-line","key":"48b8a00b301d4a979f3f622116e23e0f","isVoid":false,"data":{},"nodes":[{"kind":"text","key":"59d485a353334f8b8bf78bd506cb2737","ranges":[{"kind":"range","marks":[],"text":"        \"state\": \"tx\","}]}]},{"kind":"block","type":"code-line","key":"c73ef81cd72b4c18b5f03c9544fb36f9","isVoid":false,"data":{},"nodes":[{"kind":"text","key":"347502ebc70b46459b20ef5fed002820","ranges":[{"kind":"range","marks":[],"text":"        \"age\": 25"}]}]},{"kind":"block","type":"code-line","key":"7985207ec39640f2a56164b26f2b104c","isVoid":false,"data":{},"nodes":[{"kind":"text","key":"6ba7876cebb84514bfedc9db9501d908","ranges":[{"kind":"range","marks":[],"text":"      },"}]}]},{"kind":"block","type":"code-line","key":"ece893b36e3245409b212c4cfadde0a5","isVoid":false,"data":{},"nodes":[{"kind":"text","key":"cb99b3ca82d147d098ad4d18f97254e8","ranges":[{"kind":"range","marks":[],"text":"      \"v_type\": \"person\""}]}]},{"kind":"block","type":"code-line","key":"06d292ee4f17424b8cb0452e78a0d3da","isVoid":false,"data":{},"nodes":[{"kind":"text","key":"a4fe7692744d44d0bae2c611c8cf818f","ranges":[{"kind":"range","marks":[],"text":"    }"}]}]},{"kind":"block","type":"code-line","key":"be3d804640634f9b8df93e17d92a91c2","isVoid":false,"data":{},"nodes":[{"kind":"text","key":"811b78b1741942d78c4f5ba2842ba784","ranges":[{"kind":"range","marks":[],"text":"  ]}]"}]}]},{"kind":"block","type":"code-line","key":"0a0b231685674f9881508ea9489d605d","isVoid":false,"data":{},"nodes":[{"kind":"text","key":"fc9d91d8229349b08956c59aca8ccf9d","ranges":[{"kind":"range","marks":[],"text":"}"}]}]}]},{"kind":"block","type":"heading-1","key":"da05cbe080c6401ab5c20f3c7485f47a","isVoid":false,"data":{},"nodes":[{"kind":"text","key":"e81496eda45e464e830545844f3dffcf","ranges":[{"kind":"range","marks":[],"text":"Run a Query as a REST Endpoint"}]}]},{"kind":"block","type":"paragraph","key":"2501d5f15c9d4c9c83112492ac687a0d","isVoid":false,"data":{},"nodes":[{"kind":"text","key":"0d284c05be2642efb52c919c11089c41","ranges":[{"kind":"range","marks":[],"text":"Under the hood, installing a query will also generate a REST endpoint, so that the parameterized query can be invoked by an http call. In Linux, the curl command is the most popular way to submit an http request. In the example below, the portion that is standard for all queries is shown in bold"},{"kind":"range","marks":[{"kind":"mark","data":{},"type":"bold"}],"text":" "},{"kind":"range","marks":[],"text":"; the portion in normal weight pertains to this particular query and parameter value. The JSON result will be returned to the Linux shell's standard output. So, our parameterized query becomes a http service!"}]}]},{"kind":"block","type":"code","key":"3093bdc9907d42fd84b9ed151abcf483","isVoid":false,"data":{"syntax":"bash","title":"Linux shell"},"nodes":[{"kind":"block","type":"code-line","key":"65e246e38ebb465a8bd6808badb85e61","isVoid":false,"data":{},"nodes":[{"kind":"text","key":"571be252f2dd4aeb9aee81aa73a4f49d","ranges":[{"kind":"range","marks":[],"text":"curl -X GET 'http://localhost:9000/query/social/hello?p=Tom'"}]}]}]},{"kind":"block","type":"paragraph","key":"431d584e28a045faa644ec944f1ce75a","isVoid":false,"data":{},"nodes":[{"kind":"text","key":"1902ced73b8149f982c4036faaa98d99","ranges":[{"kind":"range","marks":[],"text":"Finally, to see the GSQL text of a query in the catalog, you can use"}]}]},{"kind":"block","type":"code","key":"1a70ae5a767d486cbd420bd566b854cc","isVoid":false,"data":{"syntax":"coffeescript","title":"GSQL command - show query example"},"nodes":[{"kind":"block","type":"code-line","key":"433b3c49fa834b86a8d5628edade7be2","isVoid":false,"data":{},"nodes":[{"kind":"text","key":"bb909712054c4811bcc8f8fc51cb33c7","ranges":[{"kind":"range","marks":[],"text":"#SHOW QUERY query_name. E.g."}]}]},{"kind":"block","type":"code-line","key":"db291d6d2d854a41bb89ca182eb7181a","isVoid":false,"data":{},"nodes":[{"kind":"text","key":"a7e07ebb3610400296d000917c14885b","ranges":[{"kind":"range","marks":[],"text":"SHOW QUERY hello"}]}]}]},{"kind":"block","type":"paragraph","key":"e13e68ab432245b1a25a6b72c785d8e2","isVoid":false,"data":{},"nodes":[{"kind":"text","key":"7da85327c2d44e13ad42457726558307","ranges":[{"kind":"range","marks":[],"text":"Congratulations! At this point, you have gone through the whole process of defining, installing, and running a query."}]}]},{"kind":"block","type":"heading-1","key":"da039c9b537648a7a30e1b532ceb08ef","isVoid":false,"data":{},"nodes":[{"kind":"text","key":"58569ec1982e4751b5d17950b70bf165","ranges":[{"kind":"range","marks":[],"text":"A More Advanced Query"}]}]},{"kind":"block","type":"paragraph","key":"02bf2e76ace245e4bbcb2f3a85e7a031","isVoid":false,"data":{},"nodes":[{"kind":"text","key":"78ab39e853994f02b101a0e871fd1b4d","ranges":[{"kind":"range","marks":[],"text":"Now, let's do a more advanced query. This time, we are going to learn to use the powerful built-in accumulators, which serves as the runtime attributes (properties) attachable to each vertex visited during our traversal on the graph.  Runtime means they exist only while the query is running; they are called accumulators because they are specially designed to gather (accumulate) data during an implicitly parallel processing of the query."}]}]},{"kind":"block","type":"code","key":"74d93275f09d40b59470bc08c08f6319","isVoid":false,"data":{"syntax":"sql","title":"GSQL command file - hello2.gsql"},"nodes":[{"kind":"block","type":"code-line","key":"1aada76c71454d96b295c39b3dd0fa67","isVoid":false,"data":{},"nodes":[{"kind":"text","key":"c95366d5eb9c47029ac1088c2431dfac","ranges":[{"kind":"range","marks":[],"text":"USE GRAPH social"}]}]},{"kind":"block","type":"code-line","key":"4d1b786fddc44cdc954373e79cac020a","isVoid":false,"data":{},"nodes":[{"kind":"text","key":"8bff7a0b66074cd1a666df080b3d8e24","ranges":[{"kind":"range","marks":[],"text":"CREATE QUERY hello2 (VERTEX<person> p) FOR GRAPH social{"}]}]},{"kind":"block","type":"code-line","key":"5c5a470c696e45ccbeeaa0ddef195959","isVoid":false,"data":{},"nodes":[{"kind":"text","key":"7314902db8694a0a85843cbcc4bafcef","ranges":[{"kind":"range","marks":[],"text":"  OrAccum  @visited = false;"}]}]},{"kind":"block","type":"code-line","key":"4e09d2c1f9064ce98fd1d45de8d78b3d","isVoid":false,"data":{},"nodes":[{"kind":"text","key":"a5c8b3666e604273a3439cb1fe246238","ranges":[{"kind":"range","marks":[],"text":"  AvgAccum @@avgAge;"}]}]},{"kind":"block","type":"code-line","key":"d44236e6c6634a83a093040c943f025c","isVoid":false,"data":{},"nodes":[{"kind":"text","key":"22febca0a3124f55a642f65dd49ee59c","ranges":[{"kind":"range","marks":[],"text":"  Start = {p};"}]}]},{"kind":"block","type":"code-line","key":"5c0e080683ea4b0fbf5751d80bb7d07c","isVoid":false,"data":{},"nodes":[{"kind":"text","key":"cec3b7843eae4e56a9c3580650257e33","ranges":[{"kind":"range","marks":[],"text":""}]}]},{"kind":"block","type":"code-line","key":"25328e7f4b1341a2865990f2f62b6956","isVoid":false,"data":{},"nodes":[{"kind":"text","key":"a1dd5b227ae34134be1accbc30e1c315","ranges":[{"kind":"range","marks":[],"text":"  FirstNeighbors = SELECT tgt"}]}]},{"kind":"block","type":"code-line","key":"ddbce34c875248519fb512cd4439416d","isVoid":false,"data":{},"nodes":[{"kind":"text","key":"b11025478160436d960f1df32d4ff878","ranges":[{"kind":"range","marks":[],"text":"                   FROM Start:s -(friendship:e)-> person:tgt"}]}]},{"kind":"block","type":"code-line","key":"eb66f386cdd2473ca18fb5c28ab4e189","isVoid":false,"data":{},"nodes":[{"kind":"text","key":"4ae6f302c4aa4b809d50c77fd12bd84f","ranges":[{"kind":"range","marks":[],"text":"                   ACCUM tgt.@visited += true, s.@visited += true;"}]}]},{"kind":"block","type":"code-line","key":"442fc78dc9264a648f943073c9a9e0b2","isVoid":false,"data":{},"nodes":[{"kind":"text","key":"9792a6cb9b9a4350adef9b30b2578045","ranges":[{"kind":"range","marks":[],"text":""}]}]},{"kind":"block","type":"code-line","key":"17e730ce9d4a441fb1c16ca5d249f12d","isVoid":false,"data":{},"nodes":[{"kind":"text","key":"b0a72e8d11a646ce9b77cd0eb71641fd","ranges":[{"kind":"range","marks":[],"text":"  SecondNeighbors = SELECT tgt"}]}]},{"kind":"block","type":"code-line","key":"04d22a5ec7fa4ed2bd079e2e8d5d9cea","isVoid":false,"data":{},"nodes":[{"kind":"text","key":"79f662d3ba9d439f9d069146511c0f4d","ranges":[{"kind":"range","marks":[],"text":"                    FROM FirstNeighbors -(:e)-> :tgt"}]}]},{"kind":"block","type":"code-line","key":"7db3860fbcc048d892211321f31d8a15","isVoid":false,"data":{},"nodes":[{"kind":"text","key":"f2979a8251b34f4596dcd1e8d1336104","ranges":[{"kind":"range","marks":[],"text":"                    WHERE tgt.@visited == false"}]}]},{"kind":"block","type":"code-line","key":"1ab8f7f03fec410089afc904568483ef","isVoid":false,"data":{},"nodes":[{"kind":"text","key":"c8f26bea850040ec81417f5eadef8fa1","ranges":[{"kind":"range","marks":[],"text":"                    POST_ACCUM @@avgAge += tgt.age;"}]}]},{"kind":"block","type":"code-line","key":"23d5de6c809d4086bf7148fd1c89d208","isVoid":false,"data":{},"nodes":[{"kind":"text","key":"dfde1edb2e104f1cae5f48d464a81533","ranges":[{"kind":"range","marks":[],"text":""}]}]},{"kind":"block","type":"code-line","key":"390448b364f445b6a8860e8907e97171","isVoid":false,"data":{},"nodes":[{"kind":"text","key":"03b906cdf11d49a2be458e77ad2a2955","ranges":[{"kind":"range","marks":[],"text":"  PRINT SecondNeighbors;"}]}]},{"kind":"block","type":"code-line","key":"5aab324925084bc2bf9dcc544f2b0a8a","isVoid":false,"data":{},"nodes":[{"kind":"text","key":"9bc0e6a07f7046f1bbff0fa69c9a096a","ranges":[{"kind":"range","marks":[],"text":"  PRINT @@avgAge;"}]}]},{"kind":"block","type":"code-line","key":"4b4d516ac761415cbe4f0c77a66d38da","isVoid":false,"data":{},"nodes":[{"kind":"text","key":"562c9c8ecc9b41d9954b12ef8cbf3327","ranges":[{"kind":"range","marks":[],"text":"}"}]}]},{"kind":"block","type":"code-line","key":"453998fe03c844878ec1553158f3ee63","isVoid":false,"data":{},"nodes":[{"kind":"text","key":"4ae8be404a39468694245c2712d1f6b9","ranges":[{"kind":"range","marks":[],"text":"INSTALL QUERY hello2"}]}]},{"kind":"block","type":"code-line","key":"4bb1c365ed3b421ca17775881e0e1848","isVoid":false,"data":{},"nodes":[{"kind":"text","key":"7d70cc528fa046fdb8abe07477eca61d","ranges":[{"kind":"range","marks":[],"text":"RUN QUERY hello2(\"Tom\")"}]}]}]},{"kind":"block","type":"paragraph","key":"bbb62455d6384e9d9e529580f36f96b4","isVoid":false,"data":{},"nodes":[{"kind":"text","key":"7d34e97c240f45e1a3520e04b978bd34","ranges":[{"kind":"range","marks":[],"text":"In this query we will find all the persons which are exactly 2 hops away from the parameterized input person. Just for fun, let's also compute the average age of those 2-hop neighbors."}]}]},{"kind":"block","type":"paragraph","key":"f3c7f6c8b9e044dab31072ab0a3b3328","isVoid":false,"data":{},"nodes":[{"kind":"text","key":"576646d795ee44a08f600f898ad50187","ranges":[{"kind":"range","marks":[],"text":"In the standard approach for this kind of graph traversal algorithm, you use a boolean variable to mark the first time that the algorithm \"visits\" a vertex, so that it knows not to count it again. To fit this need, we'll define a local accumulator of the type OrAccum. To declare a local accumulator, we prefix an identifier name with a single \"@\" symbol. Each accumulator type has a default initial value; the default value for boolean accumulators is false. Optionally, you can specify an initial value."}]}]},{"kind":"block","type":"paragraph","key":"7b1dbf230b24405e9ac4886c4726903c","isVoid":false,"data":{},"nodes":[{"kind":"text","key":"3ade9fa131704905ae9cce71db5ef7ab","ranges":[{"kind":"range","marks":[],"text":"We also want to compute one average, so we will define a global AvgAccum. The identifier for a global accumulator begins with two \"@\"s."}]}]},{"kind":"block","type":"paragraph","key":"5fbc49cead284815bba0390a0a4fd5c9","isVoid":false,"data":{},"nodes":[{"kind":"text","key":"7b1f2d6700d84761bb0b2ae001ab90fc","ranges":[{"kind":"range","marks":[],"text":"After defining the Start set, we then have our first one 1-hop traversal. The SELECT and FROM clauses are the same as in our first example, but there is an additional ACCUM clause. The += operator within an ACCUM clause means that for"},{"kind":"range","marks":[{"kind":"mark","data":{},"type":"bold"}],"text":" "},{"kind":"range","marks":[],"text":"each"},{"kind":"range","marks":[{"kind":"mark","data":{},"type":"bold"}],"text":" "},{"kind":"range","marks":[],"text":"edge matching the FROM clause pattern, we accumulate the right-hand-side expression (true) to the left-hand-accumulator (tgt.@visited as well as s.@visited). Note that a source vertex or target vertex may be visited multiple times. Referring to Figure 1, if we start at vertex Tom, there are two edges incidents to Tom, so the ACCUM clause in the first SELECT statement will visit Tom two times. Since the accumulator type is OrAccum, the cumulative effect of the two traversals is the following:"}]}]},{"kind":"block","type":"paragraph","key":"44760e01c60d42db9ae2592063237436","isVoid":false,"data":{},"nodes":[{"kind":"text","key":"d91c9bb212f94fe0863d3c7e9e275b91","ranges":[{"kind":"range","marks":[],"text":"Tom.@visited <== (initial value: false) OR (true) OR (true)"}]}]},{"kind":"block","type":"paragraph","key":"b46950ac02fe4f39b849939ab9bb3eb4","isVoid":false,"data":{},"nodes":[{"kind":"text","key":"98d716716190487ebebcc061fd6f0333","ranges":[{"kind":"range","marks":[],"text":"Note that it does not matter which of the two edges was processed first, so this operation is suitable for multithreaded parallel processing. The net effect is that as long as a vertex is visited at least once, it will end up with @visited = true. The result of this first SELECT statement is assigned to the variable FirstNeighbors."}]}]},{"kind":"block","type":"paragraph","key":"8d533654f8a74c92acdd51abca96f135","isVoid":false,"data":{},"nodes":[{"kind":"text","key":"fc62014d7d22470d8975f791452bccd3","ranges":[{"kind":"range","marks":[],"text":"The second SELECT block will do one hop further, starting from the FirstNeighbors vertex set variable, and reaching the 2-hop neighbors. Note that this time, we have omitted the edge type friendship and the target vertex type person from the FROM clause, but we retained the aliases.  If no type is mentioned for an alias, then it is interpreted as ALL types. Since our graph has only one vertex type and one edge type, it is logically the same as if we had specified the types.  The WHERE clause filters out the vertices which have been marked as visited before (the 1-hop neighbors and the starting vertex "},{"kind":"range","marks":[{"kind":"mark","data":{},"type":"italic"}],"text":"p "},{"kind":"range","marks":[],"text":"). This SELECT statement uses POST_ACCUM instead of ACCUM.  The reason is that POST_ACCUM traverses the vertex sets instead of the edge sets, guaranteeing that we do not double-count any vertices.  Here, we accumulate the ages of the 2-hop neighbors to get their average."}]}]},{"kind":"block","type":"paragraph","key":"8a1519a437564283b9152c1fe922c1ae","isVoid":false,"data":{},"nodes":[{"kind":"text","key":"040c4bb2ed9846dabaf18d5b0a7ed479","ranges":[{"kind":"range","marks":[],"text":"Finally, the SecondNeighbors of p are printed out."}]}]},{"kind":"block","type":"paragraph","key":"d1327972a7f643759122983e1708d841","isVoid":false,"data":{},"nodes":[{"kind":"text","key":"151d198b4cdc46238508615bed843869","ranges":[{"kind":"range","marks":[],"text":"This time, we put all of the following GSQL commands into one file hello2.gsql:"}]}]},{"kind":"block","type":"list-unordered","key":"7be44403da0443b99197f8d06913c356","isVoid":false,"data":{},"nodes":[{"kind":"block","type":"list-item","key":"d941573404ac452f86f226d5899ca69c","isVoid":false,"data":{},"nodes":[{"kind":"block","type":"paragraph","key":"53f3cfc442b0457bb5bbc4c9e00d53fd","isVoid":false,"data":{},"nodes":[{"kind":"text","key":"d1a3f4dcc42e4117a4fa8ec521b771bd","ranges":[{"kind":"range","marks":[],"text":"USE GRAPH social"}]}]}]},{"kind":"block","type":"list-item","key":"55e7337e49ac47e3b75bb883dc9408a0","isVoid":false,"data":{},"nodes":[{"kind":"block","type":"paragraph","key":"1301327531f44a188dc995e979dfe511","isVoid":false,"data":{},"nodes":[{"kind":"text","key":"3b5ccb02cdba42d3881a629569bc2265","ranges":[{"kind":"range","marks":[],"text":"The query definition"}]}]}]},{"kind":"block","type":"list-item","key":"5c7710bd156a4c4c9474f4fe41d8c46e","isVoid":false,"data":{},"nodes":[{"kind":"block","type":"paragraph","key":"bb99d0cbe1ed4e12a0ce333f59681c05","isVoid":false,"data":{},"nodes":[{"kind":"text","key":"f9d77b13216142dd819f075d92b1eaf6","ranges":[{"kind":"range","marks":[],"text":"Installing the query"}]}]}]},{"kind":"block","type":"list-item","key":"c55c8b07cded49b0991bc480c4f7d2bd","isVoid":false,"data":{},"nodes":[{"kind":"block","type":"paragraph","key":"721f733652284998805140064b069558","isVoid":false,"data":{},"nodes":[{"kind":"text","key":"7446b37389724bbab70464ccd13e76ec","ranges":[{"kind":"range","marks":[],"text":"Running the query"}]}]}]}]},{"kind":"block","type":"paragraph","key":"d9ec45467f9f4d5ba0f6dc22348c0266","isVoid":false,"data":{},"nodes":[{"kind":"text","key":"bf7f775d60d4473088d993cdd46dd249","ranges":[{"kind":"range","marks":[],"text":"We can execute this full set of commands "},{"kind":"range","marks":[{"kind":"mark","data":{},"type":"italic"}],"text":"without "},{"kind":"range","marks":[],"text":"entering the GSQL shell. Please copy and paste the above GSQL commands into a Linux file named /home/tigergraph/hello2.gsql."}]}]},{"kind":"block","type":"paragraph","key":"b27af22aa8ac45aa831d802539fea09b","isVoid":false,"data":{},"nodes":[{"kind":"text","key":"741699c771204ad89b18bbe8a08c42cd","ranges":[{"kind":"range","marks":[],"text":"In a Linux shell, under /home/tigergraph, type the following:"}]}]},{"kind":"block","type":"code","key":"3da70a6e66fc47638c622c405cca03e9","isVoid":false,"data":{"syntax":"bash","title":"Linux shell"},"nodes":[{"kind":"block","type":"code-line","key":"3d6cec5a9bfc4afd8dd7e9bbe1bda1c4","isVoid":false,"data":{},"nodes":[{"kind":"text","key":"a640c2de6dd04d78b31b4811b3de9252","ranges":[{"kind":"range","marks":[],"text":"gsql hello2.gsql"}]}]}]},{"kind":"block","type":"paragraph","key":"f029215b1e3d4c749eb2a1b08026ec49","isVoid":false,"data":{},"nodes":[{"kind":"text","key":"f76daecd2b274f1698bca84b7ab089be","ranges":[{"kind":"range","marks":[],"text":"The result is shown as below."}]}]},{"kind":"block","type":"heading-3","key":"6fc66c17c0d14a42bed49dce01691ade","isVoid":false,"data":{},"nodes":[{"kind":"text","key":"ebe6006b64ab4b849a96861cf42ba162","ranges":[{"kind":"range","marks":[],"text":"GSQL Query Summary:"}]}]},{"kind":"block","type":"list-unordered","key":"8f8b2169e1e343d3865e1c4dc6441109","isVoid":false,"data":{},"nodes":[{"kind":"block","type":"list-item","key":"31e91bcff5d344c6a4ca34f924ee8839","isVoid":false,"data":{},"nodes":[{"kind":"block","type":"paragraph","key":"f8b7e36c442e4fb4a083e96dc617dc5c","isVoid":false,"data":{},"nodes":[{"kind":"text","key":"26f7cf24c4ff46ad9ebc69b6c671ae52","ranges":[{"kind":"range","marks":[],"text":"Queries are installed in the catalog and can have one or more input parameters, enabling reuse of queries."}]}]}]},{"kind":"block","type":"list-item","key":"80cd5f1506ec41b8a922afa3d51b4a88","isVoid":false,"data":{},"nodes":[{"kind":"block","type":"paragraph","key":"d63b6f7ea3754f96aebe0fcd63f16a4a","isVoid":false,"data":{},"nodes":[{"kind":"text","key":"5faa40931b48487789454ea118d0a18a","ranges":[{"kind":"range","marks":[],"text":"A GSQL query consists of a series of SELECT query blocks, each generating a named vertex set."}]}]}]},{"kind":"block","type":"list-item","key":"13c7881554554732984af1eb92edf254","isVoid":false,"data":{},"nodes":[{"kind":"block","type":"paragraph","key":"57efcfcc31664d6eacd7c8d1ef4dc0d3","isVoid":false,"data":{},"nodes":[{"kind":"text","key":"f1a2270f277b4e7a8e08231dd9e1b93c","ranges":[{"kind":"range","marks":[],"text":"Each SELECT query block can start traversing the graph from any of the previously defined vertex sets (that is, the sequence does not have to form a linear chain)."}]}]}]},{"kind":"block","type":"list-item","key":"e82dabdd4aea46d69326d9b2edfd9bef","isVoid":false,"data":{},"nodes":[{"kind":"block","type":"paragraph","key":"4ef124ea98c84dbcaf5638e5b0798659","isVoid":false,"data":{},"nodes":[{"kind":"text","key":"8a4085c8fe674aef890b2640befb6fd9","ranges":[{"kind":"range","marks":[],"text":"Accumulators are runtime variables with built-in accumulation operations, for efficient multithreaded computation."}]}]}]},{"kind":"block","type":"list-item","key":"368b9a45e62f4745b8a2df489a9c633a","isVoid":false,"data":{},"nodes":[{"kind":"block","type":"paragraph","key":"40b4f249f4e04995a889cade78896d47","isVoid":false,"data":{},"nodes":[{"kind":"text","key":"47959cd37d214fab89b438d049267781","ranges":[{"kind":"range","marks":[],"text":"Output is in JSON format."}]}]}]}]},{"kind":"block","type":"paragraph","key":"9e4730aebf434c24b04c39b659acebea","isVoid":false,"data":{},"nodes":[{"kind":"text","key":"0391fbc367754c56a0dd0be1f8da7032","ranges":[{"kind":"range","marks":[],"text":""}]}]}]}}