{"format_version":1,"document":{"kind":"document","key":"4","data":{"schema_version":5},"nodes":[{"kind":"block","type":"paragraph","key":"222cfe5502a347c3ae97b9fb58032d43","isVoid":false,"data":{},"nodes":[{"kind":"text","key":"4673168be99f4e9788909b3736892a07","ranges":[{"kind":"range","marks":[],"text":"Patent and Third Party Notice for TigerGraph Platform v2.4 April 2019"}]}]},{"kind":"block","type":"paragraph","key":"8e0c6dd61d174441a62e4b49f60e8b7f","isVoid":false,"data":{},"nodes":[{"kind":"text","key":"1c5f6a1393ba406ba8224deb35ff8981","ranges":[{"kind":"range","marks":[],"text":"U.S. Pat. No. 9953106, 9977837, 10120956.\nAdditional Patents pending."}]}]},{"kind":"block","type":"paragraph","key":"75e82f9ddcf54893849991a3083aa25e","isVoid":false,"data":{},"nodes":[{"kind":"text","key":"fca42ec706644e1e8aad5e54e3a76c48","ranges":[{"kind":"range","marks":[],"text":"The TigerGraph software program uses some third-party software components that are licensed under their own terms. The attached notices are provided for information only."}]}]},{"kind":"block","type":"list-unordered","key":"29417060b2f34e86bec7d282fb706246","isVoid":false,"data":{},"nodes":[{"kind":"block","type":"list-item","key":"430eb8eaf7a040428c7302b687a10a34","isVoid":false,"data":{},"nodes":[{"kind":"block","type":"paragraph","key":"a7ed1fd1db764c4fa84dcc73a8b6ba94","isVoid":false,"data":{},"nodes":[{"kind":"text","key":"fa1cf63597164118a6c47da87ea31a25","ranges":[{"kind":"range","marks":[],"text":"Section 1. List of third-party software in the TigerGraph platform."}]}]}]},{"kind":"block","type":"list-item","key":"f2174c9b92d741898bcb186119dde804","isVoid":false,"data":{},"nodes":[{"kind":"block","type":"paragraph","key":"a37fb37a3f554964b84ac537d4e0301a","isVoid":false,"data":{},"nodes":[{"kind":"text","key":"13f874aebb8f4dc8bdceb574417c3e55","ranges":[{"kind":"range","marks":[],"text":"Section 2. List of additional third-party software in the TigerGraph Cloud Service interface."}]}]}]},{"kind":"block","type":"list-item","key":"2ac5ffcb59954e6e99820754416ad742","isVoid":false,"data":{},"nodes":[{"kind":"block","type":"paragraph","key":"fb066f72025640a598fb2993614c78ae","isVoid":false,"data":{},"nodes":[{"kind":"text","key":"674029d0ae51446d86e510de53d3d4d6","ranges":[{"kind":"range","marks":[],"text":"Section 3. Table of license types."}]}]}]}]},{"kind":"block","type":"paragraph","key":"694ccbd76974459ca8e33827a625cc79","isVoid":false,"data":{},"nodes":[{"kind":"text","key":"bf49d85ef5234ce789d0007e4eeb6b4f","ranges":[{"kind":"range","marks":[],"text":"A separate third-party disclosure is available for the GraphStudio Visual SDK. See "}]},{"kind":"inline","type":"link","key":"6d42cb1bd6764038abd0d49b52ec262f","isVoid":false,"data":{"href":"https://docs.tigergraph.com/ui/graphstudio/patent-and-third-party-notice"},"nodes":[{"kind":"text","key":"8cb92d55f6274647904d9233803de117","ranges":[{"kind":"range","marks":[],"text":"https://docs.tigergraph.com/ui/graphstudio/patent-and-third-party-notice"}]}]},{"kind":"text","key":"f5b3dbb281f24e7f90fc61274106a094","ranges":[{"kind":"range","marks":[],"text":""}]}]},{"kind":"block","type":"paragraph","key":"4944c27c9e804449aedc9b1db839ea68","isVoid":false,"data":{},"nodes":[{"kind":"text","key":"9e66b9f9fe5143908fb49f3ffa7f9d8d","ranges":[{"kind":"range","marks":[],"text":"====================================================================="}]}]},{"kind":"block","type":"heading-1","key":"1aa804aceede41518777f8e0303e4195","isVoid":false,"data":{},"nodes":[{"kind":"text","key":"16a8416c13d2412ab66afaf426c787c5","ranges":[{"kind":"range","marks":[],"text":"Section 1. List of third-party software in the TigerGraph platform"}]}]},{"kind":"block","type":"paragraph","key":"f56157b95eca407a8103257924d6c576","isVoid":false,"data":{},"nodes":[{"kind":"text","key":"c338d8a021094de3b2d05778460636b3","ranges":[{"kind":"range","marks":[],"text":"antlr Copyright (c) 2014 antlr. "}]},{"kind":"inline","type":"link","key":"099f8b118cac4c988f0b5fa30fd4c865","isVoid":false,"data":{"href":"https://www.antlr.org/"},"nodes":[{"kind":"text","key":"001e9dbde3d1461d9a29455dc0df370a","ranges":[{"kind":"range","marks":[],"text":"https://www.antlr.org/"}]}]},{"kind":"text","key":"8383ab7fbfb74b82aa3ad8994941722f","ranges":[{"kind":"range","marks":[],"text":" Licensed under BSD3"}]}]},{"kind":"block","type":"paragraph","key":"a9474563ddda4209984e854253f039df","isVoid":false,"data":{},"nodes":[{"kind":"text","key":"4d850ae3938246efbd0b845cbf694c93","ranges":[{"kind":"range","marks":[],"text":"commons-cli Copyright (c) 2002-2017 The Apache Software Foundation. "}]},{"kind":"inline","type":"link","key":"d16d03650fa0419ca29f4fdbfeaaadeb","isVoid":false,"data":{"href":"https://commons.apache.org/proper/commons-cli/"},"nodes":[{"kind":"text","key":"0fdc07cf59704a72ba2357b6903ee828","ranges":[{"kind":"range","marks":[],"text":"https://commons.apache.org/proper/commons-cli/"}]}]},{"kind":"text","key":"858703d269cd45458ece88889475bc02","ranges":[{"kind":"range","marks":[],"text":" Licensed under Apache2"}]}]},{"kind":"block","type":"paragraph","key":"f9c1b7ef71b746ebbbb9b68a4c65981b","isVoid":false,"data":{},"nodes":[{"kind":"text","key":"e4a30c9e431242fa8bc203fdaf1dda18","ranges":[{"kind":"range","marks":[],"text":"commons-codec Copyright (c) 2002-2017 The Apache Software Foundation. "}]},{"kind":"inline","type":"link","key":"ded745402c98406b804dde0e44d8bfeb","isVoid":false,"data":{"href":"https://commons.apache.org/proper/commons-codec/"},"nodes":[{"kind":"text","key":"47e7841e373e47b0a79c3392d26a8964","ranges":[{"kind":"range","marks":[],"text":"https://commons.apache.org/proper/commons-codec/"}]}]},{"kind":"text","key":"08e97dc43cb24743bd846595374a8e58","ranges":[{"kind":"range","marks":[],"text":" Licensed under Apache2"}]}]},{"kind":"block","type":"paragraph","key":"84bd20bcd2f04ea2ad68f8e6583e37f5","isVoid":false,"data":{},"nodes":[{"kind":"text","key":"f6691ba2ef7c4ef488022f41e45a4751","ranges":[{"kind":"range","marks":[],"text":"commons-lang3 Copyright (c) 2001-2018 The Apache Software Foundation. "}]},{"kind":"inline","type":"link","key":"a8f04ec48cb14a798da0b17f57e20632","isVoid":false,"data":{"href":"https://commons.apache.org/proper/commons-lang/"},"nodes":[{"kind":"text","key":"2010ec38cf7f4095befd90f60003701d","ranges":[{"kind":"range","marks":[],"text":"https://commons.apache.org/proper/commons-lang/"}]}]},{"kind":"text","key":"73f93f4330b740d19688a3405a7d3cf0","ranges":[{"kind":"range","marks":[],"text":" Licensed under Apache2"}]}]},{"kind":"block","type":"paragraph","key":"0f57ec5626ba4157a0ebd26206c1d019","isVoid":false,"data":{},"nodes":[{"kind":"text","key":"a558098dae4f4e8694e37ea779eb6bbc","ranges":[{"kind":"range","marks":[],"text":"diffutils Copyright (c) 2010 Free Software Foundation. "}]},{"kind":"inline","type":"link","key":"b3b5a4e08e61457d8295a4cb51cf57aa","isVoid":false,"data":{"href":"https://github.com/java-diff-utils/java-diff-utils"},"nodes":[{"kind":"text","key":"e9cef13859574cf0a3724617f28bd252","ranges":[{"kind":"range","marks":[],"text":"https://github.com/java-diff-utils/java-diff-utils"}]}]},{"kind":"text","key":"7ceb683787184152a89b761429b3be7c","ranges":[{"kind":"range","marks":[],"text":" Licensed under Apache2"}]}]},{"kind":"block","type":"paragraph","key":"a31c7f5b88d8414094e1729fd7d6d75a","isVoid":false,"data":{},"nodes":[{"kind":"text","key":"f1f212db133b4d41a7a7af54edaf9dea","ranges":[{"kind":"range","marks":[],"text":"grpc Copyright (c) 2018 The gRPC authors. "}]},{"kind":"inline","type":"link","key":"7b6a50a1ea6d4511a45611e5a434e081","isVoid":false,"data":{"href":"https://grpc.io/"},"nodes":[{"kind":"text","key":"d3fb9537b2734df4a169e747e7a585dc","ranges":[{"kind":"range","marks":[],"text":"https://grpc.io/"}]}]},{"kind":"text","key":"5cf5e6028cc24c1d9604c471ee6a4d01","ranges":[{"kind":"range","marks":[],"text":" Licensed under Apache2"}]}]},{"kind":"block","type":"paragraph","key":"407fc3dc196443aaa3e373e3ea9b924e","isVoid":false,"data":{},"nodes":[{"kind":"text","key":"4ebbe36ebd22460dad8d07165f6459fd","ranges":[{"kind":"range","marks":[],"text":"guava Copyright (c) 2010-2016 OneLogin, Inc. "}]},{"kind":"inline","type":"link","key":"61bdcce6f23c4154ac0e2e1a2519a6da","isVoid":false,"data":{"href":"https://github.com/google/guava"},"nodes":[{"kind":"text","key":"26a86ea418144ee09f2b7e77335aa379","ranges":[{"kind":"range","marks":[],"text":"https://github.com/google/guava"}]}]},{"kind":"text","key":"7a4aea0c0399418ea427a86b28db4024","ranges":[{"kind":"range","marks":[],"text":" Licensed under Apache2"}]}]},{"kind":"block","type":"paragraph","key":"78cd59ff2fcc481db8f12ca202aa5267","isVoid":false,"data":{},"nodes":[{"kind":"text","key":"f47407315d924fafb03ca5b7c7a6648a","ranges":[{"kind":"range","marks":[],"text":"java-saml Copyright (c) 2010-2016 OneLogin, Inc. "}]},{"kind":"inline","type":"link","key":"5fff0c9e4e714d3eb5a521322933d33e","isVoid":false,"data":{"href":"https://github.com/onelogin/java-saml"},"nodes":[{"kind":"text","key":"0e64c86eb66a417481e3eb8b90a2b0c0","ranges":[{"kind":"range","marks":[],"text":"https://github.com/onelogin/java-saml"}]}]},{"kind":"text","key":"e1389d70ca564a6fa5f78a37d76ac1d9","ranges":[{"kind":"range","marks":[],"text":" Licensed under MIT"}]}]},{"kind":"block","type":"paragraph","key":"1d074e15438b4ca0a5fbdfb4c5fc338b","isVoid":false,"data":{},"nodes":[{"kind":"text","key":"dca8716a6b814b5080d1db7c62a07d34","ranges":[{"kind":"range","marks":[],"text":"jline Copyright (c) 2002-2018 Guillaume Nodet. "}]},{"kind":"inline","type":"link","key":"24ce29efcfb64123bf3076574c1c8821","isVoid":false,"data":{"href":"https://github.com/jline/jline3"},"nodes":[{"kind":"text","key":"90968bac6b82499b91e0e8ad078216ce","ranges":[{"kind":"range","marks":[],"text":"https://github.com/jline/jline3"}]}]},{"kind":"text","key":"6020117fcce14f869a4e0e5e74152e4d","ranges":[{"kind":"range","marks":[],"text":" Licensed under BSD3"}]}]},{"kind":"block","type":"paragraph","key":"68fe8c2dcdc14fa6a07cd8ef605f6386","isVoid":false,"data":{},"nodes":[{"kind":"text","key":"df594985fd374647a2bdc6c9bffab1b0","ranges":[{"kind":"range","marks":[],"text":"joda-time Copyright (c) 2002-2018 Joda. "}]},{"kind":"inline","type":"link","key":"6f5aa6c64c4a440bbf5d84d6fd11b5f2","isVoid":false,"data":{"href":"https://www.joda.org/joda-time/"},"nodes":[{"kind":"text","key":"e97c5acf3f8f42f984010b9e426651cd","ranges":[{"kind":"range","marks":[],"text":"https://www.joda.org/joda-time/"}]}]},{"kind":"text","key":"88cafdd3817a4eca96327d0f061c4e41","ranges":[{"kind":"range","marks":[],"text":" Licensed under Apache2"}]}]},{"kind":"block","type":"paragraph","key":"013e5de9b34745d7a1b9f277cd79a6cd","isVoid":false,"data":{},"nodes":[{"kind":"text","key":"85ae702faa33419ca3bf25ca93636d97","ranges":[{"kind":"range","marks":[],"text":"json Copyright (c) 2002 JSON. "}]},{"kind":"inline","type":"link","key":"1946e1c6873b48bda5e7e91d954b2aca","isVoid":false,"data":{"href":"https://github.com/stleary/JSON-java"},"nodes":[{"kind":"text","key":"dbea377325ff492f9a03f35834db30bb","ranges":[{"kind":"range","marks":[],"text":"https://github.com/stleary/JSON-java"}]}]},{"kind":"text","key":"5920957e2a88424d8a408eeb31fef4b2","ranges":[{"kind":"range","marks":[],"text":" Licensed under JSON"}]}]},{"kind":"block","type":"paragraph","key":"a5878a0bdf674b41a187dc5e40e72888","isVoid":false,"data":{},"nodes":[{"kind":"text","key":"a6f2616340e34be2a8de32d37b030c20","ranges":[{"kind":"range","marks":[],"text":"LDAP SDK Copyright (c) 2009 Ping Identity Corporation. "}]},{"kind":"inline","type":"link","key":"2c6e565ec7d04339bc2fdb502e559b58","isVoid":false,"data":{"href":"https://github.com/pingidentity/ldapsdk/blob/master/README.md"},"nodes":[{"kind":"text","key":"fa2413d50783476c92855f66d7c7b3c5","ranges":[{"kind":"range","marks":[],"text":"https://github.com/pingidentity/ldapsdk/blob/master/README.md"}]}]},{"kind":"text","key":"499f0da9428246c4ad3085a73d7cf207","ranges":[{"kind":"range","marks":[],"text":" Licensed under LDAPSDK"}]}]},{"kind":"block","type":"paragraph","key":"6867a11ed64843fcb1759438e4d23dbe","isVoid":false,"data":{},"nodes":[{"kind":"text","key":"003c3f1034d146f5aaed199cccf28107","ranges":[{"kind":"range","marks":[],"text":"log4j Copyright (c) 1999-2018 The Apache Software Foundation. "}]},{"kind":"inline","type":"link","key":"6fe22853246a426992d9e99f16d49d4e","isVoid":false,"data":{"href":"https://logging.apache.org/log4j/2.x/"},"nodes":[{"kind":"text","key":"b67cb3109c8949899378d1c088c82891","ranges":[{"kind":"range","marks":[],"text":"https://logging.apache.org/log4j/2.x/"}]}]},{"kind":"text","key":"b96f9f2d3ceb4e76855062245d657da9","ranges":[{"kind":"range","marks":[],"text":" Licensed under Apache2"}]}]},{"kind":"block","type":"paragraph","key":"78408feeb64d4697b145d93fc1e7e58e","isVoid":false,"data":{},"nodes":[{"kind":"text","key":"554a0774ad374c5ab6c156d32644bcc1","ranges":[{"kind":"range","marks":[],"text":"netty Copyright (c) 2018 The Netty Project. "}]},{"kind":"inline","type":"link","key":"c9955ff9b32d406a81e27fb7f4052981","isVoid":false,"data":{"href":"https://netty.io/"},"nodes":[{"kind":"text","key":"d42ddca02c7e4b99929a1be41fdb3463","ranges":[{"kind":"range","marks":[],"text":"https://netty.io/"}]}]},{"kind":"text","key":"63b03c3d742c4ab687dc7f561da5ac53","ranges":[{"kind":"range","marks":[],"text":" Licensed under Apache2"}]}]},{"kind":"block","type":"paragraph","key":"f2a0597a491d4c1ca18ea36e953e5b49","isVoid":false,"data":{},"nodes":[{"kind":"text","key":"00f15c68ba6644598c42d71542952108","ranges":[{"kind":"range","marks":[],"text":"protobuf-java Copyright (c) 2008 Google. "}]},{"kind":"inline","type":"link","key":"fa0c21c083ff4c5c8adf17c115becf2a","isVoid":false,"data":{"href":"https://developers.google.com/protocol-buffers/"},"nodes":[{"kind":"text","key":"b76cc1f6ee1a49a8b99d5fa4b83695f6","ranges":[{"kind":"range","marks":[],"text":"https://developers.google.com/protocol-buffers/"}]}]},{"kind":"text","key":"d7e7c782f2da4dc6b522e9254bfbd0d0","ranges":[{"kind":"range","marks":[],"text":" Licensed under BSD3"}]}]},{"kind":"block","type":"paragraph","key":"a0ac895fa48d4acdbf95fdfce4d7523d","isVoid":false,"data":{},"nodes":[{"kind":"text","key":"932d56411a6b492780e42f558b900763","ranges":[{"kind":"range","marks":[],"text":"slf4j Copyright (c) 2004-2017 QOS.ch. "}]},{"kind":"inline","type":"link","key":"9cfdbf86e43945c7a050777e76c126ad","isVoid":false,"data":{"href":"https://www.slf4j.org/"},"nodes":[{"kind":"text","key":"7ea36c7557714659bf35798e6e7728b5","ranges":[{"kind":"range","marks":[],"text":"https://www.slf4j.org/"}]}]},{"kind":"text","key":"c43ad8a0c592432a90d852a6ec1007f5","ranges":[{"kind":"range","marks":[],"text":" Licensed under MIT"}]}]},{"kind":"block","type":"paragraph","key":"1c7275b75b7d4e4ca87a6904020eaf3d","isVoid":false,"data":{},"nodes":[{"kind":"text","key":"1461f41f550d40c69183571d57deda9c","ranges":[{"kind":"range","marks":[],"text":"stax2-api Copyright (c) 2013-2019 Tatu Saloranta. "}]},{"kind":"inline","type":"link","key":"ad1c150fecbb4f90ba4f1bd6142d8264","isVoid":false,"data":{"href":"https://github.com/FasterXML/stax2-api"},"nodes":[{"kind":"text","key":"e23ba11354154f2e8ff0d9d1f3d39889","ranges":[{"kind":"range","marks":[],"text":"https://github.com/FasterXML/stax2-api"}]}]},{"kind":"text","key":"e4ca52fde987453e9e82a958d4384a4b","ranges":[{"kind":"range","marks":[],"text":" Licensed under BSD"}]}]},{"kind":"block","type":"paragraph","key":"5dd60cbf4645436a90fb0df7f9289131","isVoid":false,"data":{},"nodes":[{"kind":"text","key":"67c69b9a3dc64a25825a5ab690d64b23","ranges":[{"kind":"range","marks":[],"text":"woodstox-core-asl Copyright (c) 2014-2019 Tatu Saloranta. "}]},{"kind":"inline","type":"link","key":"8143a28fc4604d3e950776eca4a5dff6","isVoid":false,"data":{"href":"https://github.com/FasterXML/woodstox"},"nodes":[{"kind":"text","key":"7e73494c7216455ab5c78f3888f7e396","ranges":[{"kind":"range","marks":[],"text":"https://github.com/FasterXML/woodstox"}]}]},{"kind":"text","key":"9c446610bb16496b9abe8ed546c61e5d","ranges":[{"kind":"range","marks":[],"text":" Licensed under Apache2"}]}]},{"kind":"block","type":"paragraph","key":"230c5b07d78d47cbbb439ec80ba65429","isVoid":false,"data":{},"nodes":[{"kind":"text","key":"575db0c638cd4b9ea1611e9f9acd5f13","ranges":[{"kind":"range","marks":[],"text":"xmlsec Copyright (c) 2002-2016 Aleksey Sanin. "}]},{"kind":"inline","type":"link","key":"c6f19c2c1fc847aa9174ec0b26059d48","isVoid":false,"data":{"href":"https://www.aleksey.com/xmlsec/"},"nodes":[{"kind":"text","key":"49221b672f8e4908be9ab9fe777f64c9","ranges":[{"kind":"range","marks":[],"text":"https://www.aleksey.com/xmlsec/"}]}]},{"kind":"text","key":"f70f5a76d2fe49899a959f5421ea05f6","ranges":[{"kind":"range","marks":[],"text":" Licensed under MIT"}]}]},{"kind":"block","type":"paragraph","key":"e44f62b90ed94a19b45a49785bbd2d12","isVoid":false,"data":{},"nodes":[{"kind":"text","key":"2a9045d3fca24fd58d2181c3cf245e5f","ranges":[{"kind":"range","marks":[],"text":"yamlbeans Copyright (c) 2008 Nathan Sweet. "}]},{"kind":"inline","type":"link","key":"6c13278edcbf4c009660afa723bb0e79","isVoid":false,"data":{"href":"https://github.com/EsotericSoftware/yamlbeans"},"nodes":[{"kind":"text","key":"00bd23904c67473d8622954ea393c7b7","ranges":[{"kind":"range","marks":[],"text":"https://github.com/EsotericSoftware/yamlbeans"}]}]},{"kind":"text","key":"57b447f51f864a069bc8c2c718a3e58a","ranges":[{"kind":"range","marks":[],"text":" Licensed under MIT"}]}]},{"kind":"block","type":"paragraph","key":"140c01f4b2ab4a9896ce9b88d4a1e9fe","isVoid":false,"data":{},"nodes":[{"kind":"text","key":"9856b72732744a28a490ea2fa9fb527a","ranges":[{"kind":"range","marks":[],"text":"zookeeper Copyright (c) 2010-2018 The Apache Software Foundation. "}]},{"kind":"inline","type":"link","key":"d77f57575a414868aaefc5bb3296bd0e","isVoid":false,"data":{"href":"https://zookeeper.apache.org/"},"nodes":[{"kind":"text","key":"1745ca75d8f74d8ab3d34fa2fcc86db8","ranges":[{"kind":"range","marks":[],"text":"https://zookeeper.apache.org/"}]}]},{"kind":"text","key":"5c755e1cf6894548ba6ae968418d100e","ranges":[{"kind":"range","marks":[],"text":" Licensed under Apache2"}]}]},{"kind":"block","type":"paragraph","key":"8430c4d3ff9b4b5b9a4c810bad58e9d3","isVoid":false,"data":{},"nodes":[{"kind":"text","key":"8e6c6d31c8d645eaac9c4cfb47e6de06","ranges":[{"kind":"range","marks":[],"text":"gson Copyright (c) 2008-2019 Google. "}]},{"kind":"inline","type":"link","key":"7e511cfa50a54b3c896baf84577b68f5","isVoid":false,"data":{"href":"https://github.com/google/gson"},"nodes":[{"kind":"text","key":"210761251cce438ca0219429a498f2e2","ranges":[{"kind":"range","marks":[],"text":"https://github.com/google/gson"}]}]},{"kind":"text","key":"75fdc524c0814650a042a1cfabcc4bc7","ranges":[{"kind":"range","marks":[],"text":" Licensed under Apache2"}]}]},{"kind":"block","type":"paragraph","key":"db2fb64f38e34f5188b4539d7e488fb4","isVoid":false,"data":{},"nodes":[{"kind":"text","key":"5c7d3a41eda74f4bb620651a17a3b907","ranges":[{"kind":"range","marks":[],"text":"javacc Copyright (c) 2006 Sun Microsystems. "}]},{"kind":"inline","type":"link","key":"770f9b166be242d69b9e33a06a8642d7","isVoid":false,"data":{"href":"https://javacc.org/"},"nodes":[{"kind":"text","key":"257ef1920354493e93cdd642ca32d1a3","ranges":[{"kind":"range","marks":[],"text":"https://javacc.org/"}]}]},{"kind":"text","key":"d2d26785579a41abbfbf57b5b1ee13c1","ranges":[{"kind":"range","marks":[],"text":" Licensed under BSD3"}]}]},{"kind":"block","type":"paragraph","key":"7f84c51891a84a78b5361336754f70b1","isVoid":false,"data":{},"nodes":[{"kind":"text","key":"d1c9da22218940b9ab5ce969d9997b85","ranges":[{"kind":"range","marks":[],"text":"javacpp Copyright (c) 1989 Ty Coon. "}]},{"kind":"inline","type":"link","key":"f0aff0d7385f4af7aa272c1943f2f370","isVoid":false,"data":{"href":"https://github.com/bytedeco/javacpp"},"nodes":[{"kind":"text","key":"2dee08dbb423477db048c67cf4f6496c","ranges":[{"kind":"range","marks":[],"text":"https://github.com/bytedeco/javacpp"}]}]},{"kind":"text","key":"20dff6f7063c4e64a0552d2950e09fa7","ranges":[{"kind":"range","marks":[],"text":" Licensed under Apache"}]}]},{"kind":"block","type":"paragraph","key":"6459161603b0408dac36c7295cd5f475","isVoid":false,"data":{},"nodes":[{"kind":"text","key":"30fa3ff12e1643cea518de0454629f30","ranges":[{"kind":"range","marks":[],"text":"murmurhash Copyright (c) 2010-2019 aapleby. "}]},{"kind":"inline","type":"link","key":"5086ce1a1ef44514b480c8a6d5a2f024","isVoid":false,"data":{"href":"https://github.com/aappleby/smhasher"},"nodes":[{"kind":"text","key":"82a817c1e4824726859e125c95d5449b","ranges":[{"kind":"range","marks":[],"text":"https://github.com/aappleby/smhasher"}]}]},{"kind":"text","key":"3bd99220cfe74386930f904f8049c41e","ranges":[{"kind":"range","marks":[],"text":" Licensed under MIT"}]}]},{"kind":"block","type":"paragraph","key":"a24e8ccd9e4c4f5bb3f6dbd38ebf2790","isVoid":false,"data":{},"nodes":[{"kind":"text","key":"9ba90f68d38544aab1fd53c8870a962e","ranges":[{"kind":"range","marks":[],"text":"kafka Copyright (c) 2017 The Apache Software Foundation. "}]},{"kind":"inline","type":"link","key":"27eb00da86af4ae797ed743f9740635d","isVoid":false,"data":{"href":"https://kafka.apache.org/"},"nodes":[{"kind":"text","key":"fb2136b17d0049f09915a56bb55296b2","ranges":[{"kind":"range","marks":[],"text":"https://kafka.apache.org/"}]}]},{"kind":"text","key":"86041447ac1d46acb407c5b8eebf1d57","ranges":[{"kind":"range","marks":[],"text":" Licensed under Apache2"}]}]},{"kind":"block","type":"paragraph","key":"53fd1b8f979a4738be45f457647c1ccf","isVoid":false,"data":{},"nodes":[{"kind":"text","key":"2543652e28064e4eb714272df9c40f99","ranges":[{"kind":"range","marks":[],"text":"librdkafka Copyright (c) 2012-2018 Magnus Edenhill. "}]},{"kind":"inline","type":"link","key":"26b9025a4d274a71883a7a0513156e76","isVoid":false,"data":{"href":"https://github.com/edenhill/librdkafka"},"nodes":[{"kind":"text","key":"81a65446416f4695bb703943542fb5f6","ranges":[{"kind":"range","marks":[],"text":"https://github.com/edenhill/librdkafka"}]}]},{"kind":"text","key":"d486e145cb6047e7b5727a80d1806659","ranges":[{"kind":"range","marks":[],"text":" Licensed under BSD2"}]}]},{"kind":"block","type":"paragraph","key":"419ede3412e04f0e8d8604e4d9651a6c","isVoid":false,"data":{},"nodes":[{"kind":"text","key":"bb3c96395833434c8ecfde3365d40c30","ranges":[{"kind":"range","marks":[],"text":"libfcgi Copyright (c) 2012-2019 toshic. "}]},{"kind":"inline","type":"link","key":"d7b0508c611247b7986b07d1bb144d63","isVoid":false,"data":{"href":"https://github.com/toshic/libfcgi"},"nodes":[{"kind":"text","key":"995a18be62ea4a7f84a5f96687e28855","ranges":[{"kind":"range","marks":[],"text":"https://github.com/toshic/libfcgi"}]}]},{"kind":"text","key":"eebe01d5361e4ced9c2aba1673817568","ranges":[{"kind":"range","marks":[],"text":" Licensed under FCGI"}]}]},{"kind":"block","type":"paragraph","key":"53dee8bdb1dd4b219eda72ec37b15154","isVoid":false,"data":{},"nodes":[{"kind":"text","key":"1255073fb21c4223ab3e8a2ba8cd3854","ranges":[{"kind":"range","marks":[],"text":"zlib Copyright (c) 1995-2017 Jean-loup Gailly. "}]},{"kind":"inline","type":"link","key":"0d46a7e2183742e0a95b719a9464aa59","isVoid":false,"data":{"href":"https://zlib.net/"},"nodes":[{"kind":"text","key":"4c54d81c13754462b0d3aad46a39a022","ranges":[{"kind":"range","marks":[],"text":"https://zlib.net/"}]}]},{"kind":"text","key":"46050d31a99745609c392f5b3c7c20ae","ranges":[{"kind":"range","marks":[],"text":" Licensed under ZLIB"}]}]},{"kind":"block","type":"paragraph","key":"f54dad2a60f24016b193bed11404e3be","isVoid":false,"data":{},"nodes":[{"kind":"text","key":"d89c73851a304394a020ed61c2833c41","ranges":[{"kind":"range","marks":[],"text":"libcurl Copyright (c) 1996-2019 Daniel Stenberg. "}]},{"kind":"inline","type":"link","key":"079fab3da0bc4f1e9f490f88375e993b","isVoid":false,"data":{"href":"https://curl.haxx.se/libcurl/"},"nodes":[{"kind":"text","key":"2b8c3edd2d7841ffafd105ef3d7cf3a0","ranges":[{"kind":"range","marks":[],"text":"https://curl.haxx.se/libcurl/"}]}]},{"kind":"text","key":"c94b6981f08c4205bdb18a2ddda6a855","ranges":[{"kind":"range","marks":[],"text":" Licensed under CURL"}]}]},{"kind":"block","type":"paragraph","key":"0f446dec1c2d48c9ad2da378fc3a27df","isVoid":false,"data":{},"nodes":[{"kind":"text","key":"e8f4db221b64419995fcebaebe544573","ranges":[{"kind":"range","marks":[],"text":"zeromq Copyright (c) 2007-2016 various copyright holders. "}]},{"kind":"inline","type":"link","key":"c5450abd7429467c9a75d57103cd509c","isVoid":false,"data":{"href":"http://zeromq.org/"},"nodes":[{"kind":"text","key":"0ce4ff0b2baa4dd38817b849fd29dd47","ranges":[{"kind":"range","marks":[],"text":"http://zeromq.org/"}]}]},{"kind":"text","key":"b51d39d7d220435db8da9f768c557a60","ranges":[{"kind":"range","marks":[],"text":" Licensed under LGPL3"}]}]},{"kind":"block","type":"paragraph","key":"71f1225c842f4fb2989a83f3b93e311f","isVoid":false,"data":{},"nodes":[{"kind":"text","key":"17cd83761e6946adbef65273fdf5dcb4","ranges":[{"kind":"range","marks":[],"text":"libhttp_parser Copyright (c) 2009-2019 Joyent. "}]},{"kind":"inline","type":"link","key":"ee9c6ee0481a484484cb479e097fef25","isVoid":false,"data":{"href":"https://github.com/nodejs/http-parser"},"nodes":[{"kind":"text","key":"e6a8bd342cb542b1acf898e533c1196a","ranges":[{"kind":"range","marks":[],"text":"https://github.com/nodejs/http-parser"}]}]},{"kind":"text","key":"203b8abfdbb948d4b10a8e86b8698bbe","ranges":[{"kind":"range","marks":[],"text":" Licensed under MIT"}]}]},{"kind":"block","type":"paragraph","key":"5512f209c63d488a8dd6c77fe701ad5d","isVoid":false,"data":{},"nodes":[{"kind":"text","key":"3b67978bd85d4196be5bb7e5efdc89fe","ranges":[{"kind":"range","marks":[],"text":"yaml-cpp Copyright (c) 2008-2015 Jesse Beder. "}]},{"kind":"inline","type":"link","key":"28d41a7a1b7647a3951227cf9d558761","isVoid":false,"data":{"href":"https://github.com/jbeder/yaml-cpp"},"nodes":[{"kind":"text","key":"1ad3abc1e42d4638be5a99807089412f","ranges":[{"kind":"range","marks":[],"text":"https://github.com/jbeder/yaml-cpp"}]}]},{"kind":"text","key":"6ebdd41281dc40e1aa458e7012abbd00","ranges":[{"kind":"range","marks":[],"text":" Licensed under MIT"}]}]},{"kind":"block","type":"paragraph","key":"718efa8868174e899888e4dd7992963b","isVoid":false,"data":{},"nodes":[{"kind":"text","key":"4cd3e1733f2b440f83736c5e10f87978","ranges":[{"kind":"range","marks":[],"text":"cryptopp Copyright (c) 1995-2016 Wei Dai. "}]},{"kind":"inline","type":"link","key":"af5e86447471401e9ce24f2d84a3a059","isVoid":false,"data":{"href":"https://www.cryptopp.com/"},"nodes":[{"kind":"text","key":"055310d0ed6b4cb19ed909c95da1d78e","ranges":[{"kind":"range","marks":[],"text":"https://www.cryptopp.com/"}]}]},{"kind":"text","key":"52648f4014e84468ac952ac4fd0c4cef","ranges":[{"kind":"range","marks":[],"text":" Licensed under BOOST"}]}]},{"kind":"block","type":"paragraph","key":"7ee2df9fc11a444e81baebf261675644","isVoid":false,"data":{},"nodes":[{"kind":"text","key":"216dc9a4a84b4e9bb827b60f4805ba56","ranges":[{"kind":"range","marks":[],"text":"boost Copyright (c) 1998-2005 Beman Dawes, David Abrahams. "}]},{"kind":"inline","type":"link","key":"6479226662a8456282bcb07a04f896a1","isVoid":false,"data":{"href":"https://www.boost.org/"},"nodes":[{"kind":"text","key":"0b5c46f096634348a3321d75397cdd54","ranges":[{"kind":"range","marks":[],"text":"https://www.boost.org/"}]}]},{"kind":"text","key":"820579a3d6064f1b9bdf4a6db35fc68c","ranges":[{"kind":"range","marks":[],"text":" Licensed under BOOST"}]}]},{"kind":"block","type":"paragraph","key":"24ef438c08c34b2b91da00824ccc6848","isVoid":false,"data":{},"nodes":[{"kind":"text","key":"cc694b033fa74cd3a559792e3db92785","ranges":[{"kind":"range","marks":[],"text":"snappy Copyright (c) 2011 Google, Inc. "}]},{"kind":"inline","type":"link","key":"dc048ab0ee9340139e8818c6aec5469e","isVoid":false,"data":{"href":"https://github.com/google/snappy"},"nodes":[{"kind":"text","key":"dc1b75dbd7a7475caa276de8d3908527","ranges":[{"kind":"range","marks":[],"text":"https://github.com/google/snappy"}]}]},{"kind":"text","key":"827c2e36fb4e48ca8aaff54f047e0870","ranges":[{"kind":"range","marks":[],"text":" Licensed under BSD3"}]}]},{"kind":"block","type":"paragraph","key":"cf731c7a76ed4c3eba1a063dc501778f","isVoid":false,"data":{},"nodes":[{"kind":"text","key":"33087155bdaf4874bc2062b8b5bd6d5f","ranges":[{"kind":"range","marks":[],"text":"jsoncpp Copyright (c) 2007-2010 Baptiste Lepilleur. "}]},{"kind":"inline","type":"link","key":"56b5b1fcc6a14f65813e074b2aa79710","isVoid":false,"data":{"href":"https://github.com/open-source-parsers/jsoncpp"},"nodes":[{"kind":"text","key":"9517e0d88cb74da59e3c87902f4d5126","ranges":[{"kind":"range","marks":[],"text":"https://github.com/open-source-parsers/jsoncpp"}]}]},{"kind":"text","key":"8ca18e226e7a4e45a1e1872d9800a6de","ranges":[{"kind":"range","marks":[],"text":" Licensed under MIT"}]}]},{"kind":"block","type":"paragraph","key":"64d8a680a5bf45c7be56bbd53351a532","isVoid":false,"data":{},"nodes":[{"kind":"text","key":"47f7c68dc5714adf9556f2543de225b6","ranges":[{"kind":"range","marks":[],"text":"cereal Copyright (c) 2014 Randolph Voorhies, Shane Grant. "}]},{"kind":"inline","type":"link","key":"2e23c84fb65744d18a6b9a5fca6a54ac","isVoid":false,"data":{"href":"https://github.com/USCiLab/cereal"},"nodes":[{"kind":"text","key":"6acd68fc03e2473e9f457b766eff86a2","ranges":[{"kind":"range","marks":[],"text":"https://github.com/USCiLab/cereal"}]}]},{"kind":"text","key":"20c5e25a8faf4e228b5d7b2bc9f89bfe","ranges":[{"kind":"range","marks":[],"text":" Licensed under BSD3"}]}]},{"kind":"block","type":"paragraph","key":"4cb88cb323f74c6380401e9f7120bfd4","isVoid":false,"data":{},"nodes":[{"kind":"text","key":"949ff13140e44a6298a50504eb001e27","ranges":[{"kind":"range","marks":[],"text":"nginx Copyright (c) 2011-2018 nginx. "}]},{"kind":"inline","type":"link","key":"e655dee2d9614947882e63a0723b7da9","isVoid":false,"data":{"href":"http://nginx.org/"},"nodes":[{"kind":"text","key":"2dbcc3d2254d4269b64d721cb63baaca","ranges":[{"kind":"range","marks":[],"text":"http://nginx.org/"}]}]},{"kind":"text","key":"d12d6eb6b470489698da5aa4f9959a57","ranges":[{"kind":"range","marks":[],"text":" Licensed under BSD2"}]}]},{"kind":"block","type":"paragraph","key":"da6eb96016834dc3806837b21c196db6","isVoid":false,"data":{},"nodes":[{"kind":"text","key":"238c2b7e339845d3a30dbbcb50b31169","ranges":[{"kind":"range","marks":[],"text":"jemalloc Copyright (c) 2002-2018 Jason Evans, (c) 2007-2012 Mozilla Foundation, (c) 2009-2018 Facebook, Inc. "}]},{"kind":"inline","type":"link","key":"5157639ae5aa4e2eba3902c7e1b0559d","isVoid":false,"data":{"href":"http://jemalloc.net/"},"nodes":[{"kind":"text","key":"01dafa14c89c4f35bb13ea6472f2b4e0","ranges":[{"kind":"range","marks":[],"text":"http://jemalloc.net/"}]}]},{"kind":"text","key":"3e0b14ea74454028b728f73a0efc1c4c","ranges":[{"kind":"range","marks":[],"text":" Licensed under BSD2"}]}]},{"kind":"block","type":"paragraph","key":"91feb7ba315841d0b0b800171084d0f9","isVoid":false,"data":{},"nodes":[{"kind":"text","key":"55cba9220096491eaf34fc4d61c66dbe","ranges":[{"kind":"range","marks":[],"text":"sparsehash Copyright (c) 2005 Google. "}]},{"kind":"inline","type":"link","key":"2f18d389297e406794e35444e102e86f","isVoid":false,"data":{"href":"https://github.com/sparsehash/sparsehash"},"nodes":[{"kind":"text","key":"eda5c62f010e48dd8b953f67e3abbc6d","ranges":[{"kind":"range","marks":[],"text":"https://github.com/sparsehash/sparsehash"}]}]},{"kind":"text","key":"2f75c2dde7e94cc6bb7a29ea298e5516","ranges":[{"kind":"range","marks":[],"text":" Licensed under BSD3"}]}]},{"kind":"block","type":"paragraph","key":"5c2e0b4224124053ad1b0550d18d3414","isVoid":false,"data":{},"nodes":[{"kind":"text","key":"bd9f27c98d2c45e4a16390e61b0b6523","ranges":[{"kind":"range","marks":[],"text":"rapidjson Copyright (c) 2006-2013 Alexander Chemeris. "}]},{"kind":"inline","type":"link","key":"4569cfdf28954a8a8290ff36215fd7b6","isVoid":false,"data":{"href":"https://github.com/Tencent/rapidjson"},"nodes":[{"kind":"text","key":"d072ef60b3544cc9ac12ea5688742b04","ranges":[{"kind":"range","marks":[],"text":"https://github.com/Tencent/rapidjson"}]}]},{"kind":"text","key":"763ce7a896a7461d99a3b7bcef99483f","ranges":[{"kind":"range","marks":[],"text":" Licensed under MIT"}]}]},{"kind":"block","type":"paragraph","key":"c924242aec134f3eadb5ea7fb78d0af5","isVoid":false,"data":{},"nodes":[{"kind":"text","key":"18e242c749ea4783ba84458e97c6874c","ranges":[{"kind":"range","marks":[],"text":"openjdk Copyright (c) 2019 Oracle. "}]},{"kind":"inline","type":"link","key":"d739a0cb047e4f4387585b6dcad40070","isVoid":false,"data":{"href":"https://openjdk.java.net/"},"nodes":[{"kind":"text","key":"e3c7a3aab20d4de381a956f51886d7f9","ranges":[{"kind":"range","marks":[],"text":"https://openjdk.java.net/"}]}]},{"kind":"text","key":"721c3a6db75d482fa57de64cc853009a","ranges":[{"kind":"range","marks":[],"text":" Licensed under GPL2+CE GPL2 with Classpath Exception: Clarification that the using the licensed code with other code does not require that other code to be GPL2 compatible."}]}]},{"kind":"block","type":"paragraph","key":"b14e0937b9f44396bce69b88a3098cc0","isVoid":false,"data":{},"nodes":[{"kind":"text","key":"a13e539faec94e0a84060e1be52acb59","ranges":[{"kind":"range","marks":[],"text":"gcc Copyright (c) 1992-2017 Free Software Foundation. "}]},{"kind":"inline","type":"link","key":"f205050e6f6b47cd9051ebf904835195","isVoid":false,"data":{"href":"https://gcc.gnu.org/"},"nodes":[{"kind":"text","key":"779eb13ecfb740db990874739fe3b823","ranges":[{"kind":"range","marks":[],"text":"https://gcc.gnu.org/"}]}]},{"kind":"text","key":"3798b8948a474ce39fd3ba7c30581277","ranges":[{"kind":"range","marks":[],"text":" (gcc) Licensed under GPL3, with Runtime Library Exception The GCC license provides an exception to GPLv3 to allow compilation of non- GPL (including proprietary) programs to use, in this way, the header files and runtime libraries covered by this Exception. The complete terms are available at "}]},{"kind":"inline","type":"link","key":"d75a9cbf0f4241f5987ca85262359afa","isVoid":false,"data":{"href":"https://www.gnu.org/licenses/gcc-exception.html"},"nodes":[{"kind":"text","key":"791aee7d810a4b19972539edf9cfaded","ranges":[{"kind":"range","marks":[],"text":"https://www.gnu.org/licenses/gcc-exception.html"}]}]},{"kind":"text","key":"83bf530adaa04d18a256c090bde79e87","ranges":[{"kind":"range","marks":[],"text":""}]}]},{"kind":"block","type":"paragraph","key":"ec29294a2b2e46c3816a762a37c99121","isVoid":false,"data":{},"nodes":[{"kind":"text","key":"1f7f2286918348b49079b712c356b34a","ranges":[{"kind":"range","marks":[],"text":"tsar Copyright (c) 2004 Apache. "}]},{"kind":"inline","type":"link","key":"23ee9d061deb491fb4464dec6c62dd41","isVoid":false,"data":{"href":"https://github.com/alibaba/tsar"},"nodes":[{"kind":"text","key":"7b39558fc7db48b09d0fdd222e58dbe3","ranges":[{"kind":"range","marks":[],"text":"https://github.com/alibaba/tsar"}]}]},{"kind":"text","key":"413f236852334fffb45ee22022b9c0cf","ranges":[{"kind":"range","marks":[],"text":" Licensed under Apache2"}]}]},{"kind":"block","type":"paragraph","key":"e966a002b2a04f62a43645388381ff37","isVoid":false,"data":{},"nodes":[{"kind":"text","key":"ab97dc5fd01242aaabd92e328ffb6d00","ranges":[{"kind":"range","marks":[],"text":"gperftools Copyright (c) 2005 Google. "}]},{"kind":"inline","type":"link","key":"6244e4f3c42342229fd5cb43018218cb","isVoid":false,"data":{"href":"https://github.com/gperftools/gperftools"},"nodes":[{"kind":"text","key":"7e7557ecfe37434aabf2e518214d0c76","ranges":[{"kind":"range","marks":[],"text":"https://github.com/gperftools/gperftools"}]}]},{"kind":"text","key":"c65b383bc8c84d7da9b502912660fac1","ranges":[{"kind":"range","marks":[],"text":" (we use its tcmalloc) Licensed under BSD3"}]}]},{"kind":"block","type":"paragraph","key":"9eac151ce1e84f0c80942d0bf5257b19","isVoid":false,"data":{},"nodes":[{"kind":"text","key":"f787ecc4caae41bea051e801f5b670da","ranges":[{"kind":"range","marks":[],"text":"python 2.7 Copyright (c) 2001-2019 Python. "}]},{"kind":"inline","type":"link","key":"be462ea2327e4a709519a8c2982508af","isVoid":false,"data":{"href":"https://www.python.org/download/releases/2.7/license/"},"nodes":[{"kind":"text","key":"22e700a77dd24c70a0708bcdc8e9adcf","ranges":[{"kind":"range","marks":[],"text":"https://www.python.org/download/releases/2.7/license/"}]}]},{"kind":"text","key":"4e2e1864a08a4a2db359f81f5ba52b4c","ranges":[{"kind":"range","marks":[],"text":" Licensed under Python2"}]}]},{"kind":"block","type":"paragraph","key":"ebd3fdcfd234481e9cb82bf473938b11","isVoid":false,"data":{},"nodes":[{"kind":"text","key":"50c7c8aa92924c53a70534c54fc3eb85","ranges":[{"kind":"range","marks":[],"text":"====================================================================="}]}]},{"kind":"block","type":"heading-1","key":"5f8d82895d7a486a9d952129bb66ed5e","isVoid":false,"data":{},"nodes":[{"kind":"text","key":"c73c8bd366894bb1ac215b58c39658f6","ranges":[{"kind":"range","marks":[],"text":"Section 2. List of additional third-party software in the TigerGraph Cloud Service interface"}]}]},{"kind":"block","type":"paragraph","key":"5b38cb05b1c84043a8fedd9220855217","isVoid":false,"data":{},"nodes":[{"kind":"text","key":"ddfce2aff6d94666a0b9bf4d99777f57","ranges":[{"kind":"range","marks":[],"text":"The TigerGraph Cloud Service permits users to use the TigerGraph graph database and analytics platform via a web interface. "},{"kind":"range","marks":[{"kind":"mark","data":{},"type":"bold"}],"text":"TigerGraph does not copy or distribute the TigerGraph Cloud software to the end user.  "}]}]},{"kind":"block","type":"paragraph","key":"a7729882a8944a64b0c19f918462a0ee","isVoid":false,"data":{},"nodes":[{"kind":"text","key":"b11504543b7842188a6b42621f9b5635","ranges":[{"kind":"range","marks":[],"text":"In additional to having the third-party components of the TigerGraph Platform, the TigerGraph Cloud Service interface includes the following additional third-party software."}]}]},{"kind":"block","type":"paragraph","key":"cc6ebbb0e2614dd49b1a0641c0c2649a","isVoid":false,"data":{},"nodes":[{"kind":"text","key":"18b64a947c66441a8a37707ed862851f","ranges":[{"kind":"range","marks":[],"text":"Netdata Copyright (c) 2016-2018, Costa Tsaousis. Copyright (c) 2018, Netdata Inc. "}]},{"kind":"inline","type":"link","key":"07e2ddabcc4f4693add0e3e3bf7a0069","isVoid":false,"data":{"href":"https://github.com/netdata/netdata"},"nodes":[{"kind":"text","key":"f97559774f4f48d8b77eebaa14bf1ce9","ranges":[{"kind":"range","marks":[],"text":"https://github.com/netdata/netdata"}]}]},{"kind":"text","key":"b8546261d4484f15a30005e675d9d97e","ranges":[{"kind":"range","marks":[],"text":" Licensed under "}]},{"kind":"inline","type":"link","key":"791340030df348d7bc1345cab8e978e0","isVoid":false,"data":{"href":"https://github.com/netdata/netdata/tree/master/LICENSE"},"nodes":[{"kind":"text","key":"51d2c1d21d164933b90779ed592e7078","ranges":[{"kind":"range","marks":[],"text":"GPL v3 or later"}]}]},{"kind":"text","key":"9e599d3e3be3427a847a1f5b69c0d789","ranges":[{"kind":"range","marks":[],"text":"."}]}]},{"kind":"block","type":"heading-1","key":"7290685dd4f04952bbd3f4a933e62889","isVoid":false,"data":{},"nodes":[{"kind":"text","key":"7ee6dc1bdf0e49d3a1dfef469e425e9a","ranges":[{"kind":"range","marks":[],"text":"Section 3. Table of license types."}]}]},{"kind":"block","type":"paragraph","key":"89361c7060d446ab8566cea3cbe22f57","isVoid":false,"data":{},"nodes":[{"kind":"text","key":"9aec5c72500f4feeac8393bd8f205bce","ranges":[{"kind":"range","marks":[],"text":"The following table explains the license abbreviations used in the list of TigerGraph Third Party Software. A link is provided to an official source for each license."}]}]},{"kind":"block","type":"table","key":"366a265c92174cbf96512dc6f58bd216","isVoid":false,"data":{"aligns":["left","left"]},"nodes":[{"kind":"block","type":"table-row","key":"b83f141520e6455e802512e694d4fc01","isVoid":false,"data":{},"nodes":[{"kind":"block","type":"table-cell","key":"cf5a9fcd7cf248878f97fd93a93a3713","isVoid":false,"data":{},"nodes":[{"kind":"block","type":"paragraph","key":"0e77d4072a4944258b374f4db3530e56","isVoid":false,"data":{},"nodes":[{"kind":"text","key":"645f8f84a0234d699ef97c6029da0955","ranges":[{"kind":"range","marks":[],"text":"Abbreviation"}]}]}]},{"kind":"block","type":"table-cell","key":"d4cb4c43bada4e62a1d0825d0f2e66f4","isVoid":false,"data":{},"nodes":[{"kind":"block","type":"paragraph","key":"d9b832712c0f4e908ae9691a961b2bc7","isVoid":false,"data":{},"nodes":[{"kind":"text","key":"29fe45bf0df0406eb50deb9dee8fe004","ranges":[{"kind":"range","marks":[],"text":"License Name and Source"}]}]}]}]},{"kind":"block","type":"table-row","key":"22bedaf8074c47baa3737696fc235476","isVoid":false,"data":{},"nodes":[{"kind":"block","type":"table-cell","key":"e704d94be77e4898a437c93250f2929d","isVoid":false,"data":{},"nodes":[{"kind":"block","type":"paragraph","key":"70fd713361034d9e8f4e2b11db3b151c","isVoid":false,"data":{},"nodes":[{"kind":"text","key":"7b6d61f4dfe64f8b84a7a0887a302695","ranges":[{"kind":"range","marks":[],"text":"Apache2"}]}]}]},{"kind":"block","type":"table-cell","key":"0085cafc1e9c41e2b5ae4174968b3f70","isVoid":false,"data":{},"nodes":[{"kind":"block","type":"paragraph","key":"d03563feeaca44b48b4441b03b3c8ef8","isVoid":false,"data":{},"nodes":[{"kind":"text","key":"64d1f84334364441a35dfd7bea28aba2","ranges":[{"kind":"range","marks":[],"text":"Apache License version 2.0"}]}]},{"kind":"block","type":"paragraph","key":"cfb37654d8e845e1be09b6aac03c6b0b","isVoid":false,"data":{},"nodes":[{"kind":"text","key":"565c6f950fbb44718976b3921e889e84","ranges":[{"kind":"range","marks":[],"text":""}]},{"kind":"inline","type":"link","key":"54aaa86c0e2b45abacab908be98f2eae","isVoid":false,"data":{"href":"https://www.apache.org/licenses/LICENSE-2.0"},"nodes":[{"kind":"text","key":"da49156aeb9f44a4903efd82f6fdabe2","ranges":[{"kind":"range","marks":[],"text":"https://www.apache.org/licenses/LICENSE-2.0"}]}]},{"kind":"text","key":"b6272a593ff34e46b8e57cda4a2e6cea","ranges":[{"kind":"range","marks":[],"text":""}]}]}]}]},{"kind":"block","type":"table-row","key":"c954cb8c28794c6ba17dd6a74745ed54","isVoid":false,"data":{},"nodes":[{"kind":"block","type":"table-cell","key":"ab289e56c1db4bb69617e5b689712acd","isVoid":false,"data":{},"nodes":[{"kind":"block","type":"paragraph","key":"cb2a4645247a4cc3a9fd13d8d921defc","isVoid":false,"data":{},"nodes":[{"kind":"text","key":"44a921ca86d34df6a482926cfcba92be","ranges":[{"kind":"range","marks":[],"text":"BOOST"}]}]}]},{"kind":"block","type":"table-cell","key":"477a422649364de0a00db4a0859ef073","isVoid":false,"data":{},"nodes":[{"kind":"block","type":"paragraph","key":"e01d6d3c700847c1ae74dfda10ff9ca4","isVoid":false,"data":{},"nodes":[{"kind":"text","key":"16512bebccbc47eaa527fec06e11a9c8","ranges":[{"kind":"range","marks":[],"text":"Boost Software License"}]}]},{"kind":"block","type":"paragraph","key":"d9bd9f2dbea34cfda605c05f27589527","isVoid":false,"data":{},"nodes":[{"kind":"text","key":"d5a3792362d54d10b2cfdadc85a89560","ranges":[{"kind":"range","marks":[],"text":""}]},{"kind":"inline","type":"link","key":"72386c0b738d47999a8e18e34137555b","isVoid":false,"data":{"href":"http://www.boost.org/LICENSE_1_0.txt"},"nodes":[{"kind":"text","key":"f01cd2c0ad534221ba73e028a43bc12a","ranges":[{"kind":"range","marks":[],"text":"http://www.boost.org/LICENSE_1_0.txt"}]}]},{"kind":"text","key":"56291803649346eaa4e3e7c5e3de1140","ranges":[{"kind":"range","marks":[],"text":"  "}]}]}]}]},{"kind":"block","type":"table-row","key":"c886892bbe6c4d2aa9a2d0a575265ce7","isVoid":false,"data":{},"nodes":[{"kind":"block","type":"table-cell","key":"62cef37678f740c48fdcd1cc44934dd8","isVoid":false,"data":{},"nodes":[{"kind":"block","type":"paragraph","key":"af79c9a5789a4b9cb828c338f425c68b","isVoid":false,"data":{},"nodes":[{"kind":"text","key":"5de37c5c015c444d82ec6a069c446446","ranges":[{"kind":"range","marks":[],"text":"BSD2"}]}]}]},{"kind":"block","type":"table-cell","key":"e51379df582741e39e8d0e0cdc25b055","isVoid":false,"data":{},"nodes":[{"kind":"block","type":"paragraph","key":"ac9598dca47844f1accfb21451ab28e6","isVoid":false,"data":{},"nodes":[{"kind":"text","key":"7cee45f4fb4449c78d0c11ba5b109ba1","ranges":[{"kind":"range","marks":[],"text":"2-Clause BSD (Berkeley Standard Distribution) License"}]}]},{"kind":"block","type":"paragraph","key":"d4a3af5cdb9e41f588ec1d41e6cf9013","isVoid":false,"data":{},"nodes":[{"kind":"text","key":"50882b7c85e041289be13d56ebcf6df4","ranges":[{"kind":"range","marks":[],"text":""}]},{"kind":"inline","type":"link","key":"8758ec434c7649e09cbd38dc2c3481f7","isVoid":false,"data":{"href":"https://opensource.org/licenses/BSD-2-Clause"},"nodes":[{"kind":"text","key":"51763f07b631437784cfe01515a731b3","ranges":[{"kind":"range","marks":[],"text":"https://opensource.org/licenses/BSD-2-Clause"}]}]},{"kind":"text","key":"547e398057fb40489040f56e365c46ec","ranges":[{"kind":"range","marks":[],"text":""}]}]}]}]},{"kind":"block","type":"table-row","key":"805da4029f8143469f9dc04bcf41f531","isVoid":false,"data":{},"nodes":[{"kind":"block","type":"table-cell","key":"49919e10d4554c7ea8c6e179e438a36c","isVoid":false,"data":{},"nodes":[{"kind":"block","type":"paragraph","key":"4e8afcea0a904a6f9ba86a7ff1007852","isVoid":false,"data":{},"nodes":[{"kind":"text","key":"a6d59a0e4f73436dafd68f8104558c18","ranges":[{"kind":"range","marks":[],"text":"BSD3"}]}]}]},{"kind":"block","type":"table-cell","key":"a94a579eee5340b5b18c7f2135c6949e","isVoid":false,"data":{},"nodes":[{"kind":"block","type":"paragraph","key":"9fe1be180833476bbdaad1c9d51ce091","isVoid":false,"data":{},"nodes":[{"kind":"text","key":"975dc3840b85450fa5decf887ea37e53","ranges":[{"kind":"range","marks":[],"text":"3-Clause BSD (Berkeley Standard Distribution) License"}]}]},{"kind":"block","type":"paragraph","key":"e4419c93d5d0453ab8aeb07e73162f65","isVoid":false,"data":{},"nodes":[{"kind":"text","key":"55c293c757ad47a0b62e8d69bbbc0aa4","ranges":[{"kind":"range","marks":[],"text":""}]},{"kind":"inline","type":"link","key":"288e2b39f29e407b8d23db22592d471d","isVoid":false,"data":{"href":"https://opensource.org/licenses/BSD-3-Clause"},"nodes":[{"kind":"text","key":"b567a9f66a6c43e79b686e3f59935ba9","ranges":[{"kind":"range","marks":[],"text":"https://opensource.org/licenses/BSD-3-Clause"}]}]},{"kind":"text","key":"a130d53384cf4efbb299bc1f6b09663e","ranges":[{"kind":"range","marks":[],"text":""}]}]}]}]},{"kind":"block","type":"table-row","key":"19fb552740ac466f9c76ca378c8b3a03","isVoid":false,"data":{},"nodes":[{"kind":"block","type":"table-cell","key":"254c16c2d05c48f8b7470ee7d45e5daa","isVoid":false,"data":{},"nodes":[{"kind":"block","type":"paragraph","key":"efc24e754e74443188913e956a908fcf","isVoid":false,"data":{},"nodes":[{"kind":"text","key":"1e48c04548644587b189ca87939f2f54","ranges":[{"kind":"range","marks":[],"text":"CURL"}]}]}]},{"kind":"block","type":"table-cell","key":"13dad44db98646a1b37a1007d7f3fc6f","isVoid":false,"data":{},"nodes":[{"kind":"block","type":"paragraph","key":"847f583dc9564e4faee5e1fd9178a1c1","isVoid":false,"data":{},"nodes":[{"kind":"text","key":"84caa3f02a904caa82a62a21f12a2519","ranges":[{"kind":"range","marks":[],"text":"Curl License"}]}]},{"kind":"block","type":"paragraph","key":"847e334305d34fdb9fa0daed574683bc","isVoid":false,"data":{},"nodes":[{"kind":"text","key":"cfd24b16debc48cb9f26ed7a60ac7f1c","ranges":[{"kind":"range","marks":[],"text":""}]},{"kind":"inline","type":"link","key":"a1e5feb15279499ca1ab1c6f0d4665e6","isVoid":false,"data":{"href":"https://curl.haxx.se/docs/copyright.html"},"nodes":[{"kind":"text","key":"e1234a9371424460aada4fe9bac9bd45","ranges":[{"kind":"range","marks":[],"text":"https://curl.haxx.se/docs/copyright.html"}]}]},{"kind":"text","key":"6e47e75e8575425bacbfaf785cef1588","ranges":[{"kind":"range","marks":[],"text":""}]}]}]}]},{"kind":"block","type":"table-row","key":"852191a0a01b4111a3ea114d4bf318d7","isVoid":false,"data":{},"nodes":[{"kind":"block","type":"table-cell","key":"57857a8c6d474f57aa0a2849b8418dd5","isVoid":false,"data":{},"nodes":[{"kind":"block","type":"paragraph","key":"dee0ddd0137f491dbeb572ac1543d4f4","isVoid":false,"data":{},"nodes":[{"kind":"text","key":"d17371bb49ce49999f6dd8ed59ae12c6","ranges":[{"kind":"range","marks":[],"text":"FCGI"}]}]}]},{"kind":"block","type":"table-cell","key":"c3566a50cea4476abc6c40ea124e7877","isVoid":false,"data":{},"nodes":[{"kind":"block","type":"paragraph","key":"55e6fa16ed014c32a5dfebd1d2bd74b5","isVoid":false,"data":{},"nodes":[{"kind":"text","key":"939a4c7ff509449e9c970350048761c5","ranges":[{"kind":"range","marks":[],"text":"FastCGI2 License"}]}]},{"kind":"block","type":"paragraph","key":"ddd1fa7a1d504d32bb94245ee7b4c1e8","isVoid":false,"data":{},"nodes":[{"kind":"text","key":"c216d663a8de48ffafa51faaf5db940f","ranges":[{"kind":"range","marks":[],"text":""}]},{"kind":"inline","type":"link","key":"9ec3469852d240468fd890567f20b35a","isVoid":false,"data":{"href":"https://github.com/FastCGI-Archives/fcgi2/blob/master/LICENSE.TERMS"},"nodes":[{"kind":"text","key":"b494068a333446b094cc1bd29c57ec0b","ranges":[{"kind":"range","marks":[],"text":"https://github.com/FastCGI-Archives/fcgi2/blob/master/LICENSE.TERMS"}]}]},{"kind":"text","key":"9df55c39ff8848fe85f7b2c2dd448985","ranges":[{"kind":"range","marks":[],"text":""}]}]}]}]},{"kind":"block","type":"table-row","key":"d60a515442204c038368d46a867dba91","isVoid":false,"data":{},"nodes":[{"kind":"block","type":"table-cell","key":"343e611117924fdd894f9bcb47455476","isVoid":false,"data":{},"nodes":[{"kind":"block","type":"paragraph","key":"3d7a457657434537b6ad93314086d94a","isVoid":false,"data":{},"nodes":[{"kind":"text","key":"9b49df830a0f40679cb3f0aba5c0a096","ranges":[{"kind":"range","marks":[],"text":"GPL2"}]}]}]},{"kind":"block","type":"table-cell","key":"d4496c77c3c14263ab40f8feac06627f","isVoid":false,"data":{},"nodes":[{"kind":"block","type":"paragraph","key":"8ae77c78729045008f03048269c463b0","isVoid":false,"data":{},"nodes":[{"kind":"text","key":"790dd2bbe9184548b31e3981e9a21525","ranges":[{"kind":"range","marks":[],"text":"GNU General Public License version 2.0"}]}]},{"kind":"block","type":"paragraph","key":"bfe62a0586e04f75902461e0a31eafb4","isVoid":false,"data":{},"nodes":[{"kind":"text","key":"fefe4e4a6f424dc19d988d904ac1ad0b","ranges":[{"kind":"range","marks":[],"text":""}]},{"kind":"inline","type":"link","key":"a763a73a6d6540d2b9a42edbec71a903","isVoid":false,"data":{"href":"https://www.gnu.org/licenses/old-licenses/gpl-2.0.en.html"},"nodes":[{"kind":"text","key":"90d686967bd945ce8c2b052ae6dcf3be","ranges":[{"kind":"range","marks":[],"text":"https://www.gnu.org/licenses/old-licenses/gpl-2.0.en.html"}]}]},{"kind":"text","key":"709a89ad370b4909aea5e9758cbf3098","ranges":[{"kind":"range","marks":[],"text":""}]}]}]}]},{"kind":"block","type":"table-row","key":"c9768b272ba147e6bd1eeb2e018ddde3","isVoid":false,"data":{},"nodes":[{"kind":"block","type":"table-cell","key":"1b00ea5dfd884e4ba59f1aa666c15a8f","isVoid":false,"data":{},"nodes":[{"kind":"block","type":"paragraph","key":"88a07b6e670d438c8cd639c5e46c7d9a","isVoid":false,"data":{},"nodes":[{"kind":"text","key":"a45a1e8f8f364688bfe873255e235ce8","ranges":[{"kind":"range","marks":[],"text":"GPL2+CE"}]}]}]},{"kind":"block","type":"table-cell","key":"a5af98a7976d489b8ba78017f55e332e","isVoid":false,"data":{},"nodes":[{"kind":"block","type":"paragraph","key":"892d550f42494587a2beaa0e51b8ae4c","isVoid":false,"data":{},"nodes":[{"kind":"text","key":"3175517d7ea5472dadbd194fe4f58d6d","ranges":[{"kind":"range","marks":[],"text":"GNU General Public License, version 2, with the Classpath Exception"}]}]},{"kind":"block","type":"paragraph","key":"3a5b30a251374a63976e99abd6865bff","isVoid":false,"data":{},"nodes":[{"kind":"text","key":"1b0ea2990f0044929283b35123e9c66b","ranges":[{"kind":"range","marks":[],"text":""}]},{"kind":"inline","type":"link","key":"b955d729e1d849b99f63376d81d5f04c","isVoid":false,"data":{"href":"https://openjdk.java.net/legal/gplv2+ce.html"},"nodes":[{"kind":"text","key":"55e1f41383f6416daefd7ba1c9b921d1","ranges":[{"kind":"range","marks":[],"text":"https://openjdk.java.net/legal/gplv2+ce.html"}]}]},{"kind":"text","key":"1067cb01ba664265bf391d8ceb522f2e","ranges":[{"kind":"range","marks":[],"text":""}]}]}]}]},{"kind":"block","type":"table-row","key":"f53244cccc3446ce9e2ff14ee86a55de","isVoid":false,"data":{},"nodes":[{"kind":"block","type":"table-cell","key":"61616b728f2843e1a43f10a29a6cf669","isVoid":false,"data":{},"nodes":[{"kind":"block","type":"paragraph","key":"2fadcd1baec94ddaa323068292bf65a4","isVoid":false,"data":{},"nodes":[{"kind":"text","key":"68f96be60c8247f48bff85ce7fdd6d94","ranges":[{"kind":"range","marks":[],"text":"GNU"}]}]}]},{"kind":"block","type":"table-cell","key":"98c73789eb4340b28bdf5d264edc7c29","isVoid":false,"data":{},"nodes":[{"kind":"block","type":"paragraph","key":"3e9d61a89efc437b9e7d7ff00ef62e22","isVoid":false,"data":{},"nodes":[{"kind":"text","key":"7888e955deb243789d9fab5becdc600e","ranges":[{"kind":"range","marks":[],"text":"General Public License version 3.0"}]}]},{"kind":"block","type":"paragraph","key":"8250919d740549b1ab0cf6f5c9522b9c","isVoid":false,"data":{},"nodes":[{"kind":"text","key":"60318eaf397f49cd91142f03e17ea2ac","ranges":[{"kind":"range","marks":[],"text":""}]},{"kind":"inline","type":"link","key":"c07e67c5c8d343ecb20222c6ce5babcd","isVoid":false,"data":{"href":"https://www.gnu.org/licenses/gpl-3.0.en.html"},"nodes":[{"kind":"text","key":"05a644c04f524ae9b7659aa9237673f5","ranges":[{"kind":"range","marks":[],"text":"https://www.gnu.org/licenses/gpl-3.0.en.html"}]}]},{"kind":"text","key":"8f0af39673194af0ba8d36aa27bfa273","ranges":[{"kind":"range","marks":[],"text":""}]}]}]}]},{"kind":"block","type":"table-row","key":"a9cb8c23934c4198bb2c6f53dd0d5b19","isVoid":false,"data":{},"nodes":[{"kind":"block","type":"table-cell","key":"6a4b28b61a7a432aaebb5589f9f88be7","isVoid":false,"data":{},"nodes":[{"kind":"block","type":"paragraph","key":"c671ae0b23074e8eb2a9b0ba1818e6a9","isVoid":false,"data":{},"nodes":[{"kind":"text","key":"8ec61ad2255c45a6ac7d970035f1f6b2","ranges":[{"kind":"range","marks":[],"text":"JSON"}]}]}]},{"kind":"block","type":"table-cell","key":"8fa9c1f365f44b38816e6dca8a47911e","isVoid":false,"data":{},"nodes":[{"kind":"block","type":"paragraph","key":"2a68f9b15e9347f9a42d4063dd1bc064","isVoid":false,"data":{},"nodes":[{"kind":"text","key":"fd302bde2f33438d9abff800b151b9d7","ranges":[{"kind":"range","marks":[],"text":"JSON License"}]}]},{"kind":"block","type":"paragraph","key":"a9b0ee9a309f4e209517a2b9b0820f64","isVoid":false,"data":{},"nodes":[{"kind":"text","key":"7b5932e79d78473d80ea15c643322ce1","ranges":[{"kind":"range","marks":[],"text":""}]},{"kind":"inline","type":"link","key":"1680443ea0514c4e89abbc50985ad5c8","isVoid":false,"data":{"href":"http://www.json.org/license.html"},"nodes":[{"kind":"text","key":"ce949f38739841b5839cbf74c814a6ca","ranges":[{"kind":"range","marks":[],"text":"http://www.json.org/license.html"}]}]},{"kind":"text","key":"a85a6f821dc14125a080da61fe5daf00","ranges":[{"kind":"range","marks":[],"text":""}]}]}]}]},{"kind":"block","type":"table-row","key":"8f40d2cbae1543dc83bb8c9296d5ff47","isVoid":false,"data":{},"nodes":[{"kind":"block","type":"table-cell","key":"9e9c4486462c426bb838d6ab1e189893","isVoid":false,"data":{},"nodes":[{"kind":"block","type":"paragraph","key":"2bf3210781214f37976ddfe3b08d143e","isVoid":false,"data":{},"nodes":[{"kind":"text","key":"4d50b9a8726f432cb1158f91a72177fc","ranges":[{"kind":"range","marks":[],"text":"LDAPSDK"}]}]}]},{"kind":"block","type":"table-cell","key":"26f367e1b2434c648d2f582ff136091f","isVoid":false,"data":{},"nodes":[{"kind":"block","type":"paragraph","key":"7e93efd473804c82a345cf981429d59c","isVoid":false,"data":{},"nodes":[{"kind":"text","key":"eba907f1cbf14139b0b99e34d2471fce","ranges":[{"kind":"range","marks":[],"text":"UnboundID LDAP SDK Free Use License"}]}]},{"kind":"block","type":"paragraph","key":"4f047118ef124fac85b76dc672ea7ce5","isVoid":false,"data":{},"nodes":[{"kind":"text","key":"196e4e78da13495ca92a25c1ba6351c3","ranges":[{"kind":"range","marks":[],"text":""}]},{"kind":"inline","type":"link","key":"4496499622ea4b48aff964ca113b55f0","isVoid":false,"data":{"href":"https://docs.ldap.com/ldap-sdk/docs/LICENSE-UnboundID-LDAPSDK.txt"},"nodes":[{"kind":"text","key":"f17254ccbe0c40f9b520921a1c3dcc31","ranges":[{"kind":"range","marks":[],"text":"https://docs.ldap.com/ldap-sdk/docs/LICENSE-UnboundID-LDAPSDK.txt"}]}]},{"kind":"text","key":"5363066d818f48739b9a15082c9125e5","ranges":[{"kind":"range","marks":[],"text":""}]}]}]}]},{"kind":"block","type":"table-row","key":"e812bbc1961f4893b164807fdd8e3d3a","isVoid":false,"data":{},"nodes":[{"kind":"block","type":"table-cell","key":"cb25e31abc4442088fa496243509a990","isVoid":false,"data":{},"nodes":[{"kind":"block","type":"paragraph","key":"7589bdf53afe49e2b7cdf5028f6f5953","isVoid":false,"data":{},"nodes":[{"kind":"text","key":"44c060ccb1af43f69cebb5db819c291c","ranges":[{"kind":"range","marks":[],"text":"LGPL3"}]}]}]},{"kind":"block","type":"table-cell","key":"b8b2736b1e734b149091902cf25b0a2d","isVoid":false,"data":{},"nodes":[{"kind":"block","type":"paragraph","key":"cb5f8cfeb1ce4685bcb6c5cfb0172be1","isVoid":false,"data":{},"nodes":[{"kind":"text","key":"b0c87d7ff18a4a4782fcea4d9d1a1bdb","ranges":[{"kind":"range","marks":[],"text":"GNU Lesser General Public License version 3.0"}]}]},{"kind":"block","type":"paragraph","key":"799d128148894a5d971e37071953c417","isVoid":false,"data":{},"nodes":[{"kind":"text","key":"b38d2103fbaf4d708ef0ed37154a9d2a","ranges":[{"kind":"range","marks":[],"text":""}]},{"kind":"inline","type":"link","key":"8e41c53b501f4fea8aecb01fa41633bd","isVoid":false,"data":{"href":"https://www.gnu.org/licenses/lgpl-3.0.en.html"},"nodes":[{"kind":"text","key":"86bae84038634783aec6b9b517a34892","ranges":[{"kind":"range","marks":[],"text":"https://www.gnu.org/licenses/lgpl-3.0.en.html"}]}]},{"kind":"text","key":"9d9480bbb45e48519f4d4c382350fe9f","ranges":[{"kind":"range","marks":[],"text":""}]}]}]}]},{"kind":"block","type":"table-row","key":"16f41934b0bd4172b8d7e9d2de2bb7e7","isVoid":false,"data":{},"nodes":[{"kind":"block","type":"table-cell","key":"319fe3669a7f4e72871e79ea8a5b04aa","isVoid":false,"data":{},"nodes":[{"kind":"block","type":"paragraph","key":"644b51b1791343798fa914b698042acc","isVoid":false,"data":{},"nodes":[{"kind":"text","key":"5d694729225444f2b7ae527e1a6d6f41","ranges":[{"kind":"range","marks":[],"text":"MIT"}]}]}]},{"kind":"block","type":"table-cell","key":"b0d51523620d4568ac636dccd6a80fef","isVoid":false,"data":{},"nodes":[{"kind":"block","type":"paragraph","key":"ab8e91b00af046748d98d312c7205512","isVoid":false,"data":{},"nodes":[{"kind":"text","key":"bfaf5744c01e48a1b52b50b112727097","ranges":[{"kind":"range","marks":[],"text":"MIT (Massachusetts Institute of Technology) License"}]}]},{"kind":"block","type":"paragraph","key":"68dd6636d62847d9b4a0645902dab818","isVoid":false,"data":{},"nodes":[{"kind":"text","key":"441dac94c2e34d9286d18e116f537f58","ranges":[{"kind":"range","marks":[],"text":""}]},{"kind":"inline","type":"link","key":"7c13e79547b942809aa3888b03f0f041","isVoid":false,"data":{"href":"https://opensource.org/licenses/MIT"},"nodes":[{"kind":"text","key":"b108870c83a84715a2649a5a0c706e31","ranges":[{"kind":"range","marks":[],"text":"https://opensource.org/licenses/MIT"}]}]},{"kind":"text","key":"23f4459150254875b4570af20850a809","ranges":[{"kind":"range","marks":[],"text":""}]}]}]}]},{"kind":"block","type":"table-row","key":"0a33259cd9954a169232869e2ad1e8be","isVoid":false,"data":{},"nodes":[{"kind":"block","type":"table-cell","key":"a7fbb255e5704c4babc3f00be9c6d98e","isVoid":false,"data":{},"nodes":[{"kind":"block","type":"paragraph","key":"16a8efd1291946e1bcf2ef491ee8bf79","isVoid":false,"data":{},"nodes":[{"kind":"text","key":"dc966a8295754fe0b537d520f3c21a11","ranges":[{"kind":"range","marks":[],"text":"MPICH"}]}]}]},{"kind":"block","type":"table-cell","key":"4e0bece7fcf8485297981ab4822c6cd9","isVoid":false,"data":{},"nodes":[{"kind":"block","type":"paragraph","key":"9fa9b0baa321460a9a9428ba3f35d368","isVoid":false,"data":{},"nodes":[{"kind":"text","key":"89f441d6878047f2a19c6865af2946b2","ranges":[{"kind":"range","marks":[],"text":"MPICH License"}]}]},{"kind":"block","type":"paragraph","key":"01c0ba125fb84f1eaf0e8a11cb3a3046","isVoid":false,"data":{},"nodes":[{"kind":"text","key":"a97af8848290492b9d9f416851964db8","ranges":[{"kind":"range","marks":[],"text":""}]},{"kind":"inline","type":"link","key":"8527694dd34a43a095761eaf20493c48","isVoid":false,"data":{"href":"http://git.mpich.org/mpich.git/blob/HEAD:/COPYRIGHT"},"nodes":[{"kind":"text","key":"54fc7bf5686d4117ade5caf295ae32be","ranges":[{"kind":"range","marks":[],"text":"http://git.mpich.org/mpich.git/blob/HEAD:/COPYRIGHT"}]}]},{"kind":"text","key":"c54dd9b83a784cb6b0e4e34a40d4e9d9","ranges":[{"kind":"range","marks":[],"text":""}]}]}]}]},{"kind":"block","type":"table-row","key":"323dda75e76c465fb72fbae430587809","isVoid":false,"data":{},"nodes":[{"kind":"block","type":"table-cell","key":"902ef5e5b54c4c76bfd4991ef2f71478","isVoid":false,"data":{},"nodes":[{"kind":"block","type":"paragraph","key":"211c7d39e10c48fe8aff96e62ef75f48","isVoid":false,"data":{},"nodes":[{"kind":"text","key":"8ab35689babb41d8987ba7c3e66ce586","ranges":[{"kind":"range","marks":[],"text":"OPENSSL"}]}]}]},{"kind":"block","type":"table-cell","key":"0a54f289d55d4cafae17b7d175226cf9","isVoid":false,"data":{},"nodes":[{"kind":"block","type":"paragraph","key":"d5f296b5069c428aa9e1ca4a4d142e26","isVoid":false,"data":{},"nodes":[{"kind":"text","key":"374efd8a8703456297c1f54ca871b73a","ranges":[{"kind":"range","marks":[],"text":"OpenSSL License"}]}]},{"kind":"block","type":"paragraph","key":"2b949e70de754d1183dd3fe756f678df","isVoid":false,"data":{},"nodes":[{"kind":"text","key":"1b3875c23ab241cf8dfe5d6f0411c2c2","ranges":[{"kind":"range","marks":[],"text":""}]},{"kind":"inline","type":"link","key":"7d89153f430244fc9dece545c791c033","isVoid":false,"data":{"href":"https://www.openssl.org/source/license.html"},"nodes":[{"kind":"text","key":"e4ae1755cbae47a2b04e69385aea1579","ranges":[{"kind":"range","marks":[],"text":"https://www.openssl.org/source/license.html"}]}]},{"kind":"text","key":"2d3d3335dc184652ae929e2b412acbc1","ranges":[{"kind":"range","marks":[],"text":""}]}]}]}]},{"kind":"block","type":"table-row","key":"cd960a6b7b0448fdb0c3f11e1cbfd552","isVoid":false,"data":{},"nodes":[{"kind":"block","type":"table-cell","key":"5c00f6e306ed45a49d8fe22c14b15660","isVoid":false,"data":{},"nodes":[{"kind":"block","type":"paragraph","key":"1f7e1b590a6b4d62a28ed0c693aea042","isVoid":false,"data":{},"nodes":[{"kind":"text","key":"24893c62235e454d8f4e4f50a3edc89c","ranges":[{"kind":"range","marks":[],"text":"Python2"}]}]}]},{"kind":"block","type":"table-cell","key":"a195c5c1ff1a42d482c6fe3384c0c184","isVoid":false,"data":{},"nodes":[{"kind":"block","type":"paragraph","key":"b65b526cc02f4ab799b2047c832474e4","isVoid":false,"data":{},"nodes":[{"kind":"text","key":"524dfa0e3f0645cdbff65d98cf66b002","ranges":[{"kind":"range","marks":[],"text":"Python 2.7 License"}]}]},{"kind":"block","type":"paragraph","key":"023ba718bfff43e2935e25fb660b54aa","isVoid":false,"data":{},"nodes":[{"kind":"text","key":"ff08298521c84a28ab9c86fdfaa0ce9a","ranges":[{"kind":"range","marks":[],"text":""}]},{"kind":"inline","type":"link","key":"34dbbb1ecd5c43859cc8184c86b4a854","isVoid":false,"data":{"href":"https://www.python.org/download/releases/2.7/license/"},"nodes":[{"kind":"text","key":"23bfd48a9dca44e896a5927ba81e4d76","ranges":[{"kind":"range","marks":[],"text":"https://www.python.org/download/releases/2.7/license/"}]}]},{"kind":"text","key":"e679e2ac4e7e4913b0b1c4d6df912c7b","ranges":[{"kind":"range","marks":[],"text":""}]}]}]}]},{"kind":"block","type":"table-row","key":"acf2e0ccf2c74d59a607ceb6d7622bc9","isVoid":false,"data":{},"nodes":[{"kind":"block","type":"table-cell","key":"e59585817cca41068754b09944661ee8","isVoid":false,"data":{},"nodes":[{"kind":"block","type":"paragraph","key":"644f5ead451340eaa590406e6b68ee95","isVoid":false,"data":{},"nodes":[{"kind":"text","key":"995f7e3fb580426e9b5e43443565e4b2","ranges":[{"kind":"range","marks":[],"text":"SLI_OFL1.1"}]}]}]},{"kind":"block","type":"table-cell","key":"b76aaccddc6945ae85dcf447e85dcb2b","isVoid":false,"data":{},"nodes":[{"kind":"block","type":"paragraph","key":"cba68cc78bc64d6f95caa7d74b1213b7","isVoid":false,"data":{},"nodes":[{"kind":"text","key":"02ba7ec446c041cbb4fe5c36e0bfad29","ranges":[{"kind":"range","marks":[],"text":"SIL Open Font License version 1.1"}]}]},{"kind":"block","type":"paragraph","key":"0095641ef07f4f8ea137a5237908258e","isVoid":false,"data":{},"nodes":[{"kind":"text","key":"b4e8a9d4b7da4488a0f16781f6633c0c","ranges":[{"kind":"range","marks":[],"text":""}]},{"kind":"inline","type":"link","key":"774c615bd8dd4077affbd45b17a5eff8","isVoid":false,"data":{"href":"http://scripts.sil.org/cms/scripts/page.php?item_id=OFL_web"},"nodes":[{"kind":"text","key":"d70933712229474190b3535ef0ad2bec","ranges":[{"kind":"range","marks":[],"text":"http://scripts.sil.org/cms/scripts/page.php?item_id=OFL_web"}]}]},{"kind":"text","key":"f21c6069d6fd4888a7f94e0eb28c56a8","ranges":[{"kind":"range","marks":[],"text":""}]}]}]}]},{"kind":"block","type":"table-row","key":"e1f2d74c17714fe7b1f07466f8615f2a","isVoid":false,"data":{},"nodes":[{"kind":"block","type":"table-cell","key":"03d42a31b7d44a2eaa3a0da7d05381e9","isVoid":false,"data":{},"nodes":[{"kind":"block","type":"paragraph","key":"e8bb96816f9445ba99e921bf174b632a","isVoid":false,"data":{},"nodes":[{"kind":"text","key":"e92b9aed39f040518608bd2f305e0fe3","ranges":[{"kind":"range","marks":[],"text":"ZLIB"}]}]}]},{"kind":"block","type":"table-cell","key":"d49136e929004446849bbbe86887cb3d","isVoid":false,"data":{},"nodes":[{"kind":"block","type":"paragraph","key":"041fb798d5204338bd124b76d88761c5","isVoid":false,"data":{},"nodes":[{"kind":"text","key":"2768d68d489c49d78794cf13c13abd87","ranges":[{"kind":"range","marks":[],"text":"zlib License"}]}]},{"kind":"block","type":"paragraph","key":"a9f8bafe677d4b1889fa0505bf685e11","isVoid":false,"data":{},"nodes":[{"kind":"text","key":"de6a2185a7d34877bee00abb11df965e","ranges":[{"kind":"range","marks":[],"text":""}]},{"kind":"inline","type":"link","key":"cd6d47f4731f4f519916857da0e562c5","isVoid":false,"data":{"href":"https://www.zlib.net/zlib_license.html"},"nodes":[{"kind":"text","key":"2b74d988531042619c53069c299768b7","ranges":[{"kind":"range","marks":[],"text":"https://www.zlib.net/zlib_license.html"}]}]},{"kind":"text","key":"3ffb407c6e9442fe960d010520fa722a","ranges":[{"kind":"range","marks":[],"text":""}]}]}]}]}]}]}}