{"format_version":1,"document":{"kind":"document","key":"692333fb25c643198252e9ef89a91f90","data":{"schema_version":5},"nodes":[{"kind":"block","type":"paragraph","key":"e3244d2f07884e75a0f33ad95599de63","isVoid":false,"data":{},"nodes":[{"kind":"text","key":"507a2611aafe4997a098bd5afe13ff43","ranges":[{"kind":"range","marks":[],"text":"This document describes the transactional support provided by the TigerGraph platform. A TigerGraph "},{"kind":"range","marks":[{"kind":"mark","data":{},"type":"italic"},{"kind":"mark","data":{},"type":"bold"}],"text":"transaction "},{"kind":"range","marks":[],"text":"is a sequence of operations which acts as a single logical unit of work. A "},{"kind":"range","marks":[{"kind":"mark","data":{},"type":"italic"},{"kind":"mark","data":{},"type":"bold"}],"text":"read-only operation "},{"kind":"range","marks":[],"text":"in TigerGraph does not change any vertex/edge attribute value and doesn't insert any new or delete any existing vertex/edge. An "},{"kind":"range","marks":[{"kind":"mark","data":{},"type":"italic"},{"kind":"mark","data":{},"type":"bold"}],"text":"update operation "},{"kind":"range","marks":[],"text":"in TigerGraph is an operation which either changes some vertex/edge attribute value or insert some new or delete some existing vertex/edge."}]}]},{"kind":"block","type":"paragraph","key":"cc503f7737f44533971e9ce8decab1df","isVoid":false,"data":{},"nodes":[{"kind":"text","key":"d4db86409d0b418ab4d0215dc564df20","ranges":[{"kind":"range","marks":[],"text":"The TigerGraph system provides full ACID transactions with sequential consistency. Transactions are defined as follows:"}]}]},{"kind":"block","type":"list-unordered","key":"9239dff7160f4179a77d510fc9743b2f","isVoid":false,"data":{},"nodes":[{"kind":"block","type":"list-item","key":"8193e6319862442a8438a2d274b12986","isVoid":false,"data":{},"nodes":[{"kind":"block","type":"paragraph","key":"f5fcec1d65274ae0a00b54ab03181295","isVoid":false,"data":{},"nodes":[{"kind":"text","key":"4f2ad2960bda4dbaa02f927c216dbeb9","ranges":[{"kind":"range","marks":[],"text":"Each GSQL query is a transaction . Each query may have multiple read or write operations."}]}]}]},{"kind":"block","type":"list-item","key":"72bb46b9e03446a0a4a351f9d6b03436","isVoid":false,"data":{},"nodes":[{"kind":"block","type":"paragraph","key":"60e277e7d20c47a89707f4eb74f1f112","isVoid":false,"data":{},"nodes":[{"kind":"text","key":"c3ac969a10b44479bf35ef59d8a3ab9e","ranges":[{"kind":"range","marks":[],"text":"Each REST++ GET, POST, or DELETE operation (which may have multiple update operations within it) is a transaction."}]}]}]}]},{"kind":"block","type":"heading-3","key":"2699695684844b358fc39254a5719457","isVoid":false,"data":{"id":"TigerGraphTransactionProcessingandACIDPropertiesSupport-Atomicity"},"nodes":[{"kind":"text","key":"8bfa365455054205b00cc5ed8f37c211","ranges":[{"kind":"range","marks":[{"kind":"mark","data":{},"type":"bold"}],"text":"Atomicity"}]}]},{"kind":"block","type":"paragraph","key":"b43c583b62ed4a7b9eddfe5736e6abec","isVoid":false,"data":{},"nodes":[{"kind":"text","key":"2ce61a97731d4d5889ef605dab2fa998","ranges":[{"kind":"range","marks":[],"text":"A transaction with update operations may insert/delete multiple vertices/edges or update the attribute values of multiple edges/vertices.  Such update requests are “all or nothing”: either all changes are successful, or none is successful."}]}]},{"kind":"block","type":"heading-3","key":"319f476eb8cd4d68b21ccf453cf33f13","isVoid":false,"data":{"id":"TigerGraphTransactionProcessingandACIDPropertiesSupport-Consistency"},"nodes":[{"kind":"text","key":"974ef91f22424741bad90fd295094759","ranges":[{"kind":"range","marks":[{"kind":"mark","data":{},"type":"bold"}],"text":"Consistency"}]}]},{"kind":"block","type":"paragraph","key":"78a1b67154c9403eadb3a287f6d8f625","isVoid":false,"data":{},"nodes":[{"kind":"text","key":"8a9ce1a133e14c289a29fb202011eb60","ranges":[{"kind":"range","marks":[],"text":"The TigerGraph system provides traditional ACID consistency: A transaction can include data validation rules. The data validation rules can ensure any transaction will bring the system from one valid state to another."}]}]},{"kind":"block","type":"paragraph","key":"eb70e8988b9242008d8668d5c3a48fc2","isVoid":false,"data":{},"nodes":[{"kind":"text","key":"febf0ceef4ad4274b8ca9b22a73eee26","ranges":[{"kind":"range","marks":[],"text":"The TigerGraph system also provides distributed system Sequential Consistency: every replica of the data performs the same operations in the same order. This is one of the strongest forms of consistency available, stronger than causal consistency, for example."}]}]},{"kind":"block","type":"heading-3","key":"8d05678ea1b34abdbe05abad3a68dac4","isVoid":false,"data":{"id":"TigerGraphTransactionProcessingandACIDPropertiesSupport-IsolationLevel"},"nodes":[{"kind":"text","key":"a2cf4b3142344c52b51d7ef96574ef80","ranges":[{"kind":"range","marks":[{"kind":"mark","data":{},"type":"bold"}],"text":"Isolation Level"}]}]},{"kind":"block","type":"paragraph","key":"fe12687307d241449d3374464650fca0","isVoid":false,"data":{},"nodes":[{"kind":"text","key":"7315b9f56c50461689d0f192eb663eaf","ranges":[{"kind":"range","marks":[],"text":"TigerGraph supports the Serializable isolation level, the strongest form of isolation. Internally, TigerGraph uses MVCC to implement the isolation. MVCC, or Multi-Version Concurrency Control, makes use of multiple snapshots of portions of the database state in order to support isolated concurrent operations.  In principle, there can be one snapshot per read or write operation."}]}]},{"kind":"block","type":"heading-3","key":"378a52f22d134b4da47a5ffc69fcab66","isVoid":false,"data":{"id":"TigerGraphTransactionProcessingandACIDPropertiesSupport-NoDirtyReads"},"nodes":[{"kind":"text","key":"dc10010475024cd39582e741ec3ee256","ranges":[{"kind":"range","marks":[{"kind":"mark","data":{},"type":"bold"}],"text":"No Dirty Reads"}]}]},{"kind":"block","type":"paragraph","key":"b13a6f086c8d4058bfa927942d1bcc90","isVoid":false,"data":{},"nodes":[{"kind":"text","key":"5dbb4e1633da44ecbed4b7492fe63913","ranges":[{"kind":"range","marks":[],"text":"A read-only transaction R1 will not see any changes made by an uncommitted update transaction, whether that update transaction was submitted before or after R1 was submitted to the system."}]}]},{"kind":"block","type":"heading-3","key":"da61d237fbb842eda89d9ce60b145b0a","isVoid":false,"data":{"id":"TigerGraphTransactionProcessingandACIDPropertiesSupport-Repeatablereads"},"nodes":[{"kind":"text","key":"b7e6667f5feb41c295c43fc92176aad4","ranges":[{"kind":"range","marks":[{"kind":"mark","data":{},"type":"bold"}],"text":"Repeatable reads "}]}]},{"kind":"block","type":"paragraph","key":"1f6418024c1b4358915007946252c723","isVoid":false,"data":{},"nodes":[{"kind":"text","key":"0b2721715dee4d1f9aecc1fa085b543d","ranges":[{"kind":"range","marks":[],"text":"Multiple same reads in a single transaction T1 will get the same results, even if there are update transactions which change vertex or edge attribute values read by T1 during T1’s duration."}]}]},{"kind":"block","type":"heading-3","key":"f39e8f6294b34655a592cae99daeafc2","isVoid":false,"data":{"id":"TigerGraphTransactionProcessingandACIDPropertiesSupport-Nophantomreads"},"nodes":[{"kind":"text","key":"fd9f46535b5c46eaa3a7dad6aa560ad1","ranges":[{"kind":"range","marks":[{"kind":"mark","data":{},"type":"bold"}],"text":"No phantom reads"}]}]},{"kind":"block","type":"paragraph","key":"a3bae3ca4ff848318e452a9f084d33d1","isVoid":false,"data":{},"nodes":[{"kind":"text","key":"51d4c6c8e6c54cbfb437ef21b9955c77","ranges":[{"kind":"range","marks":[],"text":"Multiple reads in a single read-only transaction T1 will get the same results, even if there are update transactions which deleted/inserted vertices or edges read by T1 during T1’s duration."}]}]},{"kind":"block","type":"heading-3","key":"3b8578ba9081468ab66e3c77804b94b7","isVoid":false,"data":{"id":"TigerGraphTransactionProcessingandACIDPropertiesSupport-Durability"},"nodes":[{"kind":"text","key":"009a099820c54960a1b9701bc3ba9307","ranges":[{"kind":"range","marks":[{"kind":"mark","data":{},"type":"bold"}],"text":"Durability "}]}]},{"kind":"block","type":"paragraph","key":"2d0a8a67dfc04d7d9ee7cb3a23864b07","isVoid":false,"data":{},"nodes":[{"kind":"text","key":"f68d523456a546959aa8406836467dd8","ranges":[{"kind":"range","marks":[],"text":"Committed transactions are written to disk (SSD or HDD). The TigerGraph platform implements write-ahead logging (WAL) to provide durability."}]}]},{"kind":"block","type":"heading-3","key":"473ab2e14a9d49d99f3882e01812601b","isVoid":false,"data":{"id":"TigerGraphTransactionProcessingandACIDPropertiesSupport-TigerGraphinternalSnapshotImplementation"},"nodes":[{"kind":"text","key":"fd480f76da784ecd933b9c6240174a3f","ranges":[{"kind":"range","marks":[{"kind":"mark","data":{},"type":"bold"}],"text":"TigerGraph internal Snapshot Implementation "}]}]},{"kind":"block","type":"paragraph","key":"bac2cc3398074661bbbfc4d4ee8545e6","isVoid":false,"data":{},"nodes":[{"kind":"text","key":"20a758fda7f14daf9dd44b3f310819f2","ranges":[{"kind":"range","marks":[],"text":"The TigerGraph platform uses Snapshot/MVCC (Multi-version Concurrency Control) to implement isolation of concurrent operations.  At the high level, the platform can temporarily maintain multiple versions or snapshots of the graph data. When a transaction T1 is submitted to the system, it will work on the last consistent snapshot of the graph which has all the changes made by transactions committed before T1 was submitted but has no changes made by any transaction not yet committed when T1 was submitted. The version of the graph T1 is working on will not be changed by any transactions other than T1 , even if they commit before T1 is finished."}]}]},{"kind":"block","type":"heading-1","key":"99168e3cd42e4885b2b6c2b6aa39f984","isVoid":false,"data":{},"nodes":[{"kind":"text","key":"8bd0dc8e4cd34a9b84b56fb6960f9d6d","ranges":[{"kind":"range","marks":[],"text":"Example Scenarios"}]}]},{"kind":"block","type":"paragraph","key":"415a185e28744d0b873a036c09103a42","isVoid":false,"data":{},"nodes":[{"kind":"text","key":"4dd58e01e8fb4281a3db8dee7943cdd1","ranges":[{"kind":"range","marks":[],"text":"Let us examine a few transaction processing scenarios."}]}]},{"kind":"block","type":"heading-3","key":"a7d5ba34c6754e7f93faee85a9b14dfc","isVoid":false,"data":{"id":"TigerGraphTransactionProcessingandACIDPropertiesSupport-Scenario1Read-Write"},"nodes":[{"kind":"text","key":"639286dc39764977b7c952938818a204","ranges":[{"kind":"range","marks":[],"text":"Scenario 1 Read - Write"}]}]},{"kind":"block","type":"paragraph","key":"4693d126c403434e9c3db458db514218","isVoid":false,"data":{},"nodes":[{"kind":"text","key":"73f63f6268ba48bfa91b3551b1ec733c","ranges":[{"kind":"range","marks":[],"text":"A read-only transaction R1 is running. Before R1 finishes, an update transaction W2 comes in.  W2 might finish before R1 is finished.  But R1 will not see the changes made by W2 before W2 is committed (no dirty reads).  Even if W2 is committed before R1 is finished, if R1 reads the same part of the graph multiple times, it will not see the changes made by W2 (repeatable reads).  There are no phantom reads either. This is because the graph version R1 is working on cannot be changed by any of the W2 transaction aforementioned. Bottom line: If W2 starts when R1 is not yet committed, R1 will see results as though W2 did not exist."}]}]},{"kind":"block","type":"image","key":"adf13d7edee0410397ea962a9e379aa5","isVoid":true,"data":{"assetID":"-LNoAichfG-3ZiODHUEb"},"nodes":[{"kind":"text","key":"829d00365ee94b0f95a7306cefdb4349","ranges":[{"kind":"range","marks":[],"text":""}]}]},{"kind":"block","type":"heading-3","key":"4ae66686d12540d582e7aa13fddb4cc6","isVoid":false,"data":{},"nodes":[{"kind":"text","key":"95ea6bdd4b444dac85f5f2eb419e1ae1","ranges":[{"kind":"range","marks":[],"text":"Scenario 2  Write - Read"}]}]},{"kind":"block","type":"paragraph","key":"515e05fbd232423c971b3cec81f0eba3","isVoid":false,"data":{},"nodes":[{"kind":"text","key":"6fae261c86fd4e3a8096e93ea9d91a48","ranges":[{"kind":"range","marks":[],"text":"An update transaction W1 is running. Before W1 is committed, a read-only transaction R2 comes in.  R2 will not wait for W1 to finish and will be executed as if there is no W1. Later. even if W1 finishes and commits before R2 is finished, R2 will not see any changes made by W1.  This is because the graph version R2 works on is 'fixed' at the time when R2 is submitted and will not include the changes to be made by W1. Bottom line: If R2 starts when W1 is not yet committed, R2 will see results as though W1 did not exist."}]}]},{"kind":"block","type":"image","key":"9b019172facf4091a1532a0e5dce5c12","isVoid":true,"data":{"assetID":"-LNoAul09yRq54HpTgnT"},"nodes":[{"kind":"text","key":"82844f81db574ef1873873a7278e82ca","ranges":[{"kind":"range","marks":[],"text":""}]}]},{"kind":"block","type":"heading-3","key":"1ea350f05ca24f2786c8b58950c977a7","isVoid":false,"data":{"id":"TigerGraphTransactionProcessingandACIDPropertiesSupport-Scenario3Write-Write"},"nodes":[{"kind":"text","key":"df077cf784ec45b1875fd3346f3ab766","ranges":[{"kind":"range","marks":[],"text":"Scenario 3  Write - Write"}]}]},{"kind":"block","type":"paragraph","key":"31c55eecb8304bffa563cca2c1e82bfe","isVoid":false,"data":{},"nodes":[{"kind":"text","key":"7808848633b74be8970fa6e4c51ea66c","ranges":[{"kind":"range","marks":[],"text":"An update transaction W1 is running. Before W1 finishes, a new update request W2 comes in.  W2 will wait for W1 to finish before it is executed. When multiple update transactions come in, they will be executed sequentially by the system according to the time they are received by the system."}]}]},{"kind":"block","type":"image","key":"b174749d3573485eb5bf2406acf8d526","isVoid":true,"data":{"assetID":"-LNoAz763R0ofQnWcWOa"},"nodes":[{"kind":"text","key":"f613da2a24a4469cb028cbdf3b529c51","ranges":[{"kind":"range","marks":[],"text":""}]}]}]}}